# tsumugu-ed public character form list · char	pinyin	gloss	parts(glyph=role:identity | ...)	form-zh · built 2026-08-26 from entries/chars
一	yī	number — one	一=form:one stroke — one count	一筆，一個——全字典最簡單的字。疊起來就是二和三。
丁	dīng	noun — a nail	丁=form:the head and shaft of a nail, seen from the side	一根釘子從側面看——釘頭加釘身。這個樣子當聲音很能生：釘（金屬釘）、訂（釘住、約定）、頂（頂端）、盯（盯著看）。又借去當天干第四，和成年男子——壯丁、人丁。
七	qī	num — seven	七=form:a cross-cut — one stroke cut through another	一筆橫著，一筆切過去——這是切的本字。七借走了它；為了跟十分開，豎筆彎出一個尾巴。切後來添了刀，把切的意思帶走。
丈	zhàng	noun — a unit of ten chi	又=meaning:a hand | 丨=meaning:the staff it grips	一隻手（又）握著十尺長的量竿（丨）——那個長度就是一丈。手磨平成了上面那一橫，已經看不出是手了。從拿竿子的人，引出丈夫、丈人。
三	sān	num — three	三=form:three strokes, one for each	三橫疊起來——數到三。最老的數字就是刻痕：一、二、三一筆一筆加，到了四就不再疊了。
上	shàng	noun/verb — above, up	上=form:a short stroke set above the base line — pointing up (指事)	長長一橫是地，上面短短一筆——上。指出來的方向變成動作：上山、上車；變成去：上班、上學；也變成前一個：上次、上個月。
下	xià	prep/verb — below, under	下=form:a mark hung under the line — below, drawn directly	長橫是基準，短畫掛在下面——「下」直接畫出來。翻過來就是上。從下面生出各種下：下車、下來，接著來的下次、下個月，放下的下。
不	bù	adverb — not	不=form:a borrowed graph, drawn whole	古文字有兩個說法：一隻鳥直直往上飛、不肯下來；或是花朵底下的花萼——柎的本字。否定的「不」把字整個借走，再也沒還：不是、不要、不好。
丐	gài	verb — to beg	亡=meaning:to have lost, to be without | 人=meaning:a person	一個一無所有（亡）的人（人），伸著手——乞討的人。從這「討」來了乞丐、行丐；古字也能反過來，給人所求。
且	qiě	conj/adv — moreover	且=form:rendered bare — the old graph carries two tellings	古文字有兩個說法：祖先的牌位立在座上——祖的本字；或是疊著祭品的供桌，和俎同源。兩個都立在祠堂裡。日常的話借走了這個字：而且、並且，還有暫且。
世	shì	noun — generation	世=form:three tens (十) joined — thirty years	三個十（十）連成一個字——三十年，一代人的長度。從一代人，到一代人活著的年代（世紀、世代），再到一代人活著的人間（世界、世上）。
丘	qiū	noun — a mound, hillock	丘=form:a mound of raised earth — two peaks with a dip between	一幅高起的地的圖：說文說「土之高也」。古字畫兩個小峰、中間凹一塊，平地上一道矮丘的樣子：山丘、丘陵。
丙	bǐng	noun — the third heavenly stem	丙=form:the spread base of a stand, under a flat top	一塊平頂架在底盤上，腳往兩邊張開——本是「底座、几案」的字，下盤穩穩的。早早被借去當天干第三，也就成了排序的第三——丙等、甲乙丙。當聲音還撐著炳（明亮）、柄（把手）。
丟	diū	verb — to lose	一=meaning:one thing — the single item | 去=sound:qù — gone, away; lends the sound and the going-away sense	一樣東西（一）去了（去）——就不見了。上面那一橫壓在「去」上頭，凡是脫手的都是丟：丟掉、丟了。
並	bìng	adv/conj — side by side	立=meaning:a person standing | 立=meaning:a second person, standing alongside	兩個人（立、立）肩並肩站著，高低一齊——並排、一起。從這「站齊」來了並排、並肩；把兩件事擺到一樣高的連接詞，並且；擺在「不」前頭，就是斬釘截鐵的並不、並非。
中	zhōng	noun — middle, center	中=form:a pole planted through the center of a marked space	一根直竿，插在範圍的正中間——中。讀四聲，就是射中那個中心：中獎。
串	chuàn	verb — to string together	串=form:two rings threaded on one upright line	一條直線（丨）穿過兩個圈（兩個口）——東西串在繩上，一串。從這「穿成串」來了一串、串珠；拿一條線貫穿連起，就是貫串、串連；人被串在一塊兒，就是串通。
丹	dān	noun — cinnabar, vermilion	丹=form:a grain of red mineral inside the frame of a mine-pit	把礦井畫成一個框，框裡一點，就是挖出來的紅礦——硃砂，以及由它調出的丹紅。從這紅色來了丹青（繪畫）、丹心（赤誠的心）；煉丹家把它磨煉成藥丸，就是丹藥。
主	zhǔ	noun/adj — master, host	主=form:a lamp on its stand, the dot its flame — the old graph of the lamp-flame (now 炷)	燈座上一點火——本義是燈火，後來寫作炷。一屋子的眼睛都朝著那點光，借成了主人、主要的主。
乃	nǎi	conj/pron — then, thereupon	乃=form:a curl of breath caught coming out, drawn as one bent stroke	一筆彎彎的，畫的是出得艱難、頓一頓才出來的氣——這字本身的樣子。被借去當虛詞：轉折句子的「於是、就」（乃至、乃是），古文裡又當「你、你的」——乃父。
久	jiǔ	adjective — long in time	久=form:rendered bare — three strokes	三筆。老講法（說文）把久連到灸——小火貼著身體慢慢燒：艾灸靠的是不動，字留下的是那一段時間。很久、好久不見。
之	zhī	particle — of, 's	止=meaning:a foot | 一=meaning:the line it steps from — the ground	一隻腳（止）踩在一條線（一）上，正要出發——本義是去、往。文法把這個「走」借走了：連起詞和詞的之（之間、三分之一），和文言裡的那個「它」（求之不得）。
乎	hū	particle — marks a question or exclamation	乎=form:rendered bare — the breath rising off the tongue, no object to picture	句末吐出的一口氣，尾音往上挑——整個字就是這股上揚的聲。它指不出一件實物，只有問、只有嘆的那個語氣。把聲音借給了 呼，張口呼喊的呼。
乏	fá	noun/adj — lack	正=form:正 zhèng flipped over	把「正」（端正、走在正道上）翻過來，方向就反了、偏了——這就是乏，東西不夠的地方。由此：缺乏、匱乏，連身子累垮也是乏——疲乏。
乒	pīng	onomatopoeia — a sharp clack or ping	兵=form:the soldier 兵, with its left foot knocked off	兵（士兵）少了左腳那一撇——就是乒，一個專門當聲音造的字：東西相撞那一聲脆響。和乓（少了另一隻腳）配成一對，就是乒乓——桌球的來回聲。
乓	pāng	onomatopoeia — a heavier bang or pong	兵=form:the soldier 兵, with its right foot knocked off	兵（士兵）少了右腳那一捺——就是乓，造來當聲音：比它的雙生兄弟更重的一聲砰。和乒（少了左腳）配成一對，就是乒乓——桌球。
乖	guāi	adjective — well-behaved, obedient	乖=form:rendered bare — the old pieces left no readable trace	古字畫兩樣東西背對背、朝相反方向——意思是違背、不順：乖戾、乖張。這些部件在 乖 裡已經拆不開了。日常的意思翻了過來：不吵不鬧的小孩，現在叫乖。
乘	chéng/shèng	verb — to ride, mount	大=meaning:a person, arms out — worn into the 禾-shaped middle of the modern glyph | 木=meaning:a tree — flattened into the bottom strokes	一個人（大）爬上樹（木），站在頂上——登、騎、坐上去。後人抄寫把站著的人磨成中間像禾的形，把樹攤平在底下，兩塊都看不清了。從登上去：乘車、乘船；一層疊一層，就是乘法；讀 shèng，是登上的兵車——千乘之國。
乙	yǐ	noun — the second heavenly stem	乙=form:rendered bare — one bent stroke, told two ways	一道彎筆。古文字有兩個說法：一隻飛過天空的玄鳥（燕子）彎著身子，或是一株嫩芽彎著從春天的泥土裡頂出來。當天干第二位，排在甲後面：乙等。
九	jiǔ	num — nine	九=form:an arm bent at the elbow, hand curled in to reach	手臂彎起，手心朝裡掏——古字畫的就是這個彎鉤。數字很早借走了它，沒再還；九也當「最高、最深」用：九霄、九泉。
乞	qǐ	verb — to beg, to ask for	乞=form:气 (rising vapor) worn down a stroke, the breath of a plea	氣（气，上升的雲氣）磨掉一筆——剩下的乞，被借去當求告的那口氣：乞討、請求。從這「求」來了乞討、乞丐；求人憐憫是乞憐。
也	yě	adverb — also, too	也=form:rendered bare — no claimed origin	三筆，一個整體。文言裡它收句尾；現在說也：我也是。當聲符蓋出他、地、池、拖——讀音都磨得遠了。
乳	rǔ	noun — milk	孚=meaning:a hand (爪) over a child (子) — holding, brooding | 乙=form:a curl at the right — the bird, or the nursing posture	古字對孚有兩個說法：一隻手罩在孩子上（爪在子上），是護著、餵著的畫面，右邊一道彎筆（乙）；或是孚（fú）當聲符——它帶出孵 fū、俘 fú、浮 fú 一串字——配上肉，指那餵奶的身體。兩種說法都落在奶和餵奶：乳房、乳汁、哺乳、乳兒。
乾	gān/qián	adjective — dry	乙=meaning:vapor twisting upward as it rises off and dries | 倝=sound:gān — gives the sound	右邊 倝（gān）——旭日從旗幟後升起的清晨——管聲音。左邊 乙 是水氣扭著往上散，像濕東西在朝陽下蒸乾。合起來：乾燥、乾淨。讀 qián，同一個字指天、指陽——乾坤。
亂	luàn	verb/adj — in disorder, chaotic	𤔔=meaning:two hands working a tangle of silk threads on a frame — the worn left block | 乚=meaning:a hooked hand reaching in to straighten the thread	左邊一大塊 𤔔，是上下兩隻手夾著一架纏住的絲線（中間的 厶 就是那團亂絲）。右邊的鉤 乚 是又一隻手，把線抽直。整個字同時收著兩頭：一團亂線，和理線的功夫——混亂是那團亂，治亂是那番理。
了	le/liǎo	particle — completed action	了=form:子 with the arm-stroke folded away — a child swaddled tight	字形是子收掉手臂那一橫——裹得緊緊的嬰兒，手臂包在裡面。句尾的 le，是 liǎo 在口語裡磨輕的音。
予	yǔ	verb — to give, to grant, to bestow	予=form:rendered bare — a giving gesture, two parts pushed across	字形畫的是「給」的手勢——一樣東西推過去、交出來。從這裡引出授予、賦予、給予。當聲音用，蓋出一排字：野、預、豫、舒。
事	shì	noun — matter, affair	事=form:a hand gripping a tally-staff — drawn whole	一隻手握住記事的杆子——身上擔著的差事。一個圖長出三個字：事是差事，史是記事的史官，吏是辦事的官吏。從差事生出一切的事：事情、故事、軍事。
二	èr	num — two	二=form:two strokes — the count laid down	兩橫，一上一下——數到二，就照這樣擺出來。
于	yú	prep — in, at, to, from (a preposition)	于=form:two strokes turned by a hook	徹頭徹尾的虛詞：把動詞接到地點、時間、對象上的那個關節——生于、勇于、出于。它標的是在哪、到哪、向著什麼。
互	hù	adverb — mutually, each other	互=form:rendered bare — a winding rope-reel, top and bottom hooking opposite ways	字形畫一個繞繩的木軸——上下兩個鉤從相反方向咬住，彼此扣著。從這「兩頭互咬」引出相互、彼此。幾乎只出現在互相、互助、交互——這一邊和那一邊，扣在一起。
五	wǔ	num — five	五=form:two strokes crossed between an upper and a lower line	刻痕疊到四還行，到五就數不清了。所以改成交叉：上下兩橫，中間打一個叉——五。
井	jǐng	noun — a well	井=form:the wooden frame around a well's mouth — four logs crossed at the corners	四根木頭交叉，圍出井口。從水井起，凡是挖進地裡的坑都是井：礦井、井田。這個框還蓋出 阱，掩起來的陷阱。
些	xiē	measure — some, a few	些=form:rendered bare — 此 set over 二, no claimed mechanism	不數清楚的一把——一些、這些、有些。字形是此下加二；它的工作都在詞裡。
亞	yà	noun/adj — second	亞=form:rendered bare — two tellings, no settled origin	古文字有兩個說法：一個駝背彎腰的人，由此引出「次一等」；或是墓室十字形的平面圖，方方正正的地。不論哪個，今義都落在「第二」：亞軍、亞洲（借音）。當聲符，蓋出「惡」。
亡	wáng	verb — to flee	亡=form:a person bending into a hidden corner — fleeing out of sight	一個人彎身躲進角落，看不見了——逃走、不見。從逃走到失去（跑掉的，就沒了），再到死亡（人最後的離去）。當聲音用，帶出 忘（忘記）、忙（忙碌）。
交	jiāo	verb — to cross	交=form:a person standing with legs crossed	一個站著的人，兩腿在腳踝交叉——交。路跟路交（交通、交叉），東西從一手交到另一手（交給、交換），人跟人交（交朋友）。當聲音用，自己排出一列字：校、較、效。
亦	yì	adverb — also, too	大=form:a standing person seen head-on, arms out — now flattened into the top of the graph | 八=form:two marks under the arms — pointing at the armpits, the sides of the body	一個人張開手臂（大），手臂底下點兩筆，指著腋下——身體的兩側。那個人已經磨平成上面一橫。如今的常義是「也、同樣」：亦…亦…，這邊那邊，一個樣。
享	xiǎng	verb — to enjoy	亠=form:the roof of a raised hall | 口=form:the walls of the hall below the roof | 子=form:the base, worn from the foot of the old offering-hall graph	一座高高的廟堂，擺上祭品——獻給祖先，祖先受用。從神明受享，到活人享用：享受、享有、分享。
京	jīng	noun — capital city	京=form:a tall hall on a high mound	人堆起的高台上蓋著高樓——上面尖屋頂，下面長柱子，一眼望去最高的建築。最高的樓聚在哪裡，哪裡就是京城：北京、東京。
亮	liàng	adjective — bright	高=meaning:a tall tower, written short — its lower storey given to the figure below | 儿=meaning:a person, legs showing	人（儿）站上高（高，省了下半）樓——高處沒有東西擋光。亮：天亮、月亮；聲音也可以亮——響亮。
人	rén	noun — person, human	人=form:a person in profile — body and arm, leg in stride	側面畫的一個人：一撇是身體和垂著的手臂，一捺是跨出去的腿。當部件時，瘦成字左邊的亻：你、他、作。兩筆，寫所有字繞著轉的那個詞。
什	shén/shí	pron — what (什麼)	亻=meaning:a person | 十=meaning:ten	人（亻）加十（十）——十個人一隊、十戶一組的編制；從成組引申出各式各樣的東西（什物）。「什麼」只是借它的聲音。
仁	rén	noun — benevolence, humaneness	亻=meaning:a person | 二=meaning:two — a second person; the bond between people	一個人（亻）加上二：一個人面對另一個人。人與人之間流動的，就是仁——仁愛、仁慈。果核裡的種子借走這個字：杏仁，藏在殼裡的仁。
仇	chóu	noun — an enemy	亻=meaning:a person — the rival you face | 九=sound:jiǔ — gives the sound, worn from j to ch	一個人（亻）跟你對立，九（jiǔ）給聲音，j 磨成了 ch。站在對面的，就是仇人、仇敵；兩人之間的怨，就是仇恨、報仇。
今	jīn	noun — now	今=form:a mouth closed over something held — drawn whole	嘴含著東西合起來——這是含最早的寫法。「現在」把字借走就沒還：今天、今年、如今。那一口後來補了個口，寫成含。
介	jiè	verb — to stand between	介=form:rendered whole — see the two tellings	站在中間。古文字有兩個說法：人（人）站在兩個記號之間，或是人身前身後綁著甲片——都是夾在兩邊之間的。介紹、仲介、介於，都從中間來。
仍	réng	adverb — still, yet, as before	亻=meaning:a person, carrying on | 乃=sound:gives the sound	一個人（亻）照舊往下走。乃（nǎi）給聲音，磨成了 réng。意思落在「還是老樣子」：仍然、仍舊。
仔	zǐ/zǎi	adjective — careful, meticulous (zǐ) — noun — a young animal	亻=meaning:a person | 子=sound:gives the sound	一個人（亻）旁邊一個子，子給聲音 zǐ，本身又是「孩子」。讀 zǐ 是仔細，連小地方都顧到；讀 zǎi 是小的那一隻：牛仔。子在這裡身兼兩職——既是聲音，也帶點意思。
仕	shì	verb — to serve as an official	亻=meaning:a person — the one who serves | 士=sound:shì — gives the sound, and also the meaning: a scholar-officer	一個人（亻）配上士（shì），讀書任事的士人——聲音和意思都在這裡。走進官場的人，就是仕：仕途、出仕。
他	tā	pronoun — he	亻=meaning:a person | 也=sound:yě — gives the sound	亻是人——別的那個人；也表聲。後來一分為三：他、她、牠。
仗	zhàng	verb — to rely on, lean on	亻=meaning:a person | 丈=sound:zhàng — gives the sound	一個人（亻）配丈（zhàng）——可倚的長杖。說文說「兵杖也」——兵器，士兵手裡的杖械。從手中的杖而來：兵仗、依仗、打仗、勝仗。
付	fù	verb — to hand over, pay	亻=meaning:a person — the one receiving | 寸=meaning:a hand (寸 marks the hand at the wrist) holding something out	一隻手（寸）把東西遞給一個人（亻）——交、給。付錢；把事交給人，交付、付託。當聲符用，蓋出一排：附、府、符、咐。
仙	xiān	noun — immortal	人=meaning:a person | 山=meaning:a mountain	人（人）上了山（山）——離開塵世、住在高處、長生不死的那個人。由這山上的隱者：神仙、仙人，再到那超凡的氣息——仙境。
代	dài	verb — to take the place of	亻=meaning:a person, stepping in | 弋=sound:yì — gives the sound, worn to dài	一個人（亻）站上別人原來的位置——代替。弋（yì）給聲音，磨成了 dài，整排都這樣讀：代、袋、貸。一個接一個站上同個位置，也是時間：一代人、一個時代。
令	lìng	verb — to order, to command	亼=meaning:a roof, things gathered under it | 卪=meaning:a person kneeling to receive	在聚攏的屋蓋（亼）下，有人跪著（卪）接受發下來的命令。合起來就是「下令」。那個跪著的人形磨成了底下的一橫加鉤。從命令引出法令、令人。
以	yǐ	prep — with, by means of	以=form:rendered bare (origin carries no claimed role)	文法裡安靜的工具字：用、拿、為了——可以、以後、以為，都靠它接起來。
仰	yǎng	verb — to look up	亻=meaning:a person | 卬=sound:gives the sound	一個人（亻）加在卬上，卬本來就畫一個仰頭的人望著另一個站得高的人——卬給聲音 áng，磨成了 yǎng。畫面還在：頭往後仰，抬頭看。從仰望引出仰慕、仰賴——抬頭指望別人。
件	jiàn	measure/noun — item, piece	亻=meaning:a person | 牛=meaning:an ox	人（亻）把牛（牛）分開——牛大，分得開，分出來的每一塊就是一件。凡是一件一件分得開的，都用件數：一件事、一件衣服，還有條件、文件的件。
任	rèn	verb/noun — to bear	亻=meaning:a person | 壬=sound:rén — gives the sound	人（亻）加壬（rén）的聲音，調變了。本義是擔——把擔子接上肩。擔著的就是責任、任務；把擔子放到誰肩上，是任命；隨他怎麼擔，是任由。
份	fèn	noun/measure — a portion, share	亻=meaning:a person — whose share it is | 分=sound:fēn — gives the sound, and the splitting too	分 是刀（刀）把東西切成兩半——又給聲音又給「分開」的意思。配上人（亻），就是落到某人頭上的那一份：一份、股份；屬於你的那份事，本份。聲音升到 fèn。
仿	fǎng	verb — to imitate, copy	亻=meaning:a person — the one copying | 方=sound:fāng — gives the sound, only the tone shifts	一個人（亻），方（fāng）給聲音，聲調往下沉成 fǎng。站到別人旁邊，照著做——模仿、仿照；做得像真的，就是仿冒、仿佛。
企	qì	verb — to stand on tiptoe	人=meaning:a person | 止=meaning:a foot — the heel lifted	人（人）下面一隻腳（止）——腳跟提起來，踮著腳看遠方。合起來寫的是踮腳張望：企盼、企圖，還有望出去要做的事——企業。
伊	yī	pronoun — that one, he/she (literary) — particle in some com	亻=meaning:a person | 尹=sound:gives the sound	一個人（亻）旁邊一個尹，尹畫一隻手握著象徵職權的杖，給聲音 yǐn，磨得遠遠成了 yī。用來指「那個人、他／她」（文言）：伊人。也起頭：伊始。
伍	wǔ	noun — a squad of five	亻=meaning:a person — one soldier in the file | 五=sound:wǔ — gives the sound exactly, and also the count: five	一個人（亻）配上五（wǔ），聲音和意思都在這裡：五。古代軍隊最小的一組就是五人——伍。從這一組到整列隊伍：入伍、隊伍。
伏	fú	verb — to lie low, crouch	亻=meaning:a person | 犬=meaning:a dog, crouched at the person's side, keeping watch	一隻狗（犬）伏在人（亻）腳邊，貼地守著——趴下、低伏。從伏地到埋伏：埋伏、伏擊；壓得萬物低伏的暑氣，就是伏天。
休	xiū	verb — to rest	亻=meaning:a person, standing | 木=meaning:a tree	人（亻）靠著樹（木），寫的就是休息。
伙	huǒ	noun — a companion, a band	亻=meaning:a person | 火=sound:gives the sound	一個人（亻）配一團火（火）。火給聲音 huǒ，那一團共用的炊火也染上意思：在同一個火上吃飯的人——一伙、一夥。從這裡引出伙伴、伙食、同伙。火身兼兩職——既是聲音，也是共用的灶。
伯	bó	noun — father's elder brother	亻=meaning:a person — a male relative | 白=sound:bái — gives the sound	人（亻）配上 白（bái）的聲——兄弟裡排最大的，輩分最高的男人：伯父、伯爵，坐在最上頭的那一位。聲音從 bái 變成 bó。
估	gū	verb — to estimate, reckon, appraise	亻=meaning:a person — the one appraising | 古=sound:gǔ — gives the sound, only the tone lifts	一個人（亻），古（gǔ）給聲音，聲調抬成平聲 gū。掂量一件東西，說出它值多少——估計、估價；對還沒法量準的東西心裡有數，就是估量、低估。
伴	bàn	noun — a companion — verb — to accompany	亻=meaning:a person | 半=sound:gives the sound	一個人（亻）配一個半。半給聲音 bàn，「一半」也帶出意思：陪在你身邊的另一半——同伴。從這裡引出伴侶、陪伴、伴奏。半身兼兩職——既是聲音，也暗示「相配的另一半」。
伸	shēn	verb — to stretch, extend, reach out	人=meaning:a person | 申=sound:shēn — gives the sound	人（人）配上申（shēn，本就有拉長的意思）。合起來：身子伸展、拉長——伸手、伸展。由身體的伸，到把道理講開——伸冤、伸張。
伺	sì	verb — to watch for, to wait upon, to lie in wait	亻=meaning:a person | 司=sound:gives the sound	一個人（亻）配一個司，司是掌管、看守——司給聲音 sī，斜成了 sì。合起來：一個人盯著、守著，等時機。從這裡引出伺候、伺機、窺伺。司不只是聲音，也帶「看守」的意思。
似	sì/shì	verb — to resemble, to seem (sì) — particle — like, as if (s	亻=meaning:a person | 㠯=sound:gives the sound	一個人（亻）旁邊一個㠯，㠯是「以」的古寫，給聲音 yǐ，磨得遠遠成了 sì。意思落在「一個人像另一個」：相似、好像。讀 shì 時軟成語助詞：似的，「…的樣子」。古正字本作佀，今字把右邊換成了㠯／以。
但	dàn	conj — but	亻=meaning:a person | 旦=sound:dàn — gives the sound exactly	一個人（亻）打赤膊——本義是露出皮膚，這件事今天歸袒管；旦（dàn）給聲音，一點沒變。字被借去寫「光剩下」的意思：只（但願）、可是（但是）——其他都剝掉，只留一件。
佇	zhù	verb — to stand a long while, linger	亻=meaning:a person — standing | 宁=sound:zhù — gives the sound, and the sense of holding a place	一個人（亻）配上宁（zhù），那是收存東西、守住一處的空間——合起來，人定在一個地方。久久站著，等待：佇立、佇候。
佈	bù	verb — to spread out, announce, arrange	亻=meaning:a person — the doer | 布=sound:bù — gives the sound	布是一匹鋪平的布；佈在旁邊加了個人（亻）——把做事的人寫進去，動詞自成一字。布也給聲音，一點沒變。鋪開是分佈，話傳開是宣佈，東西擺開是佈置。
位	wèi	noun — position, place, seat	亻=meaning:a person | 立=meaning:standing — a figure planted on the ground	人（亻）站（立）在自己該站的地方——上朝的人各按品級站定，那一格就是位。位子、座位是那一格；人在世上的那一格，是地位；客氣地數人，就一位一位地數。
低	dī	adjective — low	亻=meaning:a person | 氐=sound:dī — gives the sound, exactly	人（亻）往地面壓下去。氐給聲音，一點沒變——氏踩在一條底線（一）上，到底了。屋低、頭低、聲音低、價錢低：低頭、低聲。
住	zhù	verb — to live somewhere	亻=meaning:a person | 主=sound:zhǔ — gives the sound	人（亻）停下來——留住。主給聲音，調子從 zhǔ 彎過來；它的古形是燈座上一朵火苗。停下來就住下來——住在台北；接在動詞後面就抓得牢牢的：記住、站住。
佑	yòu	verb — to help, to protect, to bless	亻=meaning:a person lending help | 右=sound:gives the sound	一個人（亻）配一個右，右是右手。右給聲音 yòu，那隻幹活、幫忙的右手也帶出意思：搭把手、護著。從這裡引出保佑、庇佑、天佑。右身兼兩職——既是聲音，也是那隻幫忙的手。
佔	zhàn	verb — to occupy, take up, seize	人=meaning:a person | 占=sound:zhàn — gives the sound, and the older 占 already meant to take by claim	一個人（人，亻）站定一塊地、據為己有——佔。占（zhàn）給聲音，也帶著本義：占就是憑卜兆認下地盤。加上亻，落到「人佔了位子」：佔有、佔領、佔據。
何	hé	pron — what, how, why	亻=meaning:a person, carrying | 可=sound:kě — gives the sound	古文字是一個人（亻）肩上扛著東西——本義是扛。問話的「何」借走了這個扛東西的字；扛的意思後來搬去荷。可（kě）給聲音，k 磨成了 h。
佛	fó	noun — the Buddha	亻=meaning:a person — here, the awakened one | 弗=sound:fú — gives the sound	一個人（亻）配弗（fú）的聲音：佛陀從印度傳來時，這個現成的字把弗的音彎成 fó 去接那個外來名號。它指覺者——佛陀、佛教、念佛。它走弗這一排：費、沸、拂。
作	zuò	verb — to do, make	亻=meaning:a person, at work | 乍=sound:zhà — gives the sound; itself the old graph for making	人（亻）在做東西。乍本來自己就寫「做」；後來被借去寫「突然」，就加上一個人，把做事的人留在字裡。乍（zhà）仍然給聲音。
你	nǐ	pron — you	亻=meaning:person mark (亻)	古文的「爾」就是你；寫快了磨成尔，再加一個人（亻）站在旁邊，成了口語的你。讀音裡的 n 是爾古時的聲母——爾自己後來丟了，你還留著。
佩	pèi	verb — to wear at the waist	亻=meaning:a person — the wearer | 凡=form:the band of the sash, slung at the waist | 巾=meaning:the cloth — the hanging ornament itself	一個人（亻），腰間繫帶（凡），垂下布製的飾物（巾）——貴族佩戴的玉與飾物：佩玉、佩飾。把東西掛在身上，引申到帶著敬意去服膺、敬重一個人：佩服、敬佩。
佳	jiā	adjective — fine, excellent, admirable	亻=meaning:a person | 圭=sound:gives the sound	一個人（亻）旁邊一個圭，圭是高高的玉版（兩個土疊起來）。圭給聲音 guī，磨成了 jiā。意思落在「夠格、出色的人」——美好、可讚：最佳、佳人、佳釀。
併	bìng	verb — to combine, to merge, to put side by side	亻=meaning:a person | 并=sound:gives the sound	一個人（亻）配一個并，并本來就畫人並在一起。并給聲音 bìng，它自己「並排相連」的意思也直接灌進併：合在一起、合併。從這裡引出合併、併吞、併肩、併發。并身兼兩職——既是聲音，也是那「並」。
使	shǐ	verb — to send	亻=meaning:a person | 吏=sound:lì — an official; gives the sound	人（亻）站在官（吏）旁邊——接了命令，被派出去。吏、史、事、使本是一個老字分出來的；聲音從 lì 走到 shǐ。被派的人是使者、大使；派遣這件事，後來也讓事情發生（使人高興）、讓東西做事（使用）。
來	lái	verb — to come	來=form:a wheat plant drawn whole — stalk, leaves, drooping ears	整株畫下來的麥子——稈、葉、垂下來的麥穗。本義是麥；「來」把字借走就沒還，麥子搬進了麥。古書把這筆借貸說圓了：麥是遠方來的穀。
侈	chǐ	adjective — extravagant, lavish, excessive	亻=meaning:a person — the one living large | 多=sound:duō — gives the sound, the initial and tone both pushed off course	一個人（亻），多（duō）給聲音，聲音漂得很遠，d 硬成了 ch。一個人要的比夠用還多，揮霍無度——奢侈、侈靡、窮奢極侈。
例	lì	noun — an example, case, precedent	亻=meaning:a person — a case set beside others | 列=sound:liè — gives the sound	列（liè）——刀（刂）把骨頭（歹）一根根排好，排列的圖——給聲音。配上人（亻），就是舉出來跟其他並列的一個：例子；定下規矩的那個，例外、慣例。聲音從 liè 磨成 lì。
侍	shì	verb — to wait on, attend, serve (a superior)	亻=meaning:a person | 寺=sound:sì — gives the sound	人（亻）配 寺（sì）給聲音——站在旁邊伺候人的那一個。寺本是當差的官署；派在那裡服事的人，就是侍。侍候、侍奉、侍衛——伺候、服事、護衛在旁。
供	gōng/gòng	verb — (gōng) to supply, provide	亻=meaning:a person | 共=sound:gòng — gives the sound	人（亻）把東西擺出來；共——兩隻手一起捧起一樣東西——給聲音，也給了那個動作。捧給神明讀 gòng：供奉、上供；交給人用讀 gōng：供給、提供；攤在堂上的，是口供。
依	yī	verb — to lean on, rely on	亻=meaning:a person — the one leaning | 衣=sound:yī — gives the sound exactly	一個人（亻），衣（yī）給聲音，音完全一樣。身子裹進衣裡，靠著它取暖——依靠、依賴；再引申到照著規矩走，依照、依據；以及一切照舊，依舊。
侮	wǔ	verb — to insult, bully, treat with contempt	亻=meaning:a person — the one wronged | 每=sound:měi — gives the sound, drifted hard to wǔ	一個人（亻），每（měi）給聲音，磨得很遠，成了 wǔ。把人看輕，欺負羞辱——侮辱、欺侮、侮慢。
侵	qīn	verb — to encroach, invade	人=meaning:a person | 帚=meaning:a broom | 又=meaning:a hand	人（人）和一隻手（又）拿著掃帚（帚），一步一步往前掃。畫面就是慢慢推進——一點一點進去。由這緩緩的進逼：侵入、侵略，到被它磨掉的權益——侵害、侵權。
侶	lǚ	noun — companion, partner (伴侶, 情侶)	亻=meaning:a person | 呂=sound:lǚ — gives the sound	人（亻）配呂（lǚ）給聲音——呂本身就是兩塊疊在一起的東西。說文說「徒侶也」，同路的人。和你成雙走的那個：伴侶、情侶、僧侶。
便	biàn	adjective — convenient	亻=meaning:a person | 更=meaning:to change	人（亻）加更——不順的，人去更改，就便了。一字兩音：方便的便，便宜的便。
係	xì	verb — to tie to, relate	亻=meaning:a person | 系=sound:xì — gives the sound exactly	人（亻）身上繫著絲線——系（xì）給聲音，也給「綁住」的意思。被綁在一起，就有了關係；公文裡的「係」，是把東西釘在名字上的「是」。
促	cù	verb — to urge, press	亻=meaning:a person | 足=sound:zú — gives the sound	一個人（亻）被逼得很近——擠、急、被催著走。足（zú）給聲音，z 滑成了 c。從這「逼近」來了催促、急促；逼得沒了空間或時間，就是短促。
俄	é	adj/adv — leaning, tilted	亻=meaning:a person | 我=sound:wǒ — gives the sound	人（亻）斜著身子——傾、不正。我（wǒ）給聲音，今音已偏離。從傾斜引到極短的時間：俄而、俄頃，一轉眼。這個音也借去寫國名——俄國。
俊	jùn	adjective — outstanding, talented	亻=meaning:a person — the one who stands out | 夋=sound:qūn — gives the sound, the initial hardening to j	一個人（亻），夋（qūn）給聲音，聲母收緊成 j。比眾人高出一截的人——出眾、有才：俊傑、英俊；好看到藏不住，就是俊美、俊秀。
俏	qiào	adjective — pretty, smart-looking	亻=meaning:a person — the good-looking one | 肖=sound:xiào — gives the sound, the initial shifting to q	一個人（亻），肖（xiào）給聲音，聲母滑成 q。一個人清秀好看——漂亮、俊俏：俊俏、俏麗；還有那份俏皮的靈巧。說貨物，賣得好的就是俏貨。
俗	sú	noun/adj — custom, the common way	亻=meaning:people — the crowd of them | 谷=sound:gǔ — gives the sound	一群人（亻）配谷（gǔ）的聲音，磨成 sú。說文說「習也」——人們習以為常的：風俗、通俗，再到俗氣。它走谷這一排：浴、裕、欲。
俘	fú	verb — to capture, take prisoner	人=meaning:a person — the one taken | 孚=sound:fú — gives the sound, and 孚 (a hand 爪 over a child 子 — to seize and hold) shades the meaning too	戰場上被抓住、扣下的人（人，亻）——俘虜。孚（fú）給聲音，本身也幫忙：孚是一隻手（爪）按住孩子（子）——抓住扣下。從被抓的人引申：俘虜、俘獲。
保	bǎo	verb — to protect, keep	亻=meaning:a person, standing | 呆=meaning:a child (子) on the back — the carrying arms worn into the extra strokes	大人（亻）背著孩子——右邊是子加上揹的手，磨成了呆的樣子。把孩子揹在背上，就是看好他：保護、保證、保持。
信	xìn	verb/noun — to believe, trust	亻=meaning:a person | 言=meaning:speech — words coming out of a mouth	人（亻）守著自己的話（言）：說出口的算數——這就是信。從守信：相信、信任；話送到遠處，就是信件；那份可靠本身，信用。沒有聲符，兩半直接拼出意思。
修	xiū	verb — to repair, to build	攸=sound:gives the sound | 彡=meaning:three drawn strokes — adornment, finish	攸——一隻手把水澆下沖洗、打理一個人的背——給聲音 yōu，磨成了 xiū；右邊三撇彡，是修飾、收尾。合起來：整治、打點。從這裡引出修理、修養、修長。
俱	jù	adverb — all, together	人=meaning:a person | 具=sound:jù — gives the sound	人（人）配上具（jù，本義是備齊、樣樣都有）。合起來：人都到齊、樣樣具備——俱全、俱在。由「都在一起」到「全都」：一應俱全、聲淚俱下。
倆	liǎ	num — the two (of them)	亻=meaning:a person — counted among the pair | 兩=sound:liǎng — gives the sound, the final clipped to liǎ	一個人（亻），兩（liǎng）給聲音，鼻音收尾掉了，成了 liǎ。口語裡指兩個人在一起：哥兒倆、夫妻倆、咱倆。
倉	cāng	noun — a granary, storehouse	亼=form:the roof of the storehouse, drawn down over the top | 戶=form:a single door-leaf set in the wall | 口=form:the opening of the store below	屋頂罩下，門扇開著，下面留個口——一座存穀的建築：倉庫、穀倉。趕著進出，引申出匆忙：倉促、倉皇。當聲音用，蓋出 蒼（青）、滄（滄海）。
個	gè	measure word — the general one	亻=meaning:a person | 固=sound:gù — gives the sound	亻是人，固表聲——最忙的量詞：想不到用哪個，就用個。
倍	bèi	noun/measure — times, -fold	亻=meaning:a person | 咅=sound:pǒu — gives the sound	人（亻）對著一個數，那數翻回來變成兩份——古訓作「反」，反成加倍。咅（pǒu）給聲音，磨向 b。由此一切倍數：兩倍、三倍。和陪、培、剖、部同一聲系。
們	men	suffix — plural for people	亻=meaning:a person | 門=sound:mén — gives the sound	亻是人，門表聲——把一個人變成一群人的字尾：我們、你們、他們。
倒	dào/dǎo	verb — (dǎo) to fall over, topple	亻=meaning:a person — the one who falls | 到=sound:dào — gives the sound	一個人（亻）配到（dào）的聲音。說文說「仆也」——跌倒：人到了撐不住的那一刻就倒下。把東西翻過正位就反轉了——倒水、倒退、倒立都從這一倒而來。
倘	tǎng	conj — if, supposing that	亻=meaning:a person — the one in the supposed case | 尚=sound:shàng — gives the sound, the initial softening to t	一個人（亻），尚（shàng）給聲音，聲母軟化成 t。用來假設一種情況——假使、如果：倘若、倘使、倘有不測。
候	hòu	verb — to wait, watch for	亻=meaning:a person, posted to watch | 侯=sound:hóu — gives the sound, tone bent	派一個人（亻）守著看——侯（hóu）是箭靶，借來給聲音，調子轉成 hòu；中間多插一小豎，跟侯分開。守著就是等：等候、問候；等過去的那些日子，就是時候、氣候。
倚	yǐ	verb — to lean against, rest on	亻=meaning:a person — the one leaning | 奇=sound:qí — gives the sound, the initial dropping away to y	一個人（亻），奇（qí）給聲音，聲母磨掉了，成 yǐ。把重量壓向一樣東西，靠著它——倚靠、倚門；再引申到靠人撐持：倚仗、倚賴。
借	jiè	verb — to borrow	亻=meaning:a person — borrower or lender | 昔=sound:xī — gives the sound	昔（xī）——日（日）壓在層層之下，曬乾的肉、過去的日子——給聲音。配上人（亻）：暫時拿走再還的人，借錢、借書；反過來借出；找東西當依靠，借口。聲母從 xī 變硬成 jiè。
倡	chàng	verb — to advocate, to initiate, to take the lead	亻=meaning:a person | 昌=sound:gives the sound	一個人（亻）配一個昌，昌是興旺光明——昌給聲音 chāng，斜成了 chàng。最早指領唱的人；從「領頭」引出「帶頭提出」：倡導、提倡、倡議。
倦	juàn	adjective — weary, tired, worn out	亻=meaning:a person — the tired one | 卷=sound:juàn — gives the sound exactly	一個人（亻），卷（juàn）給聲音，音完全一樣。一個人累得彎下身子——疲倦、厭倦；而從不喊累的人，叫孜孜不倦。
倫	lún	noun — human relations, moral order	亻=meaning:a person — within the social order | 侖=sound:lún — gives the sound exactly, and the sense of things put in order	一個人（亻），侖（lún）給聲音，而侖本就是把東西理出條理。人與人之間排好的次序：倫理、人倫、倫常。從次序引申出同類、同等：無與倫比。
值	zhí	verb/noun — to be worth	亻=meaning:a person | 直=sound:zhí — gives the sound, an exact match	人（亻）加直（zhí），聲音一模一樣——直是一隻眼睛順著直線看。本義是遇上、輪到：值班，輪到你當班。東西放上秤，對上的那個數，就是它值多少——值得、價值。
假	jiǎ/jià	adjective — false, not real	亻=meaning:a person — the one doing the borrowing or pretending | 叚=sound:jiǎ — gives the sound	右邊 叚（jiǎ）——崖下兩手遞東西，借的本字——管聲音。配上人（亻）：借來而非本有的，於是不是真貨——假的、真假；姑且設想，假如、假設。讀 jià，是借來的歇息——放假、假期。
偉	wěi	adjective — great, mighty, outstanding	亻=meaning:a person | 韋=sound:gives the sound	一個人（亻）配一個韋，韋畫腳繞著守衛的城邑（圍、衛的本字）——韋給聲音 wéi，斜成了 wěi。意思落在「不尋常的人」：奇特，再到偉大、雄壯。從這裡引出偉大、偉人。
偏	piān	adj/adv — slanted, partial, one-sided	亻=meaning:a person — the one tilting one way | 扁=sound:biǎn — gives the sound, the initial unvoicing to p	一個人（亻），扁（biǎn）給聲音，聲母清化成 p。一個人歪向一邊，離開正中——偏向、偏見、偏心。同樣的偏離，也轉成偏要做的固執：偏要。
做	zuò	verb — to do, to make	亻=meaning:a person | 故=form:rendered bare — the graph split from 作 in vernacular writing	一個人（亻）在動手。這個字是作的白話分身——一個詞，兩個寫法，後來分了工：作管書面上的（工作、作家），做管動手的日常（做飯、做事）。
停	tíng	verb — to stop	亻=meaning:a person | 亭=sound:tíng — gives the sound	人（亻）走到亭子（亭）就停下——旅人在有遮蔽的地方歇腳。亭直接給聲音，沒走樣。由此凡是不動的都是停：停止、停車、停留。
健	jiàn	adjective — strong, healthy, robust	亻=meaning:a person — the body in question | 建=sound:jiàn — gives the sound	建（jiàn）——一隻手在路（廴）邊豎起筆來規劃，「建立」的字——給聲音。配上人（亻）：把身子立得結實穩當，健康、強健；做事帶勁，健步、健談。聲音原封不動。
側	cè	noun/verb — the side, flank	亻=meaning:a person | 則=sound:zé — gives the sound	人（亻）配上聲音則（zé）——站在一邊。說文一個字：㫄，旁邊。從人在旁，引出一切的側邊（側面、兩側），和歪過身去的動作：側身、側耳傾聽。
偵	zhēn	verb — to investigate, scout, detect	人=meaning:a person | 貞=sound:zhēn — gives the sound	派一個人（人，亻）暗中察看、查出真相——偵。貞（zhēn）給聲音，音不變。從偵察引申：偵查、偵探、偵測。
偶	ǒu	noun — an idol, figure	亻=meaning:a person — the human shape carved | 禺=sound:yú — gives the sound, drifted far to ǒu	一個人（亻），禺（yú）給聲音，漂得很遠，成了 ǒu。本義是木頭刻的人形——木偶、偶像。刻來配人的，引申為配偶；成對而齊整的，是偶數；湊巧碰上的，就是偶然、偶爾。
偷	tōu	verb — to steal	亻=meaning:a person | 俞=sound:yú — gives the sound	一個人（亻）暗地裡取——古訓「苟且」，凡事抄近路。俞（yú）給聲音，到這裡跳到 t-，走得遠。由偷竊引到一切偷偷的事：偷東西、偷懶、偷閒。俞系有愉、輸、逾。
傅	fù	noun — a tutor, mentor	人=meaning:a person | 尃=sound:fū — gives the sound	人（人）配上尃（fū，鋪開、敷上）。把學問敷在學生身上的那個人——老師：師傅。同一個「敷上」也用在實物：塗抹——傅粉。
傍	bàng	verb — to be near, alongside	亻=meaning:a person — the one drawing close | 旁=sound:páng — gives the sound, the initial hardening to b	一個人（亻），旁（páng）給聲音，聲母硬化成 b。緊挨著一樣東西站——靠近、依傍：依傍、傍邊；一天快走到盡頭的時辰，就是傍晚。
傘	sǎn	noun — umbrella	傘=form:rendered bare — a pictograph of the open umbrella	整個字就是一幅畫：頂上的傘蓋（人），底下張開的四根傘骨（㐅㐅），中間一根傘柄直落到底（十）。撐開來就是那把傘本身。由頭頂的遮蔽，引到一切傘形的東西：雨傘、陽傘、降落傘。
備	bèi	verb — to make ready	亻=meaning:a person — joined later | 𤰈=empty:arrows in a quiver — worn beyond recognition	甲骨文畫的是箭放在箭袋裡——用之前就放好。後來加上人（亻），箭袋也寫得認不出來了。
傢	jiā	noun — household goods	亻=meaning:a person, the household | 家=sound:gives the sound	一個人（亻）配一個家，家是家庭。家給聲音 jiā，「家」本身也灌進意思：填滿一個家的東西——傢具。在傢伙裡又延伸成工具、或那個人。家身兼兩職——既是聲音，也是被擺滿的那個家。
催	cuī	verb — to urge, press, hasten	亻=meaning:a person — the one applying pressure | 崔=sound:cuī — gives the sound exactly	一個人（亻），崔（cuī）給聲音，音完全一樣。一個人逼著另一個人快點——催促、催趕；再引申到逼一件事發生：催眠、催生。
傲	ào	adjective — proud, arrogant, haughty	亻=meaning:a person | 敖=sound:gives the sound	一個人（亻）配一個敖，敖畫一個自顧自出遊、放浪的人——敖給聲音 áo，斜成了 ào。「自走自路、淩駕旁人」的樣子落在意思上：高傲、自大。從這裡引出傲慢、傲氣、傲視。
傳	chuán/zhuàn	verb — to pass on, transmit	亻=meaning:a person | 專=sound:zhuān — gives the sound	人（亻）配上專（zhuān）的聲音，zh 變成了 ch——本義是驛傳：一站一站、一個人接一個人，把文書傳下去。凡是一手接一手的都是傳：傳給、流傳、傳統。唸 zhuàn，是傳下來的記載——傳記。
債	zhài	noun — a debt	亻=meaning:a person, the one who owes | 責=sound:gives the sound	一個人（亻）配一個責，責是討、追究——責給聲音 zé，磨成了 zhài，它的意思也通進來：被追討所欠的那個人。欠債。從這裡引出債務、欠債、還債、債主。責身兼兩職——既是聲音，也是那「追討」。
傷	shāng	noun/verb — a wound, injury	亻=meaning:a person — the one wounded | 𥏬=sound:shāng — gives the sound	人（亻）配上聲符 𥏬（shāng），後人抄寫把它磨成右上那幾筆和底下像昜的形，被箭所傷的原樣已認不出。整字說一個被割、被擊的身體：受傷、傷害；割到心上，就是悲傷、傷心。和 觴、殤 同聲。
傻	shǎ	adjective — foolish, silly, simple-minded	人=meaning:a person | 㥒=empty:rendered bare — the right side carries no clear meaning the modern reader can use	左邊的人（亻）標出這是一種人——這裡指反應慢的人。右邊是後起的俗寫，來歷在今天的字形裡已看不清。由「笨」：傻瓜、傻事，到呆住——傻眼。
傾	qīng	verb — to lean, tilt	人=meaning:a person | 頃=sound:qǐng — gives the sound, and also the sense	頃本就畫一個頭（頁）歪向一邊——又帶聲音 qǐng。加上人（人）：身子斜了、失了平衡——傾斜。由「斜」：倒出傾出來的——傾盆、傾訴，再到傾過頭就垮——傾倒、傾家。
僅	jǐn	adverb — only, barely	亻=meaning:a person | 堇=sound:jǐn — gives the sound	人（亻）旁邊是堇（jǐn），給聲音，一點沒變。本義是勉強做得到——剛剛夠，不多一分；天天用的就是只：僅僅、不僅。
像	xiàng	verb — to be like, resemble	亻=meaning:a person | 象=meaning:the elephant — and the likeness it came to mean	人（亻）站在象（象）旁邊。活象沒幾個人見過——大家憑骨頭和傳聞畫它，象就成了畫出來的樣子。加上亻：像不像的像——好像、銅像。
僑	qiáo	noun — a sojourner abroad, an emigrant	亻=meaning:a person living away | 喬=sound:gives the sound	一個人（亻）配一個喬，喬是高聳（高樹，夭在高上）。喬給聲音 qiáo，「高處棲身、離鄉外居」也染上意思：旅居外地的人。從這裡引出華僑、僑居、僑胞。
僱	gù	verb — to hire, to employ	亻=meaning:a person, the worker | 雇=sound:gives the sound	一個人（亻）加在雇上，雇本身就是「雇用」——門（戶）下一隻鳥（隹）。雇給聲音 gù；多出來的亻把被請的人擺到前面。合起來：僱用、僱工、僱傭。雇身兼兩職——既是聲音，也是「雇」這個本義。
價	jià	noun — price, value	亻=meaning:a person | 賈=sound:jiǎ — gives the sound, and the trade: the merchant	人（亻）站在賈旁邊——賈是商人：蓋著的貨，下面一個貝。賈給了買賣，也給了聲音，jiǎ 變 jià。人跟商人講定的那個數，就是價。
儀	yí	noun — bearing, decorum	亻=meaning:a person, how one carries oneself | 義=sound:gives the sound	一個人（亻）配一個義，義是合宜、正當——義給聲音 yì，斜成了 yí，那「合宜」也通進意思：人該怎麼端正地舉止、呈現。從舉止引出儀表、禮儀、儀式，以及儀器——立標準的器具。
億	yì	num — a hundred million	亻=meaning:a person | 意=sound:yì — gives the sound, an exact match	人（亻）配上意（yì）的聲音，完全相同。古義是心安；後來數目把這個字借走了——萬萬為億，億元的億。
儉	jiǎn	adjective — frugal, thrifty, sparing	亻=meaning:a person | 僉=sound:qiān — gives the sound	人（亻）收著用、捨不得花——節儉。僉（qiān）給聲音，聲母在 {j,q,x} 裡滑到 jiǎn。同一個僉蓋出檢、險、驗。
儒	rú	noun — scholar	亻=meaning:a person | 需=sound:xū — gives the sound	讀書的人（亻）——儒。需（xū）給聲音，x 磨成了 r。同一個需也在懦裡。
儘	jǐn	adverb — to the utmost, as far as possible	亻=meaning:a person | 盡=sound:gives the sound	一個人（亻）配一個盡，盡是一隻手刷淨空了的器皿——用光、耗盡。盡給聲音 jìn，斜成了 jǐn，「耗到極限」也通進意思：到底、能多就多。從這裡引出儘量、儘快、儘管。
償	cháng	verb — to repay, compensate, make good	亻=meaning:a person | 賞=sound:shǎng — gives the sound	人（亻）把欠的還回去——償。賞（shǎng）給聲音，捲舌聲母滑到 cháng。賞裡的貝是錢——正合還債。
優	yōu	adjective — excellent, superior	亻=meaning:a person | 憂=sound:yōu — gives the sound	樣樣有餘、出類拔萃的人（亻）——優。憂（yōu）給聲音，音不變，頁和心在底下疊成一團。有餘所以出色：優秀、優良。
儲	chǔ	verb — to store up, save, reserve	亻=meaning:a person | 諸=sound:zhū — gives the sound	人（亻）把東西收起來留著用——儲。諸（zhū）給聲音，捲舌聲母滑到 chǔ。
兀	wù	adjective — bare and high, towering	一=meaning:a flat line on top — the level cut | 儿=meaning:a person's legs	一雙腿（儿）上頭一道平線（一）——頭頂削平，光禿禿地立著。由這削平的頂：突兀，別處沒有它偏冒出來。
允	yǔn	verb — to permit, allow, consent to	儿=meaning:a person — legs, a body below | 厶=empty:the worn top of an old figure — its origin no longer readable in the modern stroke	下面是人（儿），上面那一筆已經磨到認不出本來的形。古文字像一個人點頭答應——低著頭、應了——從這一點頭引申：允許、公允、允諾。
元	yuán	noun — head	二=form:the head, worn flat to two strokes | 儿=meaning:a person, legs visible	一個人（儿），頭上做了記號——上面那兩橫，是頭被抄寫磨平的樣子。頭就是第一：元旦是一年第一個早晨，元年是第一年。當錢用，是借來代替圓的——同音，筆畫少。
兄	xiōng	noun — elder brother	口=meaning:a mouth — the one who speaks up | 儿=meaning:a person, seen as two legs below	一張口（口）擱在人的兩腿（儿）上：家裡開口發話的那個——哥哥。由此推開，凡尊稱的兄長：老兄、仁兄、兄弟。把聲音借給 況、祝。
充	chōng	verb — to fill, stuff	𠫓=meaning:a child shown head-down, being born | 儿=meaning:legs — the body growing up under it	倒著的孩子（𠫓）在一雙腿（儿）上頭——小小的身子長開、長高。從這「長滿」來了充滿、充足；只是裝個樣子填上去，就是冒充。
兇	xiōng	adjective — fierce, ferocious	凶=sound:gives the sound | 儿=meaning:a pair of legs, a person below	凶——一個坑（凵）打上凶險的叉，意思是不吉、凶險——給聲音 xiōng；下面一雙腿（儿）把人擺進畫面：陷在暴力裡的人，受驚、凶狠。從這裡引出兇狠、兇手、行兇。凶身兼兩職——既是聲音，也是那「凶險」。
先	xiān	adverb — first, before	止=meaning:a foot — worn into the top strokes | 儿=meaning:a person — the walking legs	一隻腳（止，磨進上面的筆畫）跨在人（儿）前頭——腳步已經在前面。走在前面就是先：先生是先出生的人，首先是最先，先走是早一步走。
光	guāng	noun — light	火=meaning:fire, up top — worn flat into the modern strokes | 儿=form:a kneeling person beneath	火（火）高舉在人（儿）頭上——光從頭頂照下來，古文作「从火在人上」。頂上的火苗磨平成今天的筆畫，畫面還在：自上而下的明亮。由光引申：陽光、光榮，又單用作「精光」——吃光了。
克	kè	verb — to overcome, subdue	克=form:rendered bare — origin contested	古文字有兩個說法：人彎身把重物頂在肩上撐住——擔得起，於是克服了壓下來的東西；或是頭上扣一頂盔（冂是框，皮是皮革），披甲迎擊。不論哪個，意思都落在「戰勝、制伏」：克服、克敵。重量單位「克」（公克、千克）是借音，跟扛重無關。
兌	duì	verb — to exchange, convert (currency)	八=form:the split mark — two strokes parting at the top | 兄=form:a person with an open mouth below	古文字有兩個說法。一說：人（儿）張開口（口），氣往上分（八）——說話，以及說話的喜悅；八卦的兌（澤、悅）守的就是這個根。一說：八是分開的記號——把東西一剖為二、遞一半過去。兩說都通到今義：兌換、兌現。
免	miǎn	verb — to avoid, exempt, spare	免=form:rendered bare — a crouching body twisting free	蹲伏的身子閃身脫開——逃免、得免。古文字有兩個說法：一隻兔（兔）甩掉尾巴跑了，或是一個人彎身低頭鑽過去躲開。不論哪個，身子都扭著脫身：免除、避免、免費。
兒	ér	noun — child	臼=form:the infant's skull, open at the crown — the fontanel | 儿=form:the child's legs	整個畫一個小孩：頭頂（臼）開著——每個嬰兒都有的那塊軟軟的囟門——下面一雙小腿（儿）。先是小孩，再是兒子：兒子、女兒。
兔	tù	noun — a hare, a rabbit	兔=form:rendered bare — a crouching hare, ears up, tail tucked at the dot	整個字畫一隻兔子：上面豎起的耳朵、蹲伏的身子，右下那一點是甩出來的尾巴。就靠那一點尾巴，和免分開。兔子：兔子、玉兔。
兢	jīng	adjective — wary, careful, on edge (only in 兢兢)	兄=meaning:an elder brother — and a second one beside it	兩個兄長（兄）並肩站著，個個繃緊了要比過對方——競爭，繃久了就成了步步留神。兢兢就是那種繃著的小心：戰戰兢兢。
入	rù	verb — to enter, go in	入=form:a point driven in from above — the old graph	兩筆相靠，收成一個尖，往下、往裡——入。過門檻的都用它：進入、入口、收入——進來的。
內	nèi	noun — inside, within	入=meaning:entering (入) | 冂=meaning:a cover (冂)	進入（入）罩在冂下面——合起來寫的就是裡面。人已經進了門；門這一邊的，都是內：內部、室內、國內。
全	quán	adjective — whole, complete	入=meaning:brought in, presented | 玉=meaning:jade — written without its dot here	進獻（入）的玉（玉）——一點瑕疵都沒有的那塊。完好無缺才叫全：純玉曰全。從那塊玉引申：完全、全部、安全。
兩	liǎng	num — two (of)	兩=form:a double yoke — one beam, two loops side by side	車轅上的軛：一根橫木，底下並排掛兩個套環——一匹馬一個。數東西的二用兩：兩個人、兩隻手、兩天；放上秤，就是一兩、半兩。
八	bā	num — eight	八=form:two strokes pulling apart — dividing drawn	兩筆向兩邊分開——本來寫的是「分開」這件事。數字八把這個字借走了；分開的意思搬進了分：八下面加一把刀（刀）。
公	gōng	adjective — public, shared	八=meaning:dividing — two strokes parting | 厶=meaning:private — the closed loop, old graph of 私	分（八）放在私（厶）上面——從私手裡分出去的，就是大家的。韓非早說了：背厶為公。從公平分配：公平、公司、公園。
六	liù	num — six	六=form:a small hut — peaked roof, two sloping walls	一間小屋：上面一點一橫是屋頂，下面兩筆是牆。數字很早借走了這個字；屋子自己後來寫成廬。
共	gòng	adverb — together	廿=meaning:an object, held up | 廾=meaning:two hands, lifting	兩隻手（廾）一起舉起一件東西（廿）——合起來寫的就是共同持有。手抄到後來只剩一橫兩點，「一起」一直都在：共同、一共、公共。
兵	bīng	noun — weapon, arms	斤=meaning:an axe — the weapon | 廾=meaning:two hands raised together	兩隻手（廾）握住一把斧頭（斤），舉起來——武器，還有拿武器的人。從手裡的兵器來：士兵、兵器，到一整套兵法。沒有聲符，兩邊都是義。
其	qí	pron — his, her, its, their	其=form:a winnowing basket on its stand	編好的簸箕架在座上——本來就是箕。字被借去當代詞，再也沒還回來：他的、那個——其中、其他、尤其。
具	jù	verb/noun — to have	目=form:the worn remainder of a cauldron (鼎) | 廾=meaning:two hands, lifting	兩隻手（廾）把鼎（磨成了目）抬上來——東西備齊、擺上。從備好的東西，到各種器具（工具、家具、餐具）；從備齊這件事，到具有、具備。
典	diǎn	noun — a canonical text, classic	冊=meaning:a bound set of bamboo slips — a book — worn flat across the top | 丌=meaning:a stand, two legs holding up a surface	一冊綁好的竹簡（冊，磨平在上頭）擱在架子（丌）上：高高供起的那一部——經典、典籍。從這部權威的書：定下的標準，典範、典禮；它立的法，法典。
兼	jiān	verb — to hold two at once, combine, do both	又=meaning:a hand | 禾=meaning:grain stalks — two of them, held at once	一隻手（又）一把抓住兩株禾（禾），不是一株——同時握住兩樣：兼顧、兼職、兼任。當聲音用，長出一排字：嫌、謙、廉。
冊	cè	noun — a volume, booklet	冊=form:rendered bare — a picture of the whole thing	一根根竹簡，有長有短，用兩道繩橫串起來——紙以前的書。筆畫裡還看得見那排竹簡和綁繩：書冊、註冊、一冊。
再	zài	adverb — again, once more	一=meaning:one — once more on top | 冓=meaning:a doubling, written short — the donor of 構	一（一）壓在省寫的冓上——成雙的東西再來一次：再。冓的古形有兩個說法：木料交叉綁成的節，或兩條魚頭對頭——都是成雙。再見：下次還要見。
冒	mào	verb — to push out	冃=meaning:a cap pulled down | 目=meaning:an eye	帽子（冃）壓到眼睛（目）上——蓋住了，照樣往前闖。冒險、冒雨是闖；往外冒的是冒煙、冒汗；擋不住鑽進來的，是感冒。
冠	guān/guàn	noun — a hat, crown	冖=meaning:a cover, a cap | 元=meaning:a head — the part the cap goes on | 寸=meaning:a hand — the hand that sets it	一隻手（寸）把蓋子（冖）戴上頭（元）——帽子，也是戴帽這件事。罩在頭上是帽（guān）；用手戴上去就成了動詞，由「在最上頭」引出居第一（guàn）。
冤	yuān	noun — injustice, a wrong	冖=meaning:a cover, a lid clamped down | 兔=meaning:a rabbit, pinned under it	一隻兔子（兔）困在蓋子（冖）底下——跑不掉，只能彎著身子掙。從這隻彎屈的兔子來：出不去的委屈，冤枉、冤屈、冤家。
冥	míng	adj/noun — dark, dim	日=meaning:the sun (the moon's light, counted in days) | 六=meaning:six — the count of days | 冖=sound:mì — gives the sound	日數加六，蓋上冖（冖）：說文說是十六那天，月圓開始虧，光暗下來。冖（mì）給聲音，磨成 míng——m 沒變，後面換了。從那片暗：黑、看不見、冥想那種深靜。
冬	dōng	noun — winter	夂=meaning:a knotted cord-end — the old graph for 終, "the end" — now just the top crossing strokes | 冫=meaning:two strokes of ice	上頭的 夂 是繩子兩端打結的舊圖——「終」的本字，盡頭。底下擱上冰（冫）：結了冰的歲末——冬天。從一年最後一季：冬天、寒冬；最深處，冬至、隆冬。
冰	bīng	noun — ice	冫=meaning:ice — the old pictograph 仌, frost cracks doubled | 水=meaning:water	冰紋（冫——古字仌，兩道凍裂的紋）配上水（水）：水硬掉了。說文說仌「象水凝之形」。順著涼下去：冰冷、冰箱。
冷	lěng	adjective — cold	冫=meaning:ice — two frost strokes | 令=sound:lìng — gives the sound	冰的兩點（冫）在旁，令（lìng）給聲音——冷。帶這兩點的都是冰的字：冰、凍。
准	zhǔn	verb — to allow, approve	冫=empty:worn remainder of water (氵) | 隹=sound:remainder of 隼 sǔn — gives the sound	準磨損的寫法：公文抄了幾百年，水（氵）磨成兩點（冫），隼的一橫也掉了。準是靜止的水——平到極處，就是標準。官府把磨損的這個留給自己的動詞：合乎標準的，蓋章——准許、批准。臺灣把兩個字分了工：標準、準確用準；准許用准。
凋	diāo	verb — to wither, fade, fall (of plants)	冫=meaning:ice, frost — what kills the leaf | 周=sound:zhōu — gives the sound	寒霜（冫）把草木打得半死——凋。周給聲音，從 zhōu 移到 diāo。從霜打的葉子引申：凋零、凋謝、凋落。
凌	líng	verb — to rise above, override	冫=meaning:ice | 夌=sound:líng — gives the sound	冰（冫）積得高高的——本義是厚冰。夌（líng）給聲音，也帶著往上爬的意思；由登高引出凌駕、欺凌。
凍	dòng	verb — to freeze	冫=meaning:ice | 東=sound:dōng — gives the sound	冰（冫）把東西封得硬邦邦——結凍。東（dōng）給聲音，只有聲調落到 dòng。由結冰引申到凝住的東西：冰凍、果凍。
凝	níng	verb — to congeal, set solid	冫=meaning:ice | 疑=sound:yí — gives the sound	冰（冫）把東西聚成一團硬的——凝固。疑（yí）給聲音，聲母換成 n，成了 níng。由凝住引出定住不動：凝固、凝視。
凡	fán	adjective — ordinary, common	凡=form:rendered bare — a flat frame drawn all around	一個方框把裡頭通通圈起來——圈住的就是全部、一整批：凡是、大凡。從「都一樣」來，就是平常、普通：平凡、凡人。它把聲音借給一排字：帆、汎、犯。
凱	kǎi	adjective — triumphant	豈=sound:qǐ — gives the sound | 几=form:a stand, a frame	豈本來是架上的一面鼓；在這裡給聲音，qǐ 磨成 kǎi。軍隊得勝回來，凱旋的鼓樂響起。從那勝利的樂聲，凱就是「得勝」。
凳	dèng	noun — a stool, a bench (no back)	登=sound:dēng — gives the sound | 几=meaning:a small low table — here the seat	一個矮架子（几）踩上去坐——凳子。登（dēng）給聲音，只有聲調落到 dèng，它本身「登上去」的樣子也合坐具：板凳、凳子。
凶	xiōng	adjective — inauspicious, ill-fated	凵=meaning:a pit dug open | 乂=form:crossed lines marking the trap	這個字有兩種講法。一說是一個坑（凵），坑口劃上一個叉（乂）——地面破開，等著吞掉踩上來的東西。一說那個叉標的是打在身上的一擊——擊人的樣子。兩種都通向「凶」：不吉利、災禍，凶險、凶兆；危險的若是人，就是凶惡。
出	chū	verb — to go out, come out	止=meaning:a foot, stepping up | 凵=meaning:the mouth of a pit-dwelling	一隻腳（止）跨出半地下的坑屋（凵）——出去了。腳抄久了，磨成上面的屮形。凡是從裡面到外面的，都往這個方向走：出來、出去、出現、出生。
函	hán	noun — a case, an envelope, a letter	函=form:an arrow held point-down in its case	一支箭頭朝下插在套子裡，倒鉤從底下露出來。由這個包住、含住的東西，引出套子、信封，再到封在裡面的書信，以及動詞——含、包。
刀	dāo	noun — a knife, a blade	刀=form:a single-edged blade with its handle, drawn in profile	整個字就是一把側看的刀——彎背、刃口、刀柄。是兵器也是工具：刀子、菜刀；它做的事，刀切。靠到別的字旁邊就縮成 刂（剛、切、到），並把聲音借給 到、叨。
刃	rèn	noun — the edge, the blade of a knife	刀=meaning:a knife | 丶=form:a stroke marking where the edge bites	一把刀（刀），旁邊加一筆（丶）點在開刃的那一側——這一點，正指著鋒利的地方。指的就是刀口本身，引申到用刀的事：刀刃、兵刃、迎刃而解。
分	fēn/fèn	verb — to divide	八=meaning:splitting apart — two strokes pulling away | 刀=meaning:a knife	刀（刀）落下去，兩邊（八）分開——分。讀 fēn 是切的動作和切小的單位：分開、一分鐘、一分錢；讀 fèn 是分到你手上的那一份：部分、身分、本分。
切	qiē/qiè	verb — (qiē) to cut	七=sound:qī — gives the sound; the cut's first graph, before seven borrowed it | 刀=meaning:a knife	七本來畫的就是切——一橫被攔腰截斷。數字七把字借走了，只好補一把刀（刀），把切寫回來。讀 qiē 是下刀：切菜、切開；讀 qiè 是貼得緊：親切、密切，一切是全部。
刊	kān	verb — to carve, engrave	刀=meaning:a knife — the blade that cuts | 干=sound:gān — gives the sound	刀（刀）把字刻進去——先是刻在木板上，後來印出來：刊印、刊行；按期印的東西，就是期刊、週刊。干（gān）給聲音，硬化成 kān。
刑	xíng	noun — a penalty, punishment	刀=meaning:a knife — the punishing blade | 丼=sound:jǐng — gives the sound, worn into the 开-like left half no longer read as 井	用刀（刀，右邊的刂）施加處罰——刑。左半是丼（即井），磨成像「开」的形、已看不出是井；它給聲音 jǐng，移到 xíng。從刀加之刑引申：刑罰、刑法、嚴刑。
划	huá	verb — to row, paddle	刂=meaning:a knife, the cutting stroke | 戈=form:a dagger-axe — its blade by the knife	戈（戈）和刀（刂）劃出一道——槳在水裡撥過去，划船、划水。從一道划得來的痕跡，就是划算。
列	liè	verb — to arrange in a row, to list	歹=meaning:stripped bones — what the knife lays bare | 刂=meaning:a knife	刀（刂）把肉從骨頭（歹）上剔開，一片片擺整齊——分解、排列。由成排引出列舉、行列；列自己又給例、烈、裂當聲音。
初	chū	noun/adj — the beginning, the first, the start	衤=meaning:clothing, cloth | 刀=meaning:a knife	刀（刀）落在布（衤）上——裁衣的第一刀，就是開始。由這頭一刀引出種種「開頭」：初次、最初、初級。
判	pàn	verb — to judge, decide	刂=meaning:a knife | 半=sound:bàn — gives the sound	刀（刂）把東西切成兩半——分開，於是能分辨、能裁決。半（bàn）給聲音，聲母在 {b,p,m} 裡滑到 pàn，它本身「一半」的意思也合切開：判斷、判決。
別	bié	verb — to separate, part	冎=meaning:a jointed bone, the flesh pared off | 刂=meaning:a knife	刀（刂）貼著骨頭（冎，磨成了今天的左半）把肉剔下來——本義是分開。分開了，就有分別、離別、別的。「別去」的別，是「不要」連著說快了，借了這個字形。
利	lì	adj/noun — sharp	禾=meaning:standing grain | 刂=meaning:a knife	刀（刂）割過站著的禾（禾）——割得動的刀口是鋒利，割下來進手裡的是好處：利益、有利。錢生出來的收成，是利息。
刮	guā	verb — to scrape, pare off	刀=meaning:a knife, the scraping edge | 𠯑=sound:gives the sound — worn into 舌 in the modern glyph	刀（刀）貼著表面拖過去，把黏住的東西刮起來——刮鬍子、搜刮。右邊今天看像舌頭（舌），其實是磨損了的聲符𠯑，不是舌頭，它管聲音。
到	dào	verb — to arrive, reach	至=meaning:an arrow fallen to earth, point down — arrived | 刀=sound:dāo — gives the sound	至——箭飛完了，倒插在土裡：到了的樣子。刀（dāo）給聲音，差一個調。合起來寫到：到了、到家；接在動詞後面，是事情落到底：買到、找到、聽到。
制	zhì	verb/noun — to regulate, restrict	未=meaning:a tree thick with branches — worn in the modern form | 刂=meaning:a knife	刀（刂）下去，把枝枒太多的樹（未，今形已磨損）裁整齊——裁切。從裁東西到裁規矩：制度、限制、控制。
刷	shuā	verb — to brush	刂=meaning:a knife at the right — the scraping edge | 㕞=sound:shuā — lends the sound and the wiping action	刀（刂）把表面刮乾淨——古訓「刮也」。左半是磨小了的「㕞」（shuā），一隻手擦布，既指動作又給聲音。由刮淨引到日常：牙刷、刷洗、刷掉。
券	quàn	noun — a ticket, voucher, certificate, bond	刀=meaning:a knife — it scores the contract edge | 龹=form:the upper part — a worn phonetic, no longer readable in the glyph	刀（刀）在邊上刻出齒口：兩方把刻過的木片剖開，各拿一半當憑據。從剖開的契約來：證券、債券、入場券、優惠券。上半本來給聲音，抄到後來認不出了。
刺	cì	noun — a thorn	朿=sound:a tree bristling with thorns — the picture and the sound | 刂=meaning:a knife	朿畫的是長滿刺的樹——也表聲；刀（刂）把尖變成動作。
刻	kè	verb — to carve, engrave	刂=meaning:a knife at the right | 亥=sound:hài — gives the sound	刀（刂）刻進硬面——古訓「鏤也」。亥（hài）給聲音，轉成 kè。由雕刻，引到刻漏上一道刻痕作時間單位——一刻鐘——又由刀刃轉到性情，刻薄。亥系有該、孩、咳。
則	zé	noun/conj — a rule	貝=meaning:a cowrie — money, the valued thing being graded | 刂=meaning:the knife, standing at the right — to carve, to cut even	貝（貝）加刀（刂）：刀把值錢的東西刻得齊整——立下一個準。從固定的準，引出連詞「就」：條件一到，那麼便如此。則自己又把聲音借給側、測、廁。
削	xiāo/xuē	verb — to whittle, pare, peel (xiāo)	刀=meaning:a knife — the paring blade | 肖=sound:xiào — gives the sound	刀（刀）斜著削下一片片薄的——削皮、削尖。從一層層削掉，就是削減、削弱。肖（xiào）給聲音，同一個聲符還蓋出消、銷、稍。
前	qián	noun — front	止=meaning:a foot — worn to the two ticks on top | 舟=meaning:a boat — worn to the 月 below | 刂=empty:a knife — added when this graph also wrote cutting (that word is 剪 now)	腳（止）踩在船（舟）上——人沒動，岸在退：不走也在前進。抄寫把腳磨成上頭兩點，把船磨成月；刀（刂）是後來上船的，那時這個字也寫剪斷的剪——後來那個詞搬去了剪。空間在前，時間在先：前面、以前、目前。
剎	shà/chà	verb — (shà) to halt, brake	杀=form:rendered bare — the worn left side | 刂=meaning:a knife	刀（刂）把東西生生截住——止住、剎車。讀 chà 時是借音：剎那是梵語 kṣaṇa，一瞬之間；古剎指佛寺。
剔	tī	verb — to pick out, scrape clean	刂=meaning:a knife | 易=sound:yì — gives the sound	刀（刂）伸進縫裡把東西挑出來——剔除、剔牙。易（yì）給聲音，聲母一下跳到 t，成了 tī；同一個易也給踢、惕送 t 的音。
剖	pōu	verb — to cut open, dissect	刂=meaning:a knife | 咅=sound:pǒu — gives the sound	刀（刂）把東西剖開到底——解剖，於是能剖白、剖析。咅（pǒu）給聲音，只有聲調升到 pōu；同一個咅也在倍、部、陪裡。
剛	gāng	adj/adv — hard, firm, unyielding	岡=sound:gāng — gives the sound | 刂=meaning:a knife — hard enough to cut	岡（gāng）——山的石脊——給聲音。配上刀（刂）：能切硬物的刃，於是堅、不彎——剛強、剛硬。借去說時間：剛剛切過去的那一刻，剛才、剛剛。
剝	bō/bāo	verb — to peel, strip off	刀=meaning:a knife — it splits the skin | 彔=sound:lù — gives the sound	刀（刀）把外皮劃開，一張掀下來——剝皮、剝殼。從剝掉外層，到把人剝個精光，剝削、剝奪。彔（lù）給聲音，離今天的音已經很遠。
剩	shèng	verb — to be left over, remain	乘=form:to ride, to multiply — the older body of the word | 刂=meaning:a knife — what is cut leaves a remainder	早先的字是賸；乘（騎、乘法）撐著音，旁邊加一把刀（刂），表示割完剩下的——剩餘、剩下、剩菜。
剪	jiǎn	verb — to cut with shears, clip, trim	刀=meaning:a knife — set under the blades | 前=sound:qián — gives the sound	刀（刀）在前底下——兩片刀刃交叉，剪布剪髮，剪刀、剪髮、剪報。前（qián）給聲音，挪到 jiǎn；同一個聲符還長出箭、煎。
副	fù	adj/noun — secondary, deputy	刂=meaning:a knife | 畐=sound:fú — gives the sound	刀（刂）把一個滿滿的東西（畐）剖成相配的幾分——主件旁邊那分就是副的、第二的。畐（fú）給聲音，只有聲調落到 fù；由剖出的配件引出「一副、一套」：副本、一副。
割	gē	verb — to cut, slash	刂=meaning:a knife | 害=sound:hài — gives the sound	刀（刂）一刀切到底——割開、宰割，於是能割地讓人。害（hài）給聲音，音變得離得遠，成了 gē；同一個害也在轄、瞎裡。
創	chuàng	verb — to create, originate	刀=meaning:a knife (刂) | 倉=sound:cāng — gives the sound	刀（刂）劃下第一刀——從無到有，開創。倉（cāng）給聲音，c 磨利成 ch。同樣這把刀，也給了另一個讀法：傷口，創傷。
劃	huà/huá	verb — to demarcate, plan	畫=sound:huà — gives the sound exactly, and the line being drawn | 刂=meaning:a knife	刀（刂）靠著畫好的線（畫）——刻下去、分出界線。讀 huá 是那一下子：劃破、劃火柴；讀 huà 是先把線分好：劃分、計劃。
劇	jù	adjective — intense, severe	刀=meaning:a knife — the edge of exertion | 豦=sound:jù — gives the sound	刀（刀）旁邊一個豦（野豬和虎纏鬥）——本來是猛烈、激烈：劇烈、加劇。從這股勁頭轉到戲台上，就是戲劇、劇本。豦（jù）給聲音，還長出據、遽。
劍	jiàn	noun — a sword, a double-edged blade	刂=meaning:a knife, a blade (刀) | 僉=sound:qiān — gives the sound	右邊是刀（刂，本是刀）；僉（qiān）——許多嘴一起應和——給聲音，移到 jiàn。是人佩在腰上、兩邊都開刃的兵器：寶劍、劍法、刀劍。僉 還蓋出 檢、儉、簽、險。
劑	jì	noun — a measured dose, preparation	刀=meaning:a knife — it cuts to a measure | 齊=sound:qí — gives the sound, and trims everything even	刀（刀）把每一份切得跟齊（穀穗長得一樣高）一般齊——量好分量：藥劑、劑量、調劑。齊（qí）給聲音，挪到 jì。
力	lì	noun — strength, force, power	力=form:rendered bare — no claimed origin	古文字有兩個說法：一條使勁的手臂，筋都鼓起來——力在肌肉裡；或是一張木犁，握把和入土的犁頭——力在田裡。力氣、能力、努力，都從這裡來。
功	gōng	noun — merit, achievement	工=sound:gōng — work; gives the sound and the sense in one | 力=meaning:strength — a flexed arm	力氣（力）放進工（工）裡——合起來寫的是事做完留下的成績。工（gōng）一邊標聲音，一邊就是那件工。成功是事做成了；功夫是多年下進去的力；功課是該下力的事。
加	jiā	verb — to add	力=meaning:strength — a flexed arm | 口=meaning:a mouth	嘴上（口）使勁（力）——話越說越過頭，本義是誇大、把話加上去。往上放這個動作留了下來：增加、加上；參加是把自己加進去，加油是再添一把。
劣	liè	adjective — inferior, poor, of low quality	少=meaning:few, little — too little | 力=meaning:strength	力（力）少（少）了——力氣不足，就是劣等、低劣。兩個部件直接寫出結論：劣等、惡劣、劣勢。
助	zhù	verb — to help, assist	力=meaning:strength, a flexed arm | 且=sound:qiě — gives the sound	給人添一把力（力）——幫助。且（qiě）給聲音，跟祖、組、阻同一塊，這裡磨成了 zhù。哪裡缺手，就把手伸過去：幫助、助手、資助。
努	nǔ	verb — to exert, strive	力=meaning:strength, a flexed arm | 奴=sound:nú — gives the sound	把力氣（力）全壓上去——努。奴（nú）給聲音，怒、弩底下都是它。咬住勁不放，直到事情動了：努力、努嘴。
勁	jìn	noun/adj — strength, energy, vigor	力=meaning:strength | 巠=sound:jīng — gives the sound	力（力）繃得又直又緊——勁頭、勁道。巠（jīng）給聲音，本身就是繃直的經線；同一個巠也蓋出經、輕、徑。
勃	bó	adj/verb — sudden, vigorous, surging up	力=meaning:strength | 孛=sound:bó — gives the sound	力（力）猛地往上衝——興起、旺盛、突然發作。孛（bó）給聲音，音不變，它「綻放」的意思也合那股衝勁：勃發、蓬勃、勃然。
勇	yǒng	adj/noun — brave, bold	力=meaning:strength | 甬=sound:yǒng — gives the sound	力（力）由內往上湧——勇氣、膽量。甬（yǒng）給聲音，音不變；同一個甬在湧（水）和踊（腳）裡也往上冒。
勉	miǎn	verb — to strive, exert oneself	力=meaning:strength | 免=sound:miǎn — gives the sound	把力（力）使到盡頭——努力、自勉，也用來勉勵別人。免（miǎn）給聲音，音不變；那原本扭身脫逃的，如今咬牙使勁：勉力、勤勉、勸勉。
勒	lè	verb — to rein in, strap tight	革=meaning:leather — the bridle-strap | 力=sound:lì — gives the sound	一條皮帶（革）勒緊在馬頭上——馬絡頭，於是引出勒住、強逼。力（力）給聲音，音變得離得遠，成了 lè。由拉緊韁繩引出勒索、勒石。
動	dòng	verb — to move	重=sound:zhòng — gives the sound | 力=meaning:strength — a flexed arm	力氣（力）使上去，東西就動了；重（zhòng）給聲音，跨過 d、zh 那條線——它又正好是被搬動的重物。動起來的是活動、運動；會動的東西是動物；心被搬動，是感動。
務	wù	noun/verb — task, affairs	敄=sound:wù — gives the sound, an exact match | 力=meaning:strength	力（力）上面是敄（wù）——長矛加一隻打的手，往前逼；聲音完全一樣。力氣往一件事上使：是務農的務，也是使力對著的那件事——任務、事務。
勝	shèng	verb — to win, defeat	力=meaning:strength | 朕=sound:zhèn — gives the sound	力（力）管意思——擔得起、扛得住、勝任。朕（zhèn）帶聲音。由「擔得起」到「贏」：扛得住場面的那一方——勝利、勝負，再到超過——勝過、優勝。
勞	láo	verb/noun — to toil	炏=meaning:twin fires | 冖=meaning:a roof | 力=meaning:strength — a flexed arm	屋頂（冖）上是火（炏），底下是力氣（力）。古字有兩個說法：屋子燒起來、拚了全身的力去救——或是燈火點到半夜、活還沒做完。怎麼講都是燒著力氣的辛勞：勞動、疲勞。
募	mù	verb — to raise, recruit, enlist (funds or people) by callin	力=meaning:strength, effort | 莫=sound:mò — gives the sound	出力（力）把人或錢廣為聚起來——招募、募集。莫（mò）給聲音，韻收緊成 mù。一聲廣求，就有了募兵、募款、招募。
勢	shì	noun — power, force	力=meaning:strength | 埶=sound:yì — gives the sound	底下的力（力）管意思——力量到了頂。上面的埶（yì，本是栽種、安置）帶聲音。由純粹的力量，到局勢的力量：勢力、權勢，再到事情的走向——形勢、趨勢。
勤	qín	adjective — diligent, hardworking	力=meaning:strength | 堇=sound:jǐn — gives the sound	力（力）是意思——出力、下功夫。堇（jǐn）帶聲音。由「賣力做事」到讚它的詞：用功不鬆懈——勤奮、勤勞，再到常做、勤做——勤快、殷勤。
勵	lì	verb — to urge on, encourage, spur (oneself or another) to e	力=meaning:strength, effort | 厲=sound:lì — gives the sound	力（力）在磨石上磨利——激勵、奮發。厲（lì）給聲音。磨快了再上，於是有了勉勵、鼓勵、激勵。
勸	quàn	verb — to urge, advise, persuade	力=meaning:strength | 雚=sound:huán — gives the sound	力（力）用在別人身上——花力氣推動他。雚（huán）帶聲音。由「為他出力」：催他去做、把他說動——勸告、勸說，到鼓勵他——勸勉、勸學。
勻	yún	adj/verb — even, uniform	勹=form:a wrapping arm, curved around | 二=meaning:two — the even split inside	一隻彎臂（勹）抱住裡頭的兩畫（二）——所抱的，平分成兩份：勻稱、勻分。
勾	gōu	verb — to hook, draw a line through	勹=form:a wrapping arm, curved round | 厶=form:the small turn caught inside the curve	身子彎成一個圈（勹），把裡頭的東西鉤住——勾住、劃一道：打勾、勾畫、勾銷。從拉住的鉤子，到把人勾過來，勾引。它跟句是彎曲的同源。
勿	wù	adverb — do not, must not (a prohibition)	勿=form:rendered bare — a pole with streamers flying off it	一根旗桿，三條飄帶在風裡甩開——一面號旗，揮動著示警喊停。很早就被借去當它喊的那句話：別、不要，勿忘、請勿、切勿。當聲音用，給出物、忽。
包	bāo	verb/noun — to wrap	勹=meaning:a figure bent around — wrapping arms | 巳=meaning:the unborn child, curled	身體彎起來（勹），裹住蜷著的小孩（巳）——母腹包著裡面長的。合起來寫的就是包；包起來的東西是包子、書包，整個收進來是包括。
匆	cōng	adj/adv — hurried, hasty, in a rush	心=meaning:a heart — the mind under pressure | 勿=form:a stroked-through frame — the rush around it	一顆心（心）被急促的筆畫圈住——時間趕著的一顆心，慌慌張張：匆忙、匆促、匆匆。外圈寫成勿的樣子。
化	huà	verb — to change, transform	亻=meaning:a person, upright | 匕=meaning:the same person, flipped head-down	一個人正著站（亻），同一個人頭下腳上（匕）——整個翻了過來。合起來寫的是變：樣子變（變化）、固體化掉（雪化了）、人被教變了（教化、文化）。
北	běi	noun — north	北=form:two people standing back to back	兩個人背靠背站著——本來寫的就是背，後來加上月成了背。房子朝南蓋，背對著的那一邊就是北。打仗轉身背對敵人，叫敗北。
匙	chí	noun — spoon	匕=meaning:a spoon, the old ladle pictograph | 是=sound:shì — gives the sound	匕是古代勺子的樣子。是（shì）借聲音，磨成了 chí。一支舀湯的小勺，也是撥開鎖的那把齒勺：湯匙、鑰匙。
匠	jiàng	noun — a craftsman, an artisan	匚=meaning:an open box, a tool-chest | 斤=meaning:an axe — the woodworker's tool, set inside the chest	工具箱（匚）裡放著一把斧頭（斤）——擁有工具和手藝的人：木匠、工匠。從木工引到一切有手藝的：工匠、木匠、匠心。
匯	huì	verb — to converge, gather, channel	氵=meaning:water — streams running together | 匚=meaning:an open box that collects | 淮=sound:huái — gives the sound	水（氵）收進一個匣子（匚）——許多支流匯到一處：匯集、匯流。從把東西導到一處，到把錢匯過去，匯款、匯率。聲音有兩種講法：一說是水底下的淮（huái），收窄成 huì；一說是會（huì，會合），音近，也正點出「匯聚」。
匹	pǐ	noun/measure — a bolt of cloth	匚=form:a box, an enclosure | 八=form:the splitting stroke	一匹布摺進匚裡，八把它分成兩疊——一匹，四丈長。從這量好的布，來了量詞，也來了「相當、成對」的意思：匹配、匹敵。
匾	biǎn	noun — a horizontal inscribed board, a plaque	匚=meaning:a flat box, a flat thing | 扁=sound:biǎn — gives the sound, and means flat	一個扁扁的框（匚）裝著扁（門邊一塊扁平的牌）——一塊刨得又寬又平的板，刻上字掛起來：匾額、牌匾。扁（biǎn）給聲音，本義也正是「扁」。
區	qū	noun — district, zone	匸=meaning:a box opening sideways — concealment | 品=meaning:stacked vessels — three 口	器皿（品）收進側開的匣子（匸）——一格一格藏好（說文：藏匿也）。從分格收納，到劃分出來的一塊一塊：區分、地區、市區。
十	shí	num — ten	十=form:one upright stroke in the oracle script — ten, drawn directly	甲骨文的十就是一豎。十把數數收滿，所以也當「滿」用：十分、十全十美。
千	qiān	num — thousand	人=sound:rén — the old sound under qiān | 一=meaning:one — the counting stroke	計數的記號：在人（人）身上畫一橫（一）——一個人形，記一千。人也借出它古時的聲音，磨遠了，成了 qiān。從數目到數不完：千萬、千山萬水。
升	shēng	verb — to rise, ascend	升=form:rendered bare — a ladle with grain in its bowl	一把長柄勺，舀起來時，勺裡點著一粒穀——量乾貨的斗升，舀起、抬高。從這一舀一抬：往上升，上升、升起；地位被抬高，升職、升級。容量這層留在公升。
午	wǔ	noun — noon, midday	午=form:a pestle, drawn whole — the borrowed-away original of 杵	舂米的杵——杵最早的寫法。曆法把它借去當第七個地支，太陽最高的那個時辰；杵的本義只好搬家，自己加了個木。上午、中午、下午。
卉	huì	noun — plants, herbage	屮=meaning:a sprout pushing up — three of them	三棵芽（屮）一齊冒出地面——不是一棵，是一片，草木的總稱：花卉、奇花異卉。畫面是一地的綠，好幾叢一起。
半	bàn	num — half	八=meaning:dividing — two strokes pulling apart | 牛=meaning:an ox	一頭牛（牛）從正中分開（八）——半。家裡最大的牲口分成兩份；後來一切走到一半的都是它：一半、半天、半夜。
卓	zhuó	adjective — tall, outstanding, eminent	早=form:the early sun (日) over a stalk (十) | 匕=form:a standing figure	一個人（匕）立在早（早）字上頭——比四周高出一截。從「立得高」來了「出眾」：卓越、卓見、卓著。
協	xié	verb — to cooperate, work together, harmonize	劦=meaning:three plows (力) pulling as one | 十=meaning:ten — the many, pulling together	三股力（劦，三個力）使在同一件事上，加個十表示湊齊了人數——眾人同心，一齊使勁：協助、協調、協會。畫面是大家肩著同一副擔子。
南	nán	noun — south	十=meaning:cross or pole for hanging	古文字有兩個說法。一說，南是一件吊起來敲的鐘形樂器——形狀被借去指南方。一說，畫的是枝葉朝著暖南生長的草木（南方）。無論哪個，今天這個方塊都認不出那些部件了，留下的就是「南」這個方向：南方、南風、東南。
博	bó	adjective — broad, wide-ranging, learned	十=meaning:the full count — all ten, completeness | 尃=sound:fū — gives the sound	十（十）的全數鋪展開來（尃）——廣大、通達。尃（fū）給聲音，f 退回到 b。從「廣」來了博學、淵博、廣博。
占	zhàn/zhān	verb — (zhàn) to occupy, take up, hold	卜=meaning:a divining crack — the line read in a heated bone | 口=meaning:a mouth — speaking out the omen	卜兆的裂紋（卜）加上一張嘴（口），把卦象說出來——占卜，讀 zhān。從憑卜兆認下地盤，音轉成 zhàn：佔據、佔有、占用。
卡	kǎ	verb — to wedge, jam	上=form:the top half of 上 (up) | 下=form:the bottom half of 下 (down)	後起的字，用眼睛拼出來的，不帶聲符：上壓著下，共用一橫，夾在上不去、下不來之間的東西，就卡住了。從「卡住」引申，插進槽裡的小硬片：卡片、信用卡；攔住你的那道門，關卡。
卦	guà	noun — a divinatory symbol, a trigram or hexagram	卜=meaning:the crack of divination | 圭=sound:guī — gives the sound	占卜的裂紋（卜），對著圭（一塊玉版）讀出來——卜出來的那個符號：八卦、卦象、占卦。圭（guī）給聲音，挪到 guà。
印	yìn	verb — to print, stamp	爪=meaning:a hand pressing down from above | 卪=meaning:a kneeling figure, the credential seal	一隻手（爪）從上往下按住跪著的人（卪）——掌權者手裡的官印，往下一蓋。從蓋章引申，凡按印上去的：印章、印刷；按出來的痕跡，印象。
危	wēi	noun/adj — danger	厃=sound:wēi — gives the sound, and draws the cliff-top figure too | 卪=meaning:a second figure kneeling below, holding back	古文字有兩個說法。一說，一個人獨自站在崖上（厃），自高臨下，光這一幕就是險。另一說，厃（wēi）在上頭，既畫崖邊也給聲音，底下一個跪著的人（卪）攔著不讓跌。無論哪個：站得高、心裡慌——就是危。從崖邊引申，凡是搖搖欲墜的：危險、危機、危急。
即	jí	adverb — at once, right away	皀=meaning:a bowl heaped with food | 卩=sound:jié — a person kneeling beside it, and the sound	一個人（卩）跪到一碗滿滿的飯（皀）跟前——正要吃，貼得不能再近。卩（jié）同時給聲音，韻磨成了 jí。從這「貼到跟前」來了今天的意思：馬上、立刻——立即、即刻。
卵	luǎn	noun — egg	卵=form:rendered bare — a pair of eggs, each with its yolk	兩顆蛋並排掛著，各有一點蛋黃——卵。從畫出來的蛋來了卵子、鳥卵、卵生。
卷	juǎn/juàn	verb (juǎn) — to roll up, curl	卪=meaning:a kneeling person, body bent | 龹=sound:the upper half carries the sound; worn down from the old phonetic	底下一個跪坐的人（卪），身子彎著——整字講的就是彎曲、捲起。上面原本有清楚的聲符，磨成了今天看到的龹。由「彎」：捲起來（juǎn），再到捲成的東西——書卷、卷軸、考卷（juàn）。
卻	què	verb — to step back, decline, refuse	卩=meaning:a person kneeling, drawn back | 谷=form:a valley mouth — the other half of the body	一個跪著的人（卩）往後縮，推辭——退開、推開：退卻、推卻。從這個一轉、一反的勁，引出「可是、然而」的卻。旁邊一個谷，聲音那一層磨到認不出了。
厚	hòu	adjective — thick	厂=meaning:a cliff, layers of rock | 旱=form:the thick layers stacked below the cliff	一道崖（厂），底下層層疊著厚厚的岩——厚薄，從疊起來的層數算：厚薄、厚度。從堆得厚實，引出待人的厚道、忠厚、深厚。畫面是岩層，不是它現在看像的旱。
原	yuán	noun/adj — source	厂=meaning:a cliff | 泉=meaning:a spring	崖（厂）下一眼泉（泉）——水從石縫裡冒出來；合起來寫的就是源頭。河最初的那點水，也是事情最初的樣子：原來、原因、原本。水的本義後來另立了一個字，源。原也指寬平的大地——平原、草原。
厭	yàn	verb — to be fed up with, tire of	厂=meaning:a cliff, pressing down | 猒=sound:yān — gives the sound; a dog (犬) over meat (月), gorged full	崖（厂）底下一個猒——一條狗（犬）吃肉（月）吃到撐，再也吃不下：飽到膩。從吃膩到厭煩，厭倦、討厭、厭惡。猒（yān）既給聲音，也給「飽膩」這層意思。
厲	lì	adjective — severe, stern, fierce	厂=meaning:a cliff — where the rough stone is quarried | 萬=sound:wàn — gives the sound	崖（厂）上採下的粗石——一塊磨刀石，拿來磨利刀刃的硬石：砥厲。從磨利的刃，引出嚴厲、厲害、厲行。底下的聲音有兩種讀法：一說是今天寫在字上的萬（wàn），磨到很遠成了 lì；一說是萬所代的蠆（chài，蠍子），lì 這一系更早的聲符。
去	qù	verb — to go	土=meaning:a person striding — worn from 大 | 厶=meaning:the dwelling's mouth — worn from 口	古文字是一個人（大）跨在穴居的洞口（口）上——正要離開。抄了幾百年，人寫方成了土，洞口捲成了厶。從離開生出去：去學校、過去，還有拿去、出去的去。
參	cān/shēn	verb — to join, take part (cān)	厽=meaning:three stars — Orion's belt | 人=meaning:a person beneath the stars | 彡=sound:shān — gives the sound; drawn as streaming light	三顆星（厽）在人（人）的頭頂上，光一道道（彡）灑下來——這是參宿，獵戶腰帶上的三顆星。彡（shān）兼作聲音，轉成 shēn；星名讀 shēn，人參也讀它。讀 cān，就是日常的參加、參考。
又	yòu	adverb — again, once more	又=form:a right hand drawn whole — three fingers and a wrist	一隻右手，整個畫下來——三根指頭、一截手腕。手的意思搬去了右和有；空下來的字留給「再一次」：又來了、又下雨了。
叉	chā	noun — fork	又=meaning:a hand | 丶=form:a mark dropped between the fingers — the fork itself	一隻手（又），手指間點上一筆（丶）——岔開的那道縫。從這個分岔引申：吃飯的叉子，兩條線交錯的交叉。
及	jí	verb — to reach, catch up	人=meaning:a person, ahead | 又=meaning:a hand, reaching from behind	後面一隻手（又）搭上前面那個人（人）——趕上了、夠到了。趕得上是來得及；夠到那條線是及格；一路夠到下一項，就是以及。
友	yǒu	noun — friend	又=meaning:a right hand | 又=meaning:a second right hand, reaching the same way	兩隻右手（又又）朝同一個方向伸，並排——一起使力的手。同心的人：朋友、友善、友邦。
反	fǎn	verb/adj — to turn over, reverse	厂=form:a slope, a cliff face — the surface the hand works against | 又=meaning:a hand — the one that flips, that turns back	一隻手（又）貼著坡崖（厂），把東西翻過來——翻、反。從翻過的手，引出相反的一面，反面；引出對著幹，反對；引出折返，那加上走之的返。反又把聲音借給返、板、飯。
叔	shū	noun — father's younger brother	又=meaning:a hand, picking up | 尗=sound:shú — gives the sound	一隻手（又）撿豆子（尗）——本義是拾取。尗（shú）也給聲音，磨成了 shū。日常借去指排行小的那個弟弟，後來的那位：叔叔、叔父。
取	qǔ	verb — to take, obtain	耳=meaning:an ear | 又=meaning:a right hand	一隻手（又）抓著一隻耳朵（耳）。古時軍中割下敵人的耳朵記功——手裡的耳朵就是「拿到了」。本義是拿取；拿到是取得、爭取；加個女字成了娶——娶親。
受	shòu	verb — to receive	爫=meaning:a hand reaching down from above | 冖=empty:worn remainder of the tray passed between the hands | 又=meaning:a hand below, catching	兩隻手——上面一隻（爫），下面一隻（又）——中間遞過去的東西，磨成了一條冖。這個字原本給和拿都寫；後來接的那隻手留下了它，給的那隻手另造一個字——授。落到你手上的，是受到、接受；扛得住的，是受得了。
叢	cóng	noun — a thicket, cluster	丵=meaning:dense growth bristling up | 取=sound:qǔ — gives the sound	密密的草芽豎著冒（丵）——長得太擠，擠成一團：叢林、草叢、叢生。從密生的灌叢，引出任何一簇，叢書、人叢。取（qǔ）給聲音，磨到很遠，成了 cóng。
口	kǒu	noun — mouth	口=form:an open mouth	張開的嘴，圓口被筆畫寫方了。身體的門——後來一切的門口都是口：門口、路口、出口；一家人一張嘴一張嘴地數，是人口。
古	gǔ	adjective — ancient, old	十=meaning:ten — many, generations stacked up | 口=meaning:the mouth — words spoken, passed down	十（十）在口（口）上：話經過十張嘴、十代人傳下來——這就是古。一張嘴傳給一張嘴，傳到老。古又把聲音借給苦、姑、固、故。
句	jù	noun — a sentence	勹=form:a hook curling around | 口=meaning:a mouth — speech	一個彎鉤（勹）勾著一張口（口）——本來就是「鉤」這個詞，讀 gōu，後來寫成勾、鉤。話也一段一段勾開：一句話、句子、句點。
另	lìng	adv/adj — separately	另=form:rendered bare — 口 over 力 carries no settled graph account; likely split off from 別	另沒有定說的字形；口加力，靠用法認，不靠拆解。它把一個從其餘裡分出來——另外、另一個、另一半。字多半是從「別」分出來的，別是切開。
叨	dāo	verb — to chatter on	口=meaning:the mouth | 刀=sound:dāo — gives the sound	嘴（口）像刀（刀）一樣不停——說個沒完。刀（dāo）原音照搬。從這張閒不下的嘴來了嘮叨、叨念；謙辭裡又有叨光。
只	zhǐ	adverb — only, just	口=meaning:a mouth | 八=form:two strokes — breath trailing down from the mouth	一張口（口），下面兩筆（八）是往下散的氣——合起來寫的是句尾收住的那口氣，古時的語氣詞。現在「只有、只要」的只，是借這個字寫的。
叫	jiào	verb — to call, cry out	口=meaning:a mouth | 丩=sound:jiū — gives the sound	口（口）喊出去；丩（jiū）給聲音，磨成 jiào。從喊叫到名字——你叫什麼，就是別人喊你什麼：我叫⋯、叫做。
召	zhào	verb — to summon, call together, convene	口=meaning:a mouth — it calls out | 刀=sound:dāo — gives the sound	一張嘴（口）在喊，上頭擱個刀管聲音——把人喚過來的那一聲：召喚、召集、召開。刀（dāo）給聲音，挪到 zhào，同一個聲符還長出招、昭、詔。
叭	bā	onomatopoeia — the toot of a horn	口=meaning:the mouth — the sound source | 八=sound:bā — gives the sound	嘴（口）配上 bā 的聲音（八）——把號角的響聲寫下來。八原音照搬。和喇湊成一對，就是喇叭。
可	kě	verb — may, can	可=form:rendered bare (origin carries no claimed role)	口開口答應——可。更大的工作是聲音：可蓋出河、何、哥，哥再蓋出歌。
台	tái	noun — platform, station	厶=sound:the worn shape of 以 yǐ — gave the old word its sound | 口=meaning:a mouth — the old word: pleased	口（口）上面一個磨短的以（厶）——這個字自己的詞是 yí，喜悅，早就不用了。天天寫的 tái 是借來的衣服：台替臺站崗，一替就是幾百年——台灣、台北、電視台。
史	shǐ	noun — history	中=meaning:the record-keeper's implement | 又=meaning:a hand, gripping it	一隻手（又）握著記錄（中）——管記錄的人：史官。古文字有兩個說法：握的是裝算籌的器，或是寫字用的板——不管哪個，記錄都在手裡。史官寫下來的東西，後來就跟著叫史：歷史、史書。
右	yòu	noun/adj — right	𠂇=meaning:a hand — the right hand | 口=meaning:a mouth	右手本來寫作又；又被借去寫「再、又」之後，加一個口，把這隻手留在紙上——餵嘴、幫腔的那隻手。幫助的意思後來加了人（亻），寫成佑。
司	sī	verb — to take charge of, manage	司=form:a hand bent over a mouth (口), drawn whole	古文字有兩個說法：手舉在口（口）上，發號施令；或是后反過來寫，從另一邊看的發令者。怎麼說都是管事：司什麼，就管什麼——司機、司法、公司。
吃	chī	verb — to eat	口=meaning:a mouth | 乞=sound:qǐ — gives the sound	口（口）配乞（qǐ）的聲音。本來寫口吃——話在嘴裡卡住，口吃這個詞還留著它；後來吃飯的吃從筆畫多的喫搬了進來。這張嘴從卡住的話，換成了進口的飯：吃飯、好吃。
各	gè	pron — each, every	夂=meaning:a foot, pointing down — arriving | 口=meaning:the entrance — a dwelling's mouth	一隻腳（夂）落在門口（口）——到了。客、格裡還留著它的影子。日常的「每一個」借走了這個字：各位、各種、各自。
合	hé	verb — to close	亼=meaning:a lid | 口=meaning:the vessel's mouth — the opening	蓋子（亼）落在開口（口）上，邊對著邊整整齊齊——閉上、合得起來。合得來就走在一起：適合、合作、結合。
吉	jí	adjective — lucky, auspicious	士=meaning:a man of standing up top — an upright scholar | 口=meaning:a mouth beneath — words spoken	上頭一個有德之士（士），底下一張口（口）——賢者口中的好話，於是吉，古訓「善也」。兩塊都看得清。由吉利引到成語：吉祥、吉日。當聲符，蓋出一整排：結、潔、桔。
吊	diào	verb — to hang, suspend	口=form:the mouth, the opening up top | 巾=form:a hanging cloth	一塊布（巾）從上頭的口（口）垂下來——懸著的東西。這字又通「弔」，古時弔喪的人帶著旛旗來。從「懸掛」分出兩路：吊燈、吊橋與吊唁。
同	tóng	adjective — same	冂=form:the outer frame — a cover in one telling, a carrying frame in the other | 口=meaning:a mouth	古文字有兩個說法：一個蓋子（冂）罩著嘴（口）——大家說同一句話；或是一張抬東西的架子，加一張喊口令的嘴——眾人跟著同一聲使力。兩個說法落在同一個字上：一樣、一起——相同、同時、同學。
名	míng	noun — name	夕=meaning:dusk, the evening moon | 口=meaning:a mouth, calling out	天黑了（夕），看不清臉，就開口（口）報出自己是誰——這就是名。從命名引申，一個人用的稱呼，再到積起來的名聲：名字、姓名、名聲、著名。
后	hòu	noun — a sovereign	𠂉=form:the figure of a ruler, seated above | 口=meaning:a mouth — the command coming out	一位君主（𠂉）俯身對著張開的口（口）——發號施令的那個人。古文字有兩個說法：發布命令的君王，或是繁衍血脈的母親——都是一家之主。從君主引到君主的妻子：皇后、王后。
吏	lì	noun — a minor official, a clerk	一=meaning:the record held up | 史=meaning:a hand holding the record	跟史（史官）同一隻手、同一份記錄，上面多加一橫（一）——把記錄高高舉起。吏和史本是一個字分出來的：史管記錄，吏辦事。辦事的官：官吏、吏部。
吐	tǔ	verb — to spit out	口=meaning:a mouth | 土=sound:tǔ — gives the sound	嘴（口）把東西送出來——吐、嘔吐。土（tǔ）在旁邊給聲音，杜、肚底下也是它。從嘴裡出來的不只是食物：吐露、吐氣。
向	xiàng	verb/prep — to face, toward	宀=meaning:a roof, the house | 口=meaning:an opening cut in the wall — a window	房（宀）牆上開的一個口（口），朝著一面——本義是朝北的窗。從牆面朝向一方，引申為面對、朝著：方向、面向、走向；從前一向偏著的，向來。
君	jūn	noun — ruler, lord	尹=meaning:a hand holding a staff — to govern | 口=meaning:a mouth giving the order	一隻握著權杖的手（尹）在嘴（口）上面發令——治理、下令的人。當年那根棒子，如今磨成了上面三筆斜畫。
吞	tūn	verb — to swallow	口=meaning:a mouth | 天=sound:tiān — gives the sound	嘴（口）把整個吞下去——吞食。天（tiān）在上頭給聲音，離原來的音已經很遠。吞得下食物，也吞得下別人的地：吞併、吞噬。
否	fǒu/pǐ	adverb — no, whether or not	不=sound:bù — gives the sound, and the negation too | 口=meaning:a mouth, the spoken refusal	不壓在口（口）上：「不」這個否定，加一張嘴說出來——出聲的「不」。不（bù）也給聲音，磨到了 fǒu。換個讀法（pǐ），是事情堵住、走不通的壞局：是否、否則；否極泰來。
吧	ba/bā	particle — sentence-end softener: suggestion, agreement, a g	口=meaning:a mouth | 巴=sound:bā — gives the sound	口（口）配巴（bā）的聲音——造來寫口語的字。放在句尾，把話輕輕推給對方：走吧、好吧、是吧。讀 bā，拼的是外來的酒吧。
吩	fēn	verb — (in 吩咐) to instruct, tell, order	口=meaning:the mouth — speaking | 分=sound:fēn — gives the sound	嘴（口）把事情一份份分派下去（分）——口頭交代。分（fēn）原音照搬。幾乎只用在吩咐裡。
含	hán	verb — to hold in the mouth	口=meaning:the mouth | 今=sound:jīn — gives the sound	東西擱在嘴（口）裡，不吞下去——含著。今（jīn）給聲音，磨成了 hán。從「含在嘴裡」來了包含、含義、含恨。
吭	háng	noun — the throat	口=meaning:a mouth | 亢=sound:kàng — gives the sound	口（嘴）加上亢（kàng）的聲——鳥的喉嚨，聲音往上爬的那條道。把喉嚨一提就是放聲：引吭高歌。亢也給航、抗、杭聲音。
吳	wú	noun — a surname	口=meaning:a mouth, calling out | 夨=meaning:a person with the head tilted back	口（口）在上，下面是個仰頭側身的人（夨）——仰起頭大聲喊。本義是喧嘩、大聲說；如今這個字活在姓氏和南方的吳國、吳地。
吵	chǎo	verb — to quarrel, make noise	口=meaning:a mouth, the voice raised | 少=sound:shǎo — gives the sound	一張嘴（口）吵個不停——爭、鬧。少（shǎo）給聲音，這裡偏到了 chǎo。你一句我一句蓋過去：吵架、吵鬧、吵醒。
吸	xī	verb — to breathe in	口=meaning:a mouth | 及=sound:jí — gives the sound	嘴（口）把氣往裡拉——吸氣。及（jí）給聲音，級、汲底下也是它。從吸氣引申，凡是往裡拉的都是吸：吸收、吸引。
吹	chuī	verb — to blow, puff	口=meaning:the mouth | 欠=meaning:a person leaning, mouth open, breath going out	嘴（口）旁一個張口吐氣的人（欠）——把氣送出去，吹。從「吹氣」來了吹笛，也來了吹牛、吹噓。
吻	wěn	noun — lips	口=meaning:a mouth | 勿=sound:wù — gives the sound	嘴（口）的兩片唇——也就是用唇去碰。勿（wù）給聲音，忽底下也是它。從嘴唇引申到說話的口氣：口吻。
呀	ya	particle — ah, oh (surprise, emphasis)	口=meaning:a mouth — this is a sound that gets said | 牙=sound:yá — gives the sound	一張嘴（口），加牙（yá）給聲音——嘴裡發的一個音，磨成了輕飄飄的語氣詞。掛在句尾表驚訝、緩語氣：是呀、好呀、來呀。
呆	dāi	adjective — dull, blank	口=meaning:a mouth hanging open | 木=meaning:a tree, wood — stiff and unmoving	嘴（口）張著，下面一塊木（木）——臉僵在那裡，發愣。從這發木的樣子，引申出另一個用法：待著不動，像扎了根。
呈	chéng	verb — to present, submit, show	口=meaning:the mouth — to speak, to present | 王=form:a worn 壬 — a figure standing straight on the ground	口（口）在一個端正站立的人（王，壬磨來的）上頭——把話、把東西平平地擺到面前。從「呈上」來了呈現、呈報、呈獻。
告	gào	verb — to tell, announce	牛=meaning:an ox | 口=meaning:a mouth — the word spoken	牛（牛）加口（口）。古文字有兩個說法：愛頂人的牛，角上綁一塊橫木，告訴路人離遠一點——或是牛牽上祭壇，禱詞當場唸出來。兩條路走到同一處：把話說給人知道。告訴、報告、廣告。
呢	ne	particle — sentence-final: and …?	口=meaning:a mouth (口) | 尼=sound:ní — gives the sound	口（口）在旁，尼（ní）給聲音，磨成輕聲——把問題拋回去的那個音：你呢？
周	zhōu	adjective — all around	周=form:the old graph: a field gridded and dotted with seed — sown thick	田畫成格子，種子點得滿滿的——密，一處不漏。從這裡走出兩條路：繞一整圈（周圍、四周），和想得周到。朝代和姓氏拿它當名字。加上辶就是週，繞圈的星期；周末、週末，寫的是同一個週末。
味	wèi	noun — taste, flavor	口=meaning:a mouth, where taste is judged | 未=sound:wèi — gives the sound	一張嘴（口），加未（wèi）給聲音——舌頭嘗出來的東西。未在這裡照讀 wèi，沒走音。從滋味引申到事物的味道、體會的趣味：味道、口味、趣味。
呼	hū	verb — to breathe out	口=meaning:the mouth | 乎=sound:hū — gives the sound	嘴（口）把氣吐出去（乎）——呼氣。乎（hū）給聲音，幾乎原樣。從「吐氣」來了呼喊、呼叫、招呼。
命	mìng	noun — order, command	令=sound:lìng — gives the sound; a figure kneeling beneath the summons | 口=meaning:a mouth — the order spoken aloud	令——跪著聽召的人——加一個口（口）：說出口的令。令和命本是一個詞。上面說的話是命令；天說了的，就是你的命——生命、命運。
和	hé/hàn/huò	conj — and, with	口=meaning:a mouth — a voice answering | 禾=sound:hé — gives the sound exactly	口（口）跟著唱——聲音對上了。禾（hé）給聲音，一點沒變；更老的寫法龢吹的是排簫（龠），許多管子合成一個和音。合得起來，就有和平、溫和，也有把兩樣東西排在一起的和——我和你，臺灣說 hàn。讀 huò，是攪和的和。
咐	fù	verb — (in 吩咐 / 囑咐) to instruct, enjoin, tell to do	口=meaning:the mouth — speaking | 付=sound:fù — gives the sound	嘴（口）把要辦的事交付出去（付）——叮囑。付（fù）原音照搬。只跟著吩咐、囑咐走。
咕	gū	verb/onom — to coo, rumble, mutter (a low sound)	口=meaning:the mouth — where the sound comes from | 古=sound:gǔ — gives the sound	嘴巴（口）發出低低的聲音——咕咕、咕嚕。古（gǔ）給聲音，拉平成 gū 來摹聲。疊起來、配起來就摹聲：咕咕（鴿子）、咕嚕（肚子響）、嘀咕（小聲嘟囔）。
咖	kā	noun — used to write borrowed sounds: 咖啡 coffee, 咖哩 curry	口=meaning:a mouth — marks the char as a sound to say, not a thing | 加=sound:jiā — gives the sound, bent to kā	口（口）標明這是個純聲音、念出來的音節。加（jiā）借出聲音，偏到 kā。它拼出的「咖啡」，是純靠耳朵搬進來的外來語。
咦	yí	interjection — "huh?", "eh?" — surprise, doubt	口=meaning:the mouth — the cry | 夷=sound:yí — gives the sound	嘴（口）裡發出一聲，拉得長長的——驚訝的「咦？」，事情不對勁時那一愣。夷（yí）原音照搬。
咬	yǎo	verb — to bite, gnaw	口=meaning:the mouth, the teeth | 交=sound:jiāo — gives the sound	嘴（口）一合，上下牙交叉咬緊（交）——咬。交（jiāo）給聲音，磨成了 yǎo。從「牙合上」來了咬牙、咬人、咬住，也來了反咬一口。
咱	zán	pron — we, you and I	口=meaning:a mouth — marks the spoken word | 自=meaning:self	口（口）旁邊一個自（自）——為北方口語造的字。聲音是「自家」連讀，磨成了 zán。咱們把聽話的人也圈進來：你和我都算；我們可以不算你。
咳	ké	verb — to cough	口=meaning:a mouth — the sound comes out of it | 亥=sound:hài — gives the sound	一張口（口），逼出一個聲音。古文字寫的是嬰兒的笑，「小兒笑也」；同一個口中聲後來收窄成咳嗽那一聲。亥（hài）給聲音，轉成 ké。和該、孩、刻同一聲系。
哀	āi	adjective — grieved, sorrowful	口=meaning:a mouth, crying out | 衣=sound:yī — gives the sound, wrapped around the mouth	一張哭喊的嘴（口），裹在衣（衣）裡——把悲傷包住。衣（yī）上下裂開，既抱住嘴，也給聲音，yī 磨成了 āi。從悲傷引申：哀悼、哀求。
品	pǐn	noun — article, goods	口=meaning:a mouth — tripled: the many	三張口（口）——眾多。東西多了要分類：物品、產品；分出高下：品質、上品；口也拿來嚐，嚐了評好壞：品茶、品嘗。
哄	hōng/hǒng	verb — to roar (with noise)	口=meaning:a mouth, voices | 共=sound:gòng — gives the sound	許多張嘴（口）一起（共）出聲——鬧成一片。共（gòng）給聲音，洪、烘底下也是它。另一個讀音把這聲音轉向人：hǒng，用好話哄、騙。
哇	wā	interj — wow!	口=meaning:a mouth — the sound comes out of it | 圭=sound:guī — gives the sound	一張口（口）拋出一個原始的聲音——哭、嘔，今天用作張口的「哇！」。圭（guī）給聲音，到這裡聲母整個掉了，落到很遠的 wā。圭系有桂、掛、封。
哈	hā	interj — ha! (laughter)	口=meaning:a mouth | 合=sound:hé — gives the sound	口（口）加上合（hé）給聲音，磨開成 hā——嘴巴笑出來、呵出來的聲音。哈哈是笑，哈氣是往冷玻璃上呵的熱氣。
哎	āi	interj — oh!, hey! — surprise, pain, or mild dismay	口=meaning:a mouth — the sound it lets out | 艾=sound:ài — gives the sound, lightened to āi	口（口）一張，喊聲就出來了。艾（ài）借出聲音，抬成 āi。整個字就是這聲喊在出口被攔下：哎呀，嚇了一跳的叫聲。
員	yuán	noun — member, personnel	口=meaning:the round rim — a circle | 貝=form:the worn remainder of a cauldron (鼎)	鼎（磨成了貝）口上畫一個圈（口）——圓，這是圓最早的寫法。後來被借去點人數：人員、委員、店員；圓的意思另外加一圈，搬進了圓。
哥	gē	noun — elder brother	可=sound:kě — stacked twice, gives the sound	可疊著可——一句接一句：歌最早就寫成這個樣子。唐朝的口語把它整個借去叫哥哥，唱歌另外造了字——歌，就是哥加一個張嘴的欠。
哦	ó	interjection — oh (understanding)	口=meaning:a mouth, the sound it makes | 我=sound:wǒ — gives the sound	嘴（口）發出的一聲——明白了的「哦」，或半信半疑的「哦」。我（wǒ）給字框，峨、鵝底下也是它，到這裡磨成了一個光禿禿的母音。
哩	li	particle — sentence-final tone marker	口=meaning:the mouth — a spoken sound | 里=sound:lǐ — gives the sound	一個口（口）邊的聲音，借里來記音——掛在句尾的語氣。里（lǐ）給聲音，三聲鬆成輕聲。又借去記長度，寫成英哩。
哪	nǎ	pron — which, where (interrogative)	口=meaning:a mouth — the asking | 那=sound:nà — gives the sound base	把「那」（那）旁邊加一張嘴（口）：從指示的「那」變出開口要問的——哪一個？哪裡？那（nà）給聲音，聲調一挑成了 nǎ：哪裡、哪個、哪天。
哭	kū	verb — to cry, weep, wail	吅=meaning:two mouths together, voices wailing | 獄=sound:yù — the sound, abbreviated and worn until the bottom reads as a dog 犬	兩張嘴（吅）一起放聲——哀的聲音。底下是省掉的獄（yù）給聲音，磨到最後剩下的像隻狗（犬）。聲音裂成眼淚：哭泣、痛哭、大哭。
哲	zhé	adj/noun — wise, sagacious	口=meaning:the mouth — to speak, to know | 折=sound:zhé — gives the sound	一張嘴（口）能把道理說得乾淨利落，像折（折）裡的斧子——明智。折（zhé）原音照搬。從「明白」來了哲人、哲學、明哲。
哺	bǔ	verb — to feed (from the mouth)	口=meaning:a mouth | 甫=sound:fǔ — gives the sound	食物在嘴（口）裡嚼好，再餵出去——哺育幼兒。甫（fǔ）給聲音，圃、脯底下也是它，到這裡硬成了 bǔ。從這口餵食引申：哺育、哺乳。
哼	hēng	verb — to hum	口=meaning:a mouth, a low sound | 亨=sound:hēng — gives the sound	嘴（口）裡壓著的一聲——哼歌，或不屑的「哼」。亨（hēng）原音照給，沒有走樣。低聲哼出來：哼歌、哼了一聲。
唆	suō	verb — to egg on, incite, instigate	口=meaning:the mouth — speaking | 夋=sound:qūn — gives the sound	一張嘴（口）在旁邊一直撩撥，把人推下去——慫恿。夋（qūn）給聲音，滑成 suō。從「挑動」來了唆使、教唆，也來了囉唆那種沒完沒了。
唇	chún	noun — lip	口=meaning:the mouth | 辰=sound:chén — gives the sound	嘴（口）外緣那圈肉——嘴唇。辰（chén）給聲音，聲調抬成 chún。這字也通較古的脣，那邊用肉標出是身上的肉。
唉	āi	interj — a sigh of regret	口=meaning:a mouth — the breath it lets out | 矣=sound:yǐ — gives the sound, slid to āi	口（口）放出一口氣——本義是應答（唉，譍也）。矣（yǐ）借出聲音，飄成 āi。如今偏向那聲長長的嘆息：唉聲嘆氣。
唐	táng	adjective — boastful, exaggerated	口=meaning:a mouth, speech | 庚=sound:gēng — gives the sound	嘴（口）裡的大話——說得超過了實情。庚（gēng）本是聲符，輾轉抄寫，已經化進嘴外那個框裡，音也離 táng 很遠。朝代名只借這個音：唐朝。
售	shòu	verb — to sell, vend	口=meaning:the mouth — calling the price | 雔=sound:chóu — gives the sound (abbreviated)	一張嘴（口）在叫賣，上頭借雔（兩隻鳥，省成一隻）記音——賣。雔（chóu）給聲音，一路磨成 shòu。從「叫賣」來了出售、銷售、售價。
唯	wéi	adverb — only, alone	口=meaning:a mouth answering | 隹=sound:zhuī — gives the sound	嘴（口）應的那一聲「是」——由此引申為只、單單。隹（zhuī）那隻短尾鳥給聲音，惟、維底下也是它，到這裡磨成了 wéi。從這一聲應答：唯一、唯獨。
唱	chàng	verb — to sing	口=meaning:a mouth | 昌=sound:chāng — gives the sound	一張口（口）起頭——說文說唱是「導」：一人先唱，眾人來和，一唱百和。昌給聲音，調子彎成 chàng。如今唱歌唱戲都是它，點名也唱：唱歌、唱名。
唷	yō	interjection — "yo!", a cry of effort or surprise	口=meaning:the mouth — the cry | 育=sound:yù — gives the sound	嘴（口）裡迸出一聲——使力或一驚的「唷！」，那聲使勁喊出的叫。育（yù）借了聲音，轉成這聲喊。
唸	niàn	verb — to read aloud	口=meaning:a mouth | 念=sound:niàn — gives the sound, exact	口（口）加在念旁——心裡記著的，出聲放出來。臺灣的用法把兩個字分了工：唸管出聲（唸書、唸出來），念守著不出聲的想（想念、紀念）。
商	shāng	noun — trade, commerce	口=meaning:a mouth — speaking, weighing words | 帝=empty:the top — a platform-and-blade shape worn down from the oracle graph, no longer readable	上半是個沒人拆得開的老字——一塊高臺托著刀形，抄了千年磨平了，部件再也讀不出。底下一張口（口）把事情談來談去。談著談著就成了商量，再成了做買賣的商人、商業，到了算術裡就是除出來的商。同一個磨損的頭頂著傷、觴。
啊	ā	interjection/particle — ah!, oh!	口=meaning:a mouth — the sound coming out | 阿=sound:ā — gives the reading	口（口）標明這是嘴裡發的聲，不是實詞。阿（ā）把音原樣帶過來。口（口）把啊標成嘴巴吐出的一個聲——驚訝（啊，下雨了），或是句尾掛的一個軟語氣（好啊）。
問	wèn	verb — to ask	口=meaning:a mouth, asking | 門=sound:mén — gives the sound	口（口）負責問；門（mén）只出聲音，唸久了磨成 wèn——同一扇門在「聞」裡唸 wén。一張嘴站在門口的畫面，是白送的。
啞	yǎ	adjective — mute, dumb	口=meaning:the mouth — speech, or its absence | 亞=sound:yà — gives the sound	一張嘴（口）發不出聲——啞。亞（yà）給聲音，聲調落成 yǎ。從「沒聲」來了啞巴、沙啞、啞口無言。
啟	qǐ	verb — to open	戶=meaning:a single door leaf | 口=meaning:a mouth — the word that bids it open | 攵=meaning:a hand with a stick — the act of pushing, urging	一扇門（戶）、一張口（口）喊它開、一隻手持杖（攵）把它推開——合起來寫的就是開。門一開，引出啟動（開始）、啟發（開導心智）。
啡	fēi	noun — used to write 咖啡, coffee	口=meaning:a mouth — marks the char as a sound to say | 非=sound:fēi — gives the sound exactly	口（口）標明這是個要念的音節。非（fēi）原音借過來，不變。它只為一個詞而生：咖啡——靠聲音搬進來的咖啡。
啤	pí	noun — beer (in 啤酒)	口=meaning:a mouth — drinking, the throat | 卑=sound:bēi — lends the shape, worn to pí	一個外來詞要穿上漢字：beer 借了個聲旁卑（bēi），讀音挪成 pí，再加個口（口）說明是入口的東西。卑本義「低、卑下」，在這兒完全是死的，只租了它的音。啤幾乎只活在「啤酒」裡。
啦	la	particle — sentence-final la (好啦), often 了+啊 fused	口=meaning:a mouth — marks it as spoken sound | 拉=sound:lā — lends the reading	口（口）把啦標成一個說出來的聲音。拉（lā）借音，那個「拉扯」的意思丟在門外。啦其實是了和啊在句尾連讀黏成的——好了啊講快了就是好啦，消息落地，還帶點上揚。
啼	tí	verb — to cry, wail (of a person)	口=meaning:the mouth — the cry | 帝=sound:dì — gives the sound	一聲從嘴（口）裡逼出來的叫——哭、鳴。帝（dì）給聲音，d 磨成 t。同一個字，既是孩子的哭，也是雞天亮的啼：啼哭、雞啼。
喂	wèi	interjection — hello (on the phone)	口=meaning:a mouth — calling out, or putting food in | 畏=sound:wèi — lends the reading	一張口（口）配上畏（wèi）的音：用它喊人——喂！招呼一聲，接電話也說喂。同一個字也管餵食：東西從嘴餵進去，喂狗、喂飯。餵食這個意思，完整的寫法是加了食字邊的「餵」。
善	shàn	adjective — good, kind, virtuous	羊=meaning:a sheep — the auspicious, well-formed animal | 言=meaning:speech — good words spoken	羊（羊）在上，言語（言）在下——話說得像那頭吉祥的羊一樣端正。古字底下是兩個言（誩）：滿口好話，又善又祥。從這裡來：善良、善意、改善，再轉成本事——善於，擅長某事。
喇	lǎ	noun/onomatopoeia — (in 喇叭) a horn, trumpet	口=meaning:the mouth — the sound source | 剌=sound:là — gives the sound	嘴（口）配上剌（là）那股刺耳的響——號角的粗聲。剌給聲音，聲調轉成 lǎ。和叭湊成喇叭；又借進喇嘛。
喉	hóu	noun — the throat	口=meaning:the mouth, the passage above | 侯=sound:hóu — gives the sound	嘴（口）下面那條通道——喉嚨。侯（hóu）原音照給，猴、候底下也是它。喉這個字，指的就是這裡通過的東西：喉嚨、咽喉。
喊	hǎn	verb — to shout, to call out loudly	口=meaning:a mouth, opened wide | 咸=sound:xián — gives the sound	嘴（口）張到最大聲——喊。咸（xián）給聲音，感、減底下也是它，到這裡磨成了 hǎn。大聲叫出來：喊叫、呼喊。
喔	ō	interjection — oh (realization)	口=meaning:a mouth, the sound it makes | 屋=sound:wū — gives the sound	嘴（口）發出的一個圓圓的音——恍然的「喔」，或句尾軟軟的一聲。屋（wū）給聲音，握底下也是它，到這裡磨成了光禿禿的 ō。
喘	chuǎn	verb — to pant, to gasp for breath	口=meaning:a mouth, breathing hard | 耑=sound:duān — gives the sound	嘴（口）邊又急又斷的呼吸——喘。耑（duān）那棵立在根上的苗給聲音，端底下也是它，到這裡離成了 chuǎn。費力的呼吸：喘息、氣喘。
喚	huàn	verb — to call, summon	口=meaning:the mouth — calling | 奐=sound:huàn — gives the sound	嘴（口）出聲把人叫過來——召喚。奐（huàn）原音照搬。從「叫」來了呼喚、召喚、喚醒。
喜	xǐ	verb/noun — to like, to delight in	壴=meaning:a drum on its stand | 口=meaning:a mouth — laughter and song	立著的鼓（壴）下面一張口（口）——鼓一響，人聲跟上：喜。喜歡、恭喜、喜事。
喝	hē/hè	verb — to drink	口=meaning:a mouth | 曷=sound:hé — gives the sound	口（口）配曷（hé）的聲音。先是大喝——聲音甩出去（hè：喝采、大喝一聲）；後來喝水的喝也裝進同一個字：喝水、喝茶。出去是喊，進來是茶，嘴張得一樣大。
喪	sāng/sàng	verb (sàng) — to lose, forfeit	哭=meaning:weeping — two mouths and a bent figure | 亡=sound:wáng — gives the sound, and the meaning too	對著亡（消亡、失去）哭（哭）——亡又兼帶聲音。整字是死亡之慟：辦喪事、守喪（sāng）——喪禮、喪事。「失去」再放大（sàng）：喪失、喪命、喪氣。
單	dān	adjective — single, alone	單=form:a forked hunting pole, a pellet bound at each tine — the old graph	一根叉開的木桿，叉頭各綁一顆石丸——打獵的傢伙；它還留在彈和戰裡。名字借去說「一個、不成雙」：單獨、單一；薄薄一張的也是它：菜單、名單；不複雜，就是簡單。
喲	yō	interjection — "yo!", a particle of surprise or mild urging	口=meaning:the mouth — the cry | 約=sound:yuē — gives the sound	嘴（口）裡一聲——驚訝或催人快點的「喲！」，短短一呼：哎喲、快喲。約（yuē）借了聲音，轉成這聲喊。
喻	yù	verb — to make clear	口=meaning:a mouth, telling | 俞=sound:yú — gives the sound	嘴（口）裡把一件事講明白——用比方說清楚。俞（yú）給聲音，輸、逾底下也是它，到這裡音調轉成 yù。從講明白引申：比喻、家喻戶曉。
嗎	ma	particle — sentence-final question marker	口=meaning:a mouth | 馬=sound:mǎ — gives the sound	口（口）在旁，馬（mǎ）給聲音，磨成輕聲——說出口的問號：好嗎？
嗓	sǎng	noun — throat	口=meaning:mouth — where the voice comes out | 桑=sound:sāng — gives the sound	口（口）一開，桑（sāng）給聲音，調子壓成 sǎng。張口後面、發聲的地方——嗓子、嗓門、嗓音。
嗜	shì	verb — to be fond of, have a taste for	口=meaning:the mouth — where the taste is | 耆=sound:qí — gives the sound	嘴（口）老是去找那一味——上癮。耆（qí）給聲音，轉遠成 shì。戒不掉的口味：嗜好、嗜酒。
嗦	suo	particle/bound — in 囉嗦/嗦: long-winded, wordy	口=meaning:mouth — talk pouring out | 索=sound:suǒ — gives the sound	口（口）說個不停，索（suǒ）給聲音。索是一條搓緊的繩——話也這樣一截一截放出來，沒完沒了：囉嗦、嚕嗦。
嗨	hāi	interjection — hi	口=meaning:a mouth, calling out | 海=sound:hǎi — gives the sound	嘴（口）裡喊出來的一聲——打招呼的「嗨」，或嘆氣的「嗨」。海（hǎi）那片海給聲音，到這裡音調拉平成 hāi。
嗯	en	interjection — uh-huh	口=meaning:mouth — the sound made through it | 恩=sound:ēn — gives the nasal hum	口（口）哼一聲閉口的鼻音，恩（ēn）給聲音。把那聲應答的鼻音寫下來——嗯、嗯嗯。
嗽	sòu	verb — to cough (in 咳嗽)	口=meaning:a mouth — where the cough comes out | 欶=sound:sù — gives the sound	一張口（口），配上「欶」（sù）——欶本身是一張大開的口（欠）越過一束（束）吸氣，正是咳之前的那口氣。合起來寫咳嗽的「嗽」。欶給聲音，開成 sòu。
嘀	dí	verb/onom — to mutter, whisper, murmur	口=meaning:the mouth — where the muttering comes from | 啇=sound:dí — gives the sound	嘴巴（口）低低地、不停地說——嘀咕。啇（dí）給聲音（滴的水、敵的對手都用它）。幾乎都跟咕連用：嘀咕、嘀嘀咕咕。
嘆	tàn	verb — to sigh	口=meaning:mouth — the breath let out | 𦰩=sound:the 漢-series sound piece	口（口）裡長長吐一口氣；右邊的𦰩給聲音，和漢、難、灘同一個身子。這口氣能是悲，也能是嘆服——嘆氣、讚嘆。另一寫法歎把口換成欠（張口吐氣）。
嘉	jiā	adj/verb — fine, excellent	壴=meaning:a drum standing on its frame | 加=sound:jiā — gives the sound	架上的鼓（壴）在宴席上敲響——慶賀之聲，所以是美好、可讚。加（jiā）給聲音，分毫不差，還帶來「再添上」的畫面。從喜慶的鼓聲而來：嘉獎、嘉許、嘉年華。
嘍	lóu	particle — sentence-final tone marker (reminder, completion)	口=meaning:mouth — a spoken particle | 婁=sound:lóu — gives the sound	口（口）掛在句末，婁（lóu）給聲音。它隨口氣收尾，提醒或表示完成：好嘍、走嘍。
嘗	cháng	verb — to taste	旨=meaning:fine flavor down below — a spoon 匕 over a mouth 甘, savoring | 尚=sound:shàng — gives the sound	美味（旨）——一把匕在口上品味——落在字腳；尚（shàng）攤在頂上，軟化成 cháng。舌頭嚐食物：嘗試、嘗到，文言又作「未嘗」。尚系有常、堂、賞、黨。
嘛	ma	particle — softens a statement: "well, you know	口=meaning:a mouth, the spoken tone | 麻=sound:má — gives the sound	嘴（口）裡帶出的一個語尾——軟化語氣的「嘛」。麻（má）那把曬著的麻給聲音，到這裡輕成了沒聲調的 ma。它本身不帶意思，只帶說話的口氣：好嘛、是嘛。
嘮	láo	verb — in 嘮叨: to chatter on, nag	口=meaning:mouth — talk that won't stop | 勞=sound:láo — gives the sound	口（口）不停地動，勞（láo）給聲音。這話像沒完的勞作，一遍一遍——嘮叨。
嘯	xiào	verb — to whistle	口=meaning:a mouth, blowing | 肅=sound:sù — gives the sound	嘴（口）收成細細的一條長音吹出來——嘯。肅（sù）給聲音，簫、蕭底下也是它，到這裡離成了 xiào。引申到風和獸的長鳴：呼嘯、長嘯。
嘴	zuǐ	noun — the mouth	口=meaning:a mouth | 觜=sound:zuǐ — gives the sound exactly	本來是鳥喙——觜，帶角的尖嘴——旁邊加個口（口）。從鳥嘴放寬到所有的嘴：嘴巴、閉嘴、張嘴。
嘻	xī	interjection/verb — a laugh	口=meaning:mouth — the laugh comes out | 喜=sound:xǐ — gives the sound	口（口）笑開，喜（xǐ）既給聲音又給那份喜，調子揚成 xī。把笑容寫下來——嘻嘻、嘻笑、嘻皮笑臉。
嘿	hēi	interjection — hey (to call)	口=meaning:a mouth, calling | 黑=sound:hēi — gives the sound	嘴（口）裡一聲脆喊——叫人回頭的「嘿」，或低低的「嘿嘿」一笑。黑（hēi）那個黑字給聲音，原音照搬。從這一喊：嘿，你看、嘿嘿。
噅	huī	verb — to distort the mouth	口=meaning:the mouth | 為=sound:wéi — gives the sound	嘴（口）歪掉了，話和氣都出得不正。為（wéi）給聲音，w 退到了 h。
噢	ō	interjection — oh! (surprise, realization)	口=meaning:mouth — the exclamation | 奧=sound:ào — gives the sound	口（口）出一聲，奧（ào）給聲音，張開成 ō。那「明白了」的一聲：噢，原來如此。
器	qì	noun — vessel, utensil	口=form:four mouths — the open vessels, two up, two down | 犬=meaning:a dog in the middle, set to guard them	四個器皿張著口（四個口），中間一條狗（犬）守著——「犬所以守之」，看家的器物。由守著的器皿引到：器皿、器具，再到人的度量，器量——一個容器裝得下多少。
噪	zào	noun/verb — noise	口=meaning:mouth — the racket | 喿=sound:zào — gives the sound	口（口）和喿（zào）給聲音；喿本是三張口擠在樹（木）上，一樹的鳥亂叫。再添一口，就是吵——噪音、聒噪、鼓噪。
噴	pēn	verb — to spurt, spray, erupt	口=meaning:mouth — the opening it bursts from | 賁=sound:bēn — gives the sound	口（口）猛地一張，賁（bēn）給聲音，b 磨成 p。同一個賁也在墳、憤裡——這裡是射出去：噴水、噴火、噴氣。
噸	dūn	noun — ton (unit of weight)	口=empty:borrowed as a sound-tag for the foreign word, no meaning here | 屯=sound:tún — gives the sound	屯（tún）給聲音，磨成 dūn；口只是借來標外來詞「ton」的記號，不帶意思。重量單位：公噸、噸位。
嚇	xià	verb — to scare, frighten	口=meaning:mouth — the shout that scares | 赫=sound:hè — gives the sound	口（口）一聲喝；赫（hè）給聲音，h 顎化成 x。又響又突然，叫人一驚——嚇人、嚇一跳、恐嚇。
嚎	háo	verb — to howl, to wail loudly	口=meaning:a mouth, crying out | 豪=sound:háo — gives the sound	嘴（口）裡拉長的一聲大哭——嚎。豪（háo）原音照給，壕、濠底下也是它。從這放聲的哭叫：嚎叫、嚎啕大哭。
嚐	cháng	verb — to taste	口=meaning:a mouth — added to spell out the tasting | 嘗=sound:cháng — gives the sound	嘗本身已帶著美味（旨）和聲音（尚）；後來在旁邊加一張口（口），把「用嘴嚐」說明白——嚐，同一個詞，把動作寫了出來。用於舌頭的事：品嚐、嚐鮮。
嚨	lóng	noun — the throat (only in 喉嚨)	口=meaning:the mouth, the passage | 龍=sound:lóng — gives the sound	嘴（口）邊那條通道——喉嚨的下半。龍（lóng）那條龍給聲音，原音照搬，籠、聾底下也是它。這個字幾乎只活在「喉嚨」這個詞裡。
嚮	xiàng	verb/prep — to face toward, turn toward	鄉=meaning:the home village — the place you turn back to | 向=form:a window in a wall, the house facing it	故鄉（鄉），是人回頭面向的地方；下面壓著向——屋子朝著那扇窗。朝著、奔著：嚮往、嚮導。
嚴	yán	adjective — strict	吅=meaning:two mouths — orders on orders | 𠪚=sound:yín — gives the sound	上頭兩張口（吅）——命令一道壓一道，又急又厲。底下的𠪚（yín）——山崖（厂）下一個敢——標聲音，磨開成 yán。從那道急令來：嚴格、嚴重、嚴肅。
嚷	rǎng	verb — to shout, yell, make an uproar	口=meaning:mouth — the shouting | 襄=sound:xiāng — gives the sound	口（口）大喊，襄（xiāng）給聲音。同一個襄也在壤、讓裡；這裡是聲音堆得又高又響——嚷嚷、吵嚷、叫嚷。
囉	luo	particle/bound — in 囉嗦: long-winded	口=meaning:mouth — talk that runs on | 羅=sound:luó — gives the sound	口（口）說個沒完，羅（luó）給聲音。羅是張開的網——話也這樣鋪得到處都是，事事不漏：囉嗦、囉里囉唆。
囊	náng	noun — a bag, sack, pouch	橐=meaning:a sack tied at both ends	兩頭紮緊的袋子——橐的身子，這裡縮寫，圍住中間夾緊的一截。襄（xiāng）也縮了，給聲音，磨成 náng。凡是裝東西、收口的都是囊：行囊、膽囊、囊括。
囑	zhǔ	verb — to enjoin, instruct, entrust	口=meaning:mouth — the words spoken | 屬=sound:shǔ — gives the sound	口（口）說話，屬（shǔ）給聲音，sh 轉成 zh。屬是附著——把話交代、繫在別人身上，再走：囑咐、叮囑、託囑。
四	sì	num — four	四=form:rendered bare — a borrowed graph	刻痕的四是亖，四橫疊在一起——一眼數不清。四這個字是借來頂替的，四道刻痕就退休了。
回	huí	verb — to return, turn back	回=form:a spiral — water turning back on itself, ring inside ring	一個漩渦——水繞著自己轉，一圈套一圈。本義是旋轉、回來：回來、回家；轉一圈算一回；話送回去是回答。
因	yīn	conj — because	囗=meaning:a mat, four-cornered | 大=meaning:a person, arms and legs spread	一個人（大）四肢張開，躺在蓆子（囗）上——本來寫的就是蓆子，後來加草頭成茵。躺在上面，就是靠著它：先是沿著、靠著（因襲），再到事情靠著的那個根——原因、因為。
困	kùn	adj/verb — stuck, hard-pressed	囗=meaning:a wall closing all four sides | 木=meaning:a tree shut inside it	一棵樹（木）四面被牆圍住（囗）——長不開，出不去。由困住的樹引到：困難、困境、被困。同樣那股被關住的勁，移到累垮的身子——睏／困，累得不想動，想睡。
固	gù	adj/verb — solid, firm	囗=meaning:a wall closed all round | 古=sound:gǔ — gives the sound	四面圍死的牆（囗），裡頭古（gǔ）給聲音，調子壓成 gù。圍起來、又從古到今立著——結實、搬不動：堅固、固定、頑固。
圈	quān/juàn	noun (quān) — a circle, ring	囗=meaning:an enclosure, a wall around | 卷=sound:juǎn — gives the sound, and the curl	一圈牆（囗）配上卷（捲、彎）。欄繞成一圈——先是養牲口的圈（juàn）——豬圈、牛圈，再到畫成一圈的環（quān）——圓圈、圈子，以及圈裡的那群人——圈內、社交圈。
國	guó	noun — country, nation	囗=meaning:walls — a bounded territory | 或=meaning:a spear (戈) guarding an area (口) — the old word for territory	外面是城牆（囗），裡面的或，本來就是拿戈守土——有牆有兵，就是國。
圍	wéi	verb/noun — to surround	囗=meaning:an enclosing ring — walls around | 韋=sound:wéi — gives the sound	口字框（囗）是一圈牆；韋（wéi）給聲音，一點沒變——它自己的古字就是腳步繞著城走，本來就是圍。圍起來是包圍；圈裡的一帶是周圍、範圍；繞著脖子的是圍巾。
園	yuán	noun — a garden, a park	囗=meaning:a wall around | 袁=sound:yuán — gives the sound, exact	一圈牆（囗）圍起來的地；袁（yuán）給聲音，一點沒變。說文裡種的是果樹；後來圈起來的綠地都是園：公園、花園、動物園。
圓	yuán	noun/adj — round	囗=form:the enclosing boundary | 員=sound:yuán — gives the sound	囗（囗）把邊界整個圈起來。員（yuán）給聲音，本身就是圓的——從上往下看一個圓口的鼎。框住的，正是圓的。圓圈一閉合，就有了圓滿。蓋出員的一系：損、隕、圓。
圖	tú	noun/verb — picture, map, diagram	囗=meaning:an enclosure — the bordered ground being mapped | 啚=sound:tú — gives the reading, and means a hard tract to lay out	邊框（囗）裡裝著啚，啚既給音 tú，又表「難整治的地」——倉廩壓在田上，是難規劃的土地。說文把整字解作「畫計難也」，謀劃一件難事。從在一塊有界的面上謀劃，引出圖畫、地圖，再引出背後的企圖、意圖。
團	tuán	noun/verb — a ball, a group	囗=meaning:an enclosing ring | 專=sound:zhuān — gives the sound	口字框（囗）圈成一圈；專（zhuān）給聲音，磨成了 tuán——專這一家聲母分了岔（轉、傳、團）。本義是圓、滾得緊緊的一團；滾成一體的人也叫團：團體、集團、團圓。
土	tǔ	noun — earth, soil	土=form:a mound of earth raised on the ground line	地平線上堆起的一堆土——最早的字形裡，就是土地壇上那一堆，村子求收成的地方；祭壇後來長成社。跟地有關的字都帶它：地、場、城、堆。
在	zài	verb — to exist, to be at	才=sound:cái — gives the sound | 土=meaning:earth	土（土）定住意思；才（cái）給聲音，c 跨到 z——才本身就是剛冒土的芽。冒出土，就是還在：存在；在哪裡：在家、在台北；正在做：在吃飯。
地	dì/de	noun — earth, ground	土=meaning:earth | 也=sound:yě — gives the sound	土（土）加也（yě）的聲音——腳下的大地，引申為土地、地方。同一個也散到他、池、施，一家人唸得各走各路。當副詞記號的「地」（慢慢地）是借字，唸輕聲 de。
圳	zhèn	noun — a field ditch, drainage channel (深圳)	土=meaning:earth — the ground the ditch is cut into | 川=meaning:a flowing channel, water running between banks	土（土）裡開出一條水道（川）——田間引水排水的溝。多留在地名裡，最大的是深圳：深深的田溝。
圾	jī	noun — (in 垃圾) garbage, refuse	土=meaning:earth, a heap of dirt | 及=sound:jí — gives the sound, worn toward jī	一堆土（土），堆放丟掉的東西。及（jí）給聲音，挪成了 jī。這字沒有古源，是後起的——專為配上垃，合成一個詞：垃圾。
址	zhǐ	noun — site, location, foundation (地址)	土=meaning:earth, ground — the base something stands on | 止=sound:zhǐ — gives the reading	土（土）配上止（zhǐ）的音：東西立足的那塊地。止本是一隻腳——腳停下的地方，正是房子落腳的地方，所以這聲旁也悄悄兼了義。由「立足之地」引出地址、廠址、遺址。較早的寫法是阯，用的是阜（土堆）而非平土。
均	jūn	adj/verb — even, equal, uniform	土=meaning:earth — the ground being leveled | 匀=sound:yún — gives the shape, worn to jūn	土（土）配匀（yún）：地耙得平平的，一整片都齊。說文說是「平徧也」——又平又遍。聲旁匀本就指「均勻散開」，所以它一邊帶音（yún 磨成 jūn）一邊靠義。由平整的地引出平均、均等，再引出老少均安——全都一樣，無一例外。
坊	fāng	noun — a block, ward	土=meaning:earth — a place marked on the ground | 方=sound:fāng — gives the sound	一塊地（土），方（fāng）給聲音——和放、房、訪、防同一個方。先是城裡的一坊（街坊），再是做活的地方（作坊），又是立著的牌坊。
坐	zuò	verb — to sit	人=meaning:a person — doubled, one on each side | 土=meaning:the bare earth	兩個人（人人）落在土（土）地上，寫的就是坐。坐進車船，就是搭乘：坐車、坐船。
坦	tǎn	adjective — level, flat	土=meaning:earth — the ground itself | 旦=sound:dàn — gives the sound	地（土），旦（dàn）給聲音，d 磨成 t。旦是太陽平貼在地平線上——一望平展：地是平坦，心也是坦白、坦然。
坪	píng	noun — flat open ground	土=meaning:the ground, earth | 平=sound:píng — gives the sound and the sense of level	平坦的地（土）——大地鋪平。平（píng）原音照給，還順帶帶來「平」的意思，評、苹底下也是它。從平地引申出量地板的單位：草坪、三十坪。
垂	chuí	verb — to hang down, to droop	垂=form:a plant heavy with drooping leaves, hung over the ground	一株被自己壓彎的植物，葉子垂到地上——整個字就是「下垂」的樣子。從垂下引申：低下（垂頭）、傳給後世（垂範）、逼近邊緣（垂危）。當聲符，領出一排字：錘、陲、捶。
垃	lā	noun — (in 垃圾) trash, rubbish	土=meaning:earth, a heap of dirt | 立=sound:lì — gives the sound, worn far toward lā	一堆土（土），堆放廢棄物。立（lì）給聲音，拖得老遠成了 lā。也沒有古源——後起的，專為立在圾旁，合成一詞：垃圾。
型	xíng	noun — a mold	土=meaning:earth, packed into a mold | 刑=sound:xíng — gives the sound	把泥土（土）按成固定的形狀——鑄器的模子。刑（xíng）在上頭，給聲音，分毫不差。從這「印出一個個一樣的」來了類型、型號、血型。
埃	āi	noun — dust, fine dirt	土=meaning:earth, soil | 矣=sound:yǐ — gives the sound	土（土）磨到最細——灰塵。矣（yǐ）給聲音，今音已離得很遠。腳下的細末：塵埃。這個音也借去寫外國名——埃及。
埋	mái	verb — to bury	土=meaning:earth heaped over | 里=sound:lǐ — gives the sound	土（土）蓋上去，里（lǐ）標聲音——只是讀音已經走得很遠，成了 mái。進了土的就看不見了：埋葬、埋藏、埋伏。
城	chéng	noun — city wall	土=meaning:earth — rammed | 成=sound:chéng — gives the sound, exact	土（土）一層一層夯實——城牆。成給聲音，一點沒走樣；說文還聽出意思：牆成，城才成。先是牆（城牆、長城），再是牆裡的一切：城市、進城。
域	yù	noun — region, territory, domain, field	土=meaning:earth — marked-off land | 或=sound:huò — gives the shape, worn to yù	或本是原字：一桿戈（戈）守著一塊有界的地——要防守的疆土。等或漂去當「或許」用，就加土（土）把「土地」這層意思留住：域，一塊劃出來的地區。同一個或，外頭再圍上囗，就成了國。由守住的地引出區域、範圍，再引出抽象的領域。
執	zhí	verb — to hold, grasp	幸=meaning:a wooden manacle (㚔) — worn into the shape of 幸 | 丸=meaning:a kneeling figure, arms held out (丮) — worn to 丸	木枷（㚔，磨成了幸的樣子）鎖住手腕，一個人跪著、雙手被架住（丮，磨成了丸）——抓住、押住。從這個不放的手勁來：執行、固執。
培	péi	verb — to bank up earth around	土=meaning:earth, soil | 咅=sound:pǒu — gives the sound	把土（土）堆到根上——培土。咅（pǒu）給聲音，陪、倍底下也是它，到這裡磨成 péi。從給根培土，引申到培養人：培養、栽培。
基	jī	noun — base, foundation	其=sound:qí — gives the sound | 土=meaning:earth	土（土）夯實，砌牆的第一層——牆從這裡起。其（qí）給聲音，q 磨成了 j。從牆腳到一切的底：基礎、基本、基地。
堂	táng	noun — a main hall, a raised room	土=meaning:the earth, the raised base | 尚=sound:shàng — gives the sound	蓋在高高的土（土）台上的屋子——正廳。尚（shàng）給聲音，常、賞底下也是它，到這裡磨成 táng；「高、尊崇」的意思也配那高築的台基。從這座廳：課堂、禮堂、廳堂。
堅	jiān	adjective — hard	臤=sound:qiān — a hand (又) gripping fast over 臣; lends sound and the sense of holding firm | 土=meaning:earth	一把攥緊（臤 qiān）按在土（土）上——說文：剛也，夯得硬實，按不動。先是硬土，再是一切撐得住的：堅固、堅持、堅強。
堆	duī	verb — to pile up, heap	土=meaning:earth — the mound itself | 隹=sound:zhuī — gives the sound; here only for the sound	土（土）堆起來，隹（zhuī）給聲音——磨到很遠的 duī，就像隹也念成推（tuī）、椎（chuí）。先是土丘，再是凡是疊起來的：土堆、堆積、一堆。它走隹這一排：推、椎、錐。
堡	bǎo	noun — fort, castle, stronghold (城堡)	土=meaning:earth — the rampart raised up | 保=sound:bǎo — gives the reading, and means to protect	土（土）堆成牆，底下是保（bǎo）的音——而保正是「保護」，這聲旁就一身二任。說文：「小城也」，一座小小的圍城。堆起一道土牆來護人，就是堡：城堡、碉堡、堡壘。保字單寫，是一個人（亻）護著孩子——堡用土築起來的，正是這份護。
堪	kān	verb — to be able to bear	土=meaning:earth, ground that rises and holds | 甚=sound:shèn — gives the sound	隆起又撐得住的地（土）——由能承重的地，引申出「受得住、擔得起」。甚（shèn）給聲音，勘、戡底下也是它，到這裡磨成 kān。從承得住：堪用、不堪。
堰	yàn	noun — a weir, a low dam across a stream	土=meaning:earth, the bank thrown up | 匽=sound:yǎn — gives the sound	土（土）堆在水流上把水攔住——堰。匽（yǎn）給聲音，調子升到 yàn。壩築得低低的、平平的，剛好把溪水蓄起來。
報	bào	verb/noun — to report, announce	幸=meaning:manacles (㚔) — the punishment frame, wearing 幸's modern shape | 卩=meaning:a figure kneeling | 又=meaning:a hand pressing down	刑具手銬（㚔，寫得像幸）、跪著的人（卩）、一隻往下按的手（又）——畫的是判罪。宣判生出宣告：報告、報紙；判下來要償的，就是報答、報仇。
場	chǎng/cháng	noun — open ground, a place	土=meaning:earth, leveled | 昜=sound:yáng — gives the sound	整平的土（土）——打穀曬穀的場子。昜（yáng）給的聲音早就散了（湯、陽、腸）。空地引申成各種場所（廣場、市場、操場）；唸 cháng 時拿來數發生的事——一場雨、一場夢。
堵	dǔ	verb — to block, stop up	土=meaning:earth, a wall of packed earth | 者=sound:zhě — gives the sound, worn from zh to d	土（土）夯起來，者（zhě）給聲音，由 zh 磨成 d。五版夯土算一堵牆——牆擋人，於是堵轉成「塞住、擋住」：堵車、堵塞。
塊	kuài	measure word — a piece, a lump	土=meaning:earth | 鬼=sound:guǐ — gives the sound	土（土）在旁，鬼（guǐ）給聲音，g 磨成 k——一團土。從土塊數到所有成塊的東西：一塊蛋糕、一塊錢。
塌	tā	verb — to collapse, cave in	土=meaning:earth, the ground | 沓=sound:tà — gives the sound	土（土）撐不住，垮下來——塌。沓（tà）給聲音，疊起來的層層落平成 tā。牆、屋頂、河堤：撐著的鬆了手，陷下去：倒塌、塌陷.
塑	sù	verb — to mold, shape (in clay)	土=meaning:earth, clay | 朔=sound:shuò — gives the sound	泥土（土）捏成形狀——塑。朔（shuò）給聲音，磨成 sù。手把濕土壓成人像；後來同一個字也叫那種壓什麼成什麼的軟料：塑像、塑膠.
塔	tǎ	noun — a tower, pagoda	土=meaning:earth piled into a mound, the base it rises from | 荅=sound:dá — gives the sound	土（土）一層層堆高；荅（dá）給聲音，d 磨成 t。本為譯佛塔（stupa）造，後指一切高聳疊起的建築：寶塔、燈塔、鐵塔。
塗	tú	verb — to smear, daub, apply (paint, mud)	土=meaning:earth, mud | 涂=sound:tú — gives the sound	泥（土）抹在表面上——塗。涂（tú）給聲音，那條泥濘的路抹開來。先抹泥，再抹漆，再抹墨——凡是糊在表面的都是塗：塗抹、塗料、塗鴉.
塞	sāi/sè/sài	verb (sāi/sè) — to stuff, block, stop up	土=meaning:earth | 𡨄=sound:sè — gives the sound	底下的土（土）管意思——把縫塞滿、堵起來。上面那塊（與「寒」裡的同一塊）帶聲音。由「塞住洞」：塞、堵（sāi）——塞住、堵塞；讀 sè 就轉文言——阻塞、閉塞；再到堵死的邊關（sài）——邊塞、要塞。
填	tián	verb — to fill in, stuff full	土=meaning:earth, fill dirt | 真=sound:zhēn — gives the sound	土（土）倒進坑裡，倒到實——填。真（zhēn）給聲音，磨成 tián。先用土填坑，後來填空、填表都是同一個動作：填滿、填補、填寫.
塵	chén	noun — dust	鹿=sound:lù — gives the sound | 土=meaning:the earth it kicks up	鹿（鹿）在地上（土）跑——揚起來的灰。古文字有兩個說法：一群鹿在土上揚起一片塵（最早的字是三頭鹿壓著土），或是鹿給聲音，磨到變成 chén。無論哪一說，字義都是那懸在空中的細土：灰塵、塵土。由浮塵引申到人人沾染的俗世：紅塵、塵世.
境	jìng	noun — border	土=meaning:earth — the ground marked off | 竟=sound:jìng — gives the sound, exact	土（土）管地；竟（jìng）給聲音，一點沒變——竟本來是樂曲奏完，「到頭」的意思也跟著滲進來：地走到頭就是邊境。界線裡是境內，繞著你的是環境，心裡的是心境。
墅	shù	noun — a villa, country house	土=meaning:earth, the ground built on | 野=sound:yě — gives the sound	在郊野（野）的地（土）上蓋的大宅——墅。野（yě）給聲音，磨遠成 shù；也畫出地方，遠離城牆的田野：別墅、山墅.
墊	diàn	verb/noun — to pad, prop under	土=meaning:earth — something packed underneath | 執=sound:zhí — gives the sound	在下面填一層（土）墊高、墊穩；執（zhí）給聲音，已經磨成 diàn。塞在底下補空的就是墊：墊子、墊腳、墊付。
墓	mù	noun — grave, tomb	土=meaning:earth, the buried ground | 莫=sound:mò — gives the sound, the tone worn to m	土（土）在下，莫（mò）在上——日落草中，一天到頭。莫給聲音，調子磨成 mù，也借來那層暮色：人埋進土裡，天也暗了。墳墓、墓地、墓碑。
增	zēng	verb — to increase, add	土=meaning:earth | 曾=sound:zēng — gives the sound exactly	土（土）一層一層往上加——越堆越高。曾（zēng）給聲音，一點沒變；它自己的字形就是一層層的蒸籠。從堆高的土：增加、增長、增高。
墟	xū	noun — ruins, an abandoned site	土=meaning:earth, the bared ground | 虛=sound:xū — gives the sound exactly	土（土）配虛（xū，空）給聲，分毫不差，那層「空」也透了過來：空掉的地，就是一處剩下的廢墟。廢墟、丘墟。
墨	mò	noun — ink	黑=sound:hēi — gives the sound and the colour | 土=meaning:earth — soot ground and bound into a solid cake	黑（黑）既給黑色又給聲音，和土（土）和成一塊硬餅。黑讀 hēi，磨遠成 mò。在硯上磨開就是墨：墨水、墨汁、筆墨。
墮	duò	verb — to fall, drop	土=meaning:earth, the ground you land on | 隋=sound:suí — gives the sound, worn from s to d	土（土）在下，隋（suí）給聲音，由 s 磨成 d。撐不住的就往土上掉——墮就是落下，從身子落到心志落：墮落、墮地。
墳	fén	noun — grave, burial mound	土=meaning:earth heaped into a mound | 賁=sound:bēn — gives the sound, worn across the {b,p,f} line to fén	土（土）堆起來，賁（bēn）給聲音，跨過 {b,p,f} 那道線磨成 fén。墳就是埋人後堆起的土包：墳墓、墳頭、墳地。
壁	bì	noun — wall	土=meaning:earth — what the wall is rammed from | 辟=sound:bì — gives the sound	下面是土（土），上面辟（辟）給聲音——夯土的牆。辟有「隔開」的意思，牆做的正是這件事：把屋裡和外面切開。同一個辟蓋出璧、避、劈。
壇	tán	noun — a raised altar	土=meaning:earth raised into a platform | 亶=sound:dǎn — gives the sound	土（土）堆成平整的高臺；亶（dǎn）給聲音，d 磨成 t。先是祭祀的臺，後是講話的臺、整個領域：祭壇、講壇、文壇、論壇。
壓	yā	verb — to press down, weigh on	土=meaning:earth, weight pressing down | 厭=sound:yàn — gives the sound	土（土）的重量壓下去——壓。厭（yàn）給聲音，磨成 yā；厭本是吃到飽脹，重壓也是那股往下的勁。由石頭壓物到力量壓人：壓力、壓迫、壓抑.
壞	huài	adj/verb — bad, broken, spoiled	土=meaning:earth — a wall or mound giving way | 褱=sound:huài — gives the reading	土（土）配褱（huài）的音。說文：「敗也」——土牆塌壞。聲旁褱，正是藏在懷（揣在胸前）裡頭的那個核，可單拎出來你認不得：是一件衣（衣）裹著中間一團。由壞掉的土引出壞了、壞蛋，再引出破壞、損壞。
壟	lǒng	noun/verb — a raised field-ridge	土=meaning:earth — the ridge or mound | 龍=sound:lóng — gives the sound	一道長長的土埂（土），龍（lóng）給聲音，調子壓成 lǒng。龍本身又長又有脊——田間隆起的埂、墳堆，也是壟斷裡那一手把市場圈住：田壟、壟溝、壟斷。
壤	rǎng	noun — soil, earth	土=meaning:earth — the soil itself | 襄=sound:xiāng — gives the sound	土（土），襄（xiāng）給聲音。說文的本義是鬆軟、翻過的土——捏得碎的那種：土壤、沃壤、霄壤。同一個襄也在嚷、讓裡。
士	shì	noun — scholar, gentleman	一=meaning:one — the start of counting | 十=meaning:ten — the whole of it	底下一橫是一（一），上頭是十（十）：說文解作能把十樣東西收攏歸一的人——「推十合一為士」——從頭通到尾的本事。這樣的人就是士：先是讀書人、紳士（士人、紳士），再是武士、騎士，到現代詞裡指有專業的人（護士、博士）。
壯	zhuàng	adjective — strong, robust, magnificent	士=meaning:a man, a warrior — strength | 爿=sound:pán — gives the sound (the left-half plank, 牀's bed-board)	一個成年男子、武士（士），正當盛壯——強壯。爿給聲音，從 pán 移到 zhuàng。從壯漢的氣力引申：壯大、壯觀、壯年。
壺	hú	noun — a pot, kettle, jug (with a lid)	壺=form:a round-bellied vessel with a lid on top — drawn whole	整個字就是一幅畫：上面一道蓋，下面鼓出來的肚子，底下一個座。盛水的圓壺——茶壺、水壺、酒壺。中間那橫是蓋，其餘是裝東西的身子.
壽	shòu	noun — long life, longevity	老=meaning:old age — abbreviated, the long-life element on top | 𠷎=sound:the lower stack carries the sound; worn from the old phonetic	上面是「老」的省寫——老的部件，代表長壽。底下那段彎彎繞繞的本來有清楚的聲符，後來磨得難認了。由「長命」：壽命、長壽，到一個人活到的歲數——高壽、壽星，再到為它慶賀的生日——祝壽、壽辰。
夏	xià	noun — summer	頁=meaning:a head — a person seen whole | 夊=meaning:a foot dragging — the legs below | 臼=meaning:two hands — the arms, worn into the middle strokes	古字是一個站著的全身人：上頭一個頭（頁），中間兩隻手（臼）抓著，底下兩隻腳（夊）——畫得堂堂正正。它先指中國人自己，「中國之人」——盛大的華夏。夏天、夏日這層是後來借走並坐穩的。到了方塊字裡，兩隻手壓扁成中間幾筆，只剩頭和那條拖著的腳還認得出。
夕	xī	noun — evening, dusk	夕=form:a crescent moon, half shown	一彎月，只露出一半——天剛黑、月初現的時辰。和月同形，少了一筆：月才剛上來。就這一刻，凡傍晚的字都從它來：夕陽、除夕、朝夕。
外	wài	noun/adj — outside	夕=meaning:evening | 卜=meaning:a divination crack	傍晚（夕）旁邊一道卜卦的裂紋（卜）——卜該在早上，挪到晚上，就在正時之外。從規矩之外：外面、國外、另外。
多	duō	adjective — many, much	夕=meaning:one 夕 | 夕=meaning:one more — the piling starts	夕上面再一個夕。古文字有兩個說法：一夜又一夜疊上去，或是祭桌上一片又一片的肉——反正就是一個再一個：多少、很多。
夜	yè	noun — night, nighttime (夜晚)	夕=meaning:the evening moon — half a moon, dusk | 亦=sound:yì — worn into the strokes around 夕	筆畫裡夾著一個夕，傍晚的月——這是時間的記號。其餘是亦（yì），磨損拆開了，整個拎不出來：說文說夜是「亦省聲」，把月的記號嵌進一個削過的亦。夕只是黃昏，夜則是整夜——夜晚、半夜、過夜。
夠	gòu	adv/verb — enough	多=meaning:much — two stacked 夕 | 句=sound:gōu — gives the sound	多（多）加上句（gōu）的聲音，聲調往下一沉——有那麼多了：夠。同一個句，在句子裡唸 jù。
夢	mèng	noun/verb — a dream	夕=meaning:evening — the time of sleep | 瞢=sound:méng — gives the sound, dimmed eyes under a cover	夕定下時辰——夜裡，睡著。字頂是瞢（méng）省去一截，蓋下來的眼（目）矇矇的：看不見屋子的眼。合起來，閉眼在夜裡看見的——做夢、夢見。
夥	huǒ	noun — a group, band	多=meaning:many — worn into the 夕 on the left | 果=sound:guǒ — gives the sound	左邊是「多」磨成一個夕——一堆東西。果（guǒ）給聲音，方言裡滑成 huǒ。許多、一大批；由多引申到一起做事的一群人：一夥人、夥伴.
大	dà	adjective — big, great	大=form:a person standing, arms and legs spread wide	一個人站開，手腳張到最開——就這麼大。從張開的雙手：大小、大人、偉大。
天	tiān	noun — sky	一=meaning:the stroke above — the crown of the head | 大=meaning:a person, arms spread	一個人張開手腳（大），頭頂上一橫（一）——本來畫的是圓圓的頭頂。先是頭頂，再是頭頂上面的一切：天空、天氣，還有頭頂下一天一天過的日子：今天、明天。
太	tài	adverb — too, overly	大=meaning:big — a person, arms spread | 丶=form:the added mark — past big	大（大）再加一點——比大還大：太。從頂點下來，就是天天說的超過：太貴、太忙。大到頂的也還在：太陽、太太。
夫	fū	noun — an adult man	大=meaning:a person standing, arms and legs spread — a grown adult | 一=form:the hairpin laid across the top — the mark of a man come of age	一個站著的大人（大），頭頂橫過一道（一）——別住成年男子髮髻的簪，是成年的記號。於是：成年男子、丈夫。夫又把聲音借給扶、芙。
央	yāng	noun — the center, middle	大=meaning:a person, arms spread | 冂=form:the piece across — a frame, or the carrying pole	一個人（大），身上橫著一樣東西。古文字有兩個說法：人站在框（冂）的正當中，或是人挑著扁擔，兩頭的擔子一樣重。不管哪一個，人都在正中間——中央。
失	shī	verb — to lose	手=meaning:a hand — worn into the present shape | 丿=form:the last stroke — the thing leaving the hand	一隻手（手），最後一筆甩了出去——東西脫手。那一筆有兩個說法：滑掉的東西，或是（說文）表音的乙。
夸	kuā	verb — to boast, exaggerate	大=meaning:big — a person stretched wide | 亏=sound:yú — gives the sound	人張到最大（大）——把話說大。亏（古「于」）給聲音。把事情講得比實際大，吹脹它——再引申到過分地稱讚：誇大、誇張。加上言就是常用的誇.
夾	jiá	verb — to clamp, press between	大=meaning:a big person, arms out | 人=meaning:two small figures, one under each arm	一個大人（大），兩個小人（人人）一邊一個夾在腋下——緊緊夾在中間。夾住、把東西壓在兩面之間，再到夾東西的工具：夾子、夾住、文件夾.
奇	qí/jī	adjective — strange, rare	大=meaning:a big standing figure — out of the ordinary | 可=sound:kě — gives the shape, worn across to qí/jī	上頭一個大（大）的身形，底下是可（kě）的音，磨到 qí。說文解作「異也」——不同於常。由「異」引出奇怪、奇妙、奇特。第二個音 jī 走「不成對」這條線：「一曰不耦」——配不成雙的——落到單數上，奇數。
奈	nài	verb — to do something about, cope with (mostly in 無奈, 奈何)	大=meaning:a figure (大) before an altar (示)	一個人（大）站在祭壇（示）前——走投無路時去問怎麼辦。這個字被借來表「拿它怎麼辦」，幾乎只活在無奈（沒辦法）、奈何（怎麼辦）裡：沒有辦法的那個字.
奉	fèng	verb — to offer with both hands	廾=meaning:two hands raised together | 丰=sound:fēng — gives the sound, only the tone shifting	兩隻手一起捧起（廾），丰（fēng，豐茂）在上給聲音，只變了調。雙手獻上豐厚的東西——就是奉，於是引到伺候、領受：奉獻、奉命。
奏	zòu	verb — to play (music)	廾=meaning:two hands, raised together | 夲=meaning:a thing held out, pushed forward	兩隻手（廾）捧著東西往前送——進獻、呈給上面的人。由把奏章呈到君前（奏報）引申到把樂曲呈到耳前：演奏、伴奏。所獻的與所奏的，都是這捧上去的動作.
契	qì	noun/verb — a contract, deed	丯=sound:the notch-marks scored as the sound piece | 刀=meaning:a knife — what scores the marks	用刀（刀）在符券上刻下道道；上方那一道道刻痕（丯）給聲音。把券一剖為二，兩半相合就是憑證——契約、契據；合得上的兩半也是兩心相投：默契、契合。
奔	bēn	verb — to run fast, rush	大=meaning:a person striding, arms and legs flung wide | 卉=sound:the worn sound piece	上面一個張開手腳的人（大），下面那一截聲符磨成了卉——最古的字形是三隻腳同時蹬地。本義是拼命跑，引申為奔波、奔逃：奔跑、奔波、私奔。
套	tào	noun/verb/measure-word — a cover, sheath	大=meaning:big — spread wide to go over | 長=meaning:long — drawn out, the full length	大（大）罩著長（長）：把東西張得又大又長，整根套住另一樣東西——罩子、套子（手套、封套）。整個套上去的，就成了一組（一套、套裝、成套），當量詞用，一套就數這一組。同樣「一個套住一個」，引出套話、圈套——成套的客套話，張開來扣住你的陷阱。
奠	diàn	verb — to set down an offering	酋=meaning:a wine jar — the offering | 丌=meaning:a stand, a table — the base it rests on	一罈酒（酋）放在祭台（丌）上——擺在死者前的祭品，穩穩擱定。由放下酒杯引申到固定、確立：祭奠、奠酒、奠基、奠定。
奢	shē	adjective — extravagant, luxurious	大=meaning:big, oversized | 者=sound:zhě — gives the sound	大在上頭——多得過了頭。者（zhě）給聲音，聲母滑成了 sh。超過需要的大，就是奢：奢侈、奢華。
奧	ào	adjective — deep, profound, hard to fathom	宀=meaning:a roof, the house | 𢍏=sound:ào — gives the sound	屋頂（宀）底下是西南角，老房子裡最深的地方——光照不太到的內室。𢍏給聲音 ào。由幽深的內角轉成抽象：深、隱、難測：深奧、奧秘、奧妙.
奪	duó	verb — to seize, snatch	大=form:the worn top — once a hand 又 over the bird | 隹=meaning:a short-tailed bird | 寸=meaning:a hand reaching	一隻手（寸）抓住鳥（隹）——鳥一掙就飛了。從那隻差點抓住的鳥，長出奪的意思：搶過來、奪走、用力拿：奪取、剝奪。
奮	fèn	verb — to rouse oneself, exert with all one's strength	奞=meaning:a bird beating its spread wings — worn into the top, 大 over 隹 | 田=meaning:a field, the open ground it bursts up from	一隻展開翅膀的鳥（奞）從田（田）上猛地衝起——整個身子撲上去。奞如今磨在上頭，是大壓著隹（鳥）。由鳥的奮力起飛到一切全力以赴：鼓起勁、拚搏、投入：奮鬥、奮發、振奮.
女	nǚ	noun — woman, female	女=form:a kneeling figure, hands crossed in the lap	一個人跪坐，雙手交疊在身前——甲骨文畫的女子。站在字的左邊，帶出一整排字：媽、妹、姐、好。
奴	nú	noun — slave, bondservant	女=meaning:a woman | 又=meaning:a hand seizing	一隻手（又）按在女子（女）身上——被擄來幹活的人。這個字本指家奴，凡是被人役使的都是奴：奴隸、奴僕。
奶	nǎi	noun — milk	女=meaning:a woman | 乃=sound:nǎi — gives the sound	女（女）配乃（nǎi）的聲音，一點沒變。餵奶的奶——先是奶水，再分給牛奶，疊起來就是奶奶。
她	tā	pron — she, her	女=meaning:a woman | 也=sound:copied whole from 他 — carries 他's tā, not 也's yě	把他的人（亻）換成女（女）——她。這個字很年輕：一九一〇年代造的，翻譯需要一個寫得出來的「she」，他本來是大家共用的。
好	hǎo/hào	adjective — good	女=meaning:a woman | 子=meaning:a child	女（女）抱著子（子）——好。看著好的都從這裡走出來：好看、好吃、你好。讀 hào，是心偏過去的好——愛好、好奇。
如	rú	verb — to be like	女=meaning:a woman | 口=meaning:a mouth — orders spoken	女（女）加口（口）——說文解作聽命隨行：依從（從隨也）。從跟著走，到跟⋯⋯一樣（如同、例如），再到順著像想下去的如果（如果、假如）。
妄	wàng	adjective — absurd, reckless, presumptuous	亡=sound:wáng — gives the sound | 女=meaning:a woman	亡（wáng）在上頭給聲音，調子落到第四聲。底下是女。本義是亂——從亂裡長出沒根據、不守分的意思：妄想、狂妄。
妒	dù	verb — to be jealous, to envy	女=meaning:a woman | 戶=sound:hù — gives the sound	女站在門（戶）旁，門給聲音——hù 磨成了 dù。這個字指嫉妒，看別人好就放不下的那股勁：妒忌、嫉妒。
妙	miào	adjective — wonderful, subtle, ingenious	女=meaning:a woman | 少=sound:shǎo — gives the sound	女在左，少在右給聲音，從 shǎo 一路磨到 miào。這個字指精巧美好，那種細到說不清的好：美妙、巧妙。
妝	zhuāng	verb — to make up, adorn	女=meaning:a woman, the one adorning | 爿=sound:zhuàng — gives the sound	女子（女）打扮自己——妝。聲音有兩個說法：爿（zhuàng，左邊那塊劈開的木片，壯、牀底下的聲符），磨平成 zhuāng；或是裝省，把「裝」寫短，只取左邊。無論哪一說，都指向塗抹梳理一張臉，再到打扮出來的樣子：化妝、妝扮、梳妝.
妥	tuǒ	adjective — settled, proper, secure	爪=meaning:a hand reaching down from above | 女=meaning:a woman, seated below — calmed, settled	一隻手（爪）從上面按住一個坐著的女子（女）——把她安頓好。由穩穩放好引申：合適、妥當、安穩。妥的東西都擺定了，不會出岔：妥當、妥善、妥協.
妨	fáng	verb — to hinder, obstruct, get in the way of	女=meaning:a woman, here the worn meaning-side | 方=sound:fāng — gives the sound	方（fāng）給聲音，落成 fáng；表意的一邊是女。意思是擋著、礙著別人的事——以阻擋為害：妨礙、妨害。在「不妨」裡放鬆成「無妨，不如就……」.
妳	nǐ	pron — you, said to a woman	女=meaning:woman (女)	把女（女）寫進你裡：對她說的你。這個分家很晚——上個世紀，寫文章的人要把他她你妳分開；尔還帶著爾的古 n-。
妹	mèi	noun — younger sister	女=meaning:a woman | 未=sound:wèi — gives the sound	家裡較小的女孩（女）。未給聲音——妹留住了未自己磨掉的古 m-；未家分兩條路：味 wèi、魅 mèi。
妻	qī	noun — wife	女=meaning:a woman, at the foot | 屮=form:a hand gathering hair above her	底下是女，上頭一隻手把頭髮挽起——出嫁婦人束髮的樣子。整個字指妻子：妻子、夫妻。
姆	mǔ	noun — a nurse, governess	女=meaning:a woman | 母=sound:mǔ — gives the sound	女子（女）旁邊一個母——替別人帶孩子的女人，褓姆、女師。右邊有兩個說法：母（mǔ），畫出兩點乳房的母親，一身兼聲與義；或是每（měi），母上加一筆，純當聲符（每/悔/海/敏一系）。那兩點是哺乳的乳房。台灣話裡又暖成阿姆：保姆、奶姆.
姊	jiě/zǐ	noun — elder sister	女=meaning:a woman | 𠂔=sound:zǐ — gives the sound	女（女）配𠂔（zǐ）的聲音——姊姊的姊。口語把音走成了 jiě；姊妹還留著老音 zǐ。同一個詞後來又寫成姐，聲音的位子換成且。
始	shǐ	verb/noun — to begin	女=meaning:a woman | 台=sound:yí — gives the sound	女（女）加台的聲音——說文說是「女之初也」：生命起頭的地方。同一個台，在「胎」裡唸 tāi。從最初的那一刻：開始、始終、原始。
姐	jiě	noun — elder sister	女=meaning:a woman | 且=sound:qiě — gives the sound	女（女）配且（qiě）的聲音，q 變成 j。說文記的是蜀地叫母親的話；這個稱呼往下滑了一輩，落在姐姐身上，再放寬到年輕女生：姐姐、小姐。
姑	gū	noun — father's sister, aunt	女=meaning:a woman — the female relative | 古=sound:gǔ — gives the shape, worn to gū	女（女）配古（gǔ）的音，挪成 gū。說文定下親屬：曾指「夫母」，也指父親的姊妹——一家裡輩分長的女性，是「老」字（古）暗暗合得上的。由此有姑姑、姑娘，還有副詞姑且——暫且、且先。
姓	xìng	noun — surname, family name	女=meaning:a woman — the mother line | 生=sound:shēng — gives the sound, and the birth itself	女（女）所生（生）——一出生就跟著的名字，順著母系傳。最古老的姓自己就帶女字旁：姜、姬。生也給聲音，磨成了 xìng。
委	wěi	verb — to entrust	禾=meaning:a grain stalk, head heavy | 女=meaning:a woman	稻穗（禾）被自己壓彎了，下面是女——說文：委隨也。彎下來，就把重量交出去：委託、委任；受託的人，是委員；話說得彎彎的，是委婉。
姨	yí	noun — mother's sister, aunt (阿姨)	女=meaning:a woman — the female relative | 夷=sound:yí — gives the reading	女（女）配夷（yí）的音，原樣帶過。這是母親那邊的姨——阿姨、姨媽，再引申到妻子的姊妹，姨子。夷單寫是一個人縛著弓（大＋弓）——平、安、遠方之人；這裡只租它的音。口語裡阿姨也擴大到客氣稱呼任何年長的女性。
姻	yīn	noun — marriage, a marriage tie (chiefly the wife's side, in	女=meaning:a woman, marrying | 因=sound:yīn — gives the sound	因（yīn）在這裡一身二職：既給聲音，也給意思。因是人躺在蓆上——所依靠的、根據；而婚姻正是女子（女）所依的那層關係，兩家之間的牽繫：婚姻、姻緣、姻親.
姿	zī	noun — bearing, posture, pose	次=sound:cì — order, sequence; gives the sound | 女=meaning:a woman — figure, carriage	次（cì）壓在女（女）上——說文解作「態」，儀態。身子擺出來、撐起來的樣子：姿勢、姿態、姿色、雄姿。次給聲音，從 cì 移到 zī。
威	wēi	noun — power that commands awe, authority	戌=meaning:a broad-bladed war-axe | 女=meaning:a woman	一把大斧（戌）立在女子（女）之上——以武力壓出來的敬畏與服從。由這股令人懾服的力量：威嚴、威望，到施加給人逼其屈服的力——威脅、示威。
娃	wá	noun — a baby, child	女=meaning:a small female figure, a little one | 圭=sound:guī — gives the sound	一個小女孩（女）——娃。圭（guī，兩塊玉圭疊起）給聲音，磨到變成 wá。由小孩到打扮起來的小人——洋娃娃：娃娃、洋娃娃、小娃.
娘	niáng	noun — mother, ma	女=meaning:a woman | 良=sound:liáng — gives the sound, slid to niáng	左邊女（女）定意思。良（liáng）給聲音，滑過 l/n 的界線成了 niáng。它蓋出良的一系——朗、廊、浪——在這裡指家裡的女人：娘、姑娘、娘家。
娛	yú	verb — to amuse, entertain, give delight	女=meaning:a woman, the worn meaning-side — ease and play | 吳=sound:wú — gives the sound	吳（wú）給聲音，轉成 yú；表意的一邊是女，取其安逸玩樂之意。意思是使人快樂、消遣——愉快地打發時間：娛樂、自娛、文娛.
娶	qǔ	verb — to marry (a woman), take a wife	取=sound:qǔ — gives the sound, and the sense too | 女=meaning:a woman	取是「拿」——一隻手抓住——又定了聲音。底下立著女（女）：娶妻。整字就是「取婦」。由此：娶妻、迎娶，配對的詞「嫁娶」——女子嫁出去（嫁），男子娶進來（娶）。
婆	pó	noun — old woman	女=meaning:a woman | 波=sound:bō — carries the reading	女（女）配上波（bō）的聲音，b 鬆成了 p。聲音落在上了年紀的女人身上：老婦人，再到外婆、老婆。
婚	hūn	noun/verb — marriage	女=meaning:a woman | 昏=sound:hūn — gives the sound, and the dusk hour	女（女）配昏（hūn）。昏一身二用：給聲音，也給意思——黃昏，正是古禮迎親的時辰。從黃昏成親而來：結婚、婚姻。
婦	fù	noun — a married woman, a wife	女=meaning:a woman, kneeling — the one named | 帚=meaning:a broom held in the hand — the sweeping of the house	女（女）加帚（帚）：手執掃帚清理屋子，標出持家的婦人。兩個意思並排站，中間沒有聲音。帚單獨是掃帚，在這裡做事。
媒	méi	noun — go-between, matchmaker	女=meaning:a woman | 某=sound:mǒu — gives the sound	女旁邊一個某，某給聲音——mǒu 變成 méi，聲母 m 留著。這個字指媒人，再引申為居中牽線的東西：媒人、媒介。
媳	xí	noun — a daughter-in-law	女=meaning:a woman, the one married in | 息=sound:xí — gives the sound	女子（女）配上息——而息一身二用：給聲音 xí，也帶意思，因為息又指子嗣、兒子。兒子娶進門的那個女人，就是媳：媳婦、婆媳、弟媳.
媽	mā	noun — mom, mother	女=meaning:a woman | 馬=sound:mǎ — gives the sound	女（女）配馬（mǎ）的聲音，調子提成 mā——孩子最先會喊的那個字。同一個馬，也把聲音借給嗎。
嫁	jià	verb — (of a woman) to marry, marry into a household	女=meaning:a woman, the one who marries out | 家=sound:jiā — gives the sound	女子（女）配上家——而家一身二職：給聲音 jiā（落成 jià），也畫出她嫁進去的那個「家」。出嫁、過門、離開娘家進另一家：出嫁、嫁人、改嫁.
嫂	sǎo	noun — elder brother's wife, sister-in-law	女=meaning:a woman | 叟=sound:sǒu — gives the sound	女旁邊一個叟——家裡的長輩。叟給聲音，sǒu 變成 sǎo，聲母 s 留著。這個字指哥哥的妻子：大嫂、嫂子。
嫉	jí	verb — to envy, to be jealous of	女=meaning:a woman | 疾=sound:jí — gives the sound	女旁邊一個疾——病，而且是來得快的病。疾把聲音原樣帶過來。這個字指嫉妒，看別人好就發作的那股心病：嫉妒、嫉恨。
嫌	xián	verb — to dislike, mind, find fault with	女=meaning:a woman, the worn meaning-side — wavering, second thoughts | 兼=sound:jiān — gives the sound	兼（jiān）給聲音，跨進 x 成 xián；表意一邊是女，取猶疑、二心之意。意思是介意、看不上、心裡記著一筆——再到嫌疑：嫌棄、嫌疑、討人嫌.
嬰	yīng	noun — an infant, newborn baby	賏=sound:yīng — gives the sound | 女=meaning:a small one, a child held close	本義是掛在頸上的一串貝——賏（yīng，兩個貝），給了聲音也給了畫面。借來指抱在身上、像掛在胸前一樣的新生兒：嬰兒、女嬰。賏壓在上頭，底下的女是那小小的人.
子	zǐ	noun — child, son	子=form:a baby — oversized head, arms spread, legs swaddled into a single line	一個嬰兒：頭特別大，兩隻手張開，腿包在襁褓裡併成一筆。先是孩子、兒子；種子是植物的孩子；說輕了就成了名詞的小尾巴：桌子、椅子、本子。
孔	kǒng	noun — a hole, opening, aperture	子=meaning:a child, an infant | 乙=meaning:the swallow / a curved flow — the way through	一個孩子（子）配上乙，那道彎筆讀作燕子或一條通道——字義是開口、貫通的孔。古訓是「通」：光、氣、乳能穿過去的洞。凡是孔眼：毛孔、孔洞、鼻孔.
孕	yùn	verb — to be pregnant, carry a child	乃=form:the curve of a swollen belly, the body wrapping round | 子=meaning:a child, held inside	一個孩子（子）裹在肚子的弧線（乃）裡頭——把小生命包在身體中。懷胎、有身孕，再引申到孕育、化生：懷孕、孕婦、孕育.
字	zì	noun — a character	宀=meaning:a roof | 子=sound:zǐ — gives the sound	屋頂（宀）下一個孩子（子）——生養；子也給聲音。獨體的圖叫文，從文生出來的複合字叫字——後來所有寫下的字都叫它。
存	cún	verb — to exist	才=sound:cái — gives the sound | 子=meaning:a child	孩子（子）旁邊是才（cái）的聲音——一棵剛冒土的芽；韻母轉成 cún。本義是存問，去看望、問候一聲。去看的，是還在的：存在的存，保存、存錢的存。
孝	xiào	noun/verb — filial duty	耂=meaning:an old person, bent over a staff — 老 worn down to its top | 子=meaning:a child, holding the elder up from below	一個老人（耂，老磨剩上半），彎著身子，下面一個孩子（子）撐住——小的扛起老的。這就是奉養父母、該盡的那分情：孝順、孝敬、盡孝.
季	jì	noun — season	禾=meaning:grain, a stalk of millet | 子=meaning:a child — here the young, the small	禾（禾）在上，子（子）在下：嫩小的穀子，最小的。從「最小」引出排行最小的，又引出穀子成熟要走的三個月——季節：季節、春季。
孤	gū	adjective — orphaned, alone, solitary	子=meaning:a child | 瓜=sound:guā — gives the sound	子旁邊一個瓜——孩子，配上藤上孤零零掛著的那顆瓜。瓜給聲音，guā 磨成 gū，聲母 g 留著。這個字指孤兒，引申為一切孤零零的：孤兒、孤單。
孩	hái	noun — child	子=meaning:a child | 亥=sound:hài — gives the sound	孩子的子（子），亥（hài）給聲音，差一個調。本義是嬰兒咯咯的笑聲；笑著笑著，字就歸了笑的人：孩子、小孩。
孫	sūn	noun — grandchild	子=meaning:a child | 系=meaning:a thread that ties on, continues — also carries the sound	子（子）由一條線（系）接下去——兒子的兒子，血脈續上了。系一身二用：是接續的線，也給聲音。從孫子而來，再到一切後代：子孫。
學	xué	verb — to learn	𦥑=meaning:two hands, reaching down | 爻=meaning:crossed counting-sticks | 冖=meaning:a roof | 子=meaning:a child beneath	上面兩隻手（𦥑）把交叉的算籌（爻）遞下來，穿過屋頂（冖），交給底下的孩子（子）——學，是上一雙手交給下一雙手。做這件事的地方和學問跟著來：學校、學生、數學。
它	tā	pronoun — it	它=form:a coiled snake — broad head, body curling away	一條蛇——上面是寬寬的頭，下面身子彎走；它就是蛇的本字，後來加虫另寫成蛇。說文記下草居時代的問候：「無它乎？」——沒有蛇吧？後來借去當代名詞：東西的它。
宅	zhái	noun — a residence, a house, a dwelling	宀=meaning:a roof — a dwelling | 乇=sound:tuō — gives the sound	一個屋頂（宀）下面安身的地方——住宅。乇給聲音，從 tuō 一路磨到 zhái。從房子本身引申：住宅、宅院、宅邸。
宇	yǔ	noun — eaves, dwelling	宀=meaning:a roof | 于=sound:yú — gives the sound	屋頂（宀）底下一個于，于給聲音——yú 調子升成第三聲。從屋簷起步，這個字撐開到整個空間：屋宇、宇宙。
守	shǒu	verb — to guard, defend	宀=meaning:a roof — the official's hall | 寸=meaning:a hand, the measure of law	屋頂（宀）底下一隻手（寸）——衙署裡守著職分。從守著一份職守，長出守的意思：看守、保護、遵守：守護、守法。
安	ān	adjective — peaceful, settled	宀=meaning:a roof | 女=meaning:a woman, seated	屋頂（宀）下坐著一個女子（女），寫的就是安穩。人安穩：平安、安心；東西放安穩：安排、安裝；穩到不必怕：安全。
宋	sòng	noun — the Song dynasty	宀=meaning:a roof | 木=meaning:wood, a tree	屋頂（宀）下有木（木）——蓋好的住處，遮著的木料。說文說它是居所。後來借去當國名、朝代名和姓氏。
完	wán	verb/adj — to finish	宀=meaning:a roof | 元=sound:yuán — gives the sound	屋頂（宀）合上，房子一處不缺——本義是完整。元（yuán）給聲音，磨圓成 wán。從完整走到收尾：完成、做完、用完。
宏	hóng	adjective — grand, vast, on a great scale	宀=meaning:a roof, the house | 厷=sound:gōng — gives the sound	屋頂（宀）底下，廳堂深遠、聲音迴盪——又深又廣的大屋。厷（gōng，彎起的上臂）給聲音，放寬成 hóng。由屋之深引申到一切宏大的格局：宏大、宏偉、宏觀.
宗	zōng	noun — ancestral temple	宀=meaning:a roof, the temple hall | 示=meaning:an altar of the spirits	屋頂（宀）底下一座神主（示）——供奉祖先的廟堂。從祖廟引出同宗的族人，再從同一脈引出流派：祖宗、宗派。
官	guān	noun — official, officer	宀=meaning:a roof, the government hall | 𠂤=meaning:a mound of gathered people under it	屋頂（宀）底下一個𠂤，是聚起來的人眾——衙署裡辦事的人都集在這。從衙署引出當官的人，引出職位：官員、官府。
宙	zhòu	noun — endless time, the span of the cosmos	宀=meaning:a roof | 由=sound:yóu — gives the sound	屋頂（宀）底下一個由，由給聲音——yóu 變成 zhòu，聲母由 y 硬成 zh。宇撐開的是空間，宙撐開的是時間：宇宙，往古來今都在裡頭。
定	dìng	verb — to settle, to fix	宀=meaning:a roof | 正=meaning:upright, in place — worn into the present base	宀是屋頂，下面本來是正——在屋裡安頓下來；正後來寫走了樣。
宜	yí	adjective — fitting	且=meaning:the offering stand — 俎's older self | 宀=form:the block's rim, worn to a roof's shape	肉擺上俎（且）：甲骨文就畫著肉片放在砧上。擺得正、放得對，就是宜——適宜、合宜；便宜從「方便」一路走到「不貴」。上面的宀，是砧板邊沿磨成的屋頂樣子。
客	kè	noun — guest, visitor	宀=meaning:a roof | 各=sound:gè — gives the sound	屋頂（宀）下，各（gè）給聲音，g 磨成 k。來到你屋下、不是自家人的——客人；再到付錢的顧客；再到外人的眼光，客觀。
宣	xuān	verb — to proclaim, announce, declare aloud	宀=meaning:a roof — a hall | 亘=sound:gèn — gives the sound	屋頂（宀）下，一句話傳遍整個廳堂——宣。亘給聲音，讀音從 gèn 移到了 xuān；它本身那個一圈圈向外轉的樣子，也正像話往外傳。於是：宣佈、宣傳、宣誓。
室	shì	noun — a room	宀=meaning:a roof | 至=sound:zhì — gives the sound, and arrives	屋頂（宀）下面一個至——箭落地，到了——聲音和意思都是它，zh 變成了 sh。到了就歇，這一間就是室：教室、臥室、辦公室。
宮	gōng	noun — a palace	宀=meaning:a roof — a great building | 呂=meaning:two rooms, one above the other	屋頂（宀）下一間連一間（呂）——房間套房間的大屋子，就是宮。裡頭的呂，是兩個房間上下相通。古文字對這個呂有兩個說法：上面那幅畫，上下兩間房；或依說文「躳省聲」，裡頭那一塊同時兼著聲音。
宰	zǎi	verb — to butcher, slaughter	宀=meaning:a roof, the house | 辛=meaning:a knife for marking and punishing	屋頂（宀）底下握著刀（辛）——說文說是屋裡執事、管著罪人的人。由這個主事者分出兩路：主管、治理的宰相、主宰，和動刀的屠宰、宰殺。
害	hài	noun/verb — harm, damage	宀=meaning:a roof | 丰=empty:the worn middle — long crossed strokes, now a 龶-like block | 口=meaning:a mouth — speech, or the cut opening	屋頂（宀）下，一塊磨損的中段，再加一個口（口）。古文字有兩個說法：屋下的口舌傷人——言語之害；或中段本是刀刃（丰／刀），割出一道口——刀刃之傷。兩說都落到同一個字：傷害、害怕、災害。
宴	yàn	noun/verb — a banquet	宀=meaning:a roof — indoors, at ease | 妟=sound:yàn — gives the sound	屋頂（宀）下安安穩穩——本義是安歇，從容容吃一頓，就成了宴。妟給聲音 yàn，分毫不差；它本身日（日）在女（女）上頭，正是安閒的樣子。於是：宴會、宴席、宴請。
宵	xiāo	noun — night, nighttime	宀=meaning:a roof — under cover, the dark | 肖=sound:xiāo — gives the sound	屋頂（宀）把黑暗罩了下來——屋下就是夜，宵。肖給聲音，聲調從 xiào 移到 xiāo。由夜引出：通宵、宵夜、元宵。
家	jiā	noun — home, family	宀=meaning:a roof | 豕=meaning:a pig	屋頂（宀）下養一頭豬（豕）——有牲口的屋子，就是家。後來專家也搬進來：畫家，就是住在畫裡的人。
宸	chén	noun — the eaves, a dwelling	宀=meaning:a roof | 辰=sound:chén — gives the sound	屋頂（宀）下放 辰（chén）給聲音——本是深屋和屋簷，屋宇。最大的屋頂是帝王的，於是宸便指宮殿、指皇位：宸居、宸極。
容	róng	verb/noun — to hold, contain	宀=meaning:a roof | 谷=sound:gǔ — gives the sound	屋頂（宀）罩著谷——一個裝東西，一個給聲音。意思是裝得下：容器、容納。裝得下人，是容忍、容許；臉上裝著的，是容貌、笑容。聲音磨得遠，gǔ 變 róng；更早的字形，谷的位置寫的是公。
宿	sù/xiǔ/xiù	verb/noun — to lodge for the night	宀=meaning:a roof | 佰=empty:the worn phonetic — a person 亻 beside a mat, now flattened to a 百-like block	屋頂（宀）下，一個人安頓在席子上過夜。右邊本是𠈇（古「夙」字，清早），磨成了百字模樣，再看不出那躺著的人。從過夜歇腳而來：住宿、宿舍；那一夜本身，一宿；月亮停駐的星座，星宿。
寂	jì	adjective — still, silent, lonely	宀=meaning:a roof, a house | 叔=sound:shú — gives the sound	屋頂（宀）底下配上聲符叔（shú）。畫面是一間安靜下來的屋子——簷下沒了人聲：寂靜、沉寂。由這份靜，到那份感受：孤單、冷清——寂寞、孤寂。
寄	jì	verb — to entrust	宀=meaning:a roof | 奇=sound:qí — gives the sound	屋頂（宀）下，奇（qí）給聲音，q 移到 j。把東西、把自己放到別人屋下：寄託；再到寄出去，寄信；再到借住，寄宿。
密	mì	adjective — dense, close-packed	宀=meaning:a roof — a covered, sheltered place | 必=sound:bì — gives the sound | 山=meaning:a mountain — a hidden fastness	屋簷（宀）藏在山（山）裡——又閉又難找的地方，於是又密又隱密。必給聲音，從 bì 移到 mì。由隱密、緊密引出：秘密、密集、親密。
富	fù	adjective — rich, wealthy	宀=meaning:a roof | 畐=sound:fú — gives the sound	屋頂（宀）底下一個畐——裝到頸口的罈子，也給聲音，調變了。家裡存得滿滿的，就是富；什麼東西存得多，也用這個字——豐富、富有。
寒	hán	adjective — cold	宀=meaning:a roof | 茻=meaning:packed straw — four 屮 stuffed in, now flattened across the middle | 人=meaning:a person, huddled in the middle | 仌=meaning:ice — two strokes at the very bottom	屋頂（宀）下一個人（人），四周塞滿乾草（茻）擋寒，腳下還墊著冰（仌）。除了屋頂，全擠成一塊了。古文字有兩個說法：整幅景作一個會意的畫面——人、草、屋頂、冰；或同一座屋下，內裡的𡫱給聲音。從嚴寒而來：寒冷、寒冬；再到清冷貧苦的日子，寒士、貧寒。
寓	yù	verb/noun — to lodge	宀=meaning:a roof — the dwelling overhead | 禺=sound:yù — gives the sound	屋頂（宀）罩著禺，禺給聲音——一個借住的地方，暫時的家。從寄住身子，引出寄住意思：寓言，把道理藏在故事裡。同一個禺蓋出遇、愚、隅。
寞	mò	adjective — lonely, still, desolate	宀=meaning:a roof, the house | 莫=sound:mò — gives the sound	屋頂（宀）底下一個莫——莫本身就畫著日頭沉進草叢、什麼都不剩。莫把聲音原樣帶來。屋子加上那份空，就是寞的冷清：寂寞、落寞。
察	chá	verb — to examine closely, observe, detect	宀=meaning:a roof — under cover | 祭=meaning:a hand setting meat on the altar — the rite, done with care	屋頂（宀）下，把祭品（祭）一樣樣擺好、一樣樣看過——每個細節都查到。由這份細看引出：察看、觀察、警察、察覺。
寡	guǎ	adjective — few, scant	宀=meaning:a roof — a household | 頁=meaning:a head — a person under the roof | 分=meaning:to divide, to apportion	一個屋頂（宀）下只剩一個頭（頁），東西還要分（分）出去——分到的越來越少。本義是少：寡少、孤寡。獨自一頭在屋下，引申出寡婦、以及君王自稱的寡人。
寢	qǐn	verb — to sleep, lie down to rest	宀=meaning:a roof — the indoor chamber | 㑴=sound:qīn — gives the sound	屋頂（宀）底下，睡覺的內室，裡頭藏著一把帚——掃過的臥室。右邊那個部件，古圖有兩種說法：㑴（qīn）給聲音，聲調偏成了 qǐn；或是整個當意思寫——一隻手把睡覺的房間掃乾淨。從這間房，到房裡做的事：躺下、睡覺——就寢、寢室。
實	shí	adj/noun — solid, real	宀=meaning:a roof — the house | 貫=meaning:cowries threaded on a string — wealth	屋頂（宀）下面是貫——一串一串穿好的貝。合起來寫的是屋裡裝滿了。本義是滿：充實，還有植物長滿的那一部分，果實。滿的、紮實的，就是真的——真實、事實、老實。
寧	níng/nìng	adj/adv — peaceful, at ease	宀=meaning:a roof, the home | 心=meaning:a heart at ease beneath it | 皿=form:a vessel set out on the table 丁 below	屋頂（宀）底下一顆心（心），再底下是案（丁）上擺著的器皿（皿）——家安頓了，飯擺好了，心也定了。整個字指平安：安寧、寧靜。讀 nìng 時轉成取捨，寧可這樣而不那樣：寧願。
審	shěn	verb — to examine closely, investigate	宀=meaning:a roof — indoors, behind closed doors | 釆=meaning:sorting apart — animal tracks read claw by claw; worn to look like 米 today	屋頂（宀）底下細細分辨一樣東西——關起門來查清楚。從細看，到法庭上的分量：審查、審問、審判。屋頂底下那個部件，古圖有兩種說法：釆，獸蹄一爪一爪分辨開的圖，分清、辨別；或是番（fān），田上一爪，借的是它的聲音。
寫	xiě	verb — to write	宀=meaning:a roof | 舄=sound:xì — gives the sound	屋頂（宀）底下安置東西——本義是把物品搬進來、放定位。把話搬到紙上，用的也是這個字：寫。舄（xì）給聲音，鬆成 xiě。
寬	kuān	adjective — wide, broad	宀=meaning:a roof — a great hall | 萈=sound:huán — gives the sound	屋頂（宀）下寬寬敞敞——地方有餘，於是又寬又寬容。萈給聲音，從 huán 移到 kuān；如今下半截寫得像莧，是一頭有角的獸壓著大眼睛（見）。由寬敞引出：寬大、寬廣、寬容。
寵	chǒng	verb/noun — to favor, dote on	宀=meaning:a roof — an honored place | 龍=sound:lóng — gives the sound	把龍（龍）請進屋頂（宀）下——最尊貴的東西收在身邊寶貝著：寵愛、寵幸。龍給聲音，從 lóng 大幅移到 chǒng。於是：寵愛、寵物、得寵。
寶	bǎo	noun/adj — treasure	宀=meaning:a roof, the house | 玉=meaning:jade — the king-like 王 inside is 玉 | 貝=meaning:a cowry shell, old money | 缶=sound:fǒu — gives the sound	屋頂（宀）下：玉（玉）和貝（貝）兩樣值錢的，缶（fǒu）給聲音，f 磨成 b。藏在屋裡的珍貴之物——寶物、國寶；再到一切珍愛的，寶貝、寶貴。
寸	cùn	noun — an inch	又=form:a hand | 一=meaning:a mark one inch down the wrist, at the pulse	一隻手（又），手腕下方點一橫（一）——那是脈搏跳動的地方，離手掌一寸。這個字定下那一小段長度：尺寸、寸步。
寺	sì	noun — a temple, monastery	寸=meaning:a hand at the wrist — to handle, administer | 之=sound:zhī — gives the sound	由手（寸）打理、辦事的地方——古代的官署。之給聲音，從 zhī 不規則地移到 sì。後來專指佛家的寺院：寺廟、佛寺。當聲符，蓋出持、待、詩、時。
封	fēng	verb/noun — to seal, close	土=meaning:heaped earth — two 土 stacked (was 之+土); the mound piled at a border | 寸=meaning:a hand, a measuring rule	一堆壘起的土（兩個土疊著），由一隻手（寸）按尺度量定。古文字有兩個說法：純會意——堆土加量手，沒有聲符（說文「从之从土从寸」）；或同一座土堆下，丰（fēng）給聲音。築界堆土就是授地——封地、分封；再到照樣把東西關起來：封口，封信、封閉。
射	shè	verb — to shoot	身=empty:a standing body seen from the side, belly emphasized — the body | 寸=form:a hand with a mark at the wrist	古文字畫的是一張拉開的弓，箭在弦上；長期傳抄，弓走樣成了長得像的「身」。
將	jiāng/jiàng	adverb — about to, going to	爿=form:the left piece, a split plank stood on end — rendered bare | 月=meaning:flesh — a cut of meat | 寸=meaning:a hand at the wrist — to take, to wield	一隻手（寸）端起肉（月）往前送——拿著、帶著。古文字對聲音落在哪裡有兩個說法：說文作「从𢦏从寸」，左半是個義符，沒有乾淨的聲符；後人則把左半看作爿，一個從 qiáng 磨向 jiāng 的聲符。由「拿在手上」分出兩支：jiāng，快要（將要、將來）；jiàng，握權帶兵的人，將軍。爿頭的一族並行：獎、漿、醬。
專	zhuān	adjective — single, concentrated	叀=form:a spindle | 寸=meaning:a hand at work	手（寸）轉著紡錘（叀）：一條線，往一個方向繞——專一。紡這個字，轉的是同一個輪子。
尊	zūn	verb/adj — to revere, honor	酋=meaning:a wine jar, its aroma rising | 寸=meaning:a hand — the two raised hands, worn down to one	一壺酒（酋）被雙手（寸，本是兩隻手）高高捧起獻上——舉高、敬重。底下那兩隻手如今磨成了一個寸。由捧獻引出：尊敬、尊重、尊貴。
尋	xún	verb — to search for, look for	彐=form:one hand, above | 寸=form:the other hand, below | 工=meaning:a span of work between them — a cord drawn out | 口=meaning:a mouth that calls along it	上下兩隻手（彐 在上、寸 在下）把一條線（工）拉到滿，邊拉邊用口（口）招呼——這是古代「一尋」，兩臂張開的長度。從放線、順線找下去，引出尋找、追尋：尋找、尋求。
對	duì	adjective — right, correct	丵=meaning:a notched tablet held up — teeth along the top edge | 寸=meaning:a hand	手（寸）舉起有齒的版（丵），在堂下一句一句地應——對答。應對變成相對：對面、面對；對上了，就是對的；湊成雙，就是一對。
導	dǎo	verb — to guide, lead	道=sound:dào — gives the sound, tone bent | 寸=meaning:a hand, set to guide	路（道）下面一隻手（寸）——扶著人沿路走；道也給聲音，調子轉成 dǎo。帶人走是領導、導遊；順著路把東西帶過去，是導電、導演。
小	xiǎo	adjective — small	小=form:three small points, drawn whole	三個小點——小。古文字有兩個說法：幾粒沙子，或是一豎把東西從中間分開（八）——一分就小了。
少	shǎo/shào	adjective — few, little	小=meaning:small — three grains | 丿=form:the stroke that splits few from small	沙粒。小是三粒；少多一筆（丿），把「不多」分了過去。讀 shǎo 是不多——很少、多少；讀 shào 是年紀還少的——少年。
尖	jiān	adj/noun — pointed, sharp	小=meaning:small — the narrow top | 大=meaning:big — the wide base	小（小）疊在大（大）上頭——下寬上窄，收到一個尖：這個字就是那個形狀。由尖端引出：尖銳、尖端、筆尖。
尚	shàng	verb/adv — to esteem, value	八=meaning:splitting apart, opening outward | 向=sound:xiàng — gives the sound	氣往上分開散出（八），底下是一扇窗（向）——往上揚、往外冒，於是引申為高看、崇尚。向給聲音，從 xiàng 移到 shàng。「還、仍然」是另借的用法。由崇尚引出：崇尚、高尚、時尚。
尤	yóu	adv/noun — especially, particularly	又=sound:yòu — gives the sound | 尤=form:the hand with a mark across it — rendered bare	一隻手（又），一筆橫過，把它挑出來。又（yòu）給聲音，守在 yóu。那一橫標出與眾不同的那個——於是「特別」，也是被挑出來責怪的「過失」：尤其、怨尤。
尬	gà	adjective — awkward, embarrassing (only in 尷尬)	尢=meaning:a person with a bent, lame leg | 介=sound:jiè — gives the sound	一個人腿瘸著（尢）走不順，半步卡住——身體本身就是「進退兩難」的樣子：尬。介給聲音，從 jiè 移到 gà；它本身夾在兩道之間的樣子，也正合「卡住」。只用在尷尬裡。
就	jiù	adverb — then, right away	京=meaning:a tall hall on high ground | 尤=meaning:the one that stands out	高樓（京）配尤——出眾的那一個：走上高處去——就任、遷就的就。人一到，事就緊跟著：就來、就是。
尷	gān	adjective — awkward, embarrassing (only in 尷尬)	尢=meaning:a person with a bent, lame leg | 監=sound:jiān — gives the sound	一個人腿瘸著（尢）動彈不得——那份進退兩難。監給聲音，聲母從 jiān 移到 gān。只用在尷尬裡，跟夥伴綁死。
尺	chǐ	noun — a foot (length unit)	尸=form:a body bent at the measure — the forearm laid out | 乙=form:the bent stroke trailing off — the hand turning at the wrist	古文字在彎曲的前臂上標出一段長度——上是身（尸），下是手腕一轉的彎筆（乙）。十寸為一尺。從這個單位而來：量它的尺子；尺寸本身；近在咫尺的短距。
尾	wěi	noun — a tail	尸=meaning:a body, bent and seated | 毛=meaning:hair, a tuft — the tail itself	一具身子（尸）後頭垂著一撮毛（毛）——尾巴。由身後那一截引出種種末端：尾巴、結尾、尾隨。
尿	niào	noun — urine	尸=meaning:a body, bent at the waist | 水=meaning:water passing below	彎著的身子（尸），底下水（水）流出去——一個人小便的樣子。整個字指尿，也指撒尿這件事：尿液、撒尿。
局	jú	noun — a confined space	尺=meaning:a measure — the bounded extent overhead | 口=meaning:an enclosed mouth — the cramped space inside	一個口（口）被一道尺度（尺）罩住：劃定的、侷促的一塊。從這方棋盤而來：盤上的棋局；劃定的局面、局勢；再到掌一方事務的機關，郵局、警局。
屁	pì	noun — a fart, wind	尸=meaning:a body, the lower part | 比=sound:bǐ — gives the sound	上頭是身子（尸），底下是比（bǐ）給聲音——bǐ 送氣成 pì，在 {b,p,f} 一家裡頭挪。這個字指身體放出的氣：放屁。從那股空氣引出「空話」的俗用：屁話。
居	jū	verb — to dwell, reside	尸=form:a body settled, sitting on its heels | 古=sound:gǔ — carries the reading	一具身子坐定（尸），古（gǔ）給聲音，g 挪到 j，調也變了。坐定不走的身子：居住、居民；再到佔住一個位置，居中、居首。
屆	jiè	verb — to reach, fall due	尸=meaning:a body, bent low | 凷=form:a clod, a hard lump below	身子（尸）伏在一塊硬土（凷）上——壓到了底，到了盡頭。從碰到那個界限，引出屆：到期的時候，以及它劃出的一段、一任：屆時、本屆。
屈	qū	verb — to bend, bow	尸=meaning:a body, bent and seated — worn from 尾 (a tail) | 出=sound:chū — gives the sound	上頭的尸其實是「尾」磨剩下的，本是一隻把尾巴縮起來、彎著身子的東西——彎、屈。出給聲音，從 chū 不規則地移到 qū。於是：屈服、委屈、屈曲。當聲符，蓋出掘、崛、窟。
屋	wū	noun — house, room	尸=meaning:the roof's profile spread overhead — a covering body | 至=meaning:to arrive — a bird dropping to the ground, where one comes to rest	一片遮蓋（尸）罩在人歸來歇腳的地方（至）上。你回來安頓的那一處：房屋、屋子；再到它的蓋頂，屋頂；屋裡的房間。
屍	shī	noun — a corpse, dead body	尸=meaning:a body laid out | 死=meaning:death itself	一具攤平的身子（尸），底下寫著死（死）——兩者合起來就是屍，生命離開後的身體：屍體、屍骨。
屎	shǐ	noun — excrement, dung	尸=meaning:a body, bent low | 米=form:the matter dropping below, drawn like scattered grain	彎著的身子（尸），底下落下像散米（米）一樣的東西——身體排出的糞便。整個字指大便：大便、屎尿。
展	zhǎn	verb — to unfold, spread out	尸=meaning:a body, lying | 㠭=sound:zhǎn — gives the sound, written in abbreviated form	身體（尸）翻轉——本義是轉動，留在「輾轉」裡。㠭（zhǎn）給聲音，磨到只剩身體下面那幾筆。從翻轉到攤開、擺出來：展開、展覽、發展。
屜	tì	noun — a drawer	尸=meaning:a body, the cover or frame over it | 世=form:the layered piece beneath, the stacked tiers	上頭是罩著的框（尸），底下是層層相疊的部件（世）——一層層抽得出來的盤架。整個字指抽屜，也指蒸籠的屜：抽屜、蒸屜。
層	céng	noun/measure — a floor, story	尸=meaning:a roof, a built shelter — here the storied building | 曾=sound:céng — gives the sound, and a sense of piling	一座有頂的建物（尸），下配曾（céng），給聲音，也帶著「一層層疊上去」的意味。樓房一級疊一級：一層樓；再到任何一層，層次；再到層層相疊。
履	lǚ	verb — to tread, to walk	尸=meaning:a body, bending to step | 彳=meaning:a step taken on the road | 夊=meaning:a trailing foot, the walking | 舟=form:the worn lower piece, once the shoe's shape	彎身要走的身子（尸），路上的一步（彳），跟在後頭的一隻腳（夊）——踩踏、把腳落到地上。從踩踏引出腳上的鞋，從走一條路引出實地去做：履行、履歷。
屬	shǔ/zhǔ	verb — to belong to	尾=meaning:a tail | 蜀=sound:shǔ — gives the sound	尾巴（尾）連在身上——附著、歸屬。蜀（shǔ）給聲音。從這「連著的尾」來了屬於、家屬；讀 zhǔ，就是「連接」本身——屬文。
山	shān	noun — a mountain	山=form:three peaks rising from one base line — the mountain drawn	一條底線上立三座峰——山就是畫出來的山。字裡要高地的地方都有它：島、岩。
岡	gāng	noun — a ridge, a low hill	网=sound:gāng — gives the sound | 山=meaning:a mountain, a hill	山（山）上面頂著一張磨壞的网（网）給聲音——wǎng 磨成 gāng，剩下「冂」加兩筆。這個框正是 剛、鋼、綱 共用的聲符。在這裡，它指山脊、小山岡。
岩	yán	noun — rock, crag, cliff	山=meaning:a mountain | 石=meaning:a rock beneath it	山（山）底下一塊石（石）——山上的大石、岩壁。兩者合起來指成塊的石頭，以及它堆成的山崖：岩石、岩壁。
岸	àn	noun — bank, shore (the high edge where land meets water)	山=meaning:a mountain — the high ground | 厂=meaning:a cliff face | 干=sound:gān — gives the sound	高地（山）下一道崖壁（厂）——河水到此為止的陡岸。干（gān）給聲音，g- 磨掉了，剩 àn。從這道高岸，凡是水邊都是岸：河岸、海岸、上岸。
峙	zhì	verb — to stand erect, tower, stand facing (across from)	山=meaning:a mountain | 寺=sound:sì — gives the sound	一座山（山）穩穩立著、高高頂著——峙。寺給聲音，從 sì 移到 zhì。從山峰挺立引申：峙立；兩邊高地隔空相對就是對峙。
峭	qiào	adjective — steep, precipitous	山=meaning:a mountain | 肖=sound:xiào — gives the sound	山（山）配肖（xiào）的聲——直直落下的坡，沒處落腳的崖：峭壁、陡峭。從陡峭的岩，意思延到稜角分明：峭拔。肖也給消、削、悄、逍聲音。
峰	fēng	noun — peak, summit (the top point of a mountain)	山=meaning:a mountain | 夆=sound:féng — gives the sound	山（山）配上 夆（féng）的聲音，調子抬成 fēng——兩面山坡收成一個尖：山頂。同一個 夆 也蓋出 蜂、逢。
島	dǎo	noun — an island	山=meaning:a mountain — land rising out of the sea | 鳥=sound:dǎo — gives the sound	山（山）在鳥（鳥）底下：海裡冒出來的陸地，鳥停得住的地方。鳥 niǎo 給聲音，n 磨成了 d。畫面和聲音一起到——海鳥標出那塊能歇腳的礁。
峻	jùn	adjective — high and steep	山=meaning:a mountain | 夋=sound:qūn — gives the sound	山（山）拔得又高又陡——峻。夋（qūn）給聲音，q 磨成了 j。由高聳的山勢轉到性情：又嚴又硬的嚴厲——嚴峻、險峻。
峽	xiá	noun — a gorge, ravine	山=meaning:a mountain — the walls on either side | 夾=sound:jiá — gives the sound	兩邊是山（山），中間被夾（夾）成一條窄道，水從中穿過——峽。夾給聲音 jiá，與 xiá 相近，它本身被左右夾住的樣子，正是峽的形狀。在水上就是海峽。夾當聲符，蓋出狹、挾、俠。
崇	chóng	verb/adj — to revere, esteem	山=meaning:a mountain — height | 宗=sound:zōng — gives the sound	山（山）給高度，宗（zōng）給聲音，z- 滑成 ch-。本義是高聳的大山；高聳的東西讓人仰望——於是有了尊崇：崇高、崇拜。
崖	yá	noun — cliff, precipice (a sheer high edge)	屵=meaning:山 over 厂 — a high cliff edge | 圭=sound:guī — gives the sound	屵 是 山 疊在 厂 上——又高又陡的邊。圭（guī），那塊上下兩個土的玉板，給聲音，磨成 yá。本義是陡直的崖壁：懸崖、崖壁。
崗	gǎng	noun — a ridge, mound	山=meaning:a mountain — the high ground | 岡=sound:gāng — gives the sound	山（山）疊在岡上——山的脊背、小丘。岡給聲音，聲調從 gāng 移到 gǎng。由站哨的高地引出守衛的崗位，乃至種種職位：崗位、站崗、山崗。
崩	bēng	verb — to collapse, cave in	山=meaning:a mountain | 朋=sound:péng — gives the sound	山（山）垮了——本義是山崩，整面坡塌下來。朋給聲音，聲母從 péng 移到 bēng。由山崩引出種種崩塌：崩塌、崩潰、崩盤。
嶄	zhǎn	adjective — towering, lofty	山=meaning:a mountain | 斬=sound:zhǎn — gives the sound	山（山）削得峭立，又高又尖——嶄。斬（zhǎn）給聲音，斤（斧）把車（車）砍開，是切斷。由高聳的峰頂引出嶄新（嶄嶄如新）、嶄露頭角（出眾）。
嶼	yǔ	noun — a small island, an islet	山=meaning:a mountain — land rising from the sea | 與=sound:yǔ — gives the sound	小島就是海沒淹掉的山（山）——孤零零冒出來的陸地。與（yǔ）給聲音，音不變。多用在島嶼；單獨一座是孤嶼。
川	chuān	noun — a river, a stream	川=form:three lines of running water between its banks	兩岸之間，三筆水在流——從上往下看的一條河。外面兩筆是岸，中間是水流。當聲音用在 訓、順 裡。
州	zhōu	noun — region, prefecture	州=form:river channels (川) with islets rising between them	河水畫成川，水中間冒出幾點乾地——洲渚，最早能住人的地方。住了人的洲變成轄區，州就上了地圖：荊州、加州；水中的陸地把水加回去，寫成洲——亞洲的洲。
巡	xún	verb — to patrol, make rounds, go around inspecting	辵=meaning:walking, going (the 辶 stride) | 巛=sound:the worn 川 — gives the sound	走（辶）繞著 巛——那道磨平了的「川」字水紋。河水彎來彎去，跟著走的人也彎來彎去——來回巡查：巡邏、巡視。
工	gōng	noun — work	工=form:a craftsman's tool, drawn whole	整支畫下來的工具。古文字有兩個說法：木匠畫直線的曲尺，或是夯土牆的杵——都是做工的傢伙。工具代表了工作本身：工作、工人、工程。當聲音用，蓋出紅、空、功、江。
左	zuǒ	noun/adj — left	𠂇=meaning:a left hand | 工=meaning:a work tool — the carpenter's square	左手（𠂇）拿著曲尺（工）——右手做工時，按住、扶穩的那隻手。本義是幫助；幫助後來加了人（亻）寫成佐，左就只剩左邊。
巧	qiǎo	adjective — skillful, clever, deft	工=meaning:a carpenter's square — work, craft | 丂=sound:qiǎo — gives the sound	木工的曲尺（工）把意思定在手藝上。右邊那個彎鉤 丂，給出聲音 qiǎo。合起來：手巧、做得精（巧手、巧妙）。
巨	jù	adjective — huge, enormous	巨=form:a carpenter's square — a hand gripping the L-rule	木工的曲尺，手握著的「L」形直角規——本義是這把工具。「巨大」是借來的：巨人、巨額。當聲音用，撐起一整排字：距、拒、炬、苣。
差	chā/chà/chāi/cī	noun/verb/adj — difference	來=form:a worn top — grain or hanging strands, now a 龶-like block | 工=form:a tool below, the worked-on shape	上下兩半對不齊。從對不上而來：差別、差距；數目不夠，差一點；品質不夠，差勁；高低不平，參差；被派出去辦事，出差。
己	jǐ	pronoun — oneself	己=form:rendered bare (origin carries no claimed role)	三筆彎彎，不掛圖。它的工作在別處：自己的己，和記、紀、起下面的聲音。
已	yǐ	adverb — already	已=form:rendered bare — split from 巳; the everyday senses are borrowed	已和巳本是同一個字；停止、已經都是借音。要看的只有左上的開口：己全開、已半開、巳全閉。
巴	bā	suffix — the tail syllable in 嘴巴、尾巴	巴=form:說文's telling: a great serpent, drawn coiled	說文的說法：巴地的大蛇，連象都吞得下。現在這個字多半跟在身體字後面當尾巴——嘴巴、尾巴、下巴——黏上就不走：鍋巴，黏在鍋底的飯。
巷	xiàng	noun — a lane, alley	共=sound:gòng — gives the sound | 巳=meaning:worn from 邑 — a settlement, the walled town	下半截是「邑」磨剩的，本是聚落、城邑；上頭的共是共有、共用。一條全城人家共走的路——巷。共給聲音，從 gòng 移到 xiàng。於是：巷子、街巷、小巷。
巾	jīn	noun — a cloth, towel	巾=form:a cloth hung over a bar, with its tie dropping down	一塊布搭在橫桿上（上面），一條繫帶直直垂下（中間那一豎），繫在腰間。本義是別在腰上的佩巾。凡擦拭的布都從它來：毛巾、手巾、圍巾。它又當巾部，散進帶、帽、布。
市	shì	noun — market	市=form:rendered bare — no claimed origin	做買賣的地方——市場、夜市；繞著市集長出來的城——市區、台北市。古文字的構件已經讀不出畫面；現在的亠和巾是磨出來的樣子。
布	bù	noun/verb — cloth	𠂇=sound:the worn 父 — fù gives the sound | 巾=meaning:a hanging cloth	一塊垂下的布（巾），上面是 𠂇——「父」那隻拿棍的手，磨成兩筆。父（fù）給聲音，f- 變硬成 b-。本義是攤開、鋪平；攤開的東西是布，攤在眾人面前的是消息：布料、公布、分布。
希	xī	verb/adj — to hope	㐅=meaning:crossed threads (爻-pattern) | 巾=meaning:cloth	交叉的線（㐅）織在布（巾）上——織得太鬆，縫比線多。先是稀疏、稀少；這個意思後來加禾寫成稀，「希望」借走了這個字，成了它天天的工作。
帝	dì	noun — God on high	帝=form:rendered bare — the old graph carries two tellings	古文字有兩個說法：花朵底下的花蒂——萬果從那裡長出來，蒂的本字；或是捆好的柴架，點了火，祭天。兩個都指向源頭：天上的是上帝，人間借了這個名號，是皇帝。
帥	shuài	noun/adj — commander, marshal	𠂤=empty:the worn left block — once the phonetic | 巾=meaning:a cloth, the banner of command	右邊一面布（巾）——主將的旗。左邊那塊本是聲符，磨得認不出了。執旗的人：元帥、統帥；再到帶領他們，率領；再到口語裡的俊朗好看，帥哥。
師	shī	noun — teacher, master	𠂤=meaning:a heaped mound — a gathered multitude; flattened to the left side of the modern glyph | 帀=meaning:a banner circling round — troops mustered under it	一堆聚起來的人（𠂤，如今擠成左邊那一塊），底下是繞旗（帀）——本義是軍隊的「師」，兩千五百人。領這支隊伍的，成了師傅、老師。左邊那一塊磨得幾乎看不出，它就是「人多」。
席	xí	noun — a mat	庶=sound:shù — gives the sound, its fire dots worn away | 巾=meaning:woven cloth	編好的蓆面（巾）鋪在地上——席子。庶（shù）省去四點給聲音，這個音磨得遠了。古人坐在席上，席就成了座位：出席、主席、酒席。
帳	zhàng	noun — curtain, tent canopy	巾=meaning:a hanging cloth | 長=sound:cháng — gives the sound	一塊垂掛的布（巾），長（cháng）給聲音，ch- 往前成 zh-，調子也落下來。一塊長布四面圍起，就是帳子、帳篷。帳裡記的數目，就成了帳簿、帳目：帳篷、帳簿。
帶	dài	verb — to carry along, to bring	帶=form:a sash drawn whole — the knotted belt above, cloth 巾 hanging below	整條腰帶畫下來：上面是繫好的帶結，下面垂著布（巾）。帶子做的事就是這個字做的事——掛在身上的，人到哪跟到哪：帶錢、帶孩子。像帶子一樣的一段地，叫地帶。
常	cháng	adj/adv — constant	尚=sound:shàng — gives the sound | 巾=meaning:a cloth	一塊布（巾），繫在腰下——就是下裙，這個詞後來寫成裳。尚（shàng）給聲音，sh 磨成了 ch。天天穿在身上的衣裳：從這裡走出常常、平常。
帽	mào	noun — hat, cap	巾=meaning:a cloth | 冒=sound:mào — gives the sound	巾（布）說材質；冒（mào）給聲音，它本身就是「蓋」——布（冃）罩住眼睛（目）——帽子做的正是這件事。合起來就是扣在頭上的東西。
幅	fú	noun — width of cloth	巾=meaning:a length of cloth | 畐=sound:fú — gives the sound	一段布（巾），畐（fú）給聲音，音沒變。本義是織出來那匹布的寬度；由此引申為一切平面的寬窄，也成了量詞：幅度、一幅畫。同一個 畐 也蓋出 福、富。
幕	mù	noun — a curtain, a screen, a tent	巾=meaning:cloth — what a curtain is made of | 莫=sound:mò — gives the sound	一塊布（巾）掛起來遮蔽——簾幕、帳幕。莫給聲音，從 mò 移到 mù。從掛起的布引申：帷幕；開幕、落幕；一齣戲分成一幕一幕。
幟	zhì	noun — a flag, banner, ensign	巾=meaning:a cloth | 戠=sound:zhí — gives the sound	一幅布（巾）高高舉起作標記——旗幟、旗號。戠（zhí）給聲音，磨成 zhì，在今字裡也省了形。從舉起的布而來：旗幟；自立門戶叫「獨樹一幟」。戠領一排同聲字：識、職、織。
幢	zhuàng	noun — a banner, streamer	巾=meaning:a hanging cloth | 童=sound:tóng — gives the sound	一塊垂掛的布（巾），童（tóng）給聲音，t- 往前成 zh-，韻和調都跟著變。本義是掛在桿上的長幡；一根直立的東西，就成了房子的量詞：旗幢、一幢房子。
幣	bì	noun — money, currency	巾=meaning:a length of cloth | 敝=sound:bì — gives the sound	一段布（巾）配上 敝（bì）的聲音，音沒變。錢幣未出之前，絲帛就是禮、就是付帳的東西；獻上的布帛，後來就指錢：貨幣、紙幣。同一個 敝 也蓋出 弊、蔽。
幫	bāng	verb — to help	封=sound:fēng — gives the sound | 帛=meaning:silk cloth	帛是布，封表聲——最早是鞋幫，撐住腳的那一圈；幫派、幫忙，都從「在旁邊撐著」來。
干	gān	verb/noun — to offend, interfere with	干=form:rendered bare — two tellings	一根直桿上加一道橫——簡單。古文字有兩個說法：一件帶叉的兵器，舉起來擋擊的盾（干）；或依說文，是倒過來的「入」，硬從一道線裡頂進去——衝撞、冒犯。兩個說法都通向「對著幹」：干涉、干預、干犯。當聲符，蓋出汗、旱、杆。
平	píng	adjective — flat, level	平=form:rendered bare — no claimed origin	一個面，平平的——沒有哪裡高出來。地平是平地，心平是平靜，人人一樣高是平等，每天都一樣是平常；靜水的水面平，就是水平。字形本身已經磨得看不出畫的是什麼。
年	nián	noun — year	年=form:a worn solid — once grain (禾) carried by a person (人)	一個人背著割下來的禾，往家裡走——收成回家。收一次成，過一年；數收成就是數年。幾千年抄下來，人和禾黏成了今天的年。
幸	xìng	noun/adj — luck, fortunate	幸=form:rendered bare — two tellings, no single settled origin	古文字有兩個說法。一說是一副手銬——綁住犯人的刑具；能脫身就是幸，吉而免凶，逃過大難的好運。另一說是「夭」（早死）翻過來：早死的反面就是活著，活著就是運氣。兩說都落在「好運」上：幸運、幸福。
幹	gàn	noun/verb — trunk, main part	倝=sound:gàn — gives the sound | 干=form:a pole, a staff	古字對聲音落在哪一半有兩個說法。一說右邊的干（桿子）自己就是聲符（干聲）。另一說聲音在倝（gàn）——旗下升起的太陽——磨進左邊，幾乎認不出（頭字作榦，从木倝聲）。兩說都指向築牆時立的那根直木（築牆耑木）；由柱子引出主幹、骨幹，再到做主要的事：幹事、能幹。
幻	huàn	noun/adj — an illusion	幺=form:a tiny twist of thread — rendered bare | 予=empty:the reversed stroke — no settled picture	一縷細絲（幺）反著拉、逆著紋路——把真的翻成假的，成了不存在的東西：幻。那個反寫的部件沒有定說，就空著。由虛幻引出：幻覺、幻想、幻滅。
幼	yòu	adj/noun — young, immature	幺=meaning:a tiny thread — smallness | 力=meaning:strength, effort	一根細絲（幺）旁邊一個 力——力氣還很小，還沒長足。這就是幼：幼小、幼苗、幼稚。
幽	yōu	adjective — secluded, dim, hidden, quiet	山=meaning:a mountain | 幺=meaning:a tiny thread — twice, very faint	兩根細絲（幺幺）埋在山（山）裡：又小又深，幾乎看不見。這就是幽——隱密、昏暗、僻靜：幽靜、幽暗、幽谷。
幾	jǐ/jī	pron/adv — how many	幺幺=meaning:two wisps of thread — the barely-there | 戍=meaning:a sentry — a person under a halberd (人 + 戈)	兩縷細絲（幺幺）擺在哨兵（戍，人扛著戈）旁邊——守望的人瞇起眼才看得出的東西：若有若無。唸 jī，留著這個意思：幾乎。唸 jǐ，借去問數目：幾個、幾點。
床	chuáng	noun — a bed	广=meaning:a roof, a lean-to | 木=meaning:wood	屋（广）裡的木（木）頭家具——床。老寫法牀畫的是床本身：爿，一張豎起來的床板——疒裡病人躺的就是它。日常的寫法把床板換成了頭上的屋頂。
序	xù	noun — order, sequence	广=meaning:a building, a roofed hall | 予=sound:yú — gives the sound	一座有屋頂的廳堂（广），予（yú）給聲音，聲母和聲調都變了，成 xù。本義是廳堂東西兩側的牆——一排排立著的牆。由「依序排列」引申為次序，也指排在最前面的序文：順序、秩序、序言。
底	dǐ	noun — the bottom, base, underside	广=meaning:a roof, a building against a slope | 氐=sound:dǐ — gives the sound	广（广）是房子，底下擺氐（dǐ）給聲音——而氐本來就是「低、按到地」。兩邊都朝下：房子最低處，地基。從底面，引到凡事的根底：底部、到底、年底。它帶出氐的一系——低、抵、邸。
店	diàn	noun — a shop, a store	广=meaning:a roof, a lean-to | 占=sound:gives the sound	屋頂（广）下擺開貨——店。占給聲音，zhān 磨成了 diàn。簷下做買賣的都是店：商店、書店；後頭添上床鋪，就是飯店、客店。
府	fǔ	noun — government office	广=meaning:a roofed hall | 付=sound:fù — gives the sound	屋頂（广）底下，東西一件件交（付）進來——這是收存文書的庫房。付（fù）給聲音，聲調轉成 fǔ。從藏文書的廳，到辦公事的衙門：政府；氣派的宅邸也叫府：總統府。
度	dù/duó	noun — a measure, degree	庶=sound:shù — gives the sound, its fire dots worn away | 又=meaning:a hand	手（又）一拃一拃量過去——最早的尺就是手。庶（shù）省去四點給聲音，sh 磨成了 d。從量東西的手出來：尺度、溫度、程度；讀 duó 是動詞——估量。
座	zuò	noun — seat	广=meaning:a building, a roof | 坐=sound:zuò — sound and meaning both	屋頂（广）底下擺著坐——兩個人坐在土上，就是「坐」這個動作——它把意思和聲音一起借給座。坐是動作；座是坐下去、放上去的那個固定的東西：座位、底座，還有量那些立在原地的東西——一座山。
庫	kù	noun — storehouse, warehouse, treasury	广=meaning:a roofed building, a shelter | 車=meaning:a cart, a chariot	一輛車（車）停在屋頂（广）底下：藏兵車、放物資的棚舍。由此引申為一切倉庫、府庫，如今也指資料的庫：倉庫、庫存、資料庫。
庭	tíng	noun — courtyard, hall	广=meaning:a building, a roof | 廷=sound:tíng — gives the sound	有頂的屋子（广）圍著廷（tíng），廷既給聲音，本身也是個畫面——百官朝見的朝廷。於是庭就是屋子圍出來的空地：庭院，再引申到審案的法庭。
康	kāng	adjective — healthy	庚=sound:gēng — gives the sound | 米=meaning:grains of rice	庚（gēng）撐起骨架、給聲音，從 gēng 磨到 kāng。底下米粒（米）落下來——打穀時抖出來的糠皮，這是最早的意思，穀皮。從穀滿有餘引出安樂富足，再從安樂引到健康：健康、康復。
庸	yōng	adjective — ordinary, commonplace, mediocre	用=meaning:use — to put to use, employ | 庚=form:庚 — a frame (the seventh stem); here the surrounding structure	說文解作「用也」，用——用（用）安在庚的框架裡。天天都在用、處處都用得上的，就是平常、不起眼的：平庸、庸俗。那個「用」的意思也留在毋庸（不用、不必）和中庸（不偏的常道）裡。
廁	cè	noun — toilet, latrine	广=meaning:a building, a roof | 則=sound:zé — gives the sound	有頂的房子（广）罩著則（zé），則給聲音，從 zé 磨到 cè。本義是要保持乾淨的地方（清也）——專門隔出來的那間屋子。由此來到最直白的詞：廁所。
廂	xiāng	noun — a side room, wing	广=meaning:a roofed building open at one side | 相=sound:xiāng — gives the sound	一座屋子（广），主廳兩旁另設的房間——廂房。相給聲音 xiāng，分毫不差；它「兩相對望」的意思，正合左右對望的兩廂。於是：廂房、兩廂、車廂。
廉	lián	adjective — honest, upright	广=meaning:a roofed building, a hall | 兼=sound:jiān — gives the sound	一座廳堂（广），兼（jiān）給聲音，j- 變成 l-。本義是堂屋地面那道筆直的邊——又直又利的一條線。人守著這條線，就清廉不貪；價錢壓得低，也是同一種節制：廉潔、廉價。同一個 兼 也蓋出 簾、謙。
廊	láng	noun — a corridor, covered walkway, veranda	广=meaning:a building, a roof — shelter built against a hillside | 郎=sound:láng — a young man, an official; gives the sound	建築（广）配上郎（láng）取聲——順著廳堂延伸、有頂的通道：走廊、長廊的廊，畫廊的廊。郎把聲音原樣給了它。
廓	kuò	noun/adj — outline, contour	广=meaning:a roofed building, a shelter | 郭=sound:guō — gives the sound	一座屋舍（广），郭（guō）給聲音，g- 變 k-，韻調也變。郭 是城外那圈外牆，劃出城的邊界——於是 廓 指輪廓、外形，也指牆內那片空闊的地：輪廓、廓清。
廙	yì/miào	noun — a kind of building, a hall	广=meaning:a roofed building, a broad hall | 異=sound:yì — gives the sound	屋頂（广）下罩著異——一種屋舍、一間屋子。異給聲音 yì，它畫的是一個人舉著面具過頭，標出與眾不同的東西。miào 這個讀音離聲符很遠，也沒有規則可循，就讓它另立一讀。
廚	chú	noun — kitchen	广=meaning:a building, a roof | 尌=sound:shù — gives the sound	有頂的屋子（广）裝著尌（shù）——用手把鼓豎起來，「立起」的字——它給聲音，從 shù 磨到 chú。說文叫它庖屋；廚就是專門做飯的屋子：廚房，還有在裡頭做事的人，廚師。
廟	miào	noun — temple, shrine, ancestral hall	广=meaning:a roofed building, a hall | 朝=sound:cháo — gives the sound	一座有屋頂的大堂（广），朝（cháo）給聲音，磨得很遠，成 miào。朝 是早晨朝見、行禮的場所；專為祭拜祖先、神明而建的堂，就是廟：寺廟、廟宇。
廠	chǎng	noun — a factory, a workshop	广=meaning:a building open on one side — a roofed shed | 敞=sound:chǎng — gives the sound	一座開敞的棚（广）配上敞，敞既給聲音，又是寬敞開闊的意思。於是：做工的大開間——工廠。讀音剛好不變，chǎng 到 chǎng；敞單獨是敞開的院子。
廢	fèi	verb — to abolish, discard, lay waste	广=meaning:a building, a house | 發=sound:fā — gives the sound	一座房子（广），發（fā）給聲音，磨得很遠，成 fèi。本義是房屋傾頹、倒塌——一片廢墟。倒了的就丟棄、廢除，垮了的人就成了廢物：廢墟、廢除、廢物。
廣	guǎng	adjective — wide, broad, vast	广=meaning:a roofed building open at one side — a great hall | 黃=sound:huáng — gives the sound	一座大屋（广），大到連第四面牆都省了——本是極大的殿堂，於是引申為廣、闊。黃給聲音，聲母從 huáng 移到 guǎng。由大殿引出：廣大、廣闊、廣場。
廳	tīng	noun — a hall, a large room	广=meaning:a roof, a wide building | 聽=sound:tīng — gives the sound, exactly	大屋頂（广）配上聽（聽）——官府的「聽事」，問案議事的那間屋；這個詞後來戴上屋頂，成了房間本身。如今凡是大間都是廳：客廳、餐廳、大廳。
延	yán	verb — to extend, prolong	廴=meaning:a long stride, a road drawn out | 㢟=sound:yán — gives the sound	一個拉長的步子（廴），加上走遠的腳（㢟）——一路延伸下去，於是引申為拉長、延續。古文字對聲音有兩個說法：一說㢟是聲符，本是一隻往遠處踏的腳；一說正是聲符，磨向了 yán。不論哪一說，走遠的畫面都在。由拉長引出：延長、延伸、延遲。
廷	tíng	noun — a court	廴=meaning:a stretched stride — the long courtyard | 𡈼=sound:tǐng — gives the sound, a figure standing on the ground	廴（廴）拉出一片長長的庭院，𡈼（tǐng）——一個人立在地上——給聲音，抬一個調成 tíng。說文：朝中也。君主聽政的地方：朝廷、宮廷。
建	jiàn	verb — to establish, build	聿=meaning:a hand gripping its stick — brush or pole | 廴=meaning:the long stride — the court walk	一隻手握著桿子（聿），下面是長長的走道（廴）。古文字有兩個說法：是筆在朝廷上起草法度，或是手把柱子插直立穩——都是把東西立起來：建立、建設、建築。
弄	nòng	verb — to handle, fiddle with, mess with	玉=sound:yù — also the sound donor, read 王聲 in 說文 | 廾=meaning:two hands held up, cupped	古字有兩種說法：兩隻手（廾）捧著一塊玉（玉），翻來覆去地把玩——兩半都在畫這動作；或如說文所讀，廾下一個王聲，磨成王形的玉給了聲音。那塊玉在今字裡磨得像王，少了一點。把玉在手裡摩弄，就是擺弄、把弄，引到做、搞：玩弄、弄壞、弄好。
弊	bì	noun — a fraud, malpractice	廾=meaning:two hands raised, working at something | 敝=sound:bì — gives the sound	兩隻手（廾）在 敝（bì）底下忙活，敝 給聲音，音沒變。敝 是被打得破爛的布；對著破爛的東西動手腳，就動得不正——於是有了作弊，有了隨之而來的害處：作弊、弊端、弊病。同一個 敝 也蓋出 幣、蔽。
式	shì	noun — pattern, style	工=meaning:the carpenter's square — work to a rule | 弋=sound:yì — gives the sound	曲尺（工）定規矩——本義是法式、樣板。弋的聲音幾百年裂開：代 dài、式 shì。照樣子來的都是式：方式、儀式、公式。
弓	gōng	noun — a bow (for shooting)	弓=form:a bow drawn in outline — the curved frame and the string	一張弓的輪廓，一筆勾出——弦和弧連在一起。由這件兵器引出種種弓形：弓箭、拉弓、彎弓。當部件，它給強、張、弱、引安上那把弓。
引	yǐn	verb — to draw, pull, lead	弓=meaning:a bow | 丨=form:a single stroke — the pull drawn along the string	一張弓（弓），加一豎（丨）——順著弦拉開的那一下。合起來寫的是開弓；從拉開引申出一切牽引：引導、吸引、引起。
弟	dì	noun — younger brother	弟=form:a cord wound down a stake, turn under turn — the old graph	皮繩繞著木桿，一圈壓著一圈——次序。繞的順序變成兄弟的順序，字落在排後面的那個身上：弟弟。次序自己搬了家，戴上竹字頭：第。
弱	ruò	adjective — weak, frail, feeble	弓=form:a bent bow, doubled — two of them, soft and yielding | 彡=form:three soft strokes — fine hairs, drooping	兩張彎弓（弓重疊），各拖著幾道軟筆（彡），像下垂的細毛——又軟又彎的東西，於是引申為弱。於是：弱小、脆弱、軟弱。
張	zhāng	measure — for flat things	弓=meaning:a bow | 長=sound:zhǎng — gives the sound	弓（弓）上弦、拉開——繃緊張開。長給聲音，就是長大的 zhǎng，調子拉平。從拉開的弓：張開、張嘴；再到攤平的東西的量詞——一張紙、一張桌子——還有姓張的張。
強	qiáng/qiǎng/jiàng	adjective — strong	虫=meaning:an insect | 弘=sound:hóng — gives the sound	蟲（虫）配上弘（hóng）的聲音——本義是米裡的小甲蟲，硬殼的那種。「強壯」原本自己有字：彊，拉滿的弓。後來蟲的這個字把詞接了過去，弘裡的弓（弓）還站在左邊。
彈	tán/dàn	verb — to pluck, flick, spring back	弓=meaning:a bow — the thing that springs | 單=sound:dān — gives the sound	一張射圓丸而不射箭的弓（弓）——本義是發射彈丸；由弦一鬆的那股勁，分出「撥、彈」（tán）和那顆丸子——子彈、炮彈（dàn）。單給聲音，tán 一讀聲調移開了。於是：彈琴、彈性、子彈、炮彈。
彌	mí	verb/adv — to fill, make full	弓=meaning:a bow — drawn to its full span | 爾=sound:ěr — gives the sound	弓（弓）拉到最滿——撐足、填滿。爾（ěr）給聲音，扯遠成 mí。從填滿來：彌補、彌漫。
彎	wān	verb/adj — to bend	弓=meaning:a bow — the curved thing | 䜌=sound:luán — gives the sound	弓（弓）是彎著的東西；䜌（luán）給聲音，磨成了 wān。凡是像拉滿的弓一樣折起來的都是彎：彎曲、彎腰、彎路。
彗	huì	noun — a broom	又=meaning:a hand | 㣽=meaning:two tufts of broom-grass	一隻手（又）抓著兩束掃地的草（㣽）——一把掃帚。彗星拖著長尾掃過天空，像掃帚，所以叫彗星。
彙	huì	verb/noun — to gather, collect	彑=form:a bristled snout — the head of a hedgehog | 果=form:the round body below	古文字畫的是一隻刺蝟：上面 彑 是帶刺的嘴鼻，下面是圓滾滾、滿身是刺的身子。這隻把東西全捲到刺上的獸，把名字借給了「聚集」——彙集、詞彙、彙總。
形	xíng	noun — shape, form	彡=meaning:strokes of shading — the marks that make a shape visible | 幵=sound:jiān — gives the sound	三撇（彡）——把樣子畫出來的筆觸。幵（jiān）磨成了开，聲音也滑成了 xíng。筆觸顯出來的就是形：形狀、形象；樣子長出來，是形成。
彩	cǎi	noun — color, hue	采=sound:cǎi — gives the sound | 彡=meaning:three strokes — rays, sheen, decoration	采（cǎi，一隻手在樹上採摘）給聲音，音沒變；彡 那三筆光紋、文飾，給意思。合起來就是色彩流動、奪目的光彩：彩色、色彩、精彩。
影	yǐng	noun — shadow	景=sound:jǐng — sunlight; gives the sound | 彡=meaning:streaks — the brushed shade	日光（景）一照，拖出一道道（彡）暗影。景本來光和影都寫；後來加上彡，影子有了自己的字。景也給聲音，聲母軟成了 y。從投下的影，到一切投出來的畫面：影子、電影、攝影。
彷	páng/fǎng	(páng) in 彷徨 to pace, wander irresolute	彳=meaning:a step — walking, going | 方=sound:fāng — gives the sound	走的腳步（彳）配上聲音方——這個字幾乎不單獨出現，只活在兩個詞裡。讀 páng，配徨：彷徨，來回踱步、拿不定主意。讀 fǎng，配彿：彷彿，好像、似乎。
役	yì	noun/verb — labour service, conscription	彳=meaning:a step — going out, being sent | 殳=meaning:a hand gripping a pole or weapon — driving someone on	一隻持械的手（殳）把人趕上路（彳）——派去戍邊、去服勞。說文說它本義是戍守邊疆。由此引出一切被攤派的事：兵役、勞役，以及一場戰役；這樣驅使人就是奴役。
彼	bǐ	pronoun — that, the other	彳=meaning:a step, walking — going there | 皮=sound:pí — gives the sound	一個 彳（走、往那邊去），皮（pí）給聲音，p- 軟成 b-，調子也落下。本義是往那邊走、到那邊去——由「那邊」引申出指示詞：那一個、對方：彼此、彼方。同一個 皮 也蓋出 波、破、披。
彿	fú	used only in 彷彿 — to seem, resemble	彳=meaning:a step — walking, going | 弗=sound:fú — gives the sound	走的腳步（彳）配上聲音弗（fú）——這個字只有一個用處：和彷合成彷彿，好像、似乎。弗這個聲音也推著它的孿生寫法髣髴、和形近的佛。單獨拿出來沒有意思，全靠那一個詞活著。
往	wǎng	verb/adj — to go toward	彳=meaning:a step, walking along a road | 主=sound:the worn form of 㞷 (wǎng) — a foot (止) above 王, the old sound; copying flattened it into 主	左邊的彳（行走）說這是「動」。右邊現在寫成主，其實是磨平的㞷——止（腳）立在王上頭——本來的聲音。合起來就是動身前去（之也）。由「去」引出方向上的「往」（前往），也引出走過的時間：往日、以往。
待	dài	verb — to wait	彳=meaning:a step on the road — standing by, going to meet | 寺=sound:sì — gives the sound	彳（彳）配上寺，寺給聲音，本指在官署裡侍奉。站著候命——等待，也引出怎麼對待一個人。寺 sì 一路漂到 dài；同一個寺蓋出持、時、特。
很	hěn	adverb — very	彳=meaning:a step | 艮=sound:gèn — gives the sound	左邊一個腳步（彳）；艮（gèn）給聲音，g 磨成了 h——艮的古字是回頭瞪人的一隻眼。本義是不肯聽、兇悍（這個意思後來寫成狠）；兇勁磨平了，成了天天用的程度詞：很多、很好。
律	lǜ	noun — rule, law	彳=meaning:a step — the road | 聿=sound:yù — a hand holding a brush; gives the sound	手拿筆（聿）寫下來，路（彳）是大家走的——走路的規矩寫成了條文。聿（yù）也給聲音，聲母磨成了 l。這個字最早指定音的律管（十二律）；定下一個標準，後來凡是標準都叫律：法律、規律。
後	hòu	noun — behind	彳=meaning:a step — the road | 幺=meaning:a small thread | 夂=meaning:a foot, trailing	路上（彳），一條細線（幺）絆住拖在最後的腳（夂）——走不快，落在後頭。從落後的人出來：後面、以後、落後。
徑	jìng	noun — a (foot)path	彳=meaning:a step — walking, a road | 巠=sound:jīng — gives the sound	走的路（彳）；巠（jīng）給聲音，本身又是筆直水道的樣子。又窄又直的路：小徑、路徑——直就引出徑直。
徒	tú	noun — a follower, disciple	彳=meaning:a step — walking | 土=sound:tǔ — gives the sound	在地上（土）走（彳）——徒步。土（tǔ）也給聲音。跟在師父後面走的人就是徒弟；空著走又引出徒手、徒然。
得	dé/de/děi	verb — to get, obtain	彳=meaning:a step — the road half of 行 | 貝=meaning:a cowrie shell — money | 寸=meaning:a hand — closing on it	路邊（彳）一隻手（寸）握住一枚貝（貝，磨成了旦的樣子）——得到了。讀 dé 是得到、取得；說輕了是 de——跑得快，動詞跟後頭怎麼樣中間的那一格；說重了是 děi——我得走了，不走不行。
從	cóng	prep — from	彳=meaning:a step on the road | 从=meaning:two people, one behind the other — the old graph entire | 止=meaning:a foot	一個人跟在另一個人後面（从）——跟從；古字整個就這樣。路（彳）和腳（止）是後來補的，把「走」畫得更清楚。順著路從一個地方走出來，就是「從」：從家裡來。
復	fù	verb — to return	彳=meaning:a step — going and coming | 复=sound:fù — gives the sound	走過去又走回來的步子（彳）；复（fù）給聲音，本身是風箱一上一下的樣子。去了又回：回復、康復——再做一遍就是復習、重複。
循	xún	verb — to follow along, abide by	彳=meaning:a step — walking, a course | 盾=sound:dùn — gives the sound	順著一定的路走（彳）；聲符是盾（dùn，盾牌），讀音一路飄到了 xún。沿著定好的線走：遵循、循序——一圈一圈就是循環。
微	wēi	adjective — tiny, slight, subtle	彳=meaning:a step — moving, going | 𢼸=sound:wēi — gives the sound	走（彳）得悄無聲息，藏起來；𢼸（wēi）給聲音，舊樣子早磨得認不出。從隱蔽引到極小：微小、微妙、微生物。
徵	zhēng	verb — to levy, summon, collect	彳=meaning:a step taken — the road | 微=empty:the worn middle — a reduced 微, the man on the path | 壬=empty:the standing figure at the foot	路上邁一步（彳），出去把人召回來——徵召、徵收。中間是磨損的微，底下一個壬，擠在一起，原來的聲符已經認不出來。從帝王徵召引申：徵召、徵收、徵求。
德	dé	noun — virtue, moral character	彳=meaning:a step, a road | 直=meaning:a straight eye — looking straight ahead; the top wore from 悳 into 十 | 心=meaning:a heart | 悳=sound:dé — gives the sound	三個部分。彳是要走的路；直是直視前方的眼睛（上頭從悳磨成了十）；心在底下。眼正、心正地走這條路——就是德，一個人立身的端正：道德、品德。由對人做的端正之事，引出該還的恩惠：恩德。
徹	chè	verb/adj — to penetrate through	彳=meaning:a step, walking — passage | 鬲=form:a cauldron — worn to 育 in the modern glyph | 攴=meaning:a hand striking, clearing away	一個 彳（行、通過），一隻動手清理的手 攴，中間夾著 鬲——一口鼎，在今天的字裡磨成了 育的樣子。飯後雙手把鍋鼎全撤走——一路清到底，桌上一空。由此引申為貫穿、通到底：徹底、貫徹、徹夜。
徽	huī	noun — a banner, an emblem, an insignia	糸=meaning:a silk cord — the strands of the banner | 微=sound:huī — gives the sound	微的架子裡夾著一束絲（糸）——本義是編好的繩，後來成了旗幟、徽章：徽章、國徽。微（huī）給聲音，從它本身的 wēi 偏了過來。那束絲（糸）藏在中間，在彳和攵之間。
心	xīn	noun — heart	心=form:the heart itself, drawn	畫的就是心臟——金文還看得到心房的樣子。站在字的左邊，就瘦成忄。
必	bì	adverb — surely, must	必=form:a weapon's shaft with its grip marked — the old graph of 柲	長兵器的柄，握手處纏了一圈記號——這是柲的本字。「一定」把字整個借走；木柄另加木字，寫成柲。剩下的必，從此只管「一定」：必須、必要、不必。
忌	jì	verb — to be jealous of	心=meaning:the heart | 己=sound:jǐ — gives the sound	一顆心（心），己（jǐ）給聲音，只有聲調落下，成 jì。一顆向著自己的心，燒著妒火；同樣那顆戒懼的心，又躲著它所怕的——避忌、忌諱：妒忌、忌諱、忌口。同一個 己 也蓋出 紀、記。
忍	rěn	verb — to endure, bear	心=meaning:the heart | 刃=sound:rèn — gives the sound	刀刃（刃）擱在心（心）上，還是不動——忍。刃（rèn）也給聲音。撐著不出聲：忍受、忍耐、容忍。
志	zhì	noun — will, aim, aspiration	之=sound:zhī — gives the sound | 心=meaning:the heart	心（心）要去的方向。上面本是之（zhī），一隻腳朝目標邁出去，抄寫久了磨成了像「士」的樣子。心定下的去向：志向、意志、志願。
忘	wàng	verb — to forget	亡=sound:gone, lost — and the sound: wáng → wàng | 心=meaning:the heart	「亡」在「心」上——心裡的東西不見了；亡也表音。
忙	máng	adjective — busy	忄=meaning:the heart | 亡=sound:wáng — gives the sound, worn to máng	忄是心，亡表聲——和忘是同一對零件，排法不同。
忠	zhōng	adjective — loyal, faithful, devoted	心=meaning:the heart-mind | 中=sound:zhōng — gives the sound; also "center, dead-on"	心（心）守在中（中）——正中、不偏，這就是忠。中（zhōng）給聲音，原樣不變，連畫面也是——心瞄準正中，就不會變。由此：忠誠、忠告。
快	kuài	adjective — fast	忄=meaning:the heart | 夬=sound:guài — gives the sound	心（忄）一鬆一喜——說文：喜也。夬（guài）給聲音，g 在 {g,k,h} 裡走了一步成 k。從高興長出快慢的快：快樂留著喜，快車、趕快跑著新義。
念	niàn	verb — to think of, keep in mind	今=sound:jīn — gives the sound | 心=meaning:the heart	心（心）在下，今（jīn）在上給聲音，磨得遠了——niàn。說文：常思也——一直放在心上。想念、紀念守著想；讀出聲那一支（念書），臺灣的字面上多半寫成唸。
忽	hū	adv/verb — suddenly	勿=sound:wù — gives the sound | 心=meaning:the heart, the mind	心（心）一揮手就略過（勿）——勿（wù）給聲音，飄成了 hū。被略過的：不放在心上，忽略、忽視；眨眼就過，忽然。
怎	zěn	adverb — how	乍=sound:zhà — gives the sound, ground down to zěn | 心=meaning:the heart beneath — the wondering mind	宋朝前後才造的白話字：心（心）在底下發問，乍（zhà）給聲音，磨成了 zěn。它只寫一個詞——如何：怎麼、怎樣、怎麼辦。
怒	nù	verb/noun — to be angry	心=meaning:the heart | 奴=sound:nú — gives the sound	一顆心（心），奴（nú）給聲音，只有聲調落下，成 nù。奴隸那顆被壓著、按著的心，憋到要炸——這股心頭的脹滿就是怒：憤怒、發怒、怒火。同一個 奴 也蓋出 努。
怕	pà	verb — to fear, to be afraid	忄=meaning:the heart | 白=sound:bái — gives the sound	心（忄）配白（bái）的聲音，b 跨到了 p。說文記的是另一個老義：安靜不動——這個意思如今住在泊（淡泊）裡。日常的害怕把字整個接了過去：怕黑、害怕、恐怕。
怖	bù	verb — to fear, dread	忄=meaning:the heart — fear felt | 布=sound:bù — gives the sound	心（忄）被恐懼揪住——布（bù）給聲音，就是攤開來的那塊布。合起來寫的是害怕：恐怖、可怖。
思	sī	verb — to think	囟=meaning:the skull — the soft crown of the head | 心=meaning:the heart	頭蓋（囟）在上，心（心）在下——頭和心一起做這件事，合起來寫的就是思。抄寫把囟磨方，成了田。
怠	dài	adj/verb — lazy, slack	心=meaning:the heart below | 台=sound:tái — gives the sound	底下一顆鬆掉的心（心）——懶、怠。上面的台（tái）給聲音，t 磨成了 d。提不起勁的那個心：怠惰、懈怠、怠慢。
急	jí	adj/verb — urgent	心=meaning:a heart, below | 及=sound:jí — gives the sound	心（心）在最底下。上頭的及（jí）給聲音，也給畫面——一隻手抓住前面的人，趕上去——只是抄寫把它壓成了上面那幾筆。一顆趕著要追上的心：就是急。著急、急事。
性	xìng	noun — nature, disposition	忄=meaning:the heart — the inner self | 生=sound:shēng — gives the sound	心（忄）生（生）來就帶著的。生（shēng）給聲音，也給「天生」的意思。與生俱來的底子：本性、個性——天生的類別就是性別。
怨	yuàn	verb/noun — to resent, blame	心=meaning:the heart | 夗=sound:yuàn — gives the sound	一顆心（心），上面是 夗——傍晚一具翻來覆去、躺不平的身子，給聲音。那顆翻來覆去、靜不下來的心就是怨——壓不平的怨恨：怨恨、抱怨、結怨。
怪	guài	adj/verb — strange, odd	心=meaning:a heart, the feeling | 圣=sound:gives the sound	左邊的心（心）說這是個感覺。右邊是圣——一隻手挖土，在這裡只管給聲音，後來漂到 guài。心裡覺得不對勁：就是怪（奇怪），再由「怪」引到挑毛病、責備：責怪。
恍	huǎng	adjective — in a daze	忄=meaning:the heart, the mind | 光=sound:guāng — gives the sound	心（忄）裡一片光（光），卻什麼也定不下來——恍。光（guāng）給聲音。發呆時的模糊就是恍惚；忽然亮起來就是恍然大悟。
恐	kǒng	verb — to fear	心=meaning:the heart | 巩=sound:gǒng — gives the sound	心（心）被攥緊（巩）——害怕揪住了它。巩（gǒng）給聲音。恐懼、恐怖都是那一把揪緊；恐怕則是心裡犯怵的猜想。
恢	huī	adjective — vast, broad	忄=meaning:the heart | 灰=sound:huī — gives the sound	心（忄）放得很寬；灰（huī）給聲音。從寬廣引出恢弘、恢宏——恢復則是大大地擺回原來的樣子。
恨	hèn	verb — to hate	忄=meaning:the heart | 艮=sound:gèn — gives the sound	心（忄）卡在那裡轉不過去（艮）——咬住怨氣不放。艮（gèn）給聲音。停在心上的：怨恨、痛恨——朝自己就是悔恨。
恩	ēn	noun — kindness, favor, grace	心=meaning:the heart | 因=sound:yīn — gives the sound	一顆心（心），因（yīn）給聲音，y- 磨掉了，剩 ēn。因 是一個人躺在席子上——所憑、所靠的東西。把所依靠的好處記在心上、心懷感念，就是恩：恩惠、恩情、感恩。
恭	gōng	adjective — respectful, reverent	忄=meaning:the heart, set underneath — reverence felt, not just shown | 共=sound:gòng — gives the sound	心（忄，這裡寫成底下的㣺）配上共，共給聲音，又畫出兩隻手把東西高高捧起。心裡存著敬，手上捧著奉。共 gòng 緩成 gōng，也蓋出供、拱。
息	xí	noun — breath	自=meaning:the nose — 自 originally drew a nose | 心=meaning:the heart	鼻子（自）在上，心在下——一口氣進到胸口，就是息。
恰	qià	adverb — exactly, just right, precisely	忄=meaning:the heart — a sense of fit | 合=sound:hé — to join, fit together; gives the sound and the fitting sense	心（忄）配上合（hé，相合）——心裡覺得正正合適：恰好、恰當、恰巧，剛剛好。合既給聲音，也給「相合」的意思；那聲音自己卻前移了好遠，從 hé 到 qià。
恿	yǒng	verb — to urge on, incite, egg on (only in 慫恿)	甬=sound:yǒng — gives the sound | 心=meaning:the heart	甬（yǒng，一口懸鐘、一條甬道）給聲音，音沒變，下面一顆心（心）。古文字是「勇」的古體——心被推著往前、壯起膽來。如今用來推別人往前：慫恿。同一個 甬 也蓋出 勇、涌、踊。
悄	qiǎo	adjective — quiet, still	忄=meaning:the heart | 肖=sound:xiào — gives the sound	心（忄）靜下來——本義是憂，悶在裡頭的那種。肖（xiào）給聲音，x 磨到 q。從無聲的憂愁，到日常的悄悄：一聲不響地做事。
悅	yuè	verb — to please, delight	忄=meaning:the heart | 兌=sound:duì — gives the sound	心（忄）打開了——高興。兌（duì）給聲音，就是那個把說、銳也帶得老遠的聲符。歡喜的心：喜悅、愉悅。
悉	xī	verb/adv — to know in full	釆=sound:biàn — gives the sound and meaning | 心=meaning:the heart, the mind	心（心）把每道腳印（釆）一一分辨清楚——樣樣都懂。釆（biàn）既給聲音，又給「分辨」的樣子。從周到引出熟悉、悉知；從「全部」引出悉數、悉心。
悔	huǐ	verb — to regret, repent	忄=meaning:the heart | 每=sound:měi — gives the sound	心（忄）一遍又一遍（每）翻回去想——後悔。每（měi）給聲音，飄成了 huǐ。回頭想的：後悔、悔改、悔恨。
悟	wù	verb — to realize, awaken to, comprehend	忄=meaning:the heart-mind — where it dawns | 吾=sound:wú — gives the sound	心（忄）忽然看清了——吾（wú）給聲音，聲調偏成 wù。合起來：對一件事醒過來、想通了：領悟、覺悟。
悠	yōu	adjective — distant, far-off (in time)	心=meaning:the heart | 攸=sound:yōu — gives the sound	心（心）伸向遠處——念頭拉得又長又遠。攸（yōu）給聲音，音不變。從遙遠：悠久、悠遠；再到從容的悠閒。
患	huàn	noun/verb — trouble, calamity	串=sound:chuàn — gives the sound | 心=meaning:the heart	心（心）被穿透（串）——揪住人的憂患。串（chuàn）給聲音。停在身上的麻煩：禍患、患難——找上門的就是患病、患者。
您	nín	pron — you, polite	你=sound:nǐ — the plain you; gives the sound | 心=meaning:the heart beneath	你架在心（心）上。這個詞本是你們連讀——用眾數表客氣——尾巴上的 -n 就是們留下的；底下那顆心，把敬意寫了出來。
悲	bēi	noun/adj — sorrow, grief	心=meaning:the heart | 非=sound:fēi — gives the sound	心（心）痛著——悲。非（fēi）給聲音，f 沿著 b、p、f 磨回 b。從傷痛長出整片悲：悲傷的難過，慈悲裡替人心疼。
悶	mèn/mēn	adj/verb — stifled, depressed	門=sound:mén — gives the sound | 心=meaning:the heart, sealed inside	門（門）關住了心（心）——情緒出不去，悶在裡面。門（mén）給聲音，只動了調。從這份鬱結：悶悶不樂、解悶；空氣不流通讀 mēn——悶熱。
情	qíng	noun — feeling	忄=meaning:the heart | 青=sound:qīng — gives the sound	心（忄）管意思；青（qīng）給聲音，差一個聲調。心裡動的：感情、心情、愛情——還有事情真正的樣子、事情的底：實情、情況。
惋	wǎn	verb — to feel regret, to sigh over (a loss)	忄=meaning:the heart | 宛=sound:wǎn — gives the sound	心（忄）為失去的事彎了下來——惋惜。宛（wǎn）給聲音，音不變。意思幾乎全在惋惜：為一件可惜的事嘆息。
惑	huò	verb — to be confused, perplexed	心=meaning:the heart-mind | 或=sound:huò — gives the sound; also "or, perhaps"	心（心）底下放著或（或）——而或本就是「或者、也許」。心在這個那個之間拿不定，就是惑。或（huò）把聲音原樣帶過來：疑惑、迷惑。
惕	tì	adj/verb — wary, on guard	忄=meaning:the heart | 易=sound:yì — gives the sound	心（忄）繃著、不鬆懈——警惕。易（yì）給聲音，可這一系讀得很散（易 yì、賜 cì、惕 tì）。戒備的心：警惕、惕厲——提防著出事。
惚	hū	adjective — (恍惚) absent-minded, in a haze	忄=meaning:the heart, the mind | 忽=sound:hū — gives the sound	心（忄）連自己也擺擺手放過了（忽）——神智一片模糊。忽（hū）給聲音，也給那份溜走的勁。它幾乎只出現在恍惚裡，飄飄忽忽的那種。
惜	xī	verb — to cherish, treasure	忄=meaning:the heart, set on its side | 昔=sound:xī — gives the sound	左邊心（忄），昔（xī）給聲音——昔是從前的日子。一顆朝向逝去之物的心：珍重它，也為它的流失而痛。於是既「珍惜」又「可惜」：珍惜、可惜、惜別。
惠	huì	noun/verb — kindness, favor	叀=meaning:a loaded spindle, turning steadily | 心=meaning:the heart	心（心）像紡錘（叀）一樣穩穩地轉向別人——白給的好意。古文字有兩個說法：叀是紡錘，是專心均勻地給的樣子；或者叀（zhuān）給聲音。朝外的善意：恩惠、優惠、互惠。
惡	è/wù	adjective — evil, bad (è)	亞=sound:yà — gives the sound | 心=meaning:the heart	心（心）落到了偏、次的那一邊（亞）——又是壞，又是受不了。亞（yà）給聲音，飄成 è 和 wù。讀 è 是壞本身，邪惡、惡劣；讀 wù 是躲開那壞，厭惡、可惡。
惦	diàn	verb — to keep thinking of, miss, worry about	忄=meaning:the heart at the side | 店=sound:diàn — gives the sound	旁邊一顆心（忄），借 店 的 diàn 音。心裡擺著一件事，一直放不下：惦記、惦念、惦著。
惰	duò	adjective — lazy, idle, slack	忄=meaning:the heart | 隋=sound:suí — gives the sound	心（忄）鬆垮下來——本義是不敬，後來就是懶。隋（suí）給聲音，s 磨成 d，跟墮（duò）同一個聲符。不肯動的心：懶惰、惰性。
惱	nǎo	verb/adj — to vex, be annoyed	忄=meaning:the heart (忄)	心（忄）旁邊配上腦 nǎo 共用的那個右半——給聲音，也指向腦袋。心裡翻來覆去，靜不下來。右邊是腦字磨平的框，同樣蓋出腦、瑙。
想	xiǎng	verb — to think	相=sound:xiāng — gives the sound | 心=meaning:the heart	心（心）上面是相（xiāng）——樹後一隻眼睛在看；調轉了。上面在看，下面在動心：在心裡描出一個樣子。從這裡走出想、想要、想念。
惶	huáng	adjective — frightened, panicky	忄=meaning:the heart | 皇=sound:huáng — gives the sound	心（忄）面對高高在上的東西（皇）——就慌了。皇（huáng）給聲音。畏縮的怕：惶恐、驚惶——一整片人都這樣就是人心惶惶。
惹	rě	verb — to provoke, stir up, bring on (trouble)	心=meaning:the heart — stirred up | 若=sound:ruò — gives the sound	心（心）被攪動起來——若（ruò）給聲音，一路磨成了 rě。合起來：把事情挑起來、招上身：惹事、惹禍、惹人注意。
愁	chóu	verb/noun — to worry, fret	心=meaning:the heart | 秋=sound:qiū — gives the sound	心（心）壓在秋（秋）底下——落葉的季節壓著人。秋（qiū）給聲音，q 磨到 ch。發愁的心：發愁、憂愁、愁苦。
愈	yù	verb — to heal, recover (from illness)	俞=sound:yú — gives the sound; heads the 俞 series (愉, 喻, 輸) | 心=meaning:the heart — where the recovering is felt	俞（yú）壓在心（心）上——好起來、痊愈：病愈。從病勢轉好，引申出「程度往上加」——愈來愈、愈加，越發如此。
愉	yú	adjective — pleased, cheerful, glad	忄=meaning:the heart | 俞=sound:yú — gives the sound	心（忄）舒坦——高興。俞（yú）給聲音，音不變，就是輸、愈底下那個挖空獨木舟的聲符。輕快的心：愉快、愉悅。
意	yì	noun — meaning	音=meaning:the sound behind the words | 心=meaning:the heart	音（聲）在上，心（心）在下——說文：察言而知意，心聽出話底下的那個聲。話底下的東西：意思；心裡拿定的：意見；心向著一邊：願意、同意。
愚	yú	adjective — foolish, stupid	心=meaning:the heart, the mind | 禺=sound:yú — gives the sound	心（心）遲鈍——愚。禺（yú）給聲音，音不變，就是遇底下那個聲符。遲鈍的腦：愚蠢、愚昧；說自己時是謙辭（愚見）。
愛	ài	verb — to love	心=meaning:the heart | 旡=sound:jì — gave the sound | 夊=form:trailing legs — added by later copyists	心（心）在正中央。旡（jì）本來給聲音，抄著抄著磨成上面的爪和冖，下面又走進來一雙腿（夊）。周圍的筆畫全變了，心沒動：愛人、可愛、愛吃。
感	gǎn	verb — to feel	心=meaning:the heart | 咸=sound:xián — gives the sound	心（心）在下面；咸（xián）——古話的「全部」——給聲音，x 退成了 g。說文：動人心也。整顆心一起被牽動：感動、感覺、感冒。
愧	kuì	verb/adj — ashamed, abashed	忄=meaning:the heart | 鬼=sound:guǐ — gives the sound	心（忄）縮起來，像見了鬼（鬼）——羞愧。鬼（guǐ）給聲音，g 沿著 g、k、h 磨到 k。羞愧的心：慚愧、愧疚，臉紅的愧色。
慈	cí	adjective — kind, loving	茲=sound:zī — gives the sound | 心=meaning:the heart	心（心）對人不斷生長（茲）出來的——疼愛。茲（zī）給聲音。長輩往下的那份愛：慈愛、慈祥、慈母。
態	tài	noun — manner, form, state (態度)	能=sound:néng — gives the sound and meaning | 心=meaning:the heart	內在的本事（能）透過心（心）顯在外頭的樣子——神態。能（néng）既給聲音又給「能耐」的意思。心擺出來的形狀：態度、姿態、形態。
慌	huāng	adj/verb — flustered, panicked	忄=meaning:the heart | 荒=sound:huāng — gives the sound	心（忄）變成一片荒地（荒）——亂了，抓不住東西。荒（huāng）給聲音，也給那片野空的樣子。亂作一團：慌張、慌亂、慌忙。
慎	shèn	adjective — careful, cautious, prudent	忄=meaning:the heart — held watchful | 真=sound:zhēn — gives the sound	心（忄）守得很警醒——真（zhēn）給聲音，磨成了 shèn。把事情當真、當重，行事小心：謹慎、慎重。
慕	mù	verb — to admire, yearn for, look up to	莫=sound:mò — gives the sound | 心=meaning:the heart — written ⺗ along the bottom	心（⺗）朝著得不到的東西伸過去，像白晝望著落日（莫）。莫（mò）給聲音。那股嚮往：愛慕、羨慕、仰慕。
慘	cǎn	adjective — miserable, tragic	忄=meaning:the heart | 參=sound:cān — gives the sound	心（忄）被狠狠割著——本義是又毒又劇的痛。參（cān）給聲音，只動了調（參 本身也讀 shēn）。淒慘的心：悲慘、慘重、慘忍。
慚	cán	verb/adj — ashamed, abashed	忄=meaning:the heart | 斬=sound:zhǎn — gives the sound	心（忄）被羞愧割了一刀——像斬一樣。斬（zhǎn）給聲音，zh 磨到 c。羞慚的心：慚愧、自慚。
慢	màn	adjective — slow	忄=meaning:the heart | 曼=sound:màn — gives the sound, exact	心（忄）拖著不動——說文：惰也；傲慢還留著那個味道。曼（màn）給聲音，一點沒變，自己又是「拉長」的意思。日常的慢從拖裡長出來：慢慢來。
慣	guàn	adj/verb — used to	忄=meaning:the heart | 貫=sound:guàn — gives the sound; itself a cord strung through coins	忄是心，貫表聲——貫本來就是一串穿起來的錢。
慧	huì	adj/noun — bright, clever	心=meaning:the heart, the mind | 彗=sound:huì — gives the sound	心（心）掃得乾乾淨淨——機敏。彗（huì）給聲音，音不變。從機敏：智慧、聰慧，銳利的慧眼。
慨	kǎi	verb/adj — to sigh with feeling	心=meaning:the heart — where the feeling rises | 既=sound:jì — gives the sound	心（心）裡長長一嘆——情緒湧上來。既（jì）給聲音，一路扯遠成 kǎi。從那口氣裡來：感慨、慷慨。
慫	sǒng	verb — to egg on, incite, urge someone to act	心=meaning:the heart | 從=sound:cóng — gives the sound	心（心）在從（cóng）底下——從旁邊撥弄一個人的心，直到他動：慫恿。從畫的是一人跟著一人；在這裡它給的聲音磨到很遠，成了 sǒng。從還蓋出縱、蹤、叢。
慮	lǜ	verb — to think over, plan, be concerned about	思=meaning:thinking — the mind turning over | 虍=sound:hū — gives the sound	思（思）頂著一個虎頭（虍）——虍（hū）給聲音，被拉到老遠的 lǜ。心思反覆翻來覆去：仔細想、盤算，再到擔心：考慮、憂慮。
慰	wèi	verb — to comfort, console, soothe	心=meaning:the heart | 尉=sound:wèi — gives the sound	心（心）安頓下來——安慰。尉（wèi）給聲音，音不變，就是熨底下那個聲符。從安定：安慰、慰問、慰藉。
慶	qìng	verb/noun — to celebrate	鹿=meaning:a deer — its hide brought as a congratulatory gift | 心=meaning:the heart — the goodwill carried | 夂=meaning:feet going — to walk over and offer it	帶著鹿皮（鹿）和一顆道喜的心（心），走（夂）過去賀喜。鹿只剩上半和左邊的輪廓。古文字有兩個說法：純是心、鹿皮、走腳的會意，或者這三樣底下還有個灸聲，現在的字形已經看不見了。喜慶的場合：慶祝、慶賀、喜慶。
慷	kāng	adjective — fervent, openhanded (in 慷慨)	心=meaning:the heart (忄) | 康=sound:kāng — gives the sound, the same 康 as in 健康	心（忄）高揚、敞開——慷是那股湧上來、潑出去的情緒，慷慨後面的那股熱。康（kāng）原音直接給過來，沒磨。一顆滿溢的心，什麼都不留。
憂	yōu	verb/noun — to worry	頁=sound:yè — gives the sound | 心=meaning:the heart — heavy | 夂=meaning:feet dragging — slow, reluctant steps	低著的頭（頁）、沉沉的心（心）、拖不動的腳（夂）——整個人都被愁壓垂了。古文字有兩個說法：頁（yè）在心上給聲音（從心頁聲），或者腳（夊）給意思、裡頭磨損的𢚧給聲音。從這股下沉：憂愁、憂慮、擔憂。
憊	bèi	adjective — exhausted, worn out, dead tired	備=sound:bèi — to be ready, fully provided; gives the sound | 心=meaning:the heart — spent right through	備（bèi）壓在心（心）上——說文解作「疲極」，累到了頭。備是樣樣齊備，憊卻借心說出反面：心力掏空、一點不剩——疲憊。備把聲音原樣給了它。
憋	biē	verb — to hold in, suppress	敝=sound:bì — gives the sound | 心=meaning:the heart	心（心）抵著一股磨破的悶勁（敝），死死關住不放出來。敝（bì）給聲音。悶在裡頭：憋氣、憋住、憋悶。
憐	lián	verb — to pity	忄=meaning:the heart | 粦=sound:lín — gives the sound	心（忄）為別人的苦處一閃一閃地動（粦）——憐。粦（lín）給聲音。為人心軟的：憐憫、可憐、憐惜。
憑	píng	verb/prep — to lean on, rely on	馮=sound:píng — gives the sound | 心=meaning:the heart, what the leaning rests on	心（心）有所倚靠——依憑。馮（píng）給聲音，音不變，整個壓在上頭。從倚靠：憑藉、憑欄，還有口語的憑什麼——靠什麼。
憤	fèn	noun/verb — indignation, anger	忄=meaning:the heart | 賁=sound:bēn — gives the sound	心（忄）脹起來，要炸開——憤。賁（bēn）給聲音，b 沿著 b、p、f 磨到 f，就是噴底下那個聲符。激動的心：憤怒、氣憤、義憤。
憧	chōng	verb — to long for, yearn (in 憧憬)	忄=meaning:the heart, feeling | 童=sound:tóng — a child; gives the sound	心（忄）追著一個按不定的東西——嚮往。童（tóng）給聲音，t 磨成了 ch。幾乎只活在「憧憬」裡，望著想要的遠處。
憬	jǐng	verb — to wake to, come to realize (in 憧憬、憬悟)	忄=meaning:the heart, mind | 景=sound:jǐng — scenery, daylight; gives the sound	景色一開，心（忄）裡亮了——明白過來。景（jǐng）那片日光下的景，把聲音原樣帶進來。見於「憧憬」、「憬悟」。
憲	xiàn	noun — the constitution	心=meaning:the heart, the mind | 目=meaning:the eye | 害=sound:hài — the phonetic, abbreviated, far from xiàn	心（心）和 目（眼）合在一起——心眼並用，看得明白的判斷力——上面一個省寫的 害（hài）給聲音。本義是「敏銳、看得清」，今天用來指看管眾法的那部大法：憲法、憲政。害是減筆的（害省聲），讀音也離 xiàn 很遠了。
憶	yì	verb — to remember, recall	忄=meaning:the heart, mind | 意=sound:yì — a thought, intent; gives the sound — and the meaning too	心（忄）把一個念頭重新喚起來——記得。意（yì）給聲音，也出力氣：意本就是「念頭」，在這裡被叫回心上。記憶留住、回憶往回、憶起撈出來。
憾	hàn	noun/verb — regret, what is left unfulfilled	忄=meaning:the heart | 感=sound:gǎn — gives the sound	心（忄）感到一個缺口——遺憾，沒能圓滿的那件事。感（gǎn）給聲音，g 沿著 g、k、h 磨到 h。心裡的缺：遺憾、憾事、憾恨。
懂	dǒng	verb — to understand	忄=meaning:the heart — where thinking sits | 董=sound:dǒng — gives the sound, exactly	心（忄）裡接住了——懂；古人把想事情放在心上，心字旁管這些詞。董給聲音，一點沒變。晚出的字，造得直白：聽懂、看懂、懂事。
懇	kěn	adj/verb — sincere, earnest	心=meaning:the heart | 貇=sound:kūn — gives the sound	心（心）攤開、真實——誠懇。貇（kūn）給聲音，這個聲符幾乎只出現在這裡和墾（開荒）。真摯的心：誠懇、懇切，迫切的懇求。
懈	xiè	verb/adj — to slack off	忄=meaning:the heart, will | 解=sound:jiě — to untie, loosen; gives the sound	心力（忄）鬆開了——懈怠。解（jiě）是解開，給聲音，j 磨成了 x；心一鬆開，正是懈。鬆懈是放鬆，不懈是不放鬆。
應	yīng/yìng	aux — should, ought	鷹=sound:yīng — the falcon, its bird (鳥) folded away, gives the sound exactly | 心=meaning:the heart	鷹（鷹，省去鳥）壓在心（心）上——一叫就回應的心。鷹（yīng）給聲音，一點沒變。讀 yìng 是回答人家：答應、回應、反應；讀 yīng 是照理要做：應該、應當。
懊	ào	verb — to feel regret, be vexed	忄=meaning:the heart, feeling | 奧=sound:ào — the deep inner corner; gives the sound	悔意在心（忄）最深的角落作痛——懊惱。奧（ào）是屋裡幽深的內角，原樣給聲音，這份煩悶也正藏在深處。懊惱是煩，懊悔是悔。
懦	nuò	adjective — cowardly, timid, weak-willed	忄=meaning:the heart | 需=sound:xū — gives the sound	心（忄）軟下來——沒膽、沒骨氣。需（xū）給聲音，磨得很遠到 n，跟儒（rú）同一個聲符。膽小的心：懦弱、怯懦。
懶	lǎn	adjective — lazy, idle	忄=meaning:the heart | 賴=sound:lài — gives the sound	心（忄）寧可賴著也不肯動——懶。賴（lài）給聲音，l 不變，韻尾磨成 -an。這字是嬾的後起寫法，把女換成了心（忄）。不想動的心：懶惰、偷懶。
懷	huái	verb/noun — to hold to the breast, cherish	忄=meaning:the heart, feeling | 褱=sound:huái — clothes (衣) folded over something at the chest; gives the sound	心（忄）把一樣東西收在胸前——懷抱、放在心上。褱（huái）給聲音也給畫面：一件衣（衣）裹著貼胸的東西，衣被拆成上下兩半夾住它。胸懷是胸襟，懷念是把人放心上，懷疑是揣著疑。
懸	xuán	verb — to hang, suspend	心=meaning:the heart, in suspense | 縣=sound:xián — to hang (its older job); gives the sound — and the hanging itself	縣本來自己就是「吊」——一顆倒過來的頭（県，倒首）用繩（系）掛起來。縣改去當「縣份」後，底下加了心（心），管那些懸而未決的事。懸掛是吊著，懸案是沒結的案，懸心是心放不下來。
懼	jù	verb — to fear, dread, be afraid	忄=meaning:the heart | 瞿=sound:jù — gives the sound	心（忄）揪緊——害怕。瞿（jù）給聲音，音不變，兩隻眼睛（䀠）配著鳥（隹）。驚恐的心：恐懼、畏懼、懼怕。
戀	liàn	verb — to love, be attached to	心=meaning:the heart, feeling | 䜌=sound:luán — silk threads (糸…糸) tangled around words (言); gives the sound	絲線一纏，心（心）就拉不開了——戀。䜌（luán）在上頭，兩束絲（糸）絞著言語（言），給聲音，也給「纏成一團」的樣子。心陷進這團纏裡就是戀：戀愛陷進去、留戀走不開、戀人是纏住你的那個人。
成	chéng	verb — to become	戊=meaning:a long-handled axe | 丁=sound:dīng — gives the sound	一把長柄斧（戊），裡面放著丁給聲音，dīng 磨成了 chéng。合起來寫的是做完——完成；做完了，東西就成了別的樣子：成為、成功。
我	wǒ	pronoun — I, me	我=form:a serrated battle-axe — the weapon the word borrowed	畫的是一把有齒的兵器。「我」把字借走，再也沒還——兵器成了化石，代詞活了下來。
戒	jiè	verb — to guard against, warn	廾=meaning:two hands held up | 戈=meaning:a halberd, raised	兩隻手（廾）把戈（戈）舉起來——戒備、警告。從站崗守衛：告戒，以及防著壞習慣的戒——戒酒、戒菸。
或	huò	conj — or	戈=meaning:a dagger-axe — the guard's weapon | 口=meaning:the walled settlement	戈（戈）守著一座有牆的城（口），底下一橫是它站的地——這是「疆域」最早的寫法，後來寫成域、寫成國。「或者、也許」把字整個借走，再也沒還：或者、或許。
戚	qī	noun — kin, relative	戉=meaning:a battle-axe — the broad blade | 尗=sound:shú — gives the sound	一把大斧（戉）——尗（shú）給聲音，磨成了 qī。本義是一種斧鉞；日常的「親戚」和憂傷的「戚戚」都是順著聲音借來的。
截	jié	verb — to cut off, sever	戈=meaning:a halberd — the cutting edge | 雀=sound:què — gives the sound	戈（戈）一落，斷開——切得乾淨。雀（què）給聲音，q 磨到 j。從切斷：截斷，以及半路攔下的攔截、截止。
戰	zhàn	noun/verb — war	單=sound:dān — gives the sound | 戈=meaning:a dagger-axe	戈（戈）配單（dān）的聲音——單自己就畫著一柄帶杈的獵具；聲母從 d 磨到 zh。一個字裡兩件兵器：打仗的戰，戰爭、作戰。身體抖個不停，寫成戰抖——是借去寫顫的。
戲	xì	noun/verb — a play, drama	戈=meaning:a halberd, a weapon | 虍=sound:hū — the tiger's head, top-left of the full graph; 說文 takes the whole left side (虛) as the sound	右邊戈（戈）——這字起初指軍陣演武、假打。聲音在左半：說文把整個虛邊讀作戲聲，虎頭虍（hū）下壓著禮器豆，一路拖到 xì。從演武到演一切：戲劇、遊戲、把戲。
戴	dài	verb — to wear (on the head)	異=meaning:a person holding something up over the head with both hands | 𢦏=sound:zài — gives the sound	異畫一個人雙手把東西高高舉過頭頂——已經是戴帽子的動作。另一半是𢦏（zài），這個聲符還蓋出載、栽、裁——在這裡磨進周圍的筆畫，從 zài 漂到 dài。把東西放上頭頂：戴帽子、戴眼鏡，引申到把人高舉，擁戴。
戶	hù	noun — door (single-leaf)	戶=form:the picture of a single-leaf door	一扇門板的樣子——把雙扇的門（門）切一半。一片門板掛在門軸上轉：就是戶，單扇門，也是它關起來的那一家。由門引出門後過日子的人家：戶口、家戶。
房	fáng	noun — a room	戶=meaning:a door, single-leafed | 方=sound:fāng — gives the sound	一扇單邊的門（戶），配方的聲音，調子彎成 fáng。說文：室在旁——正廳旁邊的屋子，一間一扇門。後來哪一間都是房：房間、廚房、房子。
所	suǒ	noun — place	戶=sound:hù — a door leaf; gave the old sound | 斤=meaning:an axe	斧頭（斤）砍樹——本義是砍木頭的聲音；戶（hù）在上古跟它押韻，借來給聲音，今天的國語已經聽不出來。後來整個字被借走：先做「地方」（場所、廁所），又做把動詞變名詞的「所」——所說的、所有；所以，就是「靠這個」——因此。
扁	biǎn	adjective — flat, level, thin	戶=meaning:a door — its single flat leaf | 冊=meaning:bound bamboo slips — flat, thin, side by side	戶（戶）加上成編的竹簡（冊）——寫在平板上的東西，門上的匾額；從那塊板，引出又平又薄的意思。扁的樣子：扁平、扁擔、壓扁。
扇	shàn/shān	noun/verb — a fan	戶=meaning:a door, its single leaf | 羽=meaning:feathers — the vanes	門扇（戶）裝上羽片（羽）——扇子，會擺動、能搧風的板。從扇子：扇子、電扇；那扇動的門葉，也成了門窗的量詞；搧空氣讀 shān——搧風、扇火。
手	shǒu	noun — a hand	手=form:a hand, five fingers spread — the middle one runs down as the long stroke	五指張開，中指拉長——手。站到字的左邊瘦成扌：打、拿、推，個個帶著一隻手。
才	cái	noun/adv — talent, ability	才=form:a sprout pushing up through the ground, about to branch	一棵芽剛頂破土——那一豎穿過地面（一），正要長出第一片葉。最早的意思就是這個：草木之初。借去說人身上剛冒頭的本事，就成了才（天才、才能）；同樣「剛開始」的味道帶出副詞「才」：剛才、才來。
扎	zhā	verb — to prick, pierce	扌=meaning:a hand — the action | 乚=empty:a bare hooked stroke — no agreed sound or sense here	一隻手（扌）把尖的東西刺進去——扎。右邊只是一道帶鉤的筆畫（乚），不帶定下來的聲音；扎也不屬於哪一條清楚的聲符系列。從「刺」引申到扎進、扎住：扎針、扎根，還有掙扎。
打	dǎ	verb — to hit	扌=meaning:a hand | 丁=sound:dīng — gives the sound	手（扌）打下去；丁（dīng）給聲音，一路磨成 dǎ。從這一下，變成什麼都能打的萬用動詞——手一動就算：打電話、打球、打開。
扔	rēng	verb — to throw, toss	扌=meaning:the hand | 乃=sound:nǎi — "then, so"; gives the sound	手（扌）一甩，東西飛出去——扔。乃（nǎi）只借聲音，n 盪到了 r，不管意思。扔球是丟球，扔掉是丟棄。
托	tuō	verb — to hold up on the palm, support	扌=meaning:a hand | 乇=sound:tuō — the right half, a sprout pushing up	右半給聲音有兩種讀法：當乇（tuō）看，讀音直接對上；說文讀作石聲，磨成同一個形。左邊手（扌）攤平，從底下托著東西：手上的托盤。從托起重量，到把信任交到人手上：托盤、拜托、托付。
扛	gāng	verb — to lift or carry (on the shoulder)	手=meaning:a hand (扌) | 工=sound:gōng — gives the sound	手（扌）把重物撐起來——扛，先是舉起，再是扛在肩上。工（gōng）給聲音，磨成了 gāng。從肩上一撐，引出凡是擔起、頂住的意思。
扣	kòu	verb — to button up	扌=meaning:the hand — doing the fastening | 口=sound:kǒu — gives the sound	手（扌）勾住、拉住——口（kǒu）給聲音，聲調偏成 kòu。本義是牽、拴；從這隻扣住的手，引出扣上、扣留、扣款：扣子、扣留。
扭	niǔ	verb — to twist, wrench	扌=meaning:the hand | 丑=sound:chǒu — gives the sound	手（扌）使勁一擰，反著來——扭。丑（chǒu）給聲音，磨得很遠到 n。從擰轉：扭轉、扭曲，崴腳的扭傷。
扮	bàn	verb — to dress up as, play (a role)	扌=meaning:the hand | 分=sound:fēn — gives the sound	手（扌）把人裝扮成另一個樣子。分（fēn）給聲音，f 過到了 b。打扮、扮演、假扮，都是這個扮。
扯	chě	verb — to pull, tug	扌=meaning:the hand | 止=sound:zhǐ — gives the sound	手（扌）一拉，東西就裂——拉扯、撕扯。止（zhǐ）給聲音，zh 磨成了 ch。扯破、扯謊都從這一拉來。
扶	fú	verb — to support, steady (with the hand)	扌=meaning:the hand | 夫=sound:fū — gives the sound	一隻手（扌）撐著人，不讓他倒——攙扶、扶持。夫（fū）給聲音，聲調落成了 fú。
批	pī	verb — to mark, approve	扌=meaning:a hand | 比=sound:bǐ — gives the sound	手（扌）打下去——本義是用手掌擊。比（bǐ）給聲音，b 變成了 p。這一下後來變成筆的一下：落在公文上是批准，落在作文上是批改，落在人身上是批評；一筆處理掉的一堆，就是一批。
找	zhǎo	verb — to look for	扌=meaning:a hand | 戈=form:a dagger-axe — rendered bare	手（扌）旁邊一把戈（戈）。這個形先前當 huá 用，同划，撐船；日常的 zhǎo——找東西、找錢——是明代白話，住進了這個現成的字形。
承	chéng	verb — to receive, bear	卩=meaning:a kneeling person, lowered to be lifted | 廾=meaning:two hands, raised underneath | 手=meaning:a third hand, added in the seal script underneath	兩隻手（廾）從下面托住跪著的人（卩），把他接住——承受、擔起。篆文又在底下加了一隻手（手）。繼承、承認都從這一托來。
技	jì	noun — skill, technique	扌=meaning:a hand | 支=sound:zhī — gives the sound; itself a hand holding a branch	手（扌）加支（zhī）的聲音——技就是手上做得出來的巧（說文：巧也）：技術、技巧、特技。
抄	chāo	verb — to copy out, transcribe	扌=meaning:the hand | 少=sound:shǎo — gives the sound	手（扌）撈起一點東西——抄起、抄掠。少（shǎo）給聲音，sh 磨成了 ch。照著別人的字撈過來，就是抄寫、抄襲。
抉	jué	verb — to pick out, gouge	扌=meaning:the hand | 夬=sound:guài — gives the sound	手（扌）伸進去把東西剜出來——抉、挑。夬（guài）給聲音，g 顎化成了 j。從挑出來，就有抉擇、抉剔。
把	bǎ	verb/prep — to grasp, to hold	扌=meaning:a hand | 巴=sound:bā — gives the sound	手（扌）做事；巴（bā）給聲音，只差一個調。用手抓住：把住、把手。由「握住一樣東西」引出那個抓著賓語、把它提到動詞前面的語法字——把門關上——再到一握之量的量詞，一把。
抑	yì	verb — to press down, restrain	扌=meaning:the hand, pressing | 卬=meaning:a kneeling person, forced down	一隻手（扌）按住跪著的人（卬），往下壓——抑、按。它和印正好相反，印是按下印章。壓抑、抑制都從這一按來。
抓	zhuā	verb — to grab, seize	扌=meaning:a hand | 爪=sound:zhǎo → zhuā — meaning AND sound: a clawing hand reaching down, and the donor of the reading	左邊手（扌），右邊爪（爪）——手指鉤起來抓。爪一身二用：既畫出抓的爪，也給聲音，zhǎo 拉成 zhuā。兩半是同一個動作，抓住：抓住、抓癢、抓緊。
投	tóu	verb — to throw	扌=meaning:a hand | 殳=meaning:a hand with a long weapon — the lance	手（扌）加上長兵器（殳）——擲出去。離了手、落到那一頭的都是投：投球、投入、投資、投票。
抖	dǒu	verb — to shake, tremble	扌=meaning:the hand | 斗=sound:dǒu — gives the sound	手（扌）一抽一抽地動——顫抖、抖動。斗（dǒu）給聲音，原音照搬。發抖、抖擻都從這一抖來。
抗	kàng	verb — to resist, withstand	扌=meaning:the hand | 亢=sound:kàng — gives the sound	手（扌）頂著一股力往回推——抵抗、抵擋。亢（kàng）給聲音，整個音都在。抗議、抗爭都從這一頂來。
折	zhé	verb — to snap, break	扌=meaning:a hand — worn from a pair of cut sprouts in the old graph | 斤=meaning:an axe — also near the reading zhé, and the head of the 斤 series 斧、斬	右邊斧（斤），左邊今看像手（扌）——本是兩截被砍斷的草。斧頭一落，砍開：折斷、斷裂。從斷到斷處一彎——對折；從砍價而來——打折：折斷、對折、打折。
披	pī	verb — to drape over the shoulders	扌=meaning:the hand | 皮=sound:pí — gives the sound	手（扌）把一件東西搭上肩——披上。皮（pí）給聲音，聲調抬成了 pī。披風、披露都從這一搭來。
抬	tái	verb — to lift, raise (with the hands)	扌=meaning:the hand | 台=sound:tái — a platform; gives the sound	手（扌）把重物往上托——抬。台（tái）原樣給聲音，正是把東西抬上去的那個台。抬頭是仰頭，抬高是升高，抬東西要兩人。
抱	bào	verb — to hold in the arms, embrace	扌=meaning:the hand | 包=sound:bāo — gives the sound	手臂（扌）合起來把東西裹住——摟抱。包（bāo）既給聲音，也給「裹住」的意思，聲調落成了 bào。擁抱、抱負都從這一摟來。
抵	dǐ	verb — to reach, arrive at	扌=meaning:the hand — a thing the hand does | 氐=sound:dǐ — gives the sound	手（扌）做這件事；氐（dǐ）給聲音，也畫出一個壓到底的低座。手把東西按到底——抵達、抵抗、把一邊頂著另一邊（抵消）。它走氐這一排：底、低、柢。
抹	mǒ	verb — to wipe	扌=meaning:the hand | 末=sound:mò — gives the sound	手（扌）貼著面一抹而過——擦掉、塗開。末（mò）給聲音，聲調轉成了 mǒ。抹油、抹黑都從這一抹來。
押	yā	verb — to pledge, mortgage	扌=meaning:the hand, pressing | 甲=sound:jiǎ — gives the sound	手（扌）按下去留個記號——畫押、抵押。甲（jiǎ）給聲音，j 磨掉了，剩下 yā。押金、押送、押韻都從這一按來。
抽	chōu	verb — to draw out, pull out	扌=meaning:the hand | 由=sound:yóu — gives the sound	手（扌）捏住一條，把它拉出來——抽出、抽取。由（yóu）給聲音，聲母變得很遠，成了 chōu。抽籤、抽水都從這一拉來。
拆	chāi	verb — to take apart, dismantle	扌=meaning:the hand | 斥=sound:chì — gives the sound	手（扌）把東西一件件拆散——拆開、拆掉。斥（chì）給聲音，韻母開成了 chāi。拆除、拆信都從這一拆來。
拉	lā	verb — to pull, to drag, to haul	扌=meaning:a hand | 立=sound:lì — gives the sound	左邊的手（扌）負責拉；右邊的立（lì）給聲音，只是這個音從 lì 漂得很遠，落到 lā。本義要狠些——拉倒、摧折（摧）；磨平之後成了日常的「拉」：拉門、拉車。
拋	pāo	verb — to throw, toss	扌=meaning:the hand | 尤=meaning:a body straining off to one side | 力=meaning:a plough-arm, force put in	手（扌）借著身子的偏勁（尤）和一股力氣（力），把東西甩出去——拋。拋棄、拋售都從這一甩來。
拌	bàn	verb — to mix, stir together	扌=meaning:the hand | 半=sound:bàn — gives the sound	手（扌）把兩樣東西翻來攪去——攪拌。半（bàn）給聲音，音不差，兩半（半）正好拌在一起。拌麵、拌勻都從這一攪來。
拍	pāi	verb — to clap, pat, slap	扌=meaning:a hand | 白=sound:bái — gives the sound, drifted to pāi	左邊手（扌），白（bái）給聲音，聲母從 b 過到 p。手掌攤開拍下去：拍、打、摑。從按下快門，到拍照：拍手、拍打、拍照。它搭白的一系——怕、柏、伯。
拐	guǎi	verb/noun — to turn (a corner)	扌=meaning:the hand | 叧=sound:guǎi — a mouth (口) and a knife (刀); gives the sound	手（扌）幫著身子改方向——轉彎、拄拐、把人帶偏。叧（guǎi）給聲音，別處幾乎見不到，所以拐就是認它的地方。拐彎是轉角，拐杖是手杖，拐騙是誘走。
拒	jù	verb — to refuse, reject	扌=meaning:the hand | 巨=sound:jù — a carpenter's set-square; gives the sound	手（扌）把東西擋在外頭——拒。巨（jù）是工匠握的大角尺，原樣給聲音。拒絕是回絕，抗拒是頂回去，拒之門外是擋在門外。
拓	tuò	verb — to open up, expand, clear (new ground)	扌=meaning:the hand — pushing outward | 石=sound:shí — gives the sound	手（扌）把地推開——石（shí）給聲音，被拉到老遠的 tuò。本義是拾起；常用的是開出新地：開拓、拓展、拓荒。
拔	bá	verb — to pull up, pull out	扌=meaning:the hand | 犮=sound:bá — gives the sound	手（扌）抓住，連根拔起——拔出、抽拔。犮（bá）給聲音，音不差，本就是掙脫的意思。拔牙、提拔都從這一拔來。
拖	tuō	verb — to drag, pull, haul	扌=meaning:a hand | 它=sound:tā — gives the sound, drifted to tuō	左邊手（扌），它（tā）給聲音，挪成 tuō。手拉著東西在地上拖行——拉、曳。從拖物到拖時間：拖拉、拖延、拖把。它帶出它的一系——蛇、佗、駝。
招	zhāo	verb — to beckon, wave over	扌=meaning:the hand | 召=sound:zhào — gives the sound	手（扌）一揮，叫人過來——招手。召（zhào）既給「召喚」的意思，也給聲音，聲調抬成了 zhāo。招募、招牌都從這一揮來。
拜	bài	verb — to bow, to worship	手=meaning:two hands side by side — the right written one stroke longer	兩隻手（手）一合，頭就低下去——說文：首至地。右邊那隻手多寫一橫。從大禮出發，客氣話都用它：拜年、拜訪、拜託。
括	kuò	verb — to draw together, enclose	扌=meaning:a hand | 舌=sound:guā — the old phonetic 𠯑, worn into the shape of 舌	手（扌）把東西收成一束，紮起來——括。右邊是 𠯑（guā），寫久了和舌長成一個樣；活、話裡藏的也是它。收成一束，後來是收進一組：包括；括號的兩臂，也是這樣把字句括在裡面。
拳	quán	noun — fist	手=meaning:the hand — curled shut | 卷=sound:juǎn — gives both the meaning and the sound	手（手）捲攏成拳頭——卷（juǎn）既給聲音也給「捲」這個動作，磨成了 quán。捲起一卷書的那個捲，也把手合上：拳頭、拳擊、太極拳。
拼	pīn	verb — to piece together, join	扌=meaning:the hand | 并=sound:bìng — gives the sound	手（扌）把零件並排接起來——拼湊、拼接。并（bìng）既給「合併」的意思，也給聲音，b 過到了 p。拼音、拼命都從這一接來。
拾	shí	verb — to pick up, gather	扌=meaning:the hand — reaching down | 合=sound:hé — gives the sound	手（扌）伸下去撿——合（hé）給聲音，磨成了 shí。從撿拾，到收攏、整理：拾起、收拾。
拿	ná	verb — to take, to hold	合=meaning:closing — fingers shut around | 手=meaning:a hand	合（合）在手（手）上——五指一合，東西到手：拿。本來寫作拏（奴給聲音）；後來換成這個一看就懂的字。
持	chí	verb — to hold	扌=meaning:a hand | 寺=sound:sì — gives the sound	一隻手（扌），寺（sì）給聲——說文：握也，握住。一直握著：保持；握緊不放：堅持；托著撐住：支持。
指	zhǐ	noun/verb — finger	扌=meaning:a hand | 旨=sound:zhǐ — gives the sound	手（扌）說這是身體部位；旨（zhǐ）給聲音，它本身「要旨、重點」的意思，又正好配上手指做的事。於是指就是手指（手指），再到手指做的動作：指示、指路。
按	àn	verb — to press	扌=meaning:a hand | 安=sound:ān — gives the sound	一隻手（扌）往下壓；安（ān）——屋裡安坐的安——給聲音，調變了。本義是壓住、按住；貼著規矩走，就是按照、按時。
挑	tiāo/tiǎo	verb — to pick out, choose	扌=meaning:the hand | 兆=sound:zhào — cracks in a heated divining shell; gives the sound	手（扌）把一樣挑出來，或把一處撥開——挑選、挑撥。兆（zhào）是占卜燒出的裂紋，給聲音，zh 磨成了 t。挑選是選，挑撥、挑戰走的是撥、惹那一路。
挖	wā	verb — to dig, scoop out	扌=meaning:the hand | 穵=sound:wā — a hole (穴) over 乙; gives the sound	手（扌）往一個洞裡使力——挖。穵（wā）給聲音，本身又是個被掏開的穴（穴），意思也往同邊靠。挖土是翻土，挖掘是開掘，挖洞是掘洞。
挨	āi/ái	verb — to be next to, in turn (āi)	扌=meaning:the hand | 矣=sound:yǐ — the classical end-particle; gives the sound	手（扌）抵著背——先是貼上去，後是承下來。矣（yǐ）只借聲音，離原讀很遠。貼近這頭讀 āi：挨著、挨家挨戶；承受那頭讀 ái：挨打、挨餓。
挪	nuó	verb — to move, shift over	扌=meaning:the hand | 那=sound:nà — gives the sound	手（扌）把東西從這頭推到那邊——挪動、挪移。那（nà）給聲音，韻母圓成了 nuó。挪用都從這一推來。
挫	cuò	verb — to crush, beat back	扌=meaning:the hand | 坐=sound:zuò — gives the sound	手（扌）把東西往下壓到折——挫、摧。坐（zuò）給聲音，z 過到 c，都在 {z,c,s} 裡。挫折、挫敗都從這一壓來。
振	zhèn	verb — to shake, vibrate	扌=meaning:the hand | 辰=sound:chén — gives the sound	手（扌）配上聲音辰（chén）——一隻用力抖動的手：振動、振翅。說文記它本義是舉起、救助——這個「抬」字還活在比喻裡：振奮、振作，把精神提起來。
挺	tǐng	verb/adv — to straighten, stick out	扌=meaning:the hand | 廷=sound:tíng — the court, where officials stand straight; gives the sound	手（扌）把東西拔直——挺立、挺出來。廷（tíng）是官員站得筆直的朝廷，給聲音，聲調往上提。挺立、挺胸是直；由「突出」一路，口語的挺好就是「很」。
挽	wǎn	verb — to pull, draw back	扌=meaning:the hand | 免=sound:miǎn — gives the sound	手（扌）使力往自己這邊拉——挽、拉。免（miǎn）給聲音，m 變薄成了 w。挽回、挽救都從這一拉來。
捆	kǔn	verb — to tie up, bind, bundle	扌=meaning:the hand | 困=sound:kùn — gives the sound	手（扌）拿繩子把東西緊緊纏成一束——捆綁。困（kùn）給聲音，聲調轉成了 kǔn。捆束、一捆都從這一綁來。
捉	zhuō	verb — to catch, to seize, to grab hold of	扌=meaning:a hand reaching | 足=sound:zú — gives the sound, dragged far to zhuō	手（扌）配足（zú）給聲音，拉得很遠成了 zhuō。手一伸，抓住那隻跑著的腳——捉，抓住、捉拿、捉迷藏。
捏	niē	verb — to pinch, knead	扌=meaning:the hand | 圼=sound:niè — gives the sound	手指（扌）夾住東西搓揉——捏、揉。圼（niè）給聲音，涅水底下也是它，聲調抬成了 niē。捏麵人、捏造都從這一捏來。
捐	juān	verb — to donate, contribute	扌=meaning:the hand — letting go | 肙=sound:yuān — gives the sound	手（扌）把東西丟出去——肙（yuān）給聲音，磨成了 juān。本義是捨棄；常用的把「捨」往外翻成「給」：捐款、捐贈、捐獻。
捕	bǔ	verb — to catch, seize	扌=meaning:the hand | 甫=sound:fǔ — gives the sound	手（扌）一合，把東西抓牢——捕、捉。甫（fǔ）給聲音，f 過到 b，都在 {b,p,f} 裡。逮捕、捕魚都從這一抓來。
捧	pěng	verb — to hold up in both hands, cup	扌=meaning:the hand | 奉=sound:fèng — gives the sound	雙手（扌）從下面托起東西，端平了舉著——捧。奉（fèng）既給「奉上」的意思，也給聲音，f 過到了 p。捧腹、捧場都從這一托來。
捨	shě	verb — to give up, let go of, part with	扌=meaning:the hand — opening to release | 舍=sound:shè — gives the sound	手（扌）鬆開，放掉——舍（shè）給聲音，也暗合「舍」是放下東西的地方。合起來：放開、放棄：捨棄、捨得、施捨。
捲	juǎn	verb — to roll up, curl	扌=meaning:the hand — doing the rolling | 卷=sound:juǎn — gives both the meaning and the sound	手（扌）加在卷上，標出這個動作——卷（juǎn）本就畫著捲彎的樣子，聲音也照給。合起來：捲起、捲曲、捲走：捲起、捲入、龍捲風。
捷	jié	adjective — quick, nimble	扌=meaning:a hand | 疌=sound:jié — gives the sound	手（扌）配上本就是「快」的疌——手腳俐落：敏捷、快捷。從搶得快，引到飛奔回報的勝仗：捷報、大捷。疌（jié）給聲音，不走音。
掀	xiān	verb — to lift, raise (a cover)	扌=meaning:the hand | 欣=sound:xīn — gives the sound	手（扌）抓住邊角往上一翻——掀開、揭起。欣（xīn）給聲音，韻母開成了 xiān。掀起、掀動都從這一翻來。
掃	sǎo	verb — to sweep	扌=meaning:the hand that does the work | 帚=meaning:a broom — bristles bound to a handle	一隻手（扌）加一把掃帚（帚）：掃地。更早寫作埽，掃帚下面是土——把土掃掉；土磨掉了，換上一隻手。從掃地到掃一切：掃除、掃光、掃描。
授	shòu	verb — to hand over, confer	扌=meaning:a hand | 受=sound:shòu — gives the sound, and the meaning too	受本來就是兩隻手中間夾著東西——接過來。左邊再加一隻手（扌），標出「給」的那一方，給和受就分開了：授。受同時給聲音、給意思——給和受本是一件事的兩頭。
掉	diào	verb — to drop, fall	扌=meaning:a hand | 卓=sound:zhuó — gives the sound	手（扌）加卓（zhuó）表音。本義是搖、晃（搖也）——手裡甩盪的東西。一鬆手就落下：掉下、掉了。由「落下」引申出「丟」——掉錢，掉了就沒了。
掌	zhǎng	noun — palm of the hand	手=meaning:a hand | 尚=sound:shàng — gives the sound	手（手）攤平，下面尚（shàng）給聲音——手掌。掌心抓得住的，就管得了：從手掌到掌管、掌權。聲音從 shàng 磨成 zhǎng。
掏	tāo	verb — to pull out, fish out (from a pocket, hole)	扌=meaning:the hand | 匋=sound:táo — a kiln (缶) under a bent figure (勹), pottery; gives the sound	手（扌）伸進去把東西撈出來——掏。匋（táo）是俯身燒陶的窯，給聲音，聲調放平。掏錢是摸出錢，掏空是挖空，掏腰包是自掏腰包。
排	pái	verb — to arrange in a row	扌=meaning:a hand | 非=sound:fēi — gives the sound	手（扌）把東西擺成一排——排列、排隊。同一隻手往外一推——排除、排斥。非（fēi）給聲音，f 磨到了 p，在悲（bēi）、輩（bèi）裡還聽得見。
掘	jué	verb — to dig, excavate	扌=meaning:the hand at the side | 屈=sound:qū — gives the sound	一隻手（扌）彎下去，把土翻上來——掘。屈（qū）給聲音，讀音收緊成 jué。往下挖埋著的東西：挖掘、掘井、發掘。
掙	zhēng/zhèng	(zhēng) in 掙扎 to struggle, thrash	扌=meaning:a hand — straining, pulling | 爭=sound:zhēng — to contend, fight over; gives the sound and the straining sense	手（扌）配上爭（zhēng，爭奪）——使勁拉、跟什麼較勁。爭既給聲音，也給「相爭」的意思。讀 zhēng，配扎：掙扎，拼命掙動。讀 zhèng，是用力一掙——掙脫——也是出力掙來的：掙錢。
掛	guà	verb — to hang, suspend	扌=meaning:a hand | 卦=sound:guà — gives the sound	手（扌）加卦（guà）表音——就是八卦的卦。手把東西架上鉤子，留在那兒：掛起來。掛畫、掛號。講電話則是掛斷：掛電話。聲音更深一層來自卦裡的圭（guī），那塊玉版。
採	cǎi	verb — to pick, gather	扌=meaning:a hand | 采=sound:cǎi — gives the sound	采本來就是一隻手（爪）伸在樹（木）上摘；採再加一隻手（扌），采留著給聲音，一點沒變。本義是摘、採集——挑著用也是採：採用、採取。
探	tàn	verb — to reach into, search out	扌=meaning:the hand | 罙=sound:shēn — a hand reaching into a cave (穴); gives the sound — and the reaching-deep too	手（扌）伸進深處去取——探。罙（shēn）本就畫一隻手探進穴（穴）裡摸深處，正是「深」裡那個部件；給聲音（sh 磨成 t），也給「往深裡」的意思。探測、探索、探望、探險。
接	jiē	verb — to connect	扌=meaning:a hand | 妾=sound:qiè — gives the sound	手（扌）配妾（qiè）的聲音，q 磨成了 j。手把空隙合上：連接的接，接住、接電話的接，去把人接回來的接。中間一點空隙都沒有，就是直接。
控	kòng	verb — to control, rein in	扌=meaning:a hand | 空=sound:kōng — gives the sound	手（扌）把東西拉緊——本義是拉弓、勒馬。空（kōng）給聲音，聲調轉了。手抓住韁繩，就是控制；把人拉到官府面前，就是控告。
推	tuī	verb — to push	扌=meaning:a hand | 隹=sound:zhuī — a short-tailed bird; gives the sound	扌是手，隹表聲——誰、堆，也是這隻鳥。
掩	yǎn	verb — to cover, conceal	扌=meaning:the hand | 奄=sound:yǎn — to cover over, suddenly; gives the sound — and the covering too	手（扌）按上去把東西藏起來——掩。奄（yǎn）給聲音，也出力：奄本就是「覆蓋」，一個大（大）罩在底下之物上。掩蓋是蓋住，掩飾是遮掩，掩耳是摀耳，掩埋是埋掉。
措	cuò	verb — to place, arrange, handle	扌=meaning:a hand | 昔=sound:xī — gives the sound	手（扌）把東西安放好——措置、處理。昔（xī）給聲音，磨成了 cuò。從安放引申出措施（擺好的辦法）、不知所措（手不知往哪擺）。
揀	jiǎn	verb — to pick out, select	扌=meaning:the hand | 柬=sound:jiǎn — a bundle (束) with marks sorted inside; gives the sound — and the sorting too	手（扌）把要的挑出來——揀。柬（jiǎn）原樣給聲音，也給意思：柬是一捆束（束）裡夾著分好的記號，本就是「挑揀」。挑揀是揀，揀選是選，揀貨是分貨。
揉	róu	verb — to knead, rub, massage	扌=meaning:a hand | 柔=sound:róu — gives the sound	手（扌）揉弄柔軟（柔）的東西——揉。柔給聲音，音不變，也給「軟」的意思：麵團、酸肩、累眼，一揉就順。
揍	zòu	verb — to hit, beat, thrash (someone)	扌=meaning:a hand — the striking | 奏=sound:zòu — to present, perform; here purely the sound	手（扌）配上聲音奏（zòu）——口語裡「打人」的揍。奏只給聲音，手才是那一下。日常話：揍他一頓。
描	miáo	verb — to trace, copy	扌=meaning:the hand | 苗=sound:miáo — young sprouts (艹) in a field (田); gives the sound	手（扌）順著現成的線走——描、照著畫。苗（miáo）是田（田）裡冒出的秧苗，原樣給聲音。描寫是刻畫，描繪是描畫，描紅是照著紅字描。
提	tí	verb — to carry by the handle	扌=meaning:a hand | 是=sound:shì — gives the sound	手（扌）抓住提把，往上一提——東西吊在手裡走。是（shì）給聲音，走 {zh,ch,sh}↔{d,t} 那道口，題也是這樣來的。手提得起東西，話也提得起事情：提出、提問、提到。
插	chā	verb — to insert, stick in	扌=meaning:a hand | 臿=sound:chā — gives the sound	手（扌）把東西刺進去——插。臿（chā）給聲音，杵往臼裡一搗。由此：插花、插圖、插嘴。
揚	yáng	verb — to raise, lift up, scatter into the air	手=meaning:a hand | 昜=sound:yáng — gives the sound	手（手）往上一拋——揚起、飛揚。昜（yáng），日頭升起放光，給聲音，音不變。舉得高就看得見：從揚手、飛揚到宣揚、揚名。
換	huàn	verb — to change, exchange, swap	扌=meaning:a hand | 奐=sound:huàn — gives the sound	手（扌）拿走這個，放下那個——交換、換錢。奐（huàn）給聲音，不走音；同一個奐在喚（呼喚）、煥（光亮）裡都還在。
握	wò	verb — to grasp, hold firmly	扌=meaning:a hand | 屋=sound:wū — gives the sound	手（扌）收緊——握住。屋（wū）給聲音，磨成 wò。手一握，蓋住裡頭的東西，像屋頂蓋住屋子：從握手、緊握到掌握、把握。
揪	jiū	verb — to seize, grab and pull tight	扌=meaning:a hand | 秋=sound:qiū — gives the sound	手（扌）一把抓緊往回拉——揪。秋（qiū）給聲音，磨成 jiū。抓得狠：從揪住、揪出到揪心，心被擰成一團。
揭	jiē	verb — to lift off, raise	扌=meaning:a hand | 曷=sound:hé — gives the sound	手（扌）把蓋子掀開——揭。曷（hé）給聲音，磨成 jiē。蓋子一掀，藏著的就露出來：從揭開、揭幕到揭露、揭曉。
揮	huī	verb — to wave, brandish, wield	扌=meaning:the hand that swings | 軍=sound:jūn — gives the sound	手（扌）一甩；軍（jūn）給聲音，磨到很遠的 huī。說文說「奮也」——奮起、把手臂揮出去。從揮臂而來：揮手、揮毫、指揮。它走軍這一排：輝、運。
援	yuán	verb — to pull up	扌=meaning:a hand | 爰=sound:yuán — gives the sound, exactly	爰（yuán）本身就是一幅畫——上面一隻手把棍子遞給下面那隻手。聲音原樣給了過來，再加一隻手（扌），抓得更緊。合起來寫的是拉上來：援救、支援；把書裡的話拉來撐自己，是援引。
損	sǔn	verb — to reduce, harm, damage	扌=meaning:the hand | 員=sound:yuán — a round vessel (口) over a tripod (貝/鼎), a count; gives the sound	手（扌）從一份數裡拿走、磨損——減、害。員（yuán）本是圓口的量器，後來指人數，借聲音，盪遠成了 sǔn。損失是丟掉的，損害是傷害，損耗是磨耗。
搏	bó	verb — to grapple, fight hand-to-hand	扌=meaning:the hand | 尃=sound:fū — 甫 with a hand (寸), to spread; gives the sound	手（扌）扣住對手扭打——抓、近身搏。尃（fū）給聲音，f 硬成了 b。由這一握而來：搏鬥、搏擊、脈搏（撞著手的跳動）、搏命。
搓	cuō	verb — to rub or twist between the hands	扌=meaning:a hand | 差=sound:chā — gives the sound	兩手（扌）一來一回互相磨——搓。差（chā）給聲音，磨成 cuō。從搓手、搓繩到搓圓——掌心把東西搓成一團。
搖	yáo	verb — to shake, sway, rock	扌=meaning:the hand | 䍃=sound:yáo — a jar (缶) with stuff (肉) tipped over it; gives the sound	手（扌）把東西這邊那邊晃——搖。䍃（yáo）給聲音，遙、謠裡也是這個部件，認熟了一處，別處就會讀。搖晃是晃動，搖頭是擺頭，搖籃是會搖的籃。
搜	sōu	verb — to search, hunt for	扌=meaning:a hand | 叟=sound:sǒu — gives the sound	手（扌）在屋裡翻找——搜。叟（sǒu），老人舉著火把照遍屋子，給聲音，磨成 sōu。從搜尋、搜查到搜索。
搞	gǎo	verb — to do, make, get done	扌=meaning:the hand that does it | 高=sound:gāo — gives the sound	一隻手（扌）配高（gāo）的聲音，聲調往下成 gǎo：一個什麼都能套的「做」。手一接上——搞定、搞好、搞笑。是個晚出的口語字。它走高這一排：稿、膏。
搬	bān	verb — to move, carry, shift (by hand)	扌=meaning:a hand | 般=sound:bān — gives the sound	手（扌）加般（bān）表音。般本來就有一條船（舟）和一隻手（殳）在搬轉——挪動重物。再加手（扌），就是純粹的出力搬抬：搬家、搬運。抬起來，挪到別處。
搭	dā	verb — to put on, lay across	扌=meaning:a hand | 答=sound:dá — gives the sound	手（扌）把一樣東西架到另一樣上——搭橋、搭建。從把人搭上車，引到搭車、搭船；從把東西湊到一起，引到搭配。答（dá）給聲音，聲調磨平成 dā。
搶	qiǎng	verb — to snatch, grab	扌=meaning:a hand | 倉=sound:cāng — gives the sound	手（扌）強行奪過來——搶。倉（cāng），糧倉，給聲音，磨成 qiǎng。從奪取：搶奪、搶劫，到爭先：搶救、搶先。
摔	shuāi	verb — to fall, tumble	扌=meaning:the hand — flinging down | 率=sound:shuài — gives the sound	手（扌）把東西狠狠摔到地上——率（shuài）給聲音，滑成 shuāi。從這一摔，引出甩下與跌倒：摔倒、摔跤、摔壞。
摘	zhāi	verb — to pick, pluck	扌=meaning:a hand | 啇=sound:dī — gives the sound	手（扌）伸上去採下一個——摘。啇（dī）給聲音，磨成 zhāi。從採摘：摘花、摘果，到選取：摘錄、摘要——從整頁裡挑出精華。
摟	lōu	verb — to gather in one's arms, hug	扌=meaning:a hand | 婁=sound:lóu — gives the sound	手臂（扌）把東西攬到懷裡——摟。婁（lóu）給聲音，磨成 lōu。從攏聚：摟柴，到抱緊：摟抱。
摧	cuī	verb — to break down, destroy	扌=meaning:the hand | 崔=sound:cuī — a bird (隹) on a mountain (山), high; gives the sound	手（扌）使勁壓下去，把東西折毀——摧。崔（cuī）是山（山）上立鳥（隹）的高崔，原樣給聲音。摧毀是毀掉，摧折是折斷，摧殘是糟蹋，無堅不摧。
摩	mó	verb — to rub, grind	麻=sound:má — gives the sound | 手=meaning:a hand	手（手）在底下，貼著一個面來回蹭——摩擦、按摩。麻（má）在上頭給聲音，聲調升成 mó；同一個麻在磨（磨碎）裡又轉了一圈。
摯	zhì	adjective — sincere, earnest (in a firm grip of feeling)	手=meaning:the hand, here gripping | 執=sound:zhí — to hold, grip fast; gives the sound — and the firm hold too	一隻手（手）緊握，托在執（執）下面——抓住不放，引到情意上就是真誠。執（zhí）給聲音（聲調變了），也給「握緊」：執本就是握。情意握得這麼牢就是摯：摯友、真摯、誠摯。
摸	mō	verb — to feel, touch, grope	扌=meaning:the hand | 莫=sound:mò — the sun (日) sinking into grass (艹), dusk, "none"; gives the sound	手（扌）靠觸感走，像在黑裡那樣——摸、探。莫（mò）是日（日）落進草（艹）的黃昏，給聲音（聲調放平），也借來那片摸黑的暗。摸索是探路，摸黑是黑著走，摸底是探底。
撈	lāo	verb — to scoop or fish out of water	扌=meaning:a hand | 勞=sound:láo — gives the sound	手（扌）伸進水裡撈起東西——撈。勞（láo）給聲音，磨成 lāo。從撈魚、打撈到撈一筆——撈點好處。
撐	chēng	verb — to prop up, support	扌=meaning:a hand | 牚=sound:chēng — gives the sound	手（扌）頂住東西讓它不倒——撐。牚（chēng），一根支柱，給聲音，音不變。從撐住、支撐到撐傘、撐船——一篙頂住河底。
撒	sǎ	verb — to scatter, sprinkle	扌=meaning:a hand | 散=sound:sǎn — gives the sound	手（扌）一揮，東西四散——撒。散（sǎn）給聲音，n 一落變 sǎ，也給「散開」的意思：手一拋，撒得到處都是。從撒種、撒鹽到撒手——整個放開。
撓	náo	verb — to scratch	扌=meaning:a hand (扌) | 堯=sound:yáo — gives the sound	手（扌）配上堯（yáo）取聲——說文解作「擾」，攪擾。手用來搔（搔撓）、用來擾（阻撓），也用來「屈」；不肯屈的叫不撓。聲音走得遠：堯 yáo 到撓 náo，同一個聲源在堯系列裡分了岔（繞、澆）。
撕	sī	verb — to tear, rip apart	扌=meaning:the hand | 斯=sound:sī — 其 with an axe (斤), to split off; gives the sound — and the splitting too	手（扌）把東西扯成兩片——撕。斯（sī）原樣給聲音，意思也搭一手：斯是其被斤（斤）劈開，本就是「分裂」。撕裂是扯裂，撕破是扯開，撕毀是撕掉。
撞	zhuàng	verb — to strike, collide, bump into	扌=meaning:a hand, an arm driving force | 童=sound:tóng — gives the sound, worn from t to zh	手（扌）使勁推出，童（tóng）給聲音，由 t 磨成 zh。胳膊狠狠撞上去——撞擊、撞車、撞見。
撤	chè	verb — to withdraw, pull back	扌=meaning:the hand | 育=form:the right side,育 over 攵 — the body of 徹 (chè) with its 彳 dropped | 攵=sound:the tail of 徹 chè (to go through); gives the sound through that kinship	手（扌）把東西抽回來——撤、撤掉。右邊是徹（chè，貫通）去掉彳，讀音由這層親緣帶來。撤退是退回，撤銷是取消，撤離是撤走，撤職是免職。
撥	bō	verb — to push aside, stir, flick	扌=meaning:a hand | 發=sound:fā — gives the sound	手（扌）把東西往旁一撥——撥動、撥開。發（fā）給聲音，在 {b,p,f} 之間磨回 bō。從撥弄：撥開、撥弦，到撥款、撥打——分一份出去、撥個號碼。
撫	fǔ	verb — to stroke, soothe, comfort	扌=meaning:the hand | 無=sound:wú — a dancer holding ox-tails (the old 舞); gives the sound	手（扌）輕輕拂過，把人安頓下來——撫、安慰。無（wú）本是執牛尾而舞的舊形，只借聲音，w 轉成了 f。安撫是安頓，撫慰是慰問，撫摸是輕摸，撫養是養育。
播	bō	verb — to sow by scattering	扌=meaning:a hand | 番=sound:fān — gives the sound	手（扌）把種子撒在翻好的土上——播種。番（fān）給聲音，在 {b,p,f} 之間磨成 bō。從播種到廣播、傳播——把話、把訊號撒得遠遠的。
撮	cuō	verb — to pinch up, gather	扌=meaning:a hand | 最=sound:zuì — gives the sound	手（扌）把指尖併攏，捏起一點點——撮。最（zuì）給聲音，磨向 cuō。從這一捏：撮合、一撮。
撰	zhuàn	verb — to compose, write, compile (a text)	扌=meaning:a hand — the one that writes | 巽=sound:xùn — to set out in order; gives the sound	手（扌）配上巽（xùn，把東西排列整齊）——合起來就是把文字排好的那隻手：撰文、撰寫、撰述。聲音從 xùn 重重一轉成 zhuàn，舌面音硬化成捲舌音。
撲	pū	verb — to throw oneself at, pounce	扌=meaning:a hand | 菐=sound:pú — gives the sound	手（扌）帶著整個身子撲過去打——撲。菐（pú）給聲音；它本是叢生的草木，如今只剩磨平的筆畫。從這一撲：撲滅、撲倒、撲鼻。
撿	jiǎn	verb — to pick up	扌=meaning:a hand | 僉=sound:qiān — gives the sound	手（扌）伸下去，把地上的東西拿起來——撿。僉（qiān）給聲音，磨向 jiǎn。從這一拾：撿到、撿垃圾。
擁	yǒng	verb — to embrace, hold	扌=meaning:a hand | 雍=sound:yōng — gives the sound	手臂（扌）環住——擁抱。雍（yōng），水被圍住，給聲音，磨成 yǒng。從擁抱，到人擠人：擁擠，到據為己有：擁有。
擅	shàn	verb — to act on one's own authority	扌=meaning:a hand | 亶=sound:dǎn — gives the sound	手（扌）把事攬過來自己作主——擅。亶（dǎn）給聲音，磨成 shàn。從獨攬：擅自、擅權，到單獨拿手的：擅長。
擇	zé	verb — to pick out, choose	扌=meaning:a hand | 睪=sound:yì — gives the sound	手（扌）在一堆東西裡翻，留好的、丟壞的——挑選。睪給聲音，在自己那一排字裡散得很開：譯、澤、釋各唸各的。會挑的手，就是選擇、擇日。
擊	jī	verb — to hit, strike	手=meaning:a hand | 毄=sound:jī — gives the sound	下面一隻手（手）打出去——擊。上面車軎（軎）撞軸、殳在手，正是碰撞的樣子。聲音有兩種講法：上頭整個毄（jī），或裡頭的殳。從這一打：攻擊、擊敗、衝擊。
擋	dǎng	verb — to block, ward off, obstruct	扌=meaning:a hand | 當=sound:dāng — gives the sound	手（扌）一伸擋在路上——擋。當（dāng），正面相對，給聲音，磨成 dǎng。從擋住、阻擋到擋箭牌——舉起的盾。
操	cāo	verb — to grasp, hold	扌=meaning:a hand | 喿=sound:zào — gives the sound	手（扌）加喿（zào）表音——樹上三張嘴鳥叫。手牢牢握住、使用（把持也）：操作、操控。由「握穩」引申出鍛鍊身體——體操——和守住節操，操守。
擎	qíng	verb — to hold up, lift high, support	手=meaning:a hand | 敬=sound:jìng — gives the sound	手（手）把東西高高托住——擎。敬（jìng）給聲音，磨成 qíng。從高舉：擎天、眾擎易舉，到帶動的引擎：引擎。
擔	dān	verb — to carry on a pole	扌=meaning:a hand | 詹=sound:zhān — gives the sound	扌是手，詹表聲——用肩膀挑東西。
據	jù	verb — to lean on	扌=meaning:a hand | 豦=sound:jù — gives the sound	手（扌）按住東西撐著，把重量交上去——站穩自己的位置。豦（jù）給聲音，畫的是老虎（虍）和野豬（豕）纏鬥。守住位置是佔據；說話站得住的地方，是根據、證據。
擠	jǐ	verb — to squeeze, press	扌=meaning:a hand | 齊=sound:qí — gives the sound	手（扌）把東西壓到緊貼在一起——擠。齊（qí）本是整齊排列，給聲音，磨向 jǐ；排得齊就成了擠得密。從這一壓：擁擠、擠壓、擠進。
擦	cā	verb — to rub, wipe	扌=meaning:a hand | 察=sound:chá — gives the sound	手（扌）在表面來回磨——擦拭。察（chá），細看，給聲音，磨成 cā。從擦拭、擦掉到擦肩——擦身而過，差一點碰上。
擬	nǐ	verb — to draft, draw up	扌=meaning:a hand | 疑=sound:yí — gives the sound	手（扌）拿一物比照另一物，擬出一個樣子——擬。疑（yí）給聲音，磨向 nǐ；那衡量比較的手，正是猶疑的手。從這一比：擬定、擬人、模擬。
擱	gē	verb — to put down, set aside	扌=meaning:a hand | 閣=sound:gé — gives the sound	手（扌）把東西放下不動了——擱。閣（gé）給聲音，磨成 gē；閣樓本就是擱東西的地方。從擱下、擱置到把事情晾在一邊。
擲	zhí	verb — to throw, to hurl, to fling	扌=meaning:a hand, throwing | 鄭=sound:zhèng — gives the sound, worn down to zhí	手（扌）配鄭（zhèng）給聲音，磨成 zhí。胳膊一甩鬆手——擲，投擲、擲鐵餅。
擴	kuò	verb — to expand, enlarge, broaden	扌=meaning:a hand | 廣=sound:guǎng — gives the sound	手（扌）把邊緣往外拉開——擴。廣（guǎng）本就是寬廣，既給聲音又給寬度，在 {g,k} 家族裡磨成 kuò。從這一撐：擴大、擴展、擴充。
擺	bǎi	verb — to arrange, set out, display	扌=meaning:a hand | 罷=sound:bà — gives the sound	手（扌）把東西一件件擺到位——擺設、陳列。罷（bà）給聲音，磨成 bǎi。從擺放：擺設、擺攤，到懸著的搖動：擺動、搖擺。
擾	rǎo	verb — to disturb, trouble, harass	扌=meaning:a hand | 憂=sound:yōu — gives the sound	手（扌）一再來插手攪和——擾。憂（yōu）給聲音，聲、韻、調全磨過，成了 rǎo。從打擾、騷擾到擾亂。
攀	pān	verb — to climb by gripping	手=meaning:a hand reaching to grip | 樊=sound:fán — gives the sound	手（手）抓住往上拉，把身子帶上去——攀。樊（fán），交錯枝條紮的籬笆，給聲音，在 {b,p,f} 之間磨成 pān。從攀登、攀爬到高攀——往上攀關係。
攔	lán	verb — to bar the way, intercept, hold back	扌=meaning:a hand | 闌=sound:lán — gives the sound	手（扌）橫過去把要過的擋下——攔。闌（lán），門口設的欄柵，給聲音，音不變。從攔住、阻攔到攔截——半路把它截下。
攜	xié	verb — to carry, take along	扌=meaning:the hand — a thing the hand does | 巂=sound:xī — gives the sound	手（扌）做這件事；巂（xī）給聲音，韻尾移到 xié。手把東西拿起來帶走，或握住另一隻手領著走：攜帶、攜手。巂是個鳥名，如今擠成一團。
攝	shè	verb — to take in, absorb	扌=meaning:the hand — gripping and drawing in | 聶=sound:niè — gives the sound	手（扌）抓住、拉攏過來——聶（niè）給聲音，三隻耳朵湊在一起說悄悄話，磨成 shè。從這一握，引出吸取、拍攝、代理：攝取、攝影、攝政。
攤	tān	verb — to spread out	扌=meaning:the hand that lays things out | 難=sound:nán — gives the sound	手（扌）把貨攤平；難（nán）給聲音，硬化成 tān。說文說「開也」——攤開。從攤貨到擺攤（攤子），到攤牌。它走難這一排：灘、癱。
攪	jiǎo	verb — to stir, mix	扌=meaning:a hand | 覺=sound:jué — gives the sound	手（扌）拿棒子在裡頭一圈圈翻動——攪。覺（jué）給聲音，磨向 jiǎo。從這一轉：攪拌、攪亂、打攪。
支	zhī	verb — to prop, support	十=form:half a bamboo (竹) — a stripped branch | 又=meaning:a hand, gripping	一隻手（又）握著半根竹子（十）——從莖上砍下來的枝條。枝條在手：撐東西是支撐、支持；遞出去是支付；岔出去是分支。樹上的枝後來自己長出一個字——枝。
收	shōu	verb — to gather in	丩=sound:jiū — twisted cords; gives the sound | 攵=meaning:a hand with a stick (攴)	一隻手持杖（攵），把繩子（丩，給聲）一把抓攏——說文：捕也。拿進來的是收到、收入；田裡收回來的是收成、豐收；攏起來歸位的是收拾。
改	gǎi	verb — to change, correct	己=sound:jǐ — gives the sound | 攵=meaning:a hand with a stick — action done to something	手拿棍子（攵）對著不對的地方，一下一下敲到對為止。己（jǐ）給聲音——g 和 j 本是一家，韻也開成了 ai。合起來寫的是改：改變、修改、改正。
攻	gōng	verb — to attack, assault	攴=meaning:a hand with a stick — to strike, to beat | 工=sound:gōng — gives the sound	手持棍（攴）打出去——攻。工（gōng）是工具，原音照搬。從這一打：攻擊、進攻，引申到攻讀——攻一門學問，攻下來。
放	fàng	verb — to release, let go	攵=meaning:a hand with a stick — to drive, to strike | 方=sound:fāng — gives the sound	一隻拿棍的手（攵）把東西趕走；方（fāng）表音。本義是放逐、驅趕（逐也）——把人趕出去。由「趕走」轉成鬆手、放開——放開、放手——再轉成擱下：放在桌上、放學。
政	zhèng	noun — government, public affairs	正=sound:zhèng — gives the sound, exact; straight | 攵=meaning:a hand with a stick — action taken	正（正）加上一隻拿棍子的手（攵）；正也給聲音，一字不差。說文：政，正也——把歪的敲回直的：政府、政治、政策。
故	gù	noun — cause, reason	攵=meaning:a hand with a stick — to act on, to make | 古=sound:gù — gives the sound	拿棍的手（攵）使事情發生；古（gǔ）表音。本義是使、令其如此（使為之也）。使事情如此的，就是緣故：緣故、事故。把原因擺在結果前面，就成了「所以」：故此、所以。古又帶出「舊」——故鄉、故人。
效	xiào	verb — to imitate, follow the model of	攴=meaning:a hand with a stick — to enact, to bring about | 交=sound:jiāo — gives the sound	手持械（攴）照著眼前的樣子做出來——效。聲旁有兩種講法：右邊的交（jiāo），或交裡頭的爻——都磨向 xiào。照著做就有結果：效法、效果、效勞。
敏	mǐn	adjective — quick, nimble, sharp-witted	攴=meaning:a hand with a stick — quick action | 每=sound:měi — gives the sound	手（攴）動得又快又準——敏。每（měi）給聲音，磨向 mǐn。從這一快：敏捷、靈敏、敏感。
救	jiù	verb — to rescue, save	攴=meaning:a hand with a stick — to strike, to act on | 求=sound:qiú — gives the sound	手持棍（攴）出手攔下災禍——救命、拯救。求（qiú）給聲音，q 滑到了 j；在球（球）、裘（皮裘）裡還聽得見原音。
敗	bài	verb — to defeat	貝=meaning:a cowrie — goods, wealth, the thing destroyed | 攵=meaning:a hand with a stick, striking — the blow that ruins	貝（貝）加上拿棍敲打的手（攵）：一下打碎值錢的東西——毀、壞、輸。從毀掉財貨，引出敗仗，失敗、打敗。兩個部件都管意思，中間沒有聲音。
敘	xù	verb — to narrate, recount	攴=meaning:a hand with a stick — putting things in order | 余=sound:yú — gives the sound	手持棍（攴）把事情一件件排好——次第、順序。余（yú）給聲音。事情排好了再一件件說出來，就是敘：敘述、敘事。
教	jiāo/jiào	verb — to teach (jiāo)	爻=meaning:crossed counting rods — the lesson | 子=meaning:the child | 攵=meaning:a hand holding a rod	算籌交叉擺好（爻），孩子（子）坐在前面，一隻手舉著教鞭（攵）——合起來寫的就是教。讀 jiāo 是動作：教書、教中文；讀 jiào 是教出來的東西：教育、宗教。
敝	bì	adjective — worn out, ragged	㡀=sound:bì — gives the sound | 攴=meaning:a hand with a stick — beating at it	㡀 是巾（巾）掉著碎屑——磨損、開散；它既給聲音 bì，又給「破布」的意思。旁邊一隻手持械（攴）把布拍打到稀爛。從破布而來：敝舊，又謙稱敝人——這破落之人，我。
敢	gǎn	verb — to dare	敢=form:rendered bare — no claimed origin	敢——還是動手的那一下：敢說、敢做；不敢是縮回去；客氣話「不敢當」，是把稱讚推回去。字形磨得看不出畫的是什麼。
散	sǎn/sàn	verb (sàn) — to scatter, break up	月=meaning:flesh (肉) — strips of meat | 攵=meaning:a hand with a stick — beating apart | 龹=empty:worn top-left — the old graph's scattering element, no longer readable	手持棍（攵）把肉（月）一條條打散，散落開來——分散、解散。左上角早磨成了龹，單看不成字了；意思仍落在那隻手和那塊肉上：還有鬆散、零散的散——散文。
敦	dūn	adjective — honest, sincere, kindly	享=sound:dūn — gives the sound | 攵=meaning:a hand with a stick — action, urging	右邊一手持棍（攵）在催、在按；左邊從古代盛祭品的器皿（𦎫，今天像「享」）磨來，給聲音。從懇切地催促，引出今天的意思：厚實、老實、待人真誠——敦厚。敦煌、倫敦借的是它的音。
敬	jìng	verb — to respect, revere	茍=sound:jì — gives the sound; also the meaning: self-restraint, drawing oneself up alert | 攴=meaning:a hand with a stick — urging the alertness on	茍（jì）是人收斂自警、挺直了身子——既給聲音（磨向 jìng）又給意思。旁邊手持械（攴）把這份警醒催逼上去。在人前收斂自警，就是敬：尊敬、敬業。
敲	qiāo	verb — to knock, strike, tap	攴=meaning:a hand with a stick — striking | 高=sound:gāo — gives the sound	手持棍（攴）往下一打——高（gāo）給聲音，磨成 qiāo。就是敲擊這個動作：敲門、敲鑼、敲打。
整	zhěng	adj/verb — whole	束=meaning:a bundle, tied | 攵=meaning:a hand with a stick — putting to order | 正=sound:zhèng — gives the sound, and the straightness	一捆（束）綁緊，一隻拿棍的手（攵）敲齊；正（zhèng）管「直」也給聲音，調變了。齊齊的是整齊，弄齊是整理，沒動過、完完整整的一個是整個。
敵	dí	noun — enemy, foe	啇=sound:chì — gives the sound | 攵=meaning:a hand with a stick — to strike	啇（chì）表音——說文寫作啻，後來音變成 dí。拿棍的手（攵）給意思：擊、抵抗。能跟你對打、勢均力敵的，就是對手、仇敵：敵人、敵軍。由「相當」引申出對抗、抵擋：敵對、匹敵。
敷	fū	verb — to spread, apply, lay on	攵=meaning:a hand with a stick — an action | 尃=sound:fū — gives the sound	一隻持杖的手（攵）動起來，尃（fū）給聲音——攤開、塗上。塗、鋪、搪塞的那個動作：敷藥、敷設、敷衍。
數	shù/shǔ	noun — number, figure (shù)	婁=sound:lóu — gives the sound | 攵=meaning:a hand with a stick — to tap, to count off	婁（lóu）表音——一串串堆疊的東西；後來音變得厲害，成了 shù。拿棍的手（攵）一個個點過去：點算。算就是數出數目（計也）：數字、數量。一個個數，就是「幾個」：數個、數天。數出來的命限：命數。
文	wén	noun — writing	文=form:a standing figure, patterns marked on the chest	一個人端端正正站著，胸口刻著交叉的線——刺出來的花紋。根是紋路：先是皮膚上的紋，再是筆畫的紋——文字；再到一切有紋理、有修飾的：文章、文化、文明。皮膚那層意思，後來寫成紋。
料	liào	noun — material, stuff	米=meaning:grain, rice | 斗=meaning:a measuring scoop	米（米）加量斗（斗）：用斗量穀。量出來的就是材、是貨——材料、原料、飲料。把事情先量一量，就是估算：料想、預料。事情還沒到，先掂掂分量。
斜	xié	adjective — slanting, oblique — verb — to tilt, lean	斗=meaning:a ladle, a dipper | 余=sound:yú — gives the sound	斗（斗）一傾，把多的舀出去——傾斜的斗就是斜。余（yú）給聲音，磨遠成 xié。從這一偏：斜坡、斜線、歪斜。
斤	jīn	noun — an axe	斤=form:rendered bare — the whole graph is one picture	整個字就是一幅畫：斧頭裝在柄上，刃對著木頭。從這把工具，引出它論斤稱賣的重量——一斤，公斤。當部件，它站在斧、新、斷裡，總在砍切附近。
斥	chì	verb — to drive away, repel	斥=form:rendered bare — no claimed origin	把東西推開、趕走，就是斥的核心：排斥、斥退。趕走的力道用在話上，就是當面責罵：申斥、斥責。
斧	fǔ	noun — axe	斤=meaning:an axe-blade | 父=sound:fù — gives the sound	斤就是斧刃，父（fù）擱在上頭給聲音，聲調由 fù 落成 fǔ。砍劈的工具：斧頭、板斧、斧鉞。
斯	sī	pronoun — this — particle — then, thus (literary)	斤=meaning:an axe — to split, to cleave | 其=sound:qí — gives the sound	斧（斤）把東西劈開——本義是析、是劈。其（qí）給聲音，磨向 sī。後來借去當指示詞「這」：斯人、斯文。
新	xīn	adjective — new, fresh	辛=sound:xīn — gives the sound | 木=meaning:a tree | 斤=meaning:an axe	斧頭（斤）對著樹（木）；辛（xīn）給聲音，一點沒變。本義是剛砍下來的柴——這個意思後來加草頭寫成薪；留在新裡的，是切口那股新鮮勁：新。
斷	duàn	verb — to cut off, break	㡭=meaning:bundled silk threads — the old graph of 絕 | 斤=meaning:an axe	斧頭（斤）對著成束的絲線（㡭，絕的古文）——合起來寫的就是斷。一刀下去就有定論：判斷、果斷。加一個不字，這一刀永遠不落——不斷，連綿不絕。
方	fāng	noun/adj — square	方=form:rendered bare — no claimed origin	四邊端端正正——方。古文字有兩個說法：兩條船併排綁在一起，或是犁上平直的橫板——都是方方正正的東西。當聲音用，蓋出一整排字：放、房、訪、防。
於	yú	prep — at, in, to	於=form:a worn variant of 烏, the crow	跟烏鴉的烏本來是同一個字——同一隻鳥的兩種寫法。後來這一個被借去做句子裡的關節：在、到、對。於是、由於、對於、終於。
施	shī	verb — to carry out, put into effect	㫃=meaning:a banner streaming from its pole | 也=sound:yě — gives the sound	旗（㫃）從旗桿上飄展開來——本義就是旗子張開的樣子。也（yě）標聲音，磨得遠了，成了 shī。鋪展開來去做，是實施、施工；向外給人，是施捨。
旁	páng	noun — the side	方=sound:fāng — gives the sound | 亠=form:the worn crown of the old graph (亠 with 丷 and 冖) — 說文 already marks it 闕, unknown	方（fāng）給聲音，f 退回更老的唇音 p。上面那頂帽子磨得早，說文那裡就寫著「闕」。字義從四面寬廣開始，最後停在旁邊：旁邊、兩旁。
旅	lǚ	noun — journey	㫃=meaning:a banner on its pole | 从=meaning:two people, one following the other — worn shape	旗子（㫃）下面跟著人（从）——軍隊上路；五百人為一旅。旅行留下了「在路上」，人形後來寫走了樣。
旋	xuán	verb — to turn, revolve, circle	㫃=meaning:a flag streaming on its pole | 疋=meaning:a foot	旗子（㫃）飄著，腳（疋）在底下繞著旗轉圈——旗一動，人跟著轉。轉動就是旋：旋轉、迴旋。轉身那一下，引申為「馬上」：旋即。
族	zú	noun — clan, ethnic group	㫃=meaning:a banner on its pole, streaming | 矢=meaning:an arrow	旗（㫃）下聚著箭（矢）——同一家的人，聚在同一面旗下出兵。從旗下的人：家族、民族；再到聚成一群的人：上班族。
旗	qí	noun — flag, banner	㫃=meaning:a banner streaming from its pole — the flag-radical, the slanted top-left you can't read alone | 其=sound:qí — gives the sound exactly	㫃 是旗幟從杆上飄出去的樣子——旗的部首，單看不好認。旁邊其（qí）給聲音，原音照搬。合起來：旗。從帶飄帶的軍旗擴到一切旗——國旗、旗幟、旗艦。
既	jì	adverb — already, having done	皀=meaning:a heaped food bowl — the meal | 旡=meaning:a kneeling figure, head turned away, mouth full — done eating	左邊一碗盛滿的飯（皀）；右邊旡，一個人扭頭離開，吃飽了，飯吃完了。合起來：吃完了——已經完成。再到：既然事情已經這樣，既然、既往。
日	rì	noun — sun	日=form:a picture of the sun — circle and center mark, squared by the carving knife	畫出來的太陽：圓圈中間一點，刻著刻著變成了方框一橫。太陽管一天的時間——白天（日出、白日）、日子（今日、生日），還有以日出之處為名的國家：日本。
旦	dàn	noun — dawn, daybreak	日=meaning:the sun | 一=meaning:the horizon line — the ground the sun rises over	日（日）正落在一條橫線（一）上——那線是地平，太陽剛探出地面。這就是旦：元旦、旦夕。
旨	zhǐ	noun — delicious	匕=meaning:a spoon, lifting food to the mouth | 日=meaning:originally 甘 — sweetness held in the mouth	一匙（匕）送到嘴邊（甘，今寫成日），是甜的——旨，東西最好的那一口。從食物的好，引申成一件事最要緊的部分：主旨；再到上面傳下的意思：聖旨。當聲音用，蓋出一排字：脂、指、詣。
早	zǎo	adj/noun — early	日=meaning:the sun | 十=form:the worn stand under the sun — 甲 or a clipped 棗, per the telling	太陽（日）站上一個十字——早。古文字有兩個說法：日在甲上，天干第一位——一天最前頭的時辰；或是日在棗樹（棗）裡，樹砍剩一個十字，留下 zǎo 的聲音。
旬	xún	noun — a ten-day period	勹=meaning:a wrapping arm, closing round | 日=meaning:the sun — a day	一隻手臂（勹）把日子（日）抱成一圈——十天圍成一個完整的循環。這一束就是旬：上旬、中旬、下旬。
旭	xù	noun/adj — the rising sun	九=sound:jiǔ — gives the sound | 日=meaning:the sun	聲音九（jiǔ，磨成 xù）配上太陽（日）——剛探出地平線的日頭。說文抓的正是那一刻：日旦出皃，太陽初升的樣子。它住在「旭日東昇」裡。
旺	wàng	adjective — flourishing, vigorous, thriving	日=meaning:the sun — light at full strength | 王=sound:wáng — gives the sound	太陽（日）光照得最足——熱烈、興盛。王（wáng）給聲音，聲調滑成 wàng。陽光最盛的樣子，引申為一切正旺的：旺盛、興旺。
昂	áng	verb — to raise (the head)	日=meaning:the sun, riding high | 卬=sound:áng — gives the sound exactly	日（日）高升，旁邊卬（áng）——一個人仰頭望著站立的人。卬給聲音，原音照搬，也給那仰起的姿態。從抬頭而來：昂首、昂貴、昂揚。
昆	kūn	noun/adj — elder	日=meaning:the sun | 比=meaning:two figures side by side	太陽（日）底下，兩個人並肩站著（比）——同在一片日光下，是同類。一同、同類，引申出並肩的兄弟：昆弟；成群的同類：昆蟲。
昇	shēng	verb — to rise, ascend	日=meaning:the sun | 升=sound:shēng — gives the sound	太陽（日）在升上面——太陽升起來。升（shēng）給聲音，音正相同。日出之象，引申為一切上升：上昇、昇平。
昌	chāng	adjective — flourishing, prosperous, thriving	日=meaning:the sun | 曰=meaning:曰 — words spoken; or read as a second 日, doubling the light	古文字有兩個說法。說文讀作日在曰上：陽光下的好話、說出口的吉利。另一說讀成兩個日疊著，光上加光。兩條路通向同一個意思：明亮、興盛——昌盛、繁昌，事物正旺的那種亮。
明	míng	adjective — bright	日=meaning:the sun — or a window (囧), by the older graph | 月=meaning:the moon	古文字有兩個說法：日（日）月（月）同字，天上兩盞燈合在一起——或是月亮照著窗（囧），月光鋪在黑屋子的地上。怎麼講都是亮；光把屋子照亮，明白把想法照亮。快要亮起來的那一天，是明天。
昏	hūn	noun — dusk — adj — dim, dark	日=meaning:the sun | 氐=meaning:low, sinking down — the part now reads like 氏 (clan) under the sun	日（日）落在一個今看像氏的部分之上——古字有兩種講法。一說那是氐省，低處，太陽沉下了地。一說那是氏，給聲音。無論哪一說，日沉低處就是黃昏，由此：昏暗、黃昏、昏迷。
易	yì	adj/verb — easy	易=form:rendered bare — origin contested	古文字有兩個說法：一隻蜥蜴，會變色的那種（蜥易），頭和腳還能在筆畫裡認出來——從不固定一個顏色的東西；或是兩個容器，一個把液體倒進另一個，倒出去就是交付。不論哪個，意思都是變、換：變易、交易。變得不費力，就成了日常的「容易」：容易、簡易。
昔	xī	noun — former times, the past	昔=form:rendered bare — layered waves over the sun	太陽（日）上面層層疊疊的波紋——古文字畫的是從前淹過的大水，或是攤在日頭下曬乾的肉條。兩說都落在過去的日子：昔日、往昔。
星	xīng	noun — a star	日=meaning:one star left of three — the old graph wrote 晶, a cluster | 生=sound:shēng — gives the sound	一簇星（晶）配生的聲音。抄了千年，三顆只留下一顆，星點還寫方了，成了日。shēng 磨成 xīng。星星、星期。
映	yìng	verb — to reflect, shine on	日=meaning:the sun | 央=sound:yāng — gives the sound	太陽（日）把光打在東西上——照亮、反射出影像。央（yāng）給聲音。從這「日光映照」來了反映、映照；把光打在銀幕上，就是放映、上映。
春	chūn	noun — spring (the season)	艸=meaning:grass, sprouting plants | 日=meaning:the sun | 屯=sound:tún — gives the sound	草（艸）和太陽（日），屯（tún）表音——一棵種子頂破硬土。陽光曬暖泥土，嫩芽往上鑽：春天萬物生（艸春時生）。發芽的季節就成了「春」——春天——再引申出青春、生機：青春、春意。年深日久，艸和屯被抄寫磨成上面那片平頭；只有底下的日還完整。
昨	zuó	noun — yesterday	日=meaning:the sun — a day | 乍=sound:gives the sound	已經過去的日（日）子——說文說昨是「累日」，疊在身後的日子。乍給聲音，zhà 磨成了 zuó。後來這一疊收窄成剛過去的那一天：昨天、昨晚。
是	shì	verb — to be	日=meaning:the sun | 正=meaning:straight, true	上面太陽（日），下面端正（正）——太陽底下站得正，就是對的：是非。文言拿它指「這個」，指著指著，成了天天說的「是」：我是、是不是。當聲音用，給了題、提、堤的 tí。
時	shí	noun — time	日=meaning:the sun | 寺=sound:sì — gives the sound	太陽（日）管意思；寺（sì）給聲音，s 跨到 sh。太陽的位置把年和日切成一段一段——先是四時（四季），再是時間本身：時間、時候、小時。
晃	huǎng	verb — to dazzle, flash	日=meaning:the sun | 光=sound:guāng — gives the sound	太陽（日）加光（光）——亮得刺眼。光（guāng）給聲音，g 軟成 h。晃眼那一閃，引申出眼前的搖晃：搖晃、晃動。
晉	jìn	verb — to advance, rise	日=meaning:the sun | 臸=meaning:two arrows (至) reaching the mark	兩支箭（臸，雙至）射中目標，落在太陽（日）上頭——抵達、向前。前進引申為升等：晉升、晉級。
晒	shài	verb — to dry in the sun	日=meaning:the sun | 西=sound:xī — gives the sound, worn loose	日（日）配上西（西）——日頭斜照的西方；把東西放到那日頭下。西（xī）給聲音，磨遠成 shài；這是繁體曬的通行寫法。從這一曬：晒太陽、晒乾、晒黑。
晚	wǎn	noun/adj — evening	日=meaning:the sun | 免=sound:miǎn — gives the sound	太陽（日）走到一天的尾巴——天要黑了。免（miǎn）給聲音，m 掉成了 w。從天黑到一切遲了的：晚上、晚安、來晚了。
晨	chén	noun — dawn, early morning	日=meaning:the sun | 辰=sound:chén — gives the sound	太陽（日）配上辰——天剛亮。辰（chén）給聲音，音正相同。寫的是太陽剛劃破夜色那一刻：清晨、晨光。
普	pǔ	adjective — general, widespread, universal	日=meaning:the sun, its light | 並=sound:bìng — gives the sound, worn toward pǔ	古字有兩種講法。一說日（日）在並（並）之上，是日光並排灑下、同時照在一切之上——並給意思，兩人並立。一說並（bìng）給聲音，磨向 pǔ。無論哪一說，上頭的並都磨平了，看不出兩人並立的樣子。光照得到處都是，就是普：普遍、普及、普通。
景	jǐng	noun — view, scenery	日=meaning:the sun | 京=sound:jīng — gives the sound	日（日）在京（jīng）上，高樓迎著光。本義是日光、明亮（光也）。光照到的地方就是景色：風景、景色。一件事被照亮的樣子，就是情況：景況、情景。光照在後面投出影子——後來另造影字分擔。
晰	xī	adjective — clear, distinct	日=meaning:the sun — light that makes things plain | 析=sound:xī — gives the sound	日（日）一照，東西就看得清楚。析（xī）給聲音，也借來畫面——斧頭把木頭劈開，紋理一條條攤開。光加上利落的剖開：清晰、明晰。
晴	qíng	adjective — clear, fine (of weather)	日=meaning:the sun | 青=sound:qīng — gives the sound	太陽（日）出來，天是青的——晴天、放晴。青（qīng）給聲音，聲調偏成 qíng；同一個青在清（清水）、情（感情）、請（請問）裡都響著。
晶	jīng	noun/adj — crystal	日=meaning:a sun | 日=meaning:a sun | 日=meaning:a sun	三個日（日）疊起來——光疊著光，閃閃發亮。說文說「精光也」。一片亮，就是水晶那種透明的硬光：水晶、結晶。
智	zhì	noun — wisdom, intelligence	知=sound:zhī — knowing, and gives the sound | 日=meaning:the sun — knowing made bright	知（知）底下加太陽（日）——把懂得照得透亮。知（zhī）既給聲音又給核心意思，聲調抬成 zhì。懂得照亮了，就是智慧：智慧、機智。
暈	yūn	noun/verb — a halo of light	日=meaning:the sun on top | 軍=sound:jūn — gives the sound	太陽（日）外面罩一圈光暈——日暈。軍（jūn）給聲音，磨成 yūn。光圈在轉，頭也跟著轉：頭暈、暈倒、光暈。
暑	shǔ	noun — heat, hot weather	日=meaning:the sun | 者=sound:zhě — gives the sound	日（日）在上，者（zhě）表音——音變得厲害，成了 shǔ。太陽曬下來就是熱（熱也）：暑熱、酷暑。這股熱的季節就是夏——暑假。熱氣把人放倒：中暑。
暖	nuǎn	adjective — warm	日=meaning:the sun | 爰=sound:yuán — gives the sound	太陽（日）照到的地方都暖起來——溫暖、暖和。爰（yuán）給聲音，已經走遠成 nuǎn；較近的原音留在援（援助，yuán）、緩（緩慢，huǎn）裡。
暗	àn	adjective — dark, dim	日=meaning:the sun — here, the sun with no light | 音=sound:yīn — gives the sound	日（日）卻不發光——就是暗。音（yīn）給聲音，磨向 àn。從沒有光而來：黑暗，又引申到暗中、暗示——在不見光處做的事。
暢	chàng	adjective — flowing, unobstructed, free	申=meaning:to stretch out, extend through — the modern left part; the old graph writes 𠧞 here | 昜=sound:yáng — gives the sound	左邊今寫作申（申），古字本作𠧞——把東西舒展拉長。旁邊昜（yáng）——日光鋪過地平——給聲音，磨向 chàng。一路通行無阻：暢通、流暢、暢快。
暨	jì	conjunction — and, together with	旦=meaning:dawn — the sun barely clearing the horizon | 既=sound:jì — gives the sound exactly	旦（旦）是太陽剛探出地平，既（jì）給聲音，原音照搬。日頭剛剛及到地平——「及到」，由此引申為連接的「和、以及」：暨今，以及夾在名字之間的暨。
暫	zhàn	adverb — for a short while, temporarily	斬=sound:zhǎn — gives the sound | 日=meaning:the sun — a stretch of time	從時間（日）裡斬（斬）下一小段——短短一截，轉眼就過。斬（zhǎn）給聲音，聲調滑成 zhàn。時間的一小片，就是暫：暫時、暫停。
暴	bào	adjective — violent, sudden, fierce	暴=form:rendered bare — a four-part scene worn into one block	古文字把太陽（日）疊在雙手捧穀曝曬之上——米攤在烈日下曬。從烈日引申出一切猛烈、突然的：暴力、暴雨、暴躁。曝曬的本義留在「曝」字裡。
曉	xiǎo	noun — dawn — verb — to know, understand	日=meaning:the sun — daybreak | 堯=sound:yáo — gives the sound	日（日）升起——天亮。堯（yáo）給聲音，磨向 xiǎo。光破暗而出就是明，明就是懂：破曉、曉得、曉示。
曝	pù/bào	verb — (pù) to expose to the sun, air-dry	日=meaning:the sun — what does the exposing | 暴=sound:bào — gives the sound; itself already holds a sun drying grain	在暴前面再加一個太陽（日）——暴本來就畫著穀子攤在烈日下曬。暴帶走了猛烈的意思，曝補一個日，守住曝曬的本義。讀 pù 是攤開來曬（曝曬）；讀 bào 是攤到明處（曝光）。
曠	kuàng	adjective — vast, open, empty	日=meaning:the sun, daylight | 廣=sound:guǎng — gives the sound; also "wide, broad"	日（日）配上廣（廣，寬闊）——陽光鋪滿空地，一望無遮：空曠。廣（guǎng）給聲音，g 硬成了 k。空著沒用，就成了荒廢時間：曠課、曠日。
曲	qū	adj/noun — bent, crooked	曲=form:rendered bare — a picture of a bent thing	整個字畫的就是一個彎曲的形——一片編彎的竹條，或一只盛東西的彎器，線條一折一回。從「彎」引出一切曲折、彎曲；讀 qǔ 時，是旋律的起伏，一首歌曲。它也藏在農字上頭。
更	gēng/gèng	verb — to change, replace (gēng)	攴=meaning:a hand with a stick — to act, to alter | 丙=sound:bǐng — gives the sound	拿棍的手（攴）改動、調換東西；丙（bǐng）表音。本義是改、換（改也）：更改、更換。一更一更地換班過夜，就是「更次」：三更半夜。一改再改、層層加上去，就成了「越發」：更好、更多。
書	shū	noun — a book	聿=meaning:a hand holding a brush | 曰=sound:the worn remainder of 者 zhě — gives the sound	一隻手握著筆（聿）——寫。者給聲音，抄著抄著磨成了下面那個曰；zhě 磨成 shū。從寫這個動作到寫出來的東西：書本、書店、書法。
曹	cáo	noun — a surname	㯥=form:two bundles side by side | 曰=meaning:to speak	上面兩束並排，下面一個曰（說話）——公堂上對立的兩造，各說各的。由成對的兩方引出一群、同類的一夥：同曹、官曹。如今這個字最常見於姓氏曹。
曾	céng/zēng	adverb — once, formerly (céng)	八=meaning:steam venting off the top | 田=form:the body of the steamer, its slatted vents | 曰=meaning:the base it sits on	一個蒸籠畫成整字：頂上冒氣（八）、中間有格的籠身（田）、底下的座（曰）——這是「甑」的本字。被借去說過去的時光，曾經；讀 zēng，就往上再疊一代，曾祖。
替	tì	verb — to replace, substitute	夫=form:rendered bare — two figures (夫) standing side by side, one giving way to the other | 曰=form:rendered bare — a mouth, or the sun 日 below	兩個人（夫）站在曰上頭：一個頂上來，一個退下去——換掉、代替。替換、替代。站在別人的位置上，就是替他：替我、替你。古字寫作竝在白上，早已磨得看不清；現在這字露出的，就是並排的兩個人，正好擔起「替換」。
最	zuì	adverb — most, -est	冃=meaning:a cover, a cap — worn to 曰 in the modern form | 取=meaning:to take — a hand at an ear	手伸到蓋子（冃，今形磨成曰）底下去取（取）——硬取、全取。古時算功勞，最上等叫最，最下等叫殿；上等留了下來：最好、最快、最後。
會	huì/kuài	verb — to meet	亼=meaning:a lid, closing down | 曾=meaning:a steamer of stacked layers, written short	蓋子（亼）蓋上層層疊好的蒸器（曾的省形）——合在一起：會合、開會（說文：合也）。從合得上：時機合上了是機會，手腳合上了是會游泳。唸 kuài，是把帳合起來：會計。
月	yuè	noun — the moon	月=form:the crescent moon, drawn whole	一彎月牙，帶著影子線——月。月份數的就是它圓缺的圈數：一月到十二月。肚、腿、臉左邊那個月是另一個零件，借了同一個形：肉。
有	yǒu	verb — to have	又=meaning:a hand — worn into the top stroke | 月=meaning:meat (肉) — the 月-form	一隻手（又）拿著肉（月＝肉）——有，就是手裡有吃的。手後來寫成上面那兩筆。
朋	péng	noun — friend, companion	朋=form:rendered as it stands — two matched halves, side by side	朋有兩個說法。古文字裡，它是兩串並掛的貝殼——成對的貝，一個計量單位「朋」；又或是隨鳳鳥成千飛來的群鳥，一大群同伴。不論哪一個：都是同類的東西，並排成列。由「成對」引申出朋友、同伴——朋友——再到志同道合的一夥，朋黨。
服	fú	verb/noun — to submit, to serve	月=empty:a moon shape — worn from 舟, a boat | 𠬝=sound:fú — gives the sound	右邊是一隻手把人按跪下去（𠬝）——使他服，聲音也是它給的。左邊本來是船（舟），抄著抄著磨成了月。先是服從，再是服務；身體承受的也叫服——衣服、服藥。
朗	lǎng	adjective — bright, clear	月=meaning:the moon — its clear light | 良=sound:liáng — gives the sound	月（月）灑下乾淨的光——明亮、清朗。良（liáng）給聲音，磨向 lǎng。從清光而來：明朗、晴朗，又到朗讀、朗朗的清亮。
望	wàng	verb — to gaze into the distance	亡=sound:wáng — gives the sound | 月=meaning:the moon, far off | 𡈼=meaning:a figure standing tall on the ground	一個人踮起腳站在土上（𡈼），月亮（月）掛在遠遠的天上；亡（wáng）給聲音，調變了。本義是望遠——再到望見的那輪滿月（十五叫望），再到心裡的盼望：希望、期望。
朝	cháo/zhāo	noun — (zhāo) morning	日=meaning:the sun, rising among grasses | 月=meaning:the moon — still hanging at dawn	太陽（日）從草間升起，月亮（月）還掛在天邊——畫的是天剛亮，日月同現。右邊現在寫成月，是從舟（zhōu）這個老聲符磨來的。早晨讀 zhāo；君王清晨臨朝聽政，引申出朝廷、朝代，讀 cháo。
期	qí	noun — a set time	其=sound:qí — gives the sound exactly | 月=meaning:the moon — keeper of the months	月亮（月）管著日子——照它的圓缺約時間。其（qí）給聲音，一點沒變。從約好的那天：日期、過期；從一段一段的時間：時期、學期。
木	mù	noun — tree	木=form:a tree drawn whole — the trunk upright, branches reaching up, roots spreading below	幾筆畫出一整棵樹：豎著的幹、頂上伸展的枝、腳下分開的根。由活樹到砍下的木——木材、木頭——再由木的呆滯到麻木、木然。
未	wèi	adverb — not yet	未=form:a tree with extra new branches crowded at the top — boughs still leafing out, not yet full-grown	樹（木）頂上多一橫，畫的是上頭嫩枝還在抽長——還沒長足。由「未成」而來日常的「還沒」：未來、未必、尚未。
末	mò	noun — the end, the tip	木=meaning:a tree | 一=form:the marker — one long stroke laid across the topmost branches	樹（木）頂上加一長橫：梢，最末端。同樣的記號點在腳下就是本——樹根。從樹梢到所有的最後一段：週末、月末、期末。
本	běn	noun — root	木=meaning:a tree | 一=meaning:a stroke cut low across the trunk — here: the root	一棵樹（木），樹幹下面加一橫——這裡：根。從根，到事情的根源（本來、根本、基本），到自己這個（本人、本地），再到書的本子——一本書。
朱	zhū	noun/adj — vermilion, cinnabar red	木=meaning:a tree | 一=form:a mark struck through the trunk — pointing at the red heart of the wood	一棵樹（木），腰上劃一筆——那筆指著樹幹裡紅色的芯。從這紅心引出顏色：朱紅、大紅。樹幹的本義交給了株，顏色佔下其餘。當聲音用，蓋出株、珠、誅。
朵	duǒ	measure — for flowers, clouds	几=form:a bloom's nodding head, drawn | 木=meaning:a tree	樹（木）頂上垂著一個頭（几）——說文說的是枝頭垂下來的花。軟軟垂著的，都用朵來數：一朵花、一朵雲；耳朵也是這樣掛在頭邊。
朽	xiǔ	verb/adj — to rot, decay	木=meaning:wood, a tree | 丂=sound:the breath-blocked stem — the sound donor	木頭（木）配上古老的 丂 給聲音——樹爛了、酥了。讀音早已離開原來的聲符。被時間吃掉的：腐朽、朽木、朽壞。
李	lǐ	noun — plum (tree and fruit)	木=meaning:a tree | 子=sound:zǐ — gives the sound	樹（木）下一個子——李樹，結的果是李子。子（zǐ）給聲音，磨成了 lǐ；樹上一個子，也像樹上結的果。當姓用，是最常見的姓之一。
材	cái	noun — timber, material, stuff	木=meaning:wood, a tree | 才=sound:cái — gives the sound	木（木）配上才——可用的木料。才（cái）給聲音，音正相同。從木料引申為各種材料，再到一個人的本錢：材料、人材。
村	cūn	noun — village	木=meaning:trees | 寸=sound:cùn — gives the sound	樹（木）配上寸（cùn）的聲音，聲調轉了——樹叢裡有人家，就是村。這個詞最早寫作邨，帶城邑的阝；後來換成了有樹的這個寫法。
杜	dù	noun/verb — the birchleaf pear tree	木=meaning:a tree | 土=sound:tǔ — gives the sound	木加上聲音土（tǔ，硬化成 dù）——一種樹，杜梨（甘棠）。果子澀得堵喉嚨，於是引出活用的意思：堵死、斷絕——杜絕、杜門不出。今天最熟的是姓杜（詩人杜甫）。
束	shù	verb — to bind, tie up	木=meaning:a tree, a length of wood | 囗=meaning:a band wrapped around the middle	一根木（木）腰上箍了一道（囗）——捆住、束縛、約束。捆成一把就是一束花；把東西捆住收口，也就收尾了——結束。
杭	háng	noun — Hangzhou (杭州)	木=meaning:wood — the timber of a boat | 亢=sound:kàng — gives the sound	木加上聲音亢（kàng，滑成 háng）——古時用木船渡水的意思，這個動作後來寫成航。那「渡口」之義落在一座城上：杭州，西湖之畔。
杯	bēi	noun — a cup, a glass	木=meaning:wood | 不=sound:gives the sound	木（木）頭鑿出來的飲器——老寫法是桮。不給聲音，bù 磨成了 bēi。如今什麼杯都是它，連杯裡的量也用它數：杯子、茶杯、一杯水。
東	dōng	noun — east	東=form:rendered bare — no claimed origin	日出的那一邊。古文字有兩個說法：太陽（日）爬進樹（木）的枝子裡——東邊天亮了；或是一隻兩頭紮緊的口袋，名字借去叫方向。主人的座位在東邊，所以主人也是東：房東、股東。
松	sōng	noun — pine, pine tree	木=meaning:a tree, wood | 公=sound:gōng — gives the sound	一棵樹（木），用聲音給它取名——松是松樹，冬天也不落葉的常綠樹。公（gōng）給聲音，磨成了 sōng。松弛的「鬆開」是另一個字鬆借過來的，這個松，只管那棵樹。
板	bǎn	noun — board, plank	木=meaning:wood, a tree | 反=sound:fǎn — gives the sound	木（木）加反（fǎn）表音——一塊劈下來、翻平的木頭。平削的木片就是板：木板、地板。掛起來示眾的平板帶出招牌，和招牌後的掌櫃：黑板、老闆。像木板一樣硬：板著臉、死板。
枉	wǎng	adjective — crooked, bent	木=meaning:wood — a bent piece of it | 㞷=sound:wǎng — gives the sound	木（木）長歪了——本義是彎曲。聲旁㞷（wǎng）在今字裡磨成了王，仍給聲音。從彎木而來：冤枉、枉法，又到枉費——力氣使歪了，白費。
析	xī	verb — to split	木=meaning:wood | 斤=meaning:an axe	斧頭（斤）對著木頭（木）——合起來寫的就是劈開。斧頭對柴做的事，分析對問題做：順著紋路剖開，攤在眼前。
枕	zhěn	noun — pillow	木=meaning:wood — the old headrest | 冘=sound:the phonetic, worn unrecognizable in the modern glyph	一塊木（木），挖出托頭的弧——枕頭。右邊的冘原本給聲音，如今磨得單看認不出了；較近的原音留在沈、耽裡。把頭放上去就是枕——枕戈待旦。
林	lín	noun — woods, grove	木=meaning:a tree | 木=meaning:a second tree beside it — two trees make a stand of woods	兩棵樹（木 木）並排站著——成林。樹一聚就引申到一切密集：森林、樹林、林立、武林。
枚	méi	noun — a measure word for small flat or round things	木=meaning:a tree, wood | 攴=meaning:a hand holding a stick, striking	木（木）配一隻持杖的手（攴）——折下一根枝條，握在手裡就是一枚。從這根折下的枝條，引出量詞：一枚硬幣。
果	guǒ	noun — fruit	木=meaning:a tree | 田=form:a round fruit at the top — drawn, not the field 田	樹（木）頂上畫一顆圓圓的果子——果（說文：木實也）。果子是一棵樹忙了一季的收場：結果、後果、成果。像熟果一樣篤定：果然。
枝	zhī	noun — a branch	木=meaning:a tree | 支=sound:zhī — gives the sound exactly	樹（木）配支——支本來就是一隻手（又）拿著一截枝條；聲音原樣帶來。支跑去管所有的分支，樹自己的枝就帶著木：樹枝、枝葉。
架	jià	noun — frame, rack, stand	木=meaning:wood, a tree | 加=sound:jiā — gives the sound	木（木）加加（jiā）表音——加也兼點意思，木頭一根架一根。木頭交疊搭成架子：書架、衣架。把架子搭起、撐過去：架橋、架起。兩個人手臂交叉像橫梁相撐，就是打架。當量詞算交架的結構：一架飛機。
枷	jiā	noun — a wooden cangue	木=meaning:wood | 加=sound:jiā — gives the sound	木（木）加上 加（jiā）給聲音，分毫不差。架在犯人身上的木頭——鎖住脖子的枷。加 也蓋出 架（jià），擱東西的架子。
柄	bǐng	noun — handle, hilt	木=meaning:wood | 丙=sound:bǐng — gives the sound, exact	木（木）配 丙（bǐng）的聲音。手握的那截木頭——斧柄、刀柄。從握住的東西，引申為權柄——抓在手裡的權力。丙 也蓋出 炳（bǐng），明亮。
柏	bǎi/bó	noun — cypress	木=meaning:a tree | 白=sound:bái — gives the sound	木加上聲音白（bái，聲調轉成 bǎi）——柏樹，過冬不落葉、立在墳前廟旁的常青木。和松配成松柏，說的是耐得住的東西。讀 bó 時只借音：柏林。
某	mǒu	pronoun — a certain (person, thing)	木=meaning:a tree | 甘=meaning:sweet — a mouth (口) holding something	木（木）下一個 甘——嘴裡含著酸甜，本是梅子、酸果的名字。這個果名被借去當「不說名字的那一個」：某人、某天。果義走了，代稱留下。當聲音，某 還蓋出 謀（móu）、媒（méi）。
染	rǎn	verb — to dye	氵=meaning:water — the dye bath | 木=meaning:a tree — the plant the dye comes from | 九=empty:worn remainder — once carried the sound	布泡進取自草木（木）的染水（氵）裡——染色、染布。上頭的九是舊聲符的殘形；照民間的說法，這個九是次數，泡九回才上色。從沾上顏色，引到沾上病——感染，沾上習氣——沾染。
柔	róu	adjective — soft, supple, gentle	矛=sound:máo — gives the sound | 木=meaning:wood	矛（矛）在木（木）上——能彎能直的木頭，柔韌之木。矛（máo）給聲音，一路滑到 róu。從彎得回來的木頭，引申到一切軟的、順的：柔軟、溫柔。矛 也蓋出 揉（róu），搓揉。
查	chá	verb — to check, examine, look up	木=meaning:wood — a wooden tablet | 且=sound:qiě — gives the sound	木在上，且在下。且給聲音，只是走得很遠——本讀 qiě，在祖、阻裡定成 zǔ。抽出木牌一行行往下看，就是查。
柱	zhù	noun — pillar, post, column	木=meaning:wood | 主=sound:zhǔ — gives the sound	木加上聲音主（zhǔ，聲調落成 zhù）——撐起屋頂的那根直木。說文一個字：楹，柱子。從木柱引申成一切頂梁的東西：支柱、頂梁柱。
柳	liǔ	noun — willow	木=meaning:wood, a tree | 卯=sound:mǎo — gives the sound	木（木）配上卯——柳樹。卯（mǎo）給聲音，m 換成 l。枝條低垂柔軟的那種樹：柳樹、楊柳。
柴	chái	noun — firewood, brushwood	此=sound:cǐ — gives the sound | 木=meaning:wood	此（cǐ）在木（木）上頭給聲音。撿來燒的木頭——柴火。此 給聲音，從 cǐ 移到 chái。此 也蓋出 紫（zǐ）、些（xiē）。
校	xiào/jiào	noun — school	木=meaning:wood — the beams | 交=sound:jiāo — gives the sound	木頭（木）交叉（交）鎖住雙腳——本義是木枷。交（jiāo）給聲音。兩個讀音分了工：jiào 是把兩樣東西對著比——校對、校正；xiào 是學校，也是軍官的上校。
株	zhū	noun — tree trunk, stump	木=meaning:a tree | 朱=sound:zhū — gives the sound	木加上聲音朱（zhū）——樹幹、紮根的樹樁。一個樹樁就是一棵生根的植物，於是株成了量詞：一株樹。守株待兔，守的就是這個樁。
核	hé	noun — pit, kernel	木=meaning:wood, fruit-tree | 亥=sound:hài — gives the sound	木（木）配 亥（hài）的聲音。果子正中那顆硬籽——核。從最中心那點，引申到一切的核心：核心、核子。亥（hài）給聲音，移到 hé。亥 也蓋出 該（gāi）、孩（hái）。
根	gēn	noun — root	木=meaning:a tree | 艮=sound:gèn — gives the sound	木（木）說的是樹；艮（gèn）給聲音，聲調落成 gēn。樹幹底下的根——後來凡是事情立足的地方也叫根：根本、根據。
格	gé	noun — a square, lattice	木=meaning:wood | 各=sound:gè — gives the sound	木（木）管材料；各（gè）給聲音，調變了。本義是長長的枝條——枝條交錯成了格子；格子給東西定位子：要合的規格、夠不夠的資格，人固定的樣子是性格。
栽	zāi	verb — to plant, set (a tree, a seedling)	木=meaning:a tree, a plant — the thing set in the ground | 𢦏=sound:zāi — gives the sound; the 𢦏 series donor (載, 裁, 戴)	木（木）底下配上 𢦏（zāi）取聲——把幼苗栽進土裡：栽樹、栽種。𢦏 是個能幹的聲符，撐起載、裁、戴；在這裡，它種樹。從「栽直」反過來，一個踉蹌就是栽跟頭。
桂	guì	noun — the osmanthus / cassia tree	木=meaning:a tree | 圭=sound:guī — gives the sound	木加上聲音圭（guī，聲調落成 guì）——一種香木：秋天開花、香滿一條街的桂花，和樹皮入藥的肉桂。說文說它是百藥之長。藏在桂花、肉桂裡，也作廣西的簡稱（桂）。
桃	táo	noun — peach	木=meaning:tree, fruit-tree | 兆=sound:zhào — gives the sound	木（木）配 兆（zhào）的聲音。它指的那種果樹——桃。兆（zhào）給聲音，移到 táo。兆 也蓋出 逃（táo）、跳（tiào）。
案	àn	noun — table	安=sound:ān — gives the sound | 木=meaning:wood — the table	矮矮的木（木）桌；安（ān）給聲音，聲調往下一沉。桌上擺什麼，案就跟著叫什麼：放文件是檔案，等著判的是案件，攤開來談的是方案、專案。
桌	zhuō	noun — a table	卓=sound:zhuō — gives the sound exactly | 木=meaning:wood	木頭（木）做得高高的：卓給聲音，一點沒變，「高」的意思也一起給了；寫起來，卓的腳跟木的頭疊在一起。高桌子跟椅子一起傳進來——在那之前，是矮几和地板。
桶	tǒng	noun — bucket, barrel, pail	木=meaning:wood | 甬=sound:yǒng — gives the sound	木（木）配 甬（yǒng）的聲音。木條箍成的圓器——桶。甬（yǒng）給聲音，聲母移到 tǒng。甬 也蓋出 通（tōng）、痛（tòng）。
梁	liáng	noun — bridge	氵=meaning:water | 木=meaning:wood — the timber spanning it | 刅=sound:chuāng — gives the sound	木頭（木）橫架在水（氵）上——木料跨過溪流，就是橋。刅（chuāng）給聲音。從跨水的木樑引申為架在屋裡的橫樑：橋梁、棟梁。
梅	méi	noun — plum (tree, blossom, fruit)	木=meaning:wood, a tree | 每=sound:měi — gives the sound	木（木）配上每——梅樹。每（měi）給聲音，聲調滑成 méi。在寒天裡比別的花先開的那種樹：梅花、臘梅。
條	tiáo	noun/measure — a strip, twig	攸=sound:yōu — gives the sound | 木=meaning:a tree — the twig grows from it	木（木）管意思——本義是細細的小樹枝。攸的聲音幾百年下來裂成三路：悠 yōu、修 xiū、條 tiáo。從小枝生出一切細長的東西：線條、麵條，還有一條一條數的條款、條件。
梨	lí	noun — pear (tree, fruit)	利=sound:lì — gives the sound | 木=meaning:wood, a tree	利在木（木）上頭——梨樹。利（lì）給聲音，聲調滑成 lí。結甜而多汁果子的那種樹：梨子、梨樹。
梭	suō	noun — a weaver's shuttle	木=meaning:wood | 夋=sound:qūn — gives the sound	木（木）配 夋（qūn）的聲音。織布時拋過經線的尖木——梭。從它來回飛梭，引申出動詞：穿梭。夋（qūn）給聲音，移到 suō。
梯	tī	noun — ladder, stairs	木=meaning:wood | 弟=sound:dì — gives the sound	木加弟。說文：木階也——木頭的台階。弟給聲音，d 磨成了 t，這個聲旁還蓋出第、涕、剃。一級木頭疊一級，就是梯。
械	xiè	noun — tool, device, machine	木=meaning:wood — what the old fetters were cut from | 戒=sound:jiè — gives the sound	木（木）做的枷鎖，鎖住犯人——本義是刑具、枷。戒（jiè）給聲音，磨成了 xiè。從拼裝起來的東西，引申到一切器具、機器：機械、器械。
梳	shū	noun — a comb	木=meaning:wood — the tool is wooden | 疏=sound:shū — gives the sound; worn to 㐬 on the right, also "to clear, comb through"	木（木）做的工具，把糾結梳開——梳子，順著頭髮拉，一拉就通。疏（shū）給聲音，原樣不變，在字裡縮成右半的㐬。從梳頭引出梳理，把事情理順。
棄	qì	verb — to abandon, throw away, give up	棄=form:rendered bare — hands casting a child away	古文字下面是兩隻手（廾），中間是箕或杵，上頭是個倒過來的嬰孩（𠫓）——雙手把初生兒舉出去丟掉。整幅畫就是拋棄：拋棄、放棄。
棉	mián	noun — cotton	木=meaning:wood, a plant | 帛=meaning:silk cloth — the soft fibre it yields	草木（木）配上絲帛（帛）——長出布料般柔軟纖維的那種植物，棉。兩個意思合起來，落在能紡成線的棉鈴上：棉花、棉布。
棋	qí	noun — chess	木=meaning:wood — the board and pieces | 其=sound:qí — gives the sound	木（木）配上其——木頭做的棋盤棋子。其（qí）給聲音，音正相同。從這套木器引申為整個遊戲：下棋、象棋、圍棋。
棍	gùn	noun — stick, rod, club	木=meaning:wood | 昆=sound:kūn — gives the sound	木（木）配 昆（kūn）的聲音。砍成棒子的木頭——棍。昆（kūn）給聲音，移到 gùn。從打人的棒子，引申罵人的惡棍。
棒	bàng	noun — stick, club	木=meaning:wood | 奉=sound:fèng — gives the sound	木加奉。奉是兩手捧著東西往上舉，這裡給聲音，f 換成了 b。一段抓在手裡能揮的硬木——棒子。誇人「很棒」就架在上面：像一根好棍子那樣結實。
棟	dòng	noun — ridgepole, main beam	木=meaning:wood, timber | 東=sound:dōng — gives the sound	木（木）配上東——屋脊上的大梁，撐住整個屋頂的那根。東（dōng）給聲音，聲調滑成 dòng。撐起屋頂的樑，引申為撐起國家的人：棟梁、棟樑之材。
森	sēn	adj/noun — dense with trees	木=meaning:a tree | 林=meaning:a grove — two trees	三棵木疊起來（木 在 林 下）——過了一片林，進了深森。從密到極處，引申出 森嚴、陰森——又密又肅。森林就是大片的樹。
棵	kē	measure word — for trees and plants (一棵樹 a tree)	木=meaning:a tree | 果=sound:guǒ — gives the sound	木（木）配 果（guǒ）的聲音。本指一株樹，如今是數樹、數植物的量詞：一棵樹。果（guǒ）給聲音，移到 kē。果 也蓋出 課（kè）、顆（kē）。
棺	guān	noun — coffin	木=meaning:wood | 官=sound:guān — gives the sound, exact	木（木）配 官（guān）的聲音，分毫不差。圍住死者的木箱——棺。官 也蓋出 館（guǎn）、管（guǎn）。
椅	yǐ	noun — a chair	木=meaning:wood | 奇=sound:qí — gives the sound	木（木）配奇的聲音。本來是一種樹的名字；有靠背的座位傳進來，大家叫它倚子——可以靠的東西——這個詞就落到這個木字旁的字上：椅子。
植	zhí	verb — to plant, set upright	木=meaning:wood, a tree | 直=sound:zhí — straight, and gives the sound	木（木）配上直——一根豎直插下去的木樁。直（zhí）給聲音，音正相同，「直」的意思也幫著畫面。從豎樁引申為把植物直直種下：種植、植樹。
椒	jiāo	noun — pepper (Sichuan pepper, chili, the spice plant)	木=meaning:wood, a plant | 尗=sound:shū — gives the sound	草木（木）配上尗——結出又辣又香果子的那種樹。尗（shū）給聲音，歷代音變大，磨成 jiāo。說文的祖字「茮」用草字頭（艸），木字形的椒後來定下來指這種香料樹：花椒、辣椒。
楚	chǔ	adjective — clear, distinct	林=meaning:two trees — a thicket | 疋=sound:shū — gives the sound	林（兩棵樹的叢）在上，疋在下。說文：叢木，一名荊也——荊棘。疋給聲音，離 shū 已遠。從密密的荊叢來「清楚」：一團亂裡，每根枝條反而根根分明。
楣	méi	noun — lintel, the beam above a door	木=meaning:wood, timber | 眉=sound:méi — gives the sound	木（木）配上眉——門上方的橫木，像眉毛橫在眼睛上頭一樣架在門口。眉（méi）給聲音，音正相同。橫過門頭的那根木料：門楣、楣樑。
業	yè	noun — occupation, trade	業=form:a great rack-board, its top cut into teeth (丵)	一塊大木板，上緣刻成一排鋸齒（丵）——掛鐘掛鼓的架板。板子的意思後來沒人用了，字搬去寫人整天做的事：職業、工業、作業、畢業——還有做出來攢下的：產業。
極	jí	noun — the utmost point, a pole	木=meaning:wood — the ridgepole, the highest beam | 亟=sound:jí — gives the sound	屋脊上最高的那根樑（木）——從最高點引到極致、極端，再到南極、北極。亟（jí）給聲音，不走音；推到盡頭，極也就是「非常」——極好。
概	gài	noun — a general outline	木=meaning:wood — a levelling stick | 既=sound:jì — gives the sound	一根木（木）尺刮過冒尖的量斗，刮平——從這一刮的「約略」引到大概、概略、概況。既（jì）給聲音，走成了 gài；原音在慨（kǎi）、溉（gài）裡還在。
榜	bǎng	noun — a posted list, placard, name-board	木=meaning:wood — the board | 旁=sound:páng — gives the sound	木（木）配上旁——一塊木板。旁（páng）給聲音，p 換成 b。張貼名字的木牌，引申為牌上的名單：榜單、金榜、榜首。
榮	róng	noun/verb — glory, honor	木=meaning:a tree | 𤇾=sound:gives the sound — two fires over a cover	木（木）上頭一片火光（𤇾）——本義是屋簷翹起的兩端，後來指滿樹開花。樹開到極盛，就是光榮、繁榮。𤇾 給聲音，yíng 磨向 róng。
榷	què	noun/verb — monopoly, levy	木=meaning:wood — a single log laid as a crossing | 隺=sound:hè — gives the sound	一根木頭（木）橫在水上——本義是獨木橋，一次只過一人，引申為獨佔、專賣：專榷。隺（hè）給聲音。由獨攬而來：仔細掂量、商議——商榷。
構	gòu	verb/noun — to construct	木=meaning:timber | 冓=sound:gòu — gives the sound exactly	木頭（木）交叉咬合，搭成架子——冓自己就畫著交疊的梁，給聲音，一點沒變。從搭架子：構造、結構、機構——一根一根搭起來的東西。
槍	qiāng	noun — spear	木=meaning:wood — the shaft | 倉=sound:cāng — gives the sound	木（木）做的長桿，前頭尖——本義是長矛：長槍。倉（cāng）給聲音。火器來了，這個「長兵器」的舊字也接了過來：手槍、步槍。
樂	lè/yuè	adjective — happy (lè)	木=meaning:the wooden frame | 幺=meaning:silk strings, doubled across the top | 白=form:a bronze-age wedge between the strings	木（木）架上繃著兩股絲弦（幺）——樂器；讀 yuè，寫的是音樂。讀 lè，寫的是音樂留在屋裡的高興：快樂。中間的白，是金文時代才擠進弦間的。
樑	liáng	noun — beam, girder	木=meaning:wood — the timber | 梁=sound:liáng — gives the sound, and is itself the older beam	梁 本來就是橋樑——水上用刅切好的木頭架過去。後來再加一個木（木）把「木料」說明白，成了樑。兩字互通；樑偏指承重的大樑：房樑、橋樑。
樓	lóu	noun — a storeyed building	木=meaning:timber | 婁=sound:lóu — gives the sound, exact	木（木）往上蓋——說文：重屋也，屋上有屋。婁（lóu）給聲音，一點沒變。每一層都叫它：二樓、三樓、大樓。
標	biāo	noun — mark, sign	木=meaning:a tree | 票=sound:piào — gives the sound	樹（木）的頂梢——最高那一枝，老遠第一眼看到的地方。票（piào）給聲音，p 變成了 b。看得最遠的那一點，就成了記號（標誌）、大家對齊的標準、要走到的目標。
模	mó/mú	noun — mold, pattern, model	木=meaning:wood | 莫=sound:mò — gives the sound	木（木）頭刻的模子——照著它做，個個一樣。莫（mò）給聲音，聲調轉了。從模子出來：模型、模仿、規模。唸 mú 的時候留在灶間和鏡子前：模子、模樣。
樣	yàng	noun — appearance	木=meaning:a tree | 羕=sound:yàng — gives the sound	樹（木）加羕（yàng）的聲音——本義是橡樹，後來寫作橡。日常的意思是借來的：東西的樣子、照著做的榜樣、這樣那樣的樣。
樸	pǔ	adjective — plain, simple, unadorned	木=meaning:a tree — wood in its natural state | 菐=sound:pú — a dense, rough growth; gives the sound	木（木）配上菐（pú）取聲——說文解作「木皮」，樹皮，還裹著粗皮的木頭。沒加工的木頭就是素、就是實，於是引申出日常的意思：樸素、質樸、樸實——不加修飾、誠懇。
樹	shù	noun — tree	木=meaning:a tree | 尌=sound:shù — lends the sound and the sense of setting-upright	木加尌。尌是一隻手（寸）把東西豎在座子上。說文：生植之總名——一切種下去、長起來的東西。尌既給「立起來」的意思，也給聲音 shù：樹就是立在地上的木，種樹也是把它立起來。
橋	qiáo	noun — bridge	木=meaning:wood | 喬=sound:qiáo — gives the sound, exact	木（木）配 喬（qiáo）的聲音——喬 本指高聳、頂上彎起。架得高高跨過水的木頭——橋。喬 也蓋出 驕（jiāo）、矯（jiǎo）。
橘	jú	noun — tangerine, mandarin orange	木=meaning:a tree | 矞=sound:yù — gives the sound	一棵樹（木）配上矞——橘子。矞（yù）是聲符，已經走成 jú，平常很少單獨碰見；同一個矞躲在鷸（一種水鳥，yù）裡。從果子引到顏色——橘色。
機	jī	noun — machine	木=meaning:wood | 幾=sound:jī — gives the sound, exact	木（木），幾表聲——機是弩上的扳機、織機上帶動全局的那一小塊木頭。從機件到機器（機器、飛機）；從一觸即發的那一下，到時機、機會。
橫	héng/hèng	adj/noun — horizontal, crosswise	木=meaning:wood, a beam | 黃=sound:huáng — gives the sound	木（木）配 黃（huáng）的聲音。橫架的那根木——橫梁，引申到一切橫向的：橫向、橫過。黃（huáng）給聲音，移到 héng。讀 hèng 時，轉成橫衝直撞的脾氣：蠻橫。黃 也蓋出 簧（huáng）。
檔	dàng	noun — file, archive	木=meaning:wood — a shelf, a crossbar | 當=sound:dāng — gives the sound	木（木）做的橫格、擱板——分格疊放卷宗的架子。當（dāng）給聲音，磨成 dàng。由收存的架子而來：檔案，以及東西所在的格——檔次。
檢	jiǎn	verb — to check, inspect, examine	木=meaning:wood | 僉=sound:qiān — gives the sound	木（木）配 僉（qiān）的聲音——僉 是「全部、每一個」。封在卷外的木匣，按籤核對；從封緘查驗，引申為檢查、檢驗。僉（qiān）給聲音，移到 jiǎn。僉 也蓋出 簽（qiān）、險（xiǎn）、撿（jiǎn）。
檯	tái	noun — counter, table, desk	木=meaning:wood — the tabletop | 臺=sound:tái — gives the sound, and is itself a raised platform	木（木）做的一塊高平面——隔著它做事、做買賣的檯子。臺（tái）既給聲音，也給「高起的平臺」這個樣子。由這塊工作面而來：櫃檯、檯面。
櫃	guì	noun — cabinet, cupboard, counter	木=meaning:wood | 匱=sound:kuì — gives the sound	木加匱。說文：櫃，匱也——木頭的箱子。匱是個盒子（匚）把貴重的東西（貴）關起來，順帶給聲音；裡頭那個貴本就讀 guì，櫃也讀 guì。把木做成關得起來的箱：櫃子。
櫻	yīng	noun — cherry	木=meaning:a tree | 嬰=sound:yīng — gives the sound	木（木）上一串串小果子——像 嬰 裡那圈貝串。嬰（yīng）給聲音，音正相合。花是櫻花，果是櫻桃。
欄	lán	noun — railing, fence	木=meaning:wood — the bars | 闌=sound:lán — gives the sound	木（木）做的一道道直桿——欄杆、柵欄。闌（lán）給聲音，本身又畫著門上橫攔的閂，攔的意思加倍。由一排直立而來：圈牲口的欄（牛欄）、版面的直行（專欄）、表格的格（欄位）。
權	quán	noun — power	木=meaning:wood — a tree | 雚=sound:guàn — gives the sound	本來是一種樹的名字——木表示樹，雚（guàn）給聲音，g 彎成了 q。後來借去叫秤上的秤錘：在秤桿上移來移去、讓兩邊平的那一塊。誰握著秤錘，誰說了算——權力、權利。
欠	qiàn	verb — to owe	欠=form:a person with mouth flung open — breath rising out	一個人張大了口，氣往上冒——打呵欠、喘氣。由那張大、想要的口而來：缺、所以欠（欠債），以及上身前傾的欠身。
次	cì	noun/measure — order, next	欠=meaning:a person, mouth open wide | 二=form:two strokes — the sound 二 in one telling, flying spittle in the other	一個人停下來，張著口喘（欠）。那兩筆有兩個說法：是二借聲音，或是口裡噴出的沫子。停下來的人退了一位——第二、其次；停一回算一回：一次。
欣	xīn	adj/adv — glad, joyful	欠=meaning:a person with mouth open — a breath, a sigh | 斤=sound:jīn — gives the sound	嘴一張開（欠），笑出來的那口氣——欣喜。斤（jīn）那把斧頭給聲音，移到 xīn。從歡笑，引申到欣賞、欣喜。斤 也蓋出 近（jìn）、折（zhé）。
欸	èi	interjection — hey	欠=meaning:a person with mouth open — a breath, a call | 矣=sound:yǐ — gives the sound	嘴一張（欠），推出來的那口氣——本是責怪聲，後成嘆息，如今是隔著屋子的一聲喊：欸，你來。矣（yǐ）給聲音，移到 èi。
欺	qī	verb — to cheat, deceive	其=sound:qí — gives the sound | 欠=meaning:a person with mouth open — words, breath	其（qí）給聲音，配一張開口（欠）——把氣化成假話。欺騙。從騙弱者，引申為欺負、欺凌。其（qí）給聲音，聲調移到 qī。其 也蓋出 期（qī）、旗（qí）。
欽	qīn	verb — to respect, admire	欠=meaning:a person with mouth open — yawning, breathing out | 金=sound:jīn — gives the sound	一個張著嘴的人（欠）——歎一口氣，這裡是讚歎的氣。金（jīn）給聲音，在 {j,q,x} 裡滑到 qīn。同一個金蓋出錦。
款	kuǎn	noun — a sum, funds	欠=meaning:the open, wanting mouth — desire | 柰=form:the left element — worn smooth in the modern glyph	張口想要的欠（欠）旁邊，一個磨得認不出的部件——本義通向誠懇的「想要」，意有所欲：款待、誠款。由一條條寫定的意願而來：一筆款項、一種款式。
歇	xiē	verb — to rest, stop	欠=meaning:a person with mouth open — a breath let out | 曷=sound:hé — gives the sound	嘴一張（欠），把氣放鬆——歇下來、停下來。曷（hé）給聲音，移到 xiē。從歇息，引申為歇宿、安歇。曷 也蓋出 渴（kě）、揭（jiē）、竭（jié）。
歉	qiàn	verb/noun — to fall short	欠=meaning:a person with mouth open — lacking, falling short | 兼=sound:jiān — gives the sound	一個張著口、有所缺的人（欠）配上兼，兼給聲音——不足、欠缺。先說糧食：歉收，收成不好。再說心意：抱歉，覺得虧欠了人——道歉。兼 jiān 漂成 qiàn；同一個兼蓋出嫌、廉。
歌	gē	noun — a song	欠=meaning:a person with mouth open — breath leaving | 哥=sound:gē — gives the sound, exactly	張開的口（欠）送出一口氣——歌。哥給聲音，一點沒變——它本來就是這個字的舊形，兩個可疊著；後來哥被叫去當哥哥，歌補上張開的口，接著唱：唱歌、歌手。
歎	tàn	verb — to sigh	𦰩=sound:難 (nán) with its 隹 dropped — the abbreviated sound donor (難省聲) | 欠=meaning:a person with mouth open, breath going out — the sigh	欠（張口呼氣的人）旁邊配上 𦰩——難（nán）去掉隹（鳥）的身子，借來取聲——說文解作「吟」，歎出聲。一口從沉重心頭吐出來的氣：歎息、感歎；揚起來則是讚歎。它那口字旁的雙胞胎嘆，說的幾乎是同一件事。
歐	ōu	noun — Europe	區=sound:ōu — gives the sound | 欠=meaning:a person with mouth open — breathing out, retching	一張嘴張大（欠）往外吐——本義是嘔吐。區給聲音，這裡讀 ōu。今天的用法純是借音：歐被借去寫歐洲、歐美，舊日那一吐早擱下了。
歡	huān	adj/verb — glad	欠=meaning:a person, mouth open — breath going out | 雚=sound:guàn — gives the sound	張口吐氣的人（欠）——高興喊出聲。雚（guàn）給聲音，g 磨成 h。喜歡、歡迎、歡呼。
止	zhǐ	verb — to stop, halt	止=form:a foot — three toes above, the heel below	從上往下看的一隻腳：上頭三個腳趾，下頭是腳跟。立定的腳給了「基」（下基），腳一站住就是停、止（停止、截止），再引申為「僅僅」（止有一個）。
正	zhèng	adjective — straight, correct, upright	一=meaning:one line — the mark to reach | 止=meaning:a foot	一條線（一）在上，一隻腳（止）在下：腳直直走到那條線，正好停在上面。說文：是也——對。不過頭、不歪斜，正中目標。由此引出正確、端正，和「正好、正在」這個剛剛好的點。
此	cǐ	pron — this	止=meaning:a foot, stopped | 匕=meaning:a person, turned — standing by	腳（止）停下來，人（匕）就站在那一點上——此地，就是這裡。文章裡指近處：此地、此時；回頭一指，把句子接起來：因此、從此。
步	bù	noun — a step	止=meaning:a foot | 𣥂=meaning:the second foot — 止 turned over	兩隻腳印，一前一後——上面是止，下面是翻過來的同一隻腳——合起來寫的就是走路、一步。下面那隻腳抄了千年，磨得像個缺了一點的少。
武	wǔ	adj/noun — martial	戈=meaning:a halberd | 止=meaning:a foot — marching, or stopping; the tellings turn on it	戈（戈）下面一隻腳（止）。古文字有兩個說法：扛著戈行軍的腳——兵在路上；或照古書的讀法，止住干戈——動武是為了停戰。都寫成了武：武器、武術、武力。
歧	qí	noun/adj — fork (in a road)	止=meaning:a foot — the road, where the walking splits | 支=meaning:a branch splitting off — a hand (又) holding a cut branch (十), a limb broken from the main	腳（止）走到路分岔的地方，旁邊是支——從主幹折下的枝。腳加上分枝：岔路，再到一切分歧：歧路、歧視、分歧。
歪	wāi	adjective — crooked, slanted, askew	不=meaning:not | 正=meaning:upright, straight	不（不）壓在 正（正）上頭，照字面讀：不正——歪。從歪斜的東西，引申為 歪理、歪曲。
歲	suì	measure — years of age	步=meaning:two feet walking — split apart, one half on top, one tucked below | 戌=sound:xū — gives the sound	走路的腳（步，拆成上下兩半）中間插著戌，給聲音，xū 一路磨成 suì。古文字有兩個說法：歲星（木星）一年在天上走一站，或是收割的斧鉞（戉）一年落一次——都是一年。後來數人身上的年：三歲、幾歲。
歷	lì	verb — to pass through, experience	厤=sound:lì — gives the sound, exactly | 止=meaning:a foot — walking past	下面一隻腳（止）在走；上面厤（lì）給聲音，一模一樣——崖（厂）下兩排禾（秝）。合起來寫的是一棵一棵走過去、一一經過：經歷、歷史、歷年。
歸	guī	verb — to return, go back	𠂤=sound:duī — gives the sound | 止=meaning:a foot — to arrive, to halt | 帚=meaning:a broom — for 婦, the wife	左邊 𠂤（duī）給聲音，磨成兩小筆；右邊一隻腳（止）走到，一把掃帚（帚）代表婦人。新婦的腳踏進門——回去、歸來。從回返，引申為歸還、歸屬。
歹	dǎi	noun/adj — bad, evil	歹=form:a stripped, cracked bone	一根剔淨、裂開的骨頭——死後的殘骨。如今當「壞、惡」用：歹徒、歹意。作部首（歹/歺）時，挨著死亡、殘破：死、殘、殉。
死	sǐ	verb/adj — to die	歺=meaning:the cracked, picked-clean bone | 人=meaning:a person, kneeling	殘骨（歺，今寫成歹）旁邊一個人（人）俯著身——氣已經離開了，死。從屍身出發，凡是了結、走不通的都是死：死亡、死人、死路。
殊	shū	adj/verb — different, special	歹=meaning:a stripped bone — death, cutting off | 朱=sound:zhū — gives the sound	死骨旁（歹）配 朱（zhū）的聲音——把人斬斷、處決。從斬斷分開，引申為與眾不同、出眾：特殊、殊榮。朱（zhū）給聲音，聲母移到 shū。朱 也蓋出 株（zhū）、珠（zhū）。
殖	zhí	verb — to breed, multiply	歹=meaning:a stripped bone — flesh, fatty matter | 直=sound:zhí — gives the sound	歹（歹）這個「骨、脂」的偏旁，配上給聲音的直（zhí）。意思由「脂、增長」走到繁殖、生殖，再到落地拓居：殖民。
殘	cán	adj/verb — damaged, leftover	歹=meaning:a stripped bone — death, injury | 戔=sound:jiān — gives the sound	死骨旁（歹）配 戔（jiān）的聲音——兩支戈互砍、致傷。傷殘，再到破損剩下的：殘破、殘餘。戔（jiān）給聲音，移到 cán。戔 也蓋出 錢（qián）、淺（qiǎn）、線（xiàn）。
段	duàn	noun — section, length, stretch	殳=meaning:a hand swinging a tool — to strike | 耑=sound:duān — gives the sound	殳（手持工具敲打）加耑，耑只剩聲音（耑省聲）。說文：椎物也——敲東西。一敲，斷成一節，掉下來的就是一段。由斷下的那塊引出一段路、一個階段、一個段落。
殺	shā	verb — to kill, slaughter	殳=meaning:a hand gripping a pole-weapon — to strike | 杀=sound:shā — gives the sound	手揮兵器（殳）對著 杀（shā）的聲音——一擊斃命：殺害、殺死。從這一擊，引申為削減、砍下：殺價——把價砍死。杀 也蓋出 剎（chà）、煞（shà）。
殼	ké/qiào	noun — shell, husk, hard casing	殳=meaning:a hand gripping a tool — to strike, to crack | 㱿=form:the hollow body struck — a casing	右邊一隻手拿器具（殳）敲；左邊被敲的空殼（㱿）——敲開外皮，取裡頭的東西。包在外的硬皮：蛋殼、外殼、甲殼。讀 qiào（地殼），其餘讀 ké。
殿	diàn	noun — a great hall, palace	尸=meaning:a seated body — the broad base of the hall | 殳=sound:shū — gives the sound	比別處都高的廳堂：殿堂、宮殿。古文字有兩個說法：一個坐著的身子（尸）作寬大的底座，配 殳（shū）的聲音；或是 殳 那隻持械的手在敲擊，配 臀（tún）的聲音，臀的上半磨成了 尸——兩說都落在 diàn。從最高的殿，引申出走在最後的「殿後」。
毀	huǐ	verb — to destroy, ruin	臼=meaning:a mortar — the hollow you pound in | 土=meaning:earth — what gets crushed | 殳=meaning:a hand gripping a pestle-tool — to pound	一個臼（臼），裡頭是土（土），一隻手拿杵（殳）搗——搗到碎：毀滅、毀壞。從砸壞東西，引申到砸壞名聲：毀謗。
毅	yì	adjective — resolute, firm	殳=meaning:a hand swinging a pole — to strike, to act | 豙=sound:yì — gives the sound	豎毛的野豬（豙）配上揮桿打擊的手（殳）：怒而不退、咬住不放的豬，再加上「動手」。由那股不退的勁而來：剛毅、毅力。豙（yì）給聲音。
母	mǔ	noun — mother	女=form:a kneeling woman | 丶丶=form:two dots inside — the breasts, milk for nursing	一個女人（女）跪坐的樣子，胸前點兩點——乳房，給孩子哺乳。說文說它畫的是懷子哺乳的母親。由餵養孩子的人，引出一切的根源：母校、母語、字母。
每	měi	det — every, each	母=meaning:a mother, kneeling | 𠂉=form:the stroke above — a hairpin or a sprout, by the telling	跪坐的母（母），頭上多出一筆（𠂉）。古文字有兩個說法：梳好的髮髻插上簪子，或是土上長得茂盛的草——都是茂美的樣子。「每一個」把整個字借走，再沒還：每天、每個。
毒	dú	noun — poison, toxin	屮=empty:a worn growth-mark on top — a plant once stood here | 毐=empty:a thickened, harmful base — its lower shape worn toward 母	一種長得又密又傷人的草——古人說的毒，是到處冒出來、烈得碰不得的野草。零件都磨損了：上頭一個冒芽的記號，底下一塊磨得近乎母的形。兩半都磨過了頭，認不真切，就讓它們素著站。從傷人的草來：毒藥、病毒、毒品，再到狠毒。
比	bǐ	verb/prep — to compare	匕=meaning:a person, side-on | 匕=meaning:a second person, right behind	兩個人並排站著，臉朝同一邊。肩靠肩，高矮立刻看得出——合起來寫的就是比。同一對人背對背一轉，就是北。
毛	máo	noun — hair, fur, feather	毛=form:a tuft of hair, the strands curling at the tip	一撮毛畫成字，尾端那一勾就是彎過來的毛尖——身上的毛、皮上的絨。從毛髮延伸到羊毛、羽毛，連東西上的細絨都是毛。當聲音用，領出一排字：毫。
毫	háo	noun — a fine hair	毛=meaning:hair, fur | 高=sound:gāo — gives the sound	毛（毛）在 高（gāo）磨薄的頂下給聲音——最細最長的毛、筆尖那根。從一根毛的寬度，引申為極小的量：毫不、毫髮。當單位是「毫」（milli-）：毫升、毫米。高 也蓋出 豪（háo）。
毯	tǎn	noun — blanket, rug, carpet	毛=meaning:hair, wool — the pile | 炎=sound:gives the sound — two fires stacked	毛（毛）壓織成一片——毛毯、地毯。雙火的炎（炎）給聲音，和 談、淡 同一個聲符，磨到 tǎn 已差得遠。由那層暖毛而來：毯子、地毯。
氏	shì	noun — clan, lineage	氏=form:a low ladle-like stroke — read as a branching stem of a clan	一筆從主幹分出的彎畫——讀作家族分出的那一支。由家族支系而來：姓氏，以及綴在姓後的尊稱（張氏、攝氏）。
民	mín	noun — the people	民=form:an eye pierced by a point — the old graph of a blinded captive	金文是一隻眼睛被尖器刺中——刺瞎了眼、收為奴僕的俘虜。這個詞一路往上走：從奴僕，到被統治的人，到普普通通的所有人——人民、民族、民主。
氓	méng	noun — a roving commoner	亡=meaning:to flee, to go missing — a displaced person | 民=sound:mín — gives the sound, and means the people too	逃亡（亡）的人加上民（民）：從別處流入的百姓、遷來的居民。民（mín）既給聲音也給意思。漂泊的外來者後來變成無賴：流氓。
氛	fēn	noun — atmosphere, air, mood	气=meaning:rising vapor, air | 分=sound:fēn — gives the sound	空中的氣（气）——古義是當作徵兆的雲氣。分（fēn）給聲音。從籠罩一處的空氣，引申到那裡的氣氛：氣氛、氛圍。
氣	qì	noun — air, breath	气=sound:qì — gives the sound, exact | 米=meaning:rice, grain	一縷一縷往上飄的（气），本來自己就寫空氣；加上米（米）——說文：送客人的米糧，後來寫成餼。空氣那個字把整個字形借走，再也沒還：空氣、天氣、力氣、生氣。
氧	yǎng	noun — oxygen	气=meaning:gas, air — the radical for the airy elements | 羊=sound:yáng — gives the sound	十九世紀化學要替這氣體命名，就拿氣字頭 气，底下塞一個聲音：羊 yáng（羊），這裡讀 yǎng。字裡沒有羊——只是一團空氣借了個讀音。同一個 气 框裝著氫、氮。
水	shuǐ	noun — water	水=form:a stream — the current with spray either side	畫的就是流水——中間一長筆是水流，旁邊的短筆是濺起的水花。擠到字的左邊，就變成三點水（氵）。靜下來的水面是平的：水平。
永	yǒng	adj/adv — eternal, forever	水=meaning:water — worn into the strokes of the modern glyph | 彡=form:the trailing lines of a long current	一條長河分流、不斷往前——水（水）拉長，加上水流的尾痕（彡），如今併成一個永字。由流不盡的水而來：長久、永遠、永久、永恆。
汁	zhī	noun — juice, sap, fluid pressed from something	氵=meaning:water — a liquid | 十=sound:the old donor of the sound, since drifted far from shí	水（氵）把它歸進液體。十，在古音裡借出聲音——shí 和 zhī 那時相近，後來各自走遠。這個字指從東西裡擠出來的汁：果汁、肉汁。
求	qiú	verb — to seek, request	求=form:a fur coat, hairs bristling outward — the old graph of 裘	一張皮裘攤開，毛從中線往兩邊翹——這是裘的本字。日常的「尋求」把字借走了；皮衣另加衣字，寫成裘。要求、請求、追求，穿的都是這張借來的皮。
汗	hàn	noun — sweat	氵=meaning:water — body fluid | 干=sound:gān — gives the sound	身上的水（氵）——汗。干（gān）給聲音，g 磨成了 h。氵 標出這是身體流的水，不是單寫的「干」那面盾牌。
汙	wū	adj/noun — dirty, filthy	氵=meaning:water | 亏=sound:yú — the donor, since shifted to wū	不流的水（氵）——本義是一灘濁水不流。右邊那道彎 亏（于的古寫），給出聲音，從 yú 飄到 wū。死水生髒，引出日常的「髒、弄髒」：汙染、汙點。
江	jiāng	noun — (large) river	氵=meaning:water | 工=sound:gōng — gives the sound	水（氵），工（gōng）給聲音——g 和 j 本是一家。起初是專名：那一條江，長江。後來南方的大河跟著叫江，北方的跟著黃河叫河。
池	chí	noun — pool, pond	氵=meaning:water | 也=sound:yě — gives the sound	水（氵）聚在一處，不流走——池。也（yě）給聲音，離今天的讀法很遠了。同一個也蓋出一排字：地、施、他。
污	wū	adjective — dirty, filthy	氵=meaning:water — here, foul water | 于=sound:yú — gives the sound	死水（氵）發臭——髒。于（yú）給聲音，離今天的讀法很遠了。從髒水延伸到一切弄髒的事：污染、污點、貪污。
汰	tài	verb — to wash out, eliminate	氵=meaning:water — washing through | 太=sound:tài — gives the sound	水（氵）一沖，把渣滓帶走——淘汰、汰選。太（tài）給聲音，音正相合。被水流沖走的，就是被淘汰的。
汲	jí	verb — to draw water from a well	氵=meaning:water | 及=sound:jí — gives the sound	水（氵）配 及（jí）——一隻手伸出去抓眼前的東西。放下桶，往下探，把水拉上來——從井裡打水。從打水那一探，引申成凡是引取：汲取、汲汲營營。
決	jué	verb — to decide	氵=meaning:water | 夬=sound:guài — gives the sound; the same 夬 as in 快	氵是水，夬表聲——本義是把堤防沖開。
汽	qì	noun — steam, vapor	氵=meaning:water | 气=sound:qì — gives the sound	水（氵）加气，气是飄起來的氣息，也給聲音。水化成飄動的氣：蒸汽。這個气添了米（米）就成「氣」管糧食之氣，汽留著它管水之氣。由蒸汽引出汽車、汽油。
沈	shěn/chén	noun — (shěn) a surname	氵=meaning:water | 冘=sound:yín — gives the sound	水（氵）配上給聲音的冘：本是沉入水底的樣子——深潭，再到下沉。姓氏「沈」用了這個字；說「下沉」時，沈、沉互通。
沉	chén	verb — to sink, submerge	氵=meaning:water | 冘=sound:yín — gives the sound	水（氵）配上給聲音的冘——往水底下去的東西：下沉、沉沒。由沉下而來：沉重，以及深、靜（深沉、沉思）。是較早「沈」字後來通行的寫法。
沐	mù	verb — to wash the hair	氵=meaning:water | 木=sound:mù — gives the sound	水（氵）配上給聲音的木——本義是洗頭：濯髮。由澆頭而來：沐浴，以及像被水沖過一樣浸在好處裡（沐恩、如沐春風）。木（mù）音正相合。
沒	méi/mò	adverb — not have, not	氵=meaning:water | 殳=empty:a hand with a tool — worn remainder of the sinking graph	水（氵）蓋過去——本義是沉沒。「沒有」借走了這個淹掉的字：沉下去的，就沒有了。
沖	chōng	verb — to flush, rinse	氵=meaning:water | 中=sound:zhōng — gives the sound	水（氵）配上給聲音的中——本義是水往上涌、傾瀉（涌）。由急水而來：沖洗，往上衝（一飛沖天），以及兌入水中稀釋（沖淡）。中（zhōng）給聲音。
沙	shā	noun — sand	氵=meaning:water | 少=meaning:shǎo — "few" — where water is little, sand shows	水（氵）加少。說文：水散石也，水少沙見——水把石頭沖碎，水一淺，沙就露出來。這個老字有兩種講法：少正好讀進畫面——水少，沙見——它同時也是砂、莎那一排的聲旁。由細粒引出沙子、沙灘、沙漠。
沫	mò	noun — foam, froth	氵=meaning:water | 末=sound:mò — gives the sound	水（氵）配上給聲音的末——水面破開時冒起的小泡：泡沫、口沫。末（mò）音正相合，而泡沫正浮在水的最表面、最末梢。
沮	jǔ	verb — to dishearten, dampen	氵=meaning:water | 且=sound:jū — gives the sound	水（氵）配上給聲音的且——本義是水被壅住、不流（壅）。由滯塞而來：阻擋，以及意氣低落——沮喪。且（jū）給聲音。
河	hé	noun — river	氵=meaning:water | 可=sound:kě — gives the sound	水（氵）加可。可給聲音，k 磨成 h，還蓋出何、荷、苛、阿一整排。說文裡，河是崑崙山流出來的大水——本指黃河，後來泛指一切河。河流、河水，天上還有一條銀河。
沸	fèi	verb — to boil, seethe, bubble up	水=meaning:water | 弗=sound:fú — gives the sound	水（氵）翻滾、泡泡一個個冒上來——沸。弗給聲音，從 fú 移到 fèi。從滾沸引申：沸騰、沸點。
油	yóu	noun — oil, grease, fat	氵=meaning:water — a flowing liquid | 由=sound:yóu — gives the sound	本是一條河的名字；日常借來指一切滑滑的稠液——油。由（yóu）給聲音，讀法沒變。氵 標出這是液體；單寫的由是「來由、出自」。
治	zhì	verb — to govern	氵=meaning:water | 台=sound:yí — gives the sound	水（氵），台表聲——先是一條河的名字，再是治河這件事：築堤、開渠，把水馴服（治水）。治得了水，就治得了別的——治理、治病、政治。
沼	zhǎo	noun — a pond, pool	氵=meaning:water | 召=sound:zhào — gives the sound	水（氵）配上聲音召（zhào，聲調沉成 zhǎo）——一窪不流的水，池塘。水停著、長出蘆葦的地方，就是沼澤、池沼。
沾	zhān	verb — to moisten, wet	氵=meaning:water | 占=sound:zhān — gives the sound	水（氵）配上聲音占（zhān）——一點水碰上來、黏住：弄濕、沾濕。沾上的東西會跟著走：沾染、沾光、沾手。
沿	yán	verb/prep — to follow along	氵=meaning:water | 㕣=sound:yǎn — gives the sound	水（氵）配 㕣（yǎn）——本是兩山間的低澤，如今磨成「几」蓋「口」，單看認不出。水順著河道一路流向海；你走在岸邊，水始終在側——順著走。從沿岸引申，凡是守住老路子也是沿：沿海、沿用。
況	kuàng	noun — situation	氵=meaning:water | 兄=sound:xiōng — gives the sound	水（氵）配兄（xiōng）的聲音，磨成 kuàng——本義是寒水。冷水的意思後來沒人用了，留下來的是借去做的事：事情的樣子（情況、狀況、近況），和再加一層的（何況、況且）。
泉	quán	noun — spring, fountainhead	泉=form:water welling from a rock mouth and running down into streams	一眼泉整個畫出來：上頭圓口是水從石縫冒出的地方，底下幾道分開來成川。從源頭的水延伸到溫泉、泉水、源泉。
泊	bó/pō	verb — (bó) to moor, anchor	氵=meaning:water | 白=sound:bái — gives the sound	水（氵）配上聲音白（bái，收成 bó）——船停在水上：停泊。停下來、不爭的日子叫淡泊。讀 pō 時指那一片靜水：湖泊、血泊。
泌	bì	verb — to secrete, ooze, seep out (of a fluid)	水=meaning:water — the fluid | 必=sound:bì — gives the sound	液體（氵）細細地、不停地滲出來——泌。必（bì）給聲音，音不變。身體裡安靜的流出都用它：分泌、泌尿、泌乳。
法	fǎ	noun — law	氵=meaning:water — a level surface | 去=meaning:to remove, send away	水（氵）面是平的——法律把每個人放在同一個平面上。去（去）是送走：理虧的那個被除掉。古字寫作灋，裡面還有一隻獨角獸「廌」，用角把理虧的人頂出去；寫著寫著，獸不見了，剩下水和去。
泛	fàn	verb/adj — to float, drift	氵=meaning:water | 乏=sound:fá — gives the sound	水（氵）配上給聲音的乏——浮在水面、隨水漂，於是鋪得又廣又淺：廣泛、泛泛。異體寫成汎，那一格換成凡。乏（fá）給聲音。
泡	pào	noun — bubble, blister	氵=meaning:water | 包=sound:bāo — gives the sound	水（氵）包住一口氣（包）——泡，一層水皮裹著空。包（bāo）給聲音，b 磨成 p，也借來「包裹」的意思：被水裹住的。從水泡延伸到泡沫，再到把東西浸在水裡：泡茶、泡澡。
波	bō	noun — wave, ripple	氵=meaning:water | 皮=sound:pí — gives the sound	水（氵）配上給聲音的皮——水的「皮」一起一伏：波浪。由波而來：向外擴散（波及），以及像浪一樣的起伏——波動、波折。皮（pí）給聲音，p 磨成 b。
泥	ní	noun — mud, clay	氵=meaning:water (氵) | 尼=sound:ní — carries the sound	水（氵）和進土裡——泥土。尼（ní）音正相合。泥黏住不放，於是轉出「執著、死守」之意——泥古不化、拘泥。
注	zhù	verb — to pour	氵=meaning:water | 主=sound:zhǔ — gives the sound	氵是水，往一個地方倒；主表聲。注意的注，就是把心倒進去。
泳	yǒng	verb — to swim	氵=meaning:water | 永=sound:yǒng — gives the sound	水（氵）加永。永本身畫的是一條長長分叉的水道，引申為長久；這裡既給水的形象，也給聲音 yǒng。說文：潛行水中也——在水裡前行。身子在長水裡推進：游泳。
洋	yáng	noun/adj — ocean	氵=meaning:water | 羊=sound:yáng — gives the sound	水（氵）配 羊（yáng）取聲——本是一條河的名字。水漫無邊際，這字就指了大海：海洋、太平洋。從無邊引申，滿溢的（洋溢），以及從大海那頭來的——外國的、西洋的（洋人、洋房）。
洗	xǐ	verb — to wash, rinse	氵=meaning:water | 先=sound:xiān — gives the sound	水（氵）加先。說文：洒足也——進門先洗腳。先給聲音，從 xiān 磨成 xǐ，也在跣、銑裡讀 xiǎn。由洗腳推到一切洗：洗手、洗衣、洗腦。
洛	luò	noun — the Luo River	氵=meaning:water — a river | 各=sound:gè — gives the sound	水（氵）配上聲音各（gè）——一條河的名字，洛水，穿過中原匯入黃河。它北岸長出洛陽，幾朝古都。各這一族聲音很雜，分出 g- 和 l- 兩路：各、落、絡、路。
洞	dòng	noun — cave, hole	氵=meaning:water | 同=sound:tóng — gives the sound	水（氵）配上給聲音的同——本義是急流（疾流）。水流穿鑿，掏出洞穴（山洞、洞穴）；穿透到底，又引申為看穿：洞察、洞悉。同（tóng）給聲音。
津	jīn	noun — a ford, river crossing	氵=meaning:water | 𦘔=empty:the right side — a hand holding a brush	水（氵）能過去的地方——渡口、津口。從這個渡口，引到身上的水：津液、口津。
洩	xiè	verb — to leak, let out	氵=meaning:water | 曳=sound:yè — gives the sound	水（氵）找到縫鑽出去——洩。曳（yè）給聲音，像它本義那樣拖長。從水漏出去，引到把憋著的放出來：洩漏、發洩、洩氣。
洪	hóng	noun/adj — flood	氵=meaning:water | 共=sound:gòng — gives the sound	水（氵）配 共（gòng）——兩手一起捧著。所有的水一齊漲，條條溪流匯在一處——洪水。從那股聲勢引申，凡是浩大的（洪大），以及灌滿屋子的嗓音（洪亮）。聲音從 g 滑到 h，同一個喉位磨軟了。
洲	zhōu	noun — islet in a river	氵=meaning:water surrounding the land | 州=sound:zhōu — gives the sound	州本來就畫了水中的陸地——那幾點是河道間的小洲。州被借去指州縣後，洲再加一個氵，保住「水裡的地」這個本義：四面環水的陸塊。州（zhōu）給聲音，讀法沒變。從河中小洲放大到各大洲：歐洲、亞洲。
活	huó	adj/verb — alive, to live	氵=meaning:water, running | 舌=sound:𠯑 guā, worn into 舌 — gave the old sound	水（氵）在流——本義是流水的聲音。右邊本來是給聲音的 𠯑（guā），抄了幾百年，磨成了舌。會動的水才是活水：活著、生活、靈活。
洽	qià	verb/adj — to be in harmony	氵=meaning:water | 合=sound:hé — gives the sound	水（氵）整個浸透——本義是沾濕。合（hé）給聲音，h 磨向了 q。從水浸進去、合在一起，引到事情談得攏：融洽、洽談。
派	pài	noun — branch, faction, school	氵=meaning:water — a branching stream | 𠂢=sound:pài — gives the sound	水（氵）從主流分出去——支流。右邊的𠂢是「永」反過來：永畫一道長流，𠂢畫它岔開來。𠂢（pài）給聲音。從河的分支延伸到一切分出來的：派別、氣派，以及把人差遣出去：派遣。
流	liú	verb — to flow	氵=meaning:water in motion | 㐬=sound:liú — gives the sound	水（氵）動起來——流。右邊的㐬是個倒著生出來的孩子，頭髮和羊水一道淌下；它給聲音 liú，也給了「傾瀉而出」的畫面。從流水延伸到河流、流動，再到捲著眾人走的潮流。
浙	zhè	noun — the Zhe River	氵=meaning:water — a river | 折=sound:zhé — gives the sound	水（氵）配上聲音折（zhé，聲調落成 zhè）——浙江，因近海處彎折得厲害而得名。折也是一幅畫：一條水折來折去。從江名引出省名：浙江。
浪	làng	noun/verb — wave	氵=meaning:water | 良=sound:liáng — gives the sound	水（氵）配 良（liáng）取聲。水面起伏成一道道脊——波浪。浪愛去哪去哪、不受拘束，所以這字也放縱：流浪、浪費。讀音從 liáng 磨成了 làng。
浮	fú	verb/adj — to float	氵=meaning:water | 孚=sound:fú — gives the sound	水（氵）把東西托在面上——漂浮。孚（fú）給聲音，是爪在子上、護著。從浮在面上，引到只在表面、不沉穩的：浮躁、浮誇。
浴	yù	verb — to bathe	氵=meaning:water | 谷=sound:gǔ — gives the sound	水（氵）加谷。說文：洒身也——洗全身。谷給聲音；它讀「山谷」的 gǔ，但也有一個 yù 的讀法，正是裕、欲那一個。水順著全身淋下，像溪水流過整條山谷：沐浴、浴室。
海	hǎi	noun — sea	氵=meaning:water | 每=sound:měi — gives the sound	水（氵）大到頭就是海。每的聲音幾百年散開：梅 méi、悔 huǐ、海 hǎi。從海的大生出一切的大片：人海、雲海。
浸	jìn	verb — to soak, steep, immerse	氵=meaning:water | 𠬶=empty:the right side — a hand sweeping a broom	水（氵）泡著東西直到濕透——浸。從泡，引到慢慢滲進去：浸泡、浸透。
消	xiāo	verb — to vanish, dissolve, eliminate	氵=meaning:water — something melting away | 肖=sound:xiāo — gives the sound	像水（氵）一樣慢慢乾掉，東西越來越少，終至沒了——消。肖給聲音，也帶來「變小」的意思（肉 月 被小 削細）。同一個肖領出一排字：銷、宵、硝。從消失延伸到消除、消化（把食物化掉）。
涉	shè	verb — to wade, ford	氵=meaning:water | 步=meaning:a stride — two feet, one ahead of the other	兩個意符合在一起：水（氵）和 步——兩個腳印一前一後。雙腳直接踏進溪裡走過去——徒步過河。沒有聲符，兩半都表意。從趟水過河引申，凡是踏進去的事都涉：涉及、涉獵、跋山涉水。
涕	tì	noun — tears	氵=meaning:water | 弟=sound:dì — gives the sound	水（氵）從臉上流下來——眼淚。弟（dì）給聲音，d 磨成了 t。詞從眼淚挪到臉上另一股水：台灣現在多指鼻涕。
液	yè	noun — liquid, fluid	氵=meaning:water — by extension anything fluid | 夜=sound:yè — gives the sound	水（氵）配 夜（yè）取聲。水這裡代表更廣的東西——凡是會流、會倒的，不只是河水。所以 液 就是流質：液體、血液、溶液。夜只借讀音，正好 yè。
涵	hán	verb — to contain, hold within	氵=meaning:water | 圅=sound:hán — gives the sound	水（氵）又深又廣——本義是水多。圅（hán）給聲音，就是 函 的古體，舌在套子裡、能裝。從水含著、浸著，引到把東西容進來：涵養、包涵、內涵。
涼	liáng	adjective — cool, cold (pleasantly)	氵=meaning:water — what carries the chill | 京=sound:jīng — gives the sound	水（氵）帶來的涼意——涼。京（jīng）給聲音，離今天的讀法很遠了；單寫的京是高高敞開的樓臺，正好風穿得過。從涼爽延伸到涼水、乘涼，再到淒涼那種又冷又薄的感覺。
淆	yáo	verb — to mix up, muddle, confuse	氵=meaning:water | 肴=sound:yáo — gives the sound	水（氵）配 肴（yáo）——一桌煮好的菜。全攪進水裡，攪到你分不清哪是哪——弄亂、混淆。這字幾乎只活在「混淆」裡：把兩樣東西攪在一起，搞到認錯。
淇	qí	noun — a river name	氵=meaning:water — it names a river | 其=sound:qí — gives the sound	水（氵）加其。其本是個簸箕，早被借去寫「它的」；這裡給聲音 qí，跟期、棋、旗同一個。說文說淇是北山流出的一條河。這個河名後來被借進「冰淇淋」，純為了聲音。
淋	lín	verb — to pour, drench, drip	氵=meaning:water | 林=sound:lín — gives the sound	水（氵）加林。說文：以水沃也——拿水往上澆。林給聲音 lín，兩棵樹當聲旁。水直直往下落，像雨穿過樹林：淋透了——淋雨、淋濕、淋漓。
淒	qī	adjective — cold, chilly	氵=meaning:water — cold rain | 妻=sound:qī — wife; here purely the sound	水（氵）配上妻（qī）取聲——說文解作「寒雨」，冷雨。冷雨的寒意擴開，成了荒涼、悲涼：淒涼、淒冷、淒慘。妻在這裡只借個音。
淘	táo	verb — to wash, pan (rice, gold)	氵=meaning:water | 匋=sound:táo — gives the sound	水（氵）配 匋（táo）——燒陶的罐子。把米或沙在水裡打轉，讓水流帶走糠和雜質——淘洗、淘金。被水帶走的就是不要的，所以「淘汰」是篩掉、剔除。同一個 匋 也在陶字裡。
淚	lèi	noun — tear, tears	氵=meaning:water | 戾=sound:lì — gives the sound	水（氵）配 戾（lì）——狗從門（戶）底下硬擠出來。眼裡硬被擠出來、由不得你的水——眼淚、流淚。讀音從 lì 滑成 lèi。簡體寫「泪」，捨了聲音換成直接的意思：眼（目）旁的水（氵）。
淡	dàn	adjective — bland, thin (of taste)	氵=meaning:water | 炎=sound:yán — gives the sound	水（氵）配 炎——兩團火疊著。一鍋水熬下去，湯卻清淡寡味、幾乎沒味道——淡。從味薄引申，凡是淺的都淡：淡藍、淡漠、淡水。火借讀音 yán，這裡磨成 dàn。
淨	jìng	adjective — clean, pure	氵=meaning:water | 爭=sound:zhēng — gives the sound	水（氵）加爭。說文說它本是魯國北門一池清水；爭給聲音，從 zhēng 磨成 jìng，也定住靜、睜。由那池清水引出日常的乾淨、淨化。算帳的「淨重、淨利」也借這個字。
淪	lún	verb — to sink, be reduced to	氵=meaning:water | 侖=sound:lún — gives the sound	水（氵）把東西捲下去——沉淪。侖（lún）給聲音，是屋下排好的簡冊。從沉到水底，引到落到低處、敗亡：淪落、淪陷、淪亡。
深	shēn	adjective — deep	氵=meaning:water — measured top to bottom | 罙=sound:shēn — gives the sound	探不到底的水（氵）——深。右邊的罙畫一隻手伸進洞穴（穴）裡摸底；它給聲音 shēn，也給了「探深」這個動作。同一個罙也在探字裡。從深水延伸到深刻、深夜。
混	hùn	verb — to mix, blend	氵=meaning:water | 昆=sound:kūn — gives the sound	水（氵）配 昆（kūn）——一群聚成一團。全倒進水裡讓它們淌在一起，攪到分不出彼此——混合。從失去界線引申，水變濁（混濁），以及混在人堆裡得過且過（混日子）。聲音從 k 滑到 h。
淹	yān	verb — to flood, submerge	氵=meaning:water | 奄=sound:yǎn — gives the sound	水（氵）把地整個蓋住——淹。奄（yǎn）既給聲音又像那畫面：罩子鋪開來。從水蓋過去，引到淹沒、淹死：淹沒、淹水、淹死。
淺	qiǎn	adjective — shallow	氵=meaning:water — measured top to bottom | 戔=sound:jiān — gives the sound, and its meaning	一探就到底的水（氵）——淺。戔身兼兩職：給聲音 jiān（磨成 qiǎn），它本身「又小又薄」的意思（兩把戈把東西砍小）也餵進字義。從淺水延伸到淺薄、淺易、淺色。同一個戔也在錢、踐、殘裡。
添	tiān	verb — to add, put more	氵=meaning:water | 忝=sound:tiǎn — gives the sound	水（氵）再倒進去、多一點——添。右邊是忝（tiǎn），天在心底（㣺）上，給聲音，只動了聲調。從加水，引到加任何東西：添加、增添。
清	qīng	adjective — clear, clean	氵=meaning:water | 青=sound:qīng — gives the sound	水（氵）看得到底——清水，本義。青（qīng）給聲音，分毫不差。從清水長出乾淨（清潔）、純（清純）、安靜（清靜）。青蓋出一排字：情、請、晴、精。
減	jiǎn	verb — to reduce, decrease, subtract	氵=meaning:water | 咸=sound:xián — gives the sound	水（氵）退下去——水位低了，少了。咸（xián）給聲音，走遠成了 jiǎn。從水退下，凡是變少都是減：減少、減輕、減法。咸還串起一家：感、喊、憾。
渠	qú	noun — a canal, ditch, channel	氵=meaning:water | 巨=sound:jù — gives the sound	水（氵）走在挖開的線裡——溝渠，水所居。巨（jù）給聲音，是矩尺的形，磨進了上頭，下面 木 撐住開的口。讀音從 j 滑到 q。意思守在水道：水渠、渠道。
渡	dù	verb — to cross water	氵=meaning:water | 度=sound:dù — gives the sound	水（氵）配上度（dù），量著跨過去的那段——過河。度既給聲音，又有跨越的畫面。從過水，引到熬過任何一段：渡河、渡過、過渡。
測	cè	verb — to measure, gauge	氵=meaning:water | 則=sound:zé — gives the sound	水（氵）探它有多深——本義是測深。則（zé）給聲音，是刀刻出的準則之形，z 磨成了 c。從量水深，引到估量、預測一切：測量、預測、推測。
港	gǎng	noun — a harbor, port	氵=meaning:water | 巷=sound:xiàng — gives the sound	水（氵）從大流分出一條巷子——江河的汊口，再到船停的港。巷（xiàng）給聲音，沿著喉音這一排走到 gǎng。意思落在能停船的水：港口、海港。
渴	kě	adjective — thirsty	氵=meaning:water | 曷=sound:hé — gives the sound	水部（氵）標出身體缺的——水盡了，喉嚨乾。曷（hé）給聲音，磨成了 kě。從喉嚨乾長出「渴望」。曷蓋出一排：喝、揭、竭。
游	yóu	verb — to swim	氵=meaning:water | 㫃=form:a flag on its pole, the streamer trailing	旗子的飄帶（㫃）在風裡拖著；放進水（氵）裡，就成了在水流中自在前進的身體——游。古字有兩個說法：旗桿上拉長的旒，與在水中流動的泳者——都是順著流動的東西。從自在游動長出四處走（游玩、游歷）。
渾	hún	adjective — muddy, turbid	氵=meaning:water | 軍=sound:jūn — gives the sound	水（氵）配 軍（jūn）——戰車（車）外圍著一圈兵。把河床一攪，泥沙把整片水都染濁了——渾濁、渾水。從整片一齊變濁引申，渾然一體，以及厚實不分的樸質（渾厚）。讀音從 jūn 滑成 hún。
湊	còu	verb — to gather, come together	氵=meaning:water | 奏=sound:zòu — gives the sound	水（氵）幾股流到一處——本義是水會合。奏（zòu）給聲音，是雙手捧著獻上的形，z 磨成了 c。從水匯聚，引到人和東西湊在一起：湊合、拼湊、湊巧。
湖	hú	noun — lake	氵=meaning:water | 胡=sound:hú — gives the sound exactly	水（氵），胡（hú）給聲音，一點沒變。被陸地圍住的一大片水：湖水、湖邊、西湖。
湧	yǒng	verb — to gush, well up, surge	氵=meaning:water | 甬=sound:yǒng — gives the sound	水（氵）從底下頂上來——湧。甬（yǒng）給聲音，是吊鐘帶環、又是通道的形，音正合。從水冒上來，引到一擁而出：湧出、湧現、洶湧。
湯	tāng	noun — soup	氵=meaning:water | 昜=sound:yáng — gives the sound	水（氵）燒到滾——說文：熱水也；赴湯蹈火還是燙的。後來廚房把它收窄成一碗湯。昜（yáng）給聲音，y 硬成了 t；泡湯泡的還是那鍋老熱水。
溉	gài	verb — to water, irrigate	氵=meaning:water | 既=sound:jì — gives the sound	水（氵）配 既（jì）——人吃飽了背過身去，飯已經吃完。把水引出來澆透乾田，澆到田喝足為止——灌溉、溉田。讀音從 jì 滑成 gài。同一個 既 也在概字裡，那邊配木。
源	yuán	noun — source (of a stream)	氵=meaning:water | 原=sound:yuán — gives the sound, exact	原本來畫的是山崖（厂）下的泉水（泉）——就是水源。後來原跑去當「原本、原野」用了，就再加水（氵），把源頭寫回來。聲音原樣不動：yuán。
準	zhǔn	adjective — accurate	氵=meaning:water | 隼=sound:zhǔn/sǔn — a falcon; gives the sound	氵是水——水面自己會平，就是最早的標準；隼表聲。水準，留著本義。
溜	liū	verb — to slip, slide	氵=meaning:water | 留=sound:liú — gives the sound	水（氵）滑開、抓不住——溜。留（liú）給聲音，是田被留住的形，只動聲調。從水滑，引到人悄悄滑走、或東西順得很：溜走、溜冰、溜的。
溝	gōu	noun — ditch, channel, groove	氵=meaning:water | 冓=sound:gòu — gives the sound	水（氵）順著挖出的線走——溝。冓（gòu）給聲音，也是兩半相扣成框的樣子；溝就在兩岸之間挖出來。冓蓋出一排字：構、講、購。兩邊之間有條道，就是溝通。
溪	xī	noun — a creek, mountain stream	氵=meaning:water | 奚=sound:xī — gives the sound	水（氵）在山裡走得細細的——溪。奚（xī）給聲音，是手牽繩縛之形，音正合。意思就守在山澗：溪水、溪谷、小溪。
溫	wēn	adjective — warm	氵=meaning:water — what holds the warmth | 昷=sound:wēn — gives the sound	不燙不冷的水（氵）——溫。右邊的昷給聲音 wēn，那份暖意有兩個說法：皿在日頭（日）下受熱，或是一碗飯（皿）遞給關著的人（囚）——暖意，或是送暖。從溫水延伸到溫泉、溫和、溫暖。
溶	róng	verb — to dissolve, melt into liquid	氵=meaning:water | 容=sound:róng — gives the sound	水（氵）把固體收進自己裡——溶。容（róng）給聲音，是宀下藏谷、能容的形，音正合。意思守在化成液體：溶解、溶化、溶液。
溼	shī	adjective — wet, damp, moist	氵=meaning:water — the wetness | 㬎=sound:xiǎn — gives the sound	水氣（氵）黏在東西上——溼。台灣常用的溼和通行的湿是同一個字；都建在㬎上——日頭（日）底下的絲線（絲），正是還沒乾的衣裳掛在外頭。㬎給聲音，離今天的讀法很遠了。從潮溼延伸到溼熱。
滅	miè	verb — to extinguish, put out	氵=meaning:water | 烕=sound:miè — gives the sound	水（氵）潑上火——熄滅。烕（miè）給聲音，裡頭火（火）被戌戈壓下去。從澆熄，引到徹底消滅：消滅、滅亡、毀滅。
滋	zī	verb — to grow, nourish, breed	氵=meaning:water | 兹=sound:zī — gives the sound	水（氵）配 兹（zī）。水一到，東西就脹起來、繁衍開——滋生、滋長。滋養的水不是淹而是養：滋養、滋潤，以及它引出的味道，滋味。生出亂子來，就是惹：滋事。
滑	huá	adj/verb — slippery, smooth	氵=meaning:water | 骨=sound:gǔ — gives the sound	水（氵）配 骨——骨在這裡是聲符不是圖，讀音從 gǔ 一路磨到了 huá。光面一沾水，腳下就站不住——光滑、滑冰。從站不穩引申，滑倒，以及為人圓滑、油嘴滑舌（滑稽、滑頭）。
滯	zhì	verb — to be held up, stagnate	氵=meaning:water | 帶=sound:dài — gives the sound	水（氵）走不動、停在那——滯。帶（dài）給聲音，是垂著布的腰帶之形，讀音磨得離本音很遠了。從死水，引到事情卡住、過不去：停滯、滯留、滯銷。
滲	shèn	verb — to seep, ooze	氵=meaning:water | 參=sound:cān — gives the sound	水（氵）從細縫一點點透進去——滲。參（cān）給聲音，是三星照著跪坐人形，讀音磨得離本音很遠了。從水鑽過去，引到慢慢透入：滲透、滲水、滲漏。
滴	dī	verb/noun — to drip	氵=meaning:water | 啇=sound:dí — gives the sound	水（氵）一顆一顆落下來——滴。啇（dí）給聲音，是 商、敵、摘 共用的底，只動聲調。這個字既指落、也指那顆水珠：滴水、水滴、一滴。
滾	gǔn	verb — to roll, tumble	氵=meaning:water | 袞=sound:gǔn — gives the sound	水（氵）一遍遍翻過來——沸滾。袞（gǔn）給聲音，是龍袍之形，音正合。從水翻滾，引到一切翻、滾的東西：滾動、滾燙、滾滾。
滿	mǎn	adjective — full	氵=meaning:water | 㒼=sound:mǎn — gives the sound	水（氵）漲到容器邊緣——滿。㒼（mǎn）給聲音；一路抄寫把它壓成了今天「艹」加「兩」的樣子。從水漲到頂：充滿、滿意、滿載。
漁	yú	verb/noun — to fish, catch fish	氵=meaning:water | 魚=sound:yú — gives both sound and sense	水（氵）配上魚（魚）——捕魚。魚一身兩用，畫出畫面又正好給音。從捕魚，引到這一行、和趁機撈一把：漁業、漁夫、漁利。
漂	piāo/piǎo/piào	verb — to float (piāo)	氵=meaning:water | 票=sound:piào — gives the sound	水（氵）托著不沉的東西——漂，piāo。票（piào）給聲音，調子飄高。布在水流裡搓洗讀 piǎo——漂白。第三個讀音只守著一個詞：漂亮，piào。
漆	qī	noun/verb — lacquer, paint	氵=meaning:water — the liquid coat | 桼=sound:qī — sap tapped from a cut tree; gives the sound and the original sense	桼（qī）是更早的字：一棵樹（木）割開、汁液往下淌——生漆。漆再加水（氵），點出那層會流的液體。就是油漆、漆器的漆，也是漆面那種黑：漆黑。
漏	lòu	verb — to leak, drip through	氵=meaning:water | 屚=sound:lòu — gives the sound	水（氵）鑽過去——漏。屚（lòu）給聲音，本身就是雨（雨）漏進屋頂（尸）下：漏水的畫面整個包在聲符裡。從漏水，引到走漏、遺漏：漏水、漏洞、遺漏。
演	yǎn	verb — to perform, act out	氵=meaning:water | 寅=sound:yín — gives the sound	水（氵）長流、攤展開來——本義是長流。寅（yín）給聲音，是手把箭拉直、伸展之形，聲母和聲調都磨了。從一路展開的流，引到把事情演出來、演變：表演、演變、演練。
漠	mò	noun/adj — desert	氵=meaning:water | 莫=sound:mò — gives the sound	用水（水）來命名缺水之地——北方的流沙，沙漠。莫（mò）給聲音，畫面也合：太陽落進草叢，一片空。從空曠引申到廣大、再到冷淡：沙漠、廣漠、冷漠。
漢	hàn	noun — the Han River	氵=meaning:water — a river | 𦰩=sound:hàn — gives the sound	水（氵），𦰩表聲——和難、嘆同一個右邊。先是一條河：漢水，從秦嶺下來注入長江。起家於漢中的王朝拿河作號，名字再從朝代到人到字——漢人、漢字；連男子漢也站在裡面：好漢。
漫	màn	verb/adj — to overflow, spread	氵=meaning:water | 曼=sound:màn — gives the sound	水（氵）配 曼（màn）——把一條線拉長。水漲過邊緣，無邊無際地鋪開——漫過、瀰漫。既無拘束，便有沒完沒了的長（漫長）、信步閒走（漫步）、隨心所欲（散漫、浪漫）。
漲	zhǎng/zhàng	verb — (zhǎng) to rise (water, prices)	水=meaning:water | 張=sound:zhāng — gives the sound	水（氵）漲開、面鋪得更大——升高。張（zhāng）給聲音，只有聲調降成 zhǎng。從漲潮引申到漲價；讀 zhàng 是脹大——頭昏腦漲。
漸	jiàn	adverb — gradually, by degrees	氵=meaning:water | 斬=sound:zhǎn — gives the sound	水（氵）配 斬（zhǎn）——斧（斤）旁戰車（車），兩塊併成一個，不容易看出。水一絲一絲地滲、慢慢浸——一點一點推進，逐漸（漸漸）。沒有突然，只有慢慢來：漸入佳境。讀音從 zhǎn 滑成 jiàn。
漿	jiāng	noun — a thick drink or liquid	將=sound:jiāng — gives the sound | 水=meaning:water — the liquid, sitting under the phonetic	將（jiāng）在上頭給聲音，水（水）在底下給實質——合起來是濃濃可喝的液體：豆漿、米漿、果漿。這裡的「將」是「將軍」那個字，只借它的讀音。
潑	pō	verb/adj — to splash, fling water	氵=meaning:water | 發=sound:fā — gives the sound	水（氵）配 發（fā）——弓把箭放出去。把水一甩，整把潑射而出，就像箭離弦——潑水、潑冷水。從那股勁引申，活蹦亂跳、兇悍（活潑、潑辣）。聲音在 {b,p,f} 一家裡挪了一步，fā 變 pō。
潔	jié	adjective — clean, pure, spotless	水=meaning:water — what washes clean | 絜=sound:jié — gives the sound	水（氵）把東西洗得乾乾淨淨——潔。絜（jié）給聲音，音不變。從洗淨引申：清潔、整潔；潔白就是純白。
潛	qián	verb — to dive, submerge	氵=meaning:water | 朁=sound:qián — gives the sound	水（氵）裡往下沉——潛水、潛入。朁（qián）給聲音。沉到水面下就看不見了，於是潛轉成藏、轉成潛伏的力量：潛伏、潛力。
潢	huáng	noun — a pool of standing water	氵=meaning:water — a standing pool | 黃=sound:huáng — yellow; here the sound	水（氵）配上黃（huáng）取聲——說文解作「積水池」，積水的池子。日常用的是相關的工藝義：裝潢，裱褙書畫、裝修房屋——本是染治紙張，今天指室內裝飾。
潤	rùn	verb/adj — to moisten, enrich	氵=meaning:water | 閏=sound:rùn — gives the sound	水（氵）帶來濕和光——滋潤。閏（rùn）給聲音，是王關在門裡的形，音正合。從滋潤，引到變得光滑、豐厚、有利：滋潤、潤滑、利潤。
潮	cháo	noun — tide	水=meaning:water | 朝=sound:cháo — gives the sound	水（水）按時漲落——潮。朝（cháo）給聲音，正是海面湧向岸邊的那個早晨。從這定時的湧動，凡是像潮水一樣起落的都是潮：潮流、熱潮、風潮。
潰	kuì	verb — to burst, collapse, rout	氵=meaning:water | 貴=sound:guì — gives the sound	水（氵）配 貴（guì）。水先從堤上漏，接著整道牆一齊垮——潰決、崩潰。防線崩開的意象引申到軍隊潰散（潰敗、潰退），以及身體爛開（潰瘍）。讀音從 guì 滑成 kuì。
潺	chán	adjective — gurgling, of flowing water	氵=meaning:water | 孱=sound:chán — gives the sound	水（氵）配 孱（chán）——屋簷下三個小孩，孱弱。這字摹的是溪水淌過石頭那細細柔柔的響——潺潺、潺湲。它幾乎只用疊字「潺潺」，溪流不停的低吟。孱只借讀音 chán。
澆	jiāo	verb — to pour water on, irrigate, sprinkle	水=meaning:water | 堯=sound:yáo — gives the sound	水（水）淋下去——澆灌。堯（yáo）給聲音，y 磨成了 j。水從上頭落到東西上，就是澆：澆水、澆花、澆灌。
澈	chè	adjective — clear, transparent to the bottom	水=meaning:water | 徹=sound:chè — gives the sound	水（水）一眼看到底——清澈。徹（chè）給聲音，分毫不差。從一塵不染的水，引出凡是看到底、透到底的：清澈、澄澈、澈底。
澡	zǎo	verb — to bathe, wash (the body)	氵=meaning:water | 喿=sound:zào — gives the sound	水（氵）澆遍全身——洗澡。喿（zào）給聲音（只是落了聲調成 zǎo），畫的是一樹鳥鬧，正像洗澡的水聲。由此：洗澡、澡盆、澡堂。喿串起一排：操、燥、躁、噪。
澤	zé	noun — a marsh	水=meaning:water | 睪=sound:yì — gives the sound	水（水）積在低處——沼澤，還有它沾上萬物的潤澤光亮。睪（yì）給聲音，y 跨到了 z。從潤澤的光，引出恩惠：沼澤、光澤、恩澤。
澳	ào	noun — a sheltered bay, an inlet	氵=meaning:water | 奧=sound:ào — gives the sound	水（氵）藏進海岸深處的內凹——避風的港灣，船泊在裡頭躲風。奧給聲音 ào，連意思也帶著：幽深的內角，這裡成了海的一角。今天這個字代指澳門、澳洲。
激	jī	verb — to dash up	氵=meaning:water | 敫=sound:jiǎo — gives the sound	氵是水，沖到東西，整道濺起來；敫表聲。
濁	zhuó	adjective — muddy, turbid, foul	氵=meaning:water | 蜀=sound:shǔ — gives the sound	水（氵）配 蜀（shǔ）——一條蜷曲的蠶。泥沙把水攪得看不透——混濁、渾濁。那股污濁引申到一切骯髒的：濁世、濁音。讀音從 shǔ 滑成 zhuó。同一個 蜀 也在獨字裡，那邊配犬。
濃	nóng	adjective — thick, dense, concentrated	水=meaning:water | 農=sound:nóng — gives the sound	水（水）裝滿了東西——露水濃得掛住，液體稠密。農（nóng）給聲音，分毫不差。從稠液，引出凡是密而強的：濃湯、濃茶、濃霧。
濕	shī	adjective — wet, damp, humid	氵=meaning:water | 㬎=sound:shī — gives the sound	一邊是水（氵），一邊是㬎給聲音——絲線（絲）掛在太陽（日）下，就是「顯」字下半藏著的那塊。水加上它，寫成潮濕：潮濕、濕氣、濕透。
濟	jì	verb — to cross over	氵=meaning:water | 齊=sound:qí — gives the sound	水（氵）加齊（qí）的聲音——本是一條河的名字，濟水。渡過去是濟（同舟共濟）；把別人也渡過去，是救濟。經濟兩個字裡留著一句舊話：經世濟民。
濫	làn	verb/adj — to overflow	水=meaning:water | 監=sound:jiān — gives the sound	水（水）漫過邊緣——氾濫。監（jiān）給聲音，j 跨到了 l，本就盛著水：一隻眼俯看盆中。從漫出的水，引出凡是過度、不加選擇的：氾濫、濫用、寧缺勿濫。
濺	jiàn	verb — to splash, spatter	氵=meaning:water | 賤=sound:jiàn — gives the sound	水（氵）配 賤（jiàn）——賤的核心是 戔，兩把戈把東西剁小，這一族字都從它來。猛擊水面，水就碎成小珠四下飛——濺起、飛濺。讀音正好 jiàn。戔這個根直接露在淺、錢裡。
濾	lǜ	verb — to filter, strain	氵=meaning:water | 慮=sound:lǜ — gives the sound	水（氵）配 慮（lǜ）——虎頭（虍）下一顆思量的心。把液體倒過去，攔下不該過的——過濾、濾水。思量的意思正合用：濾就是分揀，留清的、擋住雜的。從這動作生出器物：濾紙、濾鏡。
瀑	pù	noun — a waterfall	水=meaning:water | 暴=sound:bào — gives the sound	水（水）從高處一下子摔下——瀑布。暴（bào）給聲音，b 硬成了 p。瀑布、飛瀑。
瀟	xiāo	adjective — (of water) deep and clear	氵=meaning:water | 蕭=sound:xiāo — gives the sound, the same 蕭 as the surname, given straight	水（氵）又深又清——瀟說的是清澈、從容的水。蕭（xiāo）原音直接給過來，沒磨。配成瀟灑，那清水的自在就成了一個人的姿態：灑脫、不受拘束。
灌	guàn	verb — to pour in, irrigate	氵=meaning:water | 雚=sound:guàn — gives the sound	水（氵）配 雚（guàn）——一隻瞪眼的鸛鳥，觀、歡也用它取聲。把水一股股倒進田裡，澆到土喝足——灌溉、灌田。從往容器裡倒引申，灌錄唱片、把道理灌進腦袋（灌輸）。同一個 雚 配缶就成了罐。
灑	sǎ	verb — to sprinkle, scatter, spill	水=form:water | 麗=sound:lì — gives the sound	水（水）甩出去，散成一片水珠——灑。麗（lì）給聲音，輾轉抄寫離今音已遠。從散開的水，引出凡是撒得開、放得開的：灑水、噴灑、灑淚。
灘	tān	noun — a shoal, sandbank, beach	氵=meaning:water | 難=sound:nán — gives the sound	水（氵）配 難（nán）——艱難。水淺的地方，河床就露出來——沙灘、灘頭，是行船難過的淺處。河上難走的那一段。讀音從 nán 滑成 tān。同一個 難 配手就成了攤，把貨攤開在地上。
灣	wān	noun — a bay	氵=meaning:water | 彎=sound:wān — gives the sound, and the bend itself	海岸彎（彎）進去的那塊水（氵）——灣。彎給聲音，一點沒變，也給畫面：岸線彎得像拉開的弓。台灣、港灣。
火	huǒ	noun — fire	火=form:a flame rising, two sparks at its sides, drawn whole	一道火苗往上竄，兩邊各濺一點火星——整個畫下來。進了別的字就壓成四點：黑、熱、照下面都是火（灬）。火車靠它跑，脾氣上來也是它：發火。
灰	huī	noun/adj — ash	又=meaning:a hand | 火=meaning:fire	一隻手（又）在火（火）上——火已熄滅，手可以伸進去撥那冷下來的殘餘：灰燼、骨灰。沒有聲符，兩半都表意。從灰的顏色得「灰色」，從一顆燒盡的心得「灰心」。
灸	jiǔ	noun/verb — moxibustion	火=meaning:fire | 久=sound:jiǔ — gives the sound	火（火）在下，久（jiǔ）在上給聲音——音完全對上，沒走樣。這個字是灸法：點燃艾草，貼著穴位久久地熏。火是燒，久既給聲音，也恰好畫出那份「久」。和針配成針灸。
災	zāi	noun — disaster, calamity	巛=meaning:a flooding river — three flowing lines | 火=meaning:fire	大水（巛，河水漫出三道流線）在上，火（火）在下——兩大破壞合成一個字：災難、天災。上有水患，下有火災，中間就是禍。從這場禍引申到周邊：災區、救災、災民。
炎	yán	adj/noun — blazing hot	火=meaning:fire | 火=meaning:a second fire, stacked above the first	一團火（火）疊在另一團火（火）上——焰上加焰，熱加一倍。從烈火，引出炎熱與身體的發炎：炎熱、發炎、肺炎。
炒	chǎo	verb — to stir-fry, sauté	火=meaning:fire | 少=sound:shǎo — gives the sound, worn from sh to ch	火（火）在鍋下，少（shǎo）給聲音——後來聲母由 sh 變硬成 ch。一點油遇熱，食材不停翻動：炒飯、炒菜、炒花生。
炮	pào	noun/verb — cannon, firecracker	火=meaning:fire | 包=sound:bāo — gives the sound	火（火）配包（bāo），b 硬成了 p：帶皮的肉裹著放進炭火——炮。後來那爆裂的火又把這字帶向火藥：大炮、鞭炮。炮製、大炮、鞭炮。
炸	zhà/zhá	verb — (zhá) to deep-fry	火=meaning:fire | 乍=sound:zhà — meaning and sound both	火（火）旁邊配「乍」（zhà），「乍」是「忽然」的意思。一瞬間發作的熱：油一下子把食物吞進去（zhá），或是毫無預警的爆裂（zhà）。乍既給聲音，也給那份突然。
為	wéi/wèi	verb — to do, to be	爫=meaning:a hand, reaching down | 象=meaning:an elephant — worn past recognition	一隻手（爫）牽著大象（象）的鼻子——把大象牽去做工。合起來寫的是做；幾百年抄下來，象被磨成下面那些鉤和點。讀 wèi，是替誰做：為了、為什麼。
烈	liè	adjective — fierce, intense, blazing	灬=meaning:fire — the four-dot fire under the character | 列=sound:liè — gives the sound	火（灬）在 列（liè）下——東西排成一列。一整排火燒到最旺——烈火、猛烈。從那股猛勁引申，凡是強的都烈：熱烈，以及不肯屈的剛烈、為之而死的烈士。讀音正好 liè。
烊	yáng	verb — to melt (metal)	火=form:fire | 羊=sound:yáng — gives the sound	左邊火（火）管熔化，右邊羊（yáng）給聲音，原音不變。火一燒，碰到的就化——金屬流了，糖軟了，冰成了水：烊化、熔烊。
烏	wū	noun/adj — crow	烏=form:rendered bare — a crow, drawn whole	整隻烏鴉的樣子。古字有兩種講法：一說它就是「鳥」字少了一筆——那一點是眼睛，因為烏鴉太黑，眼睛融進羽毛裡看不見了；一說是一隻鳥（隹）停在枝（枼）上，上頭一撇（丿）。由鳥到黑：烏黑、烏雲、烏鴉。
烤	kǎo	verb — to roast, bake, grill	火=meaning:fire | 考=sound:kǎo — gives the sound, exactly	火（火）在下，把上頭的東西烘乾烤黃——烤。考（kǎo）給聲音，分毫不差。一個晚近的形聲字：火管動作，考管讀音。由此：烤肉、烤箱、烤乾。
無	wú	adverb — to not have	無=form:a dancer holding long feathered plumes, arms spread	這字本來畫的是舞者張臂，手執羽飾——這個畫面後來歸給了「舞」。日常「沒有」借走了它，從此不還；舞者磨平成了今天的筆畫。如今只剩純粹的否定：無人、無法、無論。
焦	jiāo	adjective — scorched, burnt	隹=sound:zhuī — gives the sound | 火=meaning:fire (灬, the four dots beneath)	一隻短尾鳥（隹）架在火（灬）上，烤到焦——火所燒。隹（zhuī）也給聲音，磨向 jiāo，跟礁、樵、瞧同一系。從燒黑的鳥，凡是燒乾、燒黑的都是焦：焦黑、燒焦。火氣往心裡燒，心被烤乾就是焦慮、焦急。
焰	yàn	noun — flame, blaze	火=meaning:fire | 臽=sound:xiàn — gives the sound	左邊火（火），右邊那一塊給聲音。古文字有兩個說法：一說寫臽（xiàn）注音，xiàn 磨向 yàn——就是陷的臽，一個人跌進坑裡；一說焰是燄的異體，火加僉（qiān）注音。不管哪個，火焰都是火往上竄、往外舔的那一截——火焰、烈焰；放出去看熱鬧，就是焰火。
然	rán	particle — so, thus	灬=meaning:fire | 肰=sound:rán — gives the sound, exact	火（灬）在下面燒，肰表聲——燒，這是燃最早的寫法。文法把這個字借去說「如此」——雖然、然後、自然、當然；燒的意思另外再加一個火，寫成燃。
煌	huáng	adjective — bright, brilliant, blazing	火=meaning:fire | 皇=sound:huáng — gives the sound	火（火）是那道光，右邊皇（huáng）給聲音，原音不變——就是皇帝的皇。火光大亮，而且從不小氣：輝煌、煌煌，亮到最盛。
煎	jiān	verb — to pan-fry (in shallow oil)	火=meaning:fire (灬, the four dots beneath) | 前=sound:qián — gives the sound	火（灬）在鍋底，上頭前（qián）給聲音，聲母從 q 滑到 j。小火、一點油、加上時間——煎、熬：煎蛋、煎藥。慢慢熬也用在心上——煎熬，難受得拖很長。
煙	yān	noun — smoke	火=meaning:fire | 因=sound:yīn — gives the sound	火（火）升起灰色的氣——煙。因（yīn）給聲音，韻尾由 in 開成 an。從上升的煙，引出供人點燃的菸葉：煙霧、香煙、抽煙。
煞	shà	verb/adv — to halt, finish off	殺=sound:shā — gives the sound | 灬=meaning:fire, worn down to four dots underneath	殺（shā）壓在火上——灬，火墊在字底時磨成的四點。從殺意引出狠狠收住的勁：煞車、煞尾、兇煞。
煤	méi	noun — coal	火=meaning:fire | 某=sound:mǒu — gives the sound	火（火）配上餵火的黑石——煤。某（mǒu）給聲音，ou 收成了 ei。從燃燒的黑石，引出煤灰與煤礦：煤炭、煤灰、煤礦。
照	zhào	verb — to shine on	昭=sound:zhāo — gives the sound; carries 日 the sun inside | 灬=meaning:fire, flattened to four flames	下面是火（灬），昭表聲，昭裡本來就有日——把光打在東西上。
煩	fán	adjective — annoyed, vexed	火=meaning:fire, heat | 頁=meaning:a head (the 頁 radical — a person's head emphasised)	火（火）上了頭（頁）——發熱脹痛的腦袋，本義就是熱頭痛。從脹痛的頭長出煩躁、煩惱（心煩），再到麻煩。頁是「頭」的部首，也見於頭、顏、題。
煮	zhǔ	verb — to boil, cook in water	火=meaning:fire, worn to four dots underneath (灬) | 者=sound:zhě — gives the sound	火（火，墊底時成四點）燒著鍋——煮。者（zhě）給聲音，e 圓成了 u。凡是放進水火裡加熱的都是煮：煮飯、煮湯、煮菜。
熊	xióng	noun — bear	能=sound:a bear — the original picture, and the sound | 灬=form:the four dots beneath	能本來就是畫熊——頭、身、兩隻掌——可是這個字被借去當「能夠、能力」了。要把熊討回來，底下加了四點（灬）。古文字對這四點有兩個說法：是熊自己的腳，或是借火（火）來注音。不管哪個，熊就是住在山裡、冬天睡覺的那頭大獸。
熙	xī	adjective — bright, splendid, prosperous	灬=meaning:fire, drying and warming | 巸=sound:yí — gives the sound	火（灬）烘著、暖著——由暖生光，由光生盛：熙攘的人潮、康熙的盛世。巸（yí）給聲音，磨成了 xī，現在已看不出來。
熟	shú	adjective — cooked, ripe	孰=sound:shú — meaning and sound both | 灬=meaning:fire — four dots of flame under the pot	孰（shú）既給聲音又給本義——它原本畫的是一隻手（丮）捧著食物供品（享），把食物備好。後來「孰」跑去當「誰」，於是底下加火（灬）把「煮熟」釘住。由煮熟到成熟，再到熟記於心：熟食、成熟、熟悉。
熬	áo	verb — to simmer long	火=meaning:fire, worn to four dots underneath (灬) | 敖=sound:áo — gives the sound	火（火，墊底成四點）小小地燒著、久久地燉——熬。敖（áo）給聲音，分毫不差。那慢火又給了它另一層意思：硬撐過一段難熬的日子。熬湯、熬夜、熬煎。
熱	rè	adjective — hot	灬=meaning:fire, flattened to four flames | 埶=sound:yì — gives the sound	火（灬）在下，埶（yì）給聲音，磨到只剩 rè——熱。先是燙，再是一切火熱的：熱鬧、熱心。
燃	rán	verb — to burn, ignite, set alight	火=meaning:fire | 然=sound:rán — gives the sound	火（火）加在然（rán）上，聲音分毫不差——而然本就是「燒」的本字：肰（狗肉）放在火（灬）上。等然被借去當「如此」，便再添一把火，把火焰留住：燃燒、點燃、燃料。
燈	dēng	noun — lamp, light	火=meaning:fire, flame | 登=sound:dēng — gives the sound, exactly	火（火）舉高來照明——燈。登（dēng）給聲音，分毫不差，畫的又是登上高臺，正合燈架抬高的火。早先寫作「鐙」，用金（金），後來火（火）換上，專指油燈。由此：電燈、路燈、點燈。登串起一排：燈、蹬、澄。
燒	shāo	verb — to burn, set fire to	火=meaning:fire | 堯=sound:yáo — gives the sound, worn from y to sh	火（火）旁邊配「堯」（yáo），堯是高高堆起的樣子——它給聲音，後來由 y 磨成 sh。火苗順著堆高的東西往上燒：燒火、燒菜，還有身體裡升起的熱——發燒。
燕	yàn	noun — a swallow (the bird)	廿=form:the swallow's head, drawn flat across the top | 口=form:the body | 北=form:the two spread wings | 灬=form:the forked tail, worn to four dots	整隻鳥用筆畫描出來：扁扁的頭（廿）橫在上，身子（口），翅膀向兩邊張開（北），開叉的尾巴磨成了四點（灬）。合起來就是一隻飛燕。燕子、燕窩。
燙	tàng	adjective — scalding, burning hot	火=meaning:fire (beneath) | 湯=sound:tāng — gives the sound; hot water	熱水（湯）擱在火（火）上：水本來就燙，下面再加火——碰不得。湯（tāng）給聲音，聲調抬成 tàng。從燙傷說開：燙傷、燙手；凡是把熱壓上去的也是燙——燙髮、燙衣。
營	yíng	verb — to operate, manage	熒=sound:yíng — gives the sound | 呂=meaning:two enclosures (the 宮-like base)	底下畫的是圍起來的牆（呂/宮）——市場、住處，或紮下的營。上頭壓著兩個火加一個蓋（𤇾），是熒磨下來的，完整的熒看不見了。古文字對聲音有兩個說法：一說上頭的火光熒（yíng）注音（熒省聲），一說底下圍起的呂（lǚ）注音（呂省聲）。市居——人住下、圍起來：從營地說開，凡是經辦、維持的都是營：經營、營業、營養。
燥	zào	adjective — dry, parched, arid	火=meaning:fire | 喿=sound:zào — gives the sound	左邊火（火）把水逼乾，右邊喿（zào）給聲音，原音不變——一棵樹（木）上三張嘴（品）的鳥吵成一片。熱而不留一點水氣：乾燥、燥熱，空氣和喉嚨都乾。
燦	càn	adjective — brilliant, glittering, dazzling	火=meaning:fire | 粲=sound:càn — gives the sound; bright, gleaming	火（火）是那道光，右邊粲（càn）給聲音，原音不變——粲本身就是亮，舂得發白的米那種光。兩層亮疊在一起：閃爍奪目，燦爛、燦爛奪目。
燭	zhú	noun — a candle, a torch	火=meaning:fire | 蜀=sound:shǔ — gives the sound	火（火）舉起來照明——火炬，後來是蠟燭。蜀（shǔ）給聲音，sh 緊成了 zh，那「目下一蟲」的舊形已難辨認。蠟燭、燭光、洞燭。
爆	bào	verb — to explode, burst, pop	火=meaning:fire | 暴=sound:bào — gives the sound	火（火）一下子炸開——爆。暴（bào）給聲音，分毫不差。從一瞬間放開的火，引出凡是炸裂、突發的：爆炸、爆裂、爆發。
爍	shuò	verb/adj — to glitter, sparkle, flash	火=meaning:fire | 樂=sound:yuè — gives the sound	火（火）一明一暗地閃——爍。樂（yuè）給聲音，那音輾轉到今天已離得很遠。從那忽明忽暗的光：閃爍、光爍。
爐	lú	noun — a stove, furnace, brazier	火=meaning:fire | 盧=sound:lú — gives the sound	火（火）關進器皿裡好好燒——爐。盧（lú）給聲音，分毫不差，也帶來它自己的形：虍底下一個皿，黑黑的鍋。爐火、火爐、香爐。
爛	làn	adjective — soft-cooked, overripe, rotten	火=meaning:fire | 闌=sound:lán — gives the sound	火（火）把東西煮過了頭——軟爛、散開、壞掉。闌（lán）給聲音，聲調往下一掉；它是隸變後替下蘭的形。從煮透，又引出光亮：煮爛、腐爛、燦爛。
爨	cuàn	verb — to cook over a stove	臼=meaning:two hands holding a steaming pot | 冂=meaning:the mouth of the stove | 林=meaning:firewood, pushed in | 火=meaning:the fire underneath | 廾=meaning:two hands at the bottom, shoving	上面雙手（臼）端著鍋架在灶口（冂）上，下面兩隻手（廾）把柴（林）推進火（火）裡——整個燒灶煮飯的動作。
爬	pá	verb — to crawl	爪=meaning:a claw, a gripping hand | 巴=sound:bā — gives the sound, worn from b to p	上面一隻爪（爪）抓著，下面「巴」（bā）給聲音——聲母後來由 b 鬆成 p。用手抓著把身體拖過去：爬山、爬行、爬起來。
爭	zhēng	verb — to contend, fight over	爫=meaning:a hand reaching from above | 彐=meaning:a hand gripping from below | 亅=form:the thing between them — held fast	上面一隻手（爫），下面一隻手（彐），中間一根東西（亅）——兩邊都在拉；合起來寫的就是爭。搶東西是爭奪，搶著說是爭論，朝著目標搶是爭取。
父	fù	noun — father	又=meaning:a hand | 丨=meaning:the raised staff (or stone axe) the hand grips	一隻手（又）握著舉起的杖——掌家、執教者手中的權杖，就是父。整個字就是這手與杖，如今攤平成四筆。從父引申出對長者男子的敬稱。父也坐在爸、爺的頭上。
爸	bà	noun — dad	父=meaning:father | 巴=sound:bā — gives the sound	父（父）在上，巴（bā）在下給聲音，調子彎成 bà——把小孩口裡的那個字寫下來。照著叫法疊起來：爸爸。
爹	diē	noun — dad, father (colloquial)	父=meaning:the father — a hand gripping a staff | 多=sound:duō — gives the sound	上面是父——一隻手握著權杖；下面多（duō）給聲音，磨成了 diē。是叫爸爸的家常字：爹、爹娘、爹爹。
爺	yé	noun — grandfather	父=meaning:father (the hand-and-staff household head) | 耶=sound:yé — gives the sound	父（父）在上，標出家中長輩的意思；耶（yé）在下，只給讀音。本來指父親，後來升了一輩成祖父（爺爺），再放寬到受敬的長者男子（老爺）。耶串起：椰、揶。
爽	shuǎng	adjective — crisp, refreshing	大=meaning:a person standing arms spread | 㸚=meaning:crossed openings — the lattice marks at the sides	一個人（大）張開手臂站著，兩側嵌進㸚——交叉的格眼：光從縫裡透進來。說文說「明也」。身子被格窗照亮，就是明、是清、是通透的感覺：涼爽、爽快、清爽。
爾	ěr	pronoun — you	冂=form:an outer frame | 尒=sound:ěr — gives the sound, sunk into the frame	一道外框（冂）圈住尒（ěr），尒給聲音，分毫不差，只是已沉進筆畫裡。這字用作「你」，也作收尾的「如此」：爾後、莞爾、出爾反爾。
牆	qiáng	noun — a wall	嗇=meaning:grain stored under a roof, hoarded tight | 爿=sound:qiáng — gives the sound	屋下囤起的糧（嗇）——築牆正是要把它圈住、護好。爿給聲音，那塊剖板正是床、戕、莊一系的字根。從圈住空間的東西：城牆、圍牆、牆壁。
片	piàn	noun — a slice, flat piece	片=form:the right half of a tree 木 split down the middle	把樹（木）從中剖開，取右半——那片平板就是片，一薄片。整個字就是那半邊樹幹。從一塊薄木引申出任何薄平的東西：一片、相片、卡片。當部首，領著平板字：版、牌。
版	bǎn	noun — a printing block	片=meaning:a split half of wood, a flat board | 反=sound:fǎn — gives the sound	一塊平板（片）——刻來印刷的板。反（fǎn）給聲音，f 硬成了 b。從刻好的板，引出它印出的版本，再到事物的「版」：出版、版本、版權。
牌	pái	noun — a board, plate, sign	片=meaning:a split piece of wood, a flat board | 卑=sound:bēi — gives the sound	一塊剖開的扁木板（片）；右邊卑（bēi）給聲音，聲母從 b 滑到 p。板子掛起來給人看——招牌、門牌。切小了拿在手裡，同一塊板就是牌：撲克牌、麻將牌；板上刻的名號就成了品牌。
牙	yá	noun — tooth, molar	牙=form:rendered bare — upper and lower teeth, drawn locking together	牙齒咬合的樣子——上下兩排畫成交錯相扣，中間那一交叉就是咬緊的地方。本指後面的臼齒，後來泛指牙，再到一切像牙的東西：牙齒、象牙、刷牙。
牛	niú	noun — an ox, a cow	牛=form:an ox head face-on — horns up top, the long stroke down the muzzle	正面看的牛頭：兩角朝上彎，一豎直直畫過鼻樑。字到今天還露著角，當部首也到處借——物、特、牽都有牛。
牠	tā	pronoun — it (referring to an animal)	牛=meaning:an ox, standing for animals | 也=sound:yě — gives the sound	他、她、它一家都用也注音，換左邊那一塊來分對象：亻是男人，女是女人，宀是東西。牠換上牛——牲口——這個「它」就指向動物。也給聲音，跟著整家從 yě 磨成 tā。
牡	mǔ	adj/noun — male (of animals)	牛=meaning:an ox, cattle | 土=sound:tǔ — gives the sound here, not "earth"	左邊牛（牛）是牲口；右邊那一豎是「公」的記號，當聲音讀土（tǔ），聲母磨到 mǔ。牡是公的，跟牝（母的）相對：牡牛、牡丹。這裡的土只取音——不是看起來那個「土」。
牢	láo	noun/adj — a pen, fold	宀=form:a roof, the enclosing pen drawn over it | 牛=meaning:an ox, penned beneath	一頭牛（牛）關在帶頂的圈（宀）裡——養牲口的牢。從關得牢的圈，引出「牢固」與關人的牢獄：牢固、坐牢、亡羊補牢。
牧	mù	verb — to herd, graze livestock	牛=meaning:an ox | 攵=meaning:a hand with a stick — to drive	一頭牛（牛）配上一隻拿棍的手（攵）——把牲口趕出去吃草。從牧養牲口，引申到牧養百姓、治理：放牧、牧羊、牧民。
物	wù	noun — thing	牛=meaning:an ox | 勿=sound:wù — gives the sound	牛（牛），勿（wù）標聲音。牛是家產裡最大的一件——牛為大物——最大的東西，後來什麼東西都由它寫：物品、動物、人物。
牲	shēng	noun — livestock	牛=meaning:an ox, the beast | 生=sound:shēng — gives the sound, exact	一頭牛（牛）配上生（shēng），聲音分毫不差——而生（活、全）也帶進意思裡：一頭完好無缺、用來祭祀的牲。由此泛指家畜：牲畜、牲口、犧牲。
牴	dǐ	verb — to butt, gore (with horns)	牛=meaning:an ox — the horned animal that butts | 氐=sound:dī — gives the sound	牛（牛）低下頭；氐（dī）給聲音，調子抬成 dǐ。牛把角頂進去——牴、用角撞。兩邊頂頭相撞就是衝突：牴觸。它走氐這一排：抵、底、低。
特	tè	adj/adv — special, particular	牛=meaning:an ox | 寺=sound:sì — gives the sound	牛（牛）——本義是公牛，牛群裡最壯、一眼就挑得出來的那一頭。寺（sì）給聲音，磨得很遠；同一個聲旁也給了詩、等。從那頭與眾不同的牛：特別、特殊、獨特。
牽	qiān	verb — to pull, lead by a rope	牛=meaning:an ox, the beast on the rope | 玄=sound:xuán — gives the sound | 冖=meaning:the halter looped over — the cord that leads the ox	牛（牛）被繩子牽著走——韁繩（冖）套在脖上，一手往前拉。玄（xuán）給聲音，x 磨到 q。從牽牛：牽手，再到把人扯進來的牽連、牽涉。
犧	xī	noun — a sacrificial animal	牛=meaning:an ox | 羲=sound:xī — gives the sound	牛（牛）是那頭祭牲；右邊羲（xī）給聲音，原音不變——伏羲的羲。犧是牽到宗廟、毛色純全的整頭牲口——宗廟之牲。和牲合起來是犧牲：獻出去的祭品，再引申成為了大局捨棄的一切。
犯	fàn	verb — to violate, offend, commit (a crime)	犭=meaning:a beast, pressing in | 㔾=meaning:a person bent at the knee — the bound figure pushed against	一頭獸（犭）逼向一個彎膝跪著的人形（㔾）——越過界線，侵入。字裡那個跪人，就是被越過的那條界。一旦越界，凡是觸犯都算：犯罪、侵犯、冒犯、犯規。
狀	zhuàng	noun — shape, form	犬=meaning:a dog — the original was a dog's shape | 爿=sound:pán — gives the sound	一條狗（犬）的樣子——本義就是形狀、輪廓。爿（pán）給聲音，磨得很遠到 zhuàng，就是壯、莊、裝底下那個聲符。從輪廓長出泛指的形狀、所處的狀態，還有打官司的狀子。
狂	kuáng	adjective — mad, crazed	犭=meaning:a dog — a mad one | 王=sound:the worn shape of 㞷 (wǎng) — gives the sound	狗（犭）發了瘋——本義是瘋狗。右邊今天寫成王，其實是㞷（wǎng）磨平的樣子，給聲音——就是誑底下那個聲符。從瘋狗：瘋狂的瘋，狂風的狂，狂妄的放肆。
狐	hú	noun — fox	犬=meaning:a dog (犭, the standing-dog side) | 瓜=sound:guā — gives the sound	犭（犬）標出一頭四腳獸；右邊瓜（guā）給聲音，磨向 hú。狐就是狐狸。從狐狸多疑的名聲來：狐疑——那種放不下的猜忌，像戒心重的狐狸一步步試冰面。
狗	gǒu	noun — dog	犬=meaning:a dog (the 犭 radical — a dog standing) | 句=sound:gōu — gives the sound	犬部（犭，從犬）標出動物；句給聲音，gōu 磨成 gǒu——相對於泛稱的犬，狗是家犬。句是「鉤、彎」的部件，也見於拘、苟。由此：小狗、狗叫、熱狗。
狠	hěn	adjective — fierce, ruthless, savage	犬=meaning:a dog (犭) | 艮=sound:gèn — gives the sound	犭（犬）帶來一頭呲牙的獸；右邊艮（gèn）給聲音，磨向 hěn。露出牙、不鬆口的獸——兇、不留情：狠毒、兇狠。用在自己身上就是硬起心腸：狠心、狠下心。
狩	shòu	verb — to hunt	犬=meaning:a dog | 守=sound:shǒu — gives the sound	犬（狗）配守（shǒu）的聲——守住獵場的獵犬，後來就指打獵：狩獵、冬狩。守只借聲音，磨低一個調成了 shòu。
狹	xiá	adjective — narrow, cramped	犭=meaning:a dog — squeezing through tight ground | 夾=sound:jiā — gives the sound	狗（犭）擠在窄地——逼仄、狹小。夾（jiā）給聲音，j 磨到 x，就是峽、挾底下那個聲符。從擠迫：狹窄、狹小，過不去的狹路。
狼	láng	noun — wolf	犬=meaning:a dog — its wild cousin | 良=sound:liáng — gives the sound	像狗（犬）的野獸，尖頭白頰——狼。良（liáng）給聲音，只動了調，就是郎、朗、浪底下那個聲符。從這貪婪的獸：野狼，還有亂成一片的狼藉、狼狽。
猖	chāng	adjective — wild, unrestrained, reckless	犭=meaning:a dog, a beast | 昌=sound:chāng — gives the sound	犭帶來一頭脫了韁的獸；右邊昌（chāng）給聲音，原音不變——昌盛的昌。獸無人攔著亂跑——放肆、收不住：猖狂、猖獗，蔓延開來沒人擋得了。
猛	měng	adjective — fierce, violent	犬=meaning:a dog — a powerful, fierce one | 孟=sound:mèng — gives the sound	一條健壯的狗（犬）——說文說是「健犬」，所以兇猛。孟（mèng）給聲音，只動了調。從這壯獸：兇猛、勇猛，還有猛然、猛烈的那股衝勁。
猜	cāi	verb — to guess	犭=meaning:a dog — nose working, hunting a hidden thing | 青=sound:qīng — gives the sound	狗（犭）循著味追——本義是猜疑，嗅出藏起來的東西。青（qīng）給聲音，q 磨回 c。從嗅探：日常的猜測、猜謎，以及猜疑、猜忌的提防。
猴	hóu	noun — monkey	犭=meaning:a dog, a beast | 侯=sound:hóu — gives the sound	犭標出一頭獸；右邊侯（hóu）給聲音，原音不變——侯爵的侯。猴就是猴子，會爬、會叫、坐不住——頑皮猴，皮得很。
猶	yóu	adverb — still, yet	犭=meaning:a dog, a beast | 酋=sound:qiú — gives the sound	犭標出一頭獸——猶本指一種猿（獵屬）。右邊酋（qiú）給聲音，磨向 yóu。獸的意思掉了，字被借去當虛詞：猶當「還、仍然」，猶如當「像」，猶豫——進進退退拿不定，傳說正像一隻多疑的猿前一步又縮回去。
獃	dāi	adjective — dull, slow-witted, blank	犬=meaning:a dog	獃是呆的異體：遲鈍、發愣、反應慢——獃頭獃腦，一臉腦子停住的樣子。犬（犬）擱在字的一旁。
獄	yù	noun — prison, jail	犬=meaning:a guard dog, one on each side | 言=meaning:speech — the accusations traded in court | 犬=meaning:the second guard dog — two of them keep the watch	兩條狗（犬...犬）守著，中間夾著爭辯的言（言）——這是打官司的纏鬥，也是它能把人關進去的地方。從訴訟到牢獄：監獄、入獄，還有陰間的地獄。
獅	shī	noun — lion	犭=meaning:a beast — the great cat | 師=sound:shī — gives the sound	一頭大獸（犭），靠聲音得名——獅子，這是從外傳入的詞與形象。師（shī）給聲音，音不變，就是老師的師。詞活在獅子、雄獅，還有節慶裡的舞獅。
獎	jiǎng	noun — a prize, award	犬=meaning:a dog | 將=sound:jiāng — gives the sound	獎本指嗾使狗往前撲——嗾犬也。犬（犬）在底下；上頭將（jiāng）注音，省寫，聲調落成 jiǎng。從催促引申到鼓勵，再到拿來鼓勵人的那份賞：獎勵、獎金、獎狀。
獗	jué	adjective — (in 猖獗) rampant, unbridled, running wild	犭=meaning:a dog, a beast | 厥=sound:jué — gives the sound	犭帶來一頭獸；右邊厥（jué）給聲音，原音不變。獗幾乎只活在猖獗裡——一頭韁繩拴不住的獸，邪氣、疫病蔓延開來沒人攔得住。
獨	dú	adjective — alone, solitary	犬=meaning:a dog (犭 — dogs keep to themselves) | 蜀=sound:shǔ — gives the sound	犬部（犭）以一句古話帶出意思——羊成群，犬獨處，於是犬代表孤獨。蜀給聲音，從 shǔ 走遠成了 dú。從獨自長出獨居、獨子、唯獨。蜀串起一排：觸、燭、濁、屬。
獲	huò	verb — to catch	犭=meaning:a hunting dog | 蒦=sound:huò — gives the sound, exact	獵犬（犭）加蒦——草（艹）裡一隻手（又）扣住一隻鳥（隹）——聲音原樣借來。本義是打獵的擒獲；從擒獲生出一切得到：獲得、獲獎。
獵	liè	verb — to hunt	犬=meaning:a dog (犭) | 巤=sound:liè — gives the sound	一隻獵狗（犭）放出去追獵物；右邊巤（liè）給聲音——這就是聲符，雖然巤很少單獨出現。追捕飛禽走獸——放獵逐禽：打獵、狩獵、獵物。從追逐引申，凡是急切去求的也是獵：獵取、獵奇。
獸	shòu	noun — a beast, a wild animal	嘼=sound:shòu — gives the sound | 犬=meaning:a dog (犬, on the right)	左邊是嘼——一件叉形的獵具壓在一張口（口）上，工具加上獵獲——右邊是把獵跑成的狗（犬）：守備者，守住地、取下獵物。古文字對嘼有兩個說法：一說嘼注音（嘼聲，跟獸正好同音 shòu）；一說整字是一幅畫，獵具配獵狗並排擺著。這個字本指打獵這件事；被獵的對象、野生動物，接了這個名：野獸、猛獸、獸性。
獻	xiàn	verb — to offer, present, dedicate (to a superior or in ritu	鬳=sound:yàn — gives the sound | 犬=meaning:a dog — the temple offering	一隻狗（犬）煮好，端上去敬祖先——宗廟的祭品，後來凡是恭敬奉上的都算。鬳（yàn）給聲音，本身是隻刻著虎紋的鼎（鬲）——祭品就在這鍋裡冒著熱氣。從祭祀的狗來：貢獻、獻禮、獻身。
率	lǜ/shuài	noun — rate, ratio	率=form:rendered bare — a net strung on a frame, threads to either side	張在架上的網，兩邊垂著繩——古文字是捕鳥的網。從牽著網的總繩，引申到帶領、統率（shuài）。從捕到的對上撒出的，引申到比例（lǜ）。一個字，兩個音就照這兩義分開。
玉	yù	noun — jade	玉=form:three jade discs strung on a cord	三塊玉璧串在一條繩（丨）上——繩子直直穿下來。多一點，跟王（王）分開。從這塊有「五德」的美石：玉石、玉佩，以及玉人、亭亭玉立裡的純美。
王	wáng	noun — a king, monarch	王=form:three horizontal lines joined by one upright	三條橫線——上面是天，下面是地，中間是人——一豎貫穿下來把三者連成一線。能把天、地、人串成一條的，就是王：一貫三爲王。從這根軸引申：國王、王朝、王位。
玩	wán	verb — to play	𤣩=meaning:jade — the 王-shaped 玉 | 元=sound:yuán — gives the sound	玉（𤣩）在手裡翻來翻去——把玩寶貝。元給聲音，跟完走同一條路。從摸玉到一切拿來開心的事：玩具、好玩、出去玩。
玫	méi	noun — (in 玫瑰) a rose	玉=meaning:jade, a fine stone (王, the jade radical) | 文=sound:wén — gives the sound	玉（玉）標出一塊美石——玫本指一種白玉，石之白者。文（wén）給聲音，磨成右邊像攵的那幾筆，讀音偏到 méi。如今幾乎只活在玫瑰裡——拿寶石的字眼來命名花的美。
玻	bō	noun — glass (in 玻璃)	玉=meaning:jade, stone — a hard, clear material | 皮=sound:pí — gives the sound	像玉（玉）一樣的硬石，靠聲音得名——玻璃，透明的硬材料。皮（pí）給聲音，沿著 b、p、f 從 p 磨到 b，就是波、破底下那個聲符。這字幾乎只活在玻璃裡。
珍	zhēn	noun/adj — treasure	玉=meaning:jade — the precious thing | 㐱=sound:zhěn — gives the sound	玉（玉）裡最受看重的——寶物。㐱（zhěn）給聲音，只動了調，就是診、疹右邊那個聲符。從珍貴的玉：珍寶、珍珠，稀罕的珍貴，以及珍惜、珍愛的看重。
珠	zhū	noun — pearl	玉=meaning:jade, a gem | 朱=sound:zhū — gives the sound	一塊玉（玉），借 朱 的 zhū 音——蚌裡取出的圓寶。由珍珠引申到一切小圓粒：珍珠、眼珠、珠寶。
班	bān	noun — class, group, team	玨=meaning:two pieces of jade, side by side (a pair of 玉) | 刂=meaning:a knife, set between the two jades to divide them	刀（刂）立在兩塊玉（玨）之間——剖分玉符，分賜爵位印信，本義是分。從分成份額長出一群人（班級、全班），再到分配的值班時段（上班、夜班）。那把刀就藏在兩塊玉的中間。
現	xiàn	verb — to appear	王=meaning:jade (玉), written 王 on the left | 見=sound:jiàn — gives the sound	玉（王）旁邊，見（jiàn）給聲音，j 跨到 x——而見本身就是看見。玉一切一磨，石頭裡的光就出來了：出現；正出現在眼前的：現在、現場、現金。
球	qiú	noun — a ball	王=meaning:jade — 玉 drops its dot beside a partner | 求=sound:qiú — gives the sound, exact	玉（王——玉在字旁丟了那一點）配求（qiú）的聲音，一點沒變。本來是美玉的名字；玉磨得圓了，名字就滾到所有圓球上：皮球、打球、地球。
理	lǐ	verb/noun — to put in order	王=meaning:jade (玉) | 里=sound:lǐ — gives the sound, exact	順著玉（王）裡的紋路雕琢——說文：治玉也。里（lǐ）給聲音，一字不差。石頭裡的紋，變成萬事的紋：紋理；事情裡的紋，是道理、理由；把亂的順回紋路，是整理、管理。
琦	qí	noun/adj — a fine jade	玉=meaning:jade | 奇=sound:qí — gives the sound, and its "rare" sense fits	玉（玉，寫成王）旁一個奇（qí）——一塊不凡的美玉。奇給聲音，意思也順著進來：奇是異於常，琦就是出眾的玉，珍奇、瑰琦。如今多半用在名字裡：王琦瑤。
琴	qín	noun — the qin (a seven-string zither)	玨=form:two jade-like rows — the strings stretched across the board | 今=sound:jīn — gives the sound	上頭兩排繃緊的弦（玨），底下今（jīn）給聲音。這字本是樂器的樣子——琴身加上調好的弦。從古琴出發，凡是彈奏的弦樂器都借這個字：鋼琴、提琴、口琴。
瑕	xiá	noun — a flaw in jade	玉=meaning:jade — where the flaw shows | 叚=sound:jiǎ — gives the sound	玉（玉）上一點小紅斑——石頭的瑕疵。叚（jiǎ）給聲音，j 磨到 x，就是假、暇、遐底下那個聲符。從寶石上的斑點：瑕疵，以及瑕瑜——瑕與美玉並提。
瑣	suǒ	adjective — trivial, petty	玉=meaning:jade — small jade beads, hence small | 𤨏=sound:suǒ — gives the sound	一串小玉（玉）珠連在一起——細小、瑣碎。𤨏（suǒ）給聲音，正是鎖（suǒ）右邊那個部件。從小珠子：瑣碎、瑣事，繁瑣的囉嗦。
瑤	yáo	noun — a fine jade	王=meaning:jade (玉 on the left) | 䍃=sound:yáo — gives the sound	玉部（王／玉）配 䍃（yáo）給聲音——一種光潤的美玉，常拿來比珠貝。同一個 䍃 也帶動搖、遙、謠。從這塊寶石，凡是珍美的都借它：瑤池、瑤琴。
瑰	guī	noun — (in 玫瑰) a rose	玉=meaning:jade, a fine stone (王, the jade radical) | 鬼=sound:guǐ — gives the sound	玉（玉）標出一塊美石；右邊鬼（guǐ）給聲音，只抬了聲調成 guī。瑰本指一種紅玉，從稀罕得不尋常的石頭，引申出珍奇、瑰麗——瑰寶、瑰麗。和玫合起來命名那朵花：玫瑰。
璃	lí	noun — coloured glass	玉=meaning:jade, stone — a hard, glassy material | 离=sound:lí — gives the sound	像玉（玉）一樣的料子，靠聲音得名——彩色的玻璃、琉璃。离（lí）給聲音，音不變，就是離、漓底下那個聲符。這字幾乎不單用，活在玻璃和光潤的琉璃裡。
璋	zhāng	noun — a pointed jade tablet, a ceremonial scepter	王=meaning:jade (玉) — three discs on a cord, worn flat in this slot | 章=sound:zhāng — gives the sound	一塊玉（王）削成定形——璋是把圭斜切一半的禮器，朝堂上手執之物。章（zhāng）給聲音，分毫不差，又帶來「做到完成」的意思。古語「弄璋」指生了兒子——交到他手裡的就是玉。
環	huán	noun/verb — a ring	王=meaning:jade (玉, written 王 at the side) | 睘=sound:huán — gives the sound, the voice it shares with 還、寰	玉（旁邊寫作王）做成的圓環——孔開得大的璧。睘給聲音，跟還同一個聲音。從圓環生出繞的環：環繞、環節，繞著你的就是環境。
瓜	guā	noun — melon, gourd, squash	瓜=form:a melon hanging on its vine — the outer strokes are the trailing vine, the centre is the fruit	整個字畫的是一顆瓜掛在藤上：外側兩筆是伸展的藤蔓，中間是果實。畫面整個保留——沒有可拆的零件。從一顆瓜長出整個瓜類：西瓜、冬瓜、南瓜。
瓣	bàn	noun — a petal	瓜=meaning:a melon, a gourd | 辡=sound:biàn — gives the sound	瓜（瓜）夾在正中，左右各一個辛——這一對寫作辡（biàn），給聲音，磨向 bàn。畫的是瓜果裂成一塊一塊——瓜中實：花瓣、蒜瓣、橘子瓣。
瓦	wǎ	noun — a roof tile	瓦=form:two curved tiles hooked together	字畫的是兩片彎瓦互相勾搭，正像鋪在屋頂上那樣——土器已燒，燒過的陶器的總名。從屋瓦說開：瓦片、瓦房；再到燒製的陶器，陶瓦。瓦頂塌下來，就是瓦解——散成一片。
瓶	píng	noun — bottle, vase, jar	瓦=meaning:fired clay, earthenware (the pottery radical) | 并=sound:bìng — gives the sound	瓦（瓦）燒成一個有頸的器皿——瓶。并給聲音，bìng 磨成 píng。早先寫作「缾」，用缶部；瓦（陶）是通行的寫法。由此：瓶子、花瓶、酒瓶。并是「合併」，兩個人並立。
瓷	cí	noun — porcelain, china	瓦=meaning:fired earthenware (beneath) | 次=sound:cì — gives the sound	底下瓦（瓦）是陶器；上頭次（cì）給聲音，聲調落成 cí。瓷是高溫燒出的細白硬器——瓷器、陶瓷、瓷磚，比粗陶又進了一層的那種光潔。
甚	shèn/shén	adverb — extremely, going too far	甘=meaning:sweetness — a thing held in the mouth | 匹=meaning:a mate, a pair	甜（甘）下面加一個匹——成雙的歡愉，過了頭。意思就是太過：太甚的甚，甚至的甚——竟然到了那一步。甚麼的 shén，是把這個字借去寫口語的「什麼」。
甜	tián	adjective — sweet	舌=meaning:the tongue | 甘=meaning:sweetness — a mouth holding the good thing, the short stroke inside	舌（舌）碰上甘（甘）——口裡含著那一點好東西；合起來就是甜。桌上有甜湯、甜點；嘴可以甜，覺也睡得甜。
生	shēng	verb — to grow, be born	屮=meaning:a sprout | 土=meaning:the soil it rises from	一棵芽（屮）從土（土）裡長上來，寫的就是生長。從長：來到世上（出生、生孩子）、活著（生活、生命）、還沒熟（生肉、陌生）、長出東西來（生產、發生）。
產	chǎn	verb — to give birth, produce	彥=sound:yàn, trimmed of its 彡 — gives the sound | 生=meaning:to grow, be born	下面的生管意思——長出來、生出來；上面是剪掉彡的彥（yàn），只給聲音，磨得遠了，成了 chǎn。生出來的：孩子（生產）、東西（產品、出產），還有東西攢成的家底：財產、產業。
甦	sū	verb — to revive, come back to life	更=meaning:to renew, change anew | 生=meaning:life, to be born	古文字有兩個說法。一個直接照部件讀：更（重新）配上生（活）——重新活過來，死而復生。另一個把它當作蘇（復甦）的簡寫，蘇給聲音 sū，大半筆畫省掉了。兩種說法落在同一個詞上：斷氣的又喘起來了——甦醒、復甦。
用	yòng	verb — to use	用=form:a wooden bucket — the old graph of 桶	一隻木桶，板條箍成一圈——桶的本字。日常的「用」把字整個借走；木桶另加木字，寫成桶。借來之後，凡用皆用：使用、有用、不用。
甩	shuǎi	verb — to swing, fling, throw off	用=form:the body of 用, bent — an arm in motion | 乚=form:the hook flicking out at the end — the cast	「用」的架子，最後一筆甩成一個鉤（乚）——手臂用力一揮，到弧頂把東西放開。甩動、甩開、甩掉。
甫	fǔ	noun — a courteous term for a man	甫=form:a single merged shape — the pieces have run together	古文字有兩個說法：田（田）上冒出一棵苗（屮）——一畦秧苗，這幅畫後來長成了「圃」（菜園）；或是用加父，父（fù）兼給聲音。從秧苗田借去，成了對男子的美稱，也借作「剛剛」。
甭	béng	adverb — need not, don't bother	不=meaning:not, do not | 用=meaning:to use, need	不（不）直接壓在用（用）上頭——「不用」擠成一個字，嘴上也這樣擠：bù-yòng 連著快讀，磨成 béng。不用做的，就甭做——甭管、甭說。
田	tián	noun — field, cultivated land	田=form:a field divided by paths	一塊方地，中間用田埂分成幾畦——阡陌縱橫。整個字就是那幅圖，裡頭沒有哪一筆是聲音。從種好的方田來：田地、稻田、田野。
由	yóu	prep — from, by way of	由=form:rendered bare — no claimed origin	一個封起來的田形，一豎從頂上冒出來。它寫的是「從哪裡來」：由此、由於、經由；自己決定自己的去向，是自由。當聲音用，蓋出油、宙、抽。
甲	jiǎ	noun — shell, armor	甲=form:a hard shell, one seam splitting it	一層硬殼，中間一道縫往下裂出來——種子綻開的殼，或一片鎧甲。從殼來：龜甲、盔甲、指甲。借作天干第一位，凡排序都打頭——甲等，第一名。
申	shēn	verb — to state, declare	申=form:rendered bare — a bolt of lightning forking down the sky	一道閃電在天上分叉——古文字畫的就是雷電，後來的「電」就從這裡來。閃電伸展、抵達，引申出「伸」；劃過天際、昭告天下，引申出陳述、申明：申請、申報。
男	nán	noun — male, man	田=meaning:a field | 力=meaning:strength (力) set to the field (田)	力（力）下到田（田）裡——耕田的人；說文：用力於田。力的古文字畫的就是那把犁。
界	jiè	noun — boundary	田=meaning:a field | 介=sound:jiè — gives the sound, exactly	上面田（田），下面介（jiè）給聲音，一模一樣——介本身就是人站在兩道線中間。合起來寫的是一塊田到另一塊田的那條界線：邊界、交界；後來凡是有邊的範圍都叫界：世界、自然界。
留	liú	verb — to stay, remain	卯=sound:mǎo — gives the sound, worn from m to l | 田=meaning:a field — land you are held to	上面「卯」（mǎo）給聲音——m 後來變成 l——下面一塊田（田），把人留在那片土地上。先是停住不走，再到留下、保存：停留、保留、留學。
畝	mǔ	noun — a mu, a unit of land area	田=meaning:a field — the land being measured | 每=sound:měi — gives the sound	量出來的一塊田（田）——古字寫作畮，把每擺在田旁給聲音。每（měi）給聲音，m 不變，其餘磨損；今天的畝把這聲符拆到田的上下。這量地的單位活在田畝、畝產裡。
畢	bì	verb — to finish, complete	畢=form:a long-handled hunting net — the net up top, the handle running down through	整個字畫的是一張長柄的捕鳥網：上頭是網，柄一直貫到底。網一落下、獵物盡入，獵事就完了，於是畢有了完成的意思——畢業、完畢——再從「全捕」引申為全部：畢竟、原形畢露。網與框磨成了田加一豎，原來的工具已看不出來。
略	lüè	verb — to survey, mark out (land)	田=meaning:a field | 各=sound:gè — gives the sound	田（田）劃出地界——經略，丈量土地、定下邊線。各（gè）給聲音，聲母從 g 跑到了 l。從劃線而來：綱要、策略（戰略），再到綱要的粗略——大略、略微。
番	fān	noun/measure — a turn, a time	釆=form:an animal's paw, claws splayed | 田=form:the round pad of the paw, pressed into the ground	一個踩進泥裡的爪印——上面是爪（釆），下面是圓圓的肉墊（田），一個腳印。從一個印子引出次數：一番、三番兩次、輪番；再從外族的足跡，引出番邦、外來的番茄。
畫	huà	verb — to draw	聿=meaning:a hand gripping a brush | 田=meaning:a field	手握筆（聿），把田（田）的四界一筆一筆畫出來——說文：界也。從畫界到畫什麼都行，再到畫出來的那張：畫畫、一幅畫；先畫好線再做事，是計畫。
異	yì	adjective — different, other	廾=meaning:two hands held up | 田=form:the head of a masked figure being raised	兩隻手（廾）把一個東西舉起來——古文字是人高舉一個戴面具的身形，與眾不同。從「分出來、站開」引出日常的意思：不同、奇異，還有異國的異邦。
當	dāng/dàng	verb — to serve as, face	尚=sound:shàng — gives the sound | 田=meaning:a field	兩塊田（田）相對，價值相抵——相當。尚（shàng）給聲音，音磨得遠了。配得上那個位子，就去當：當老師、應當；對上那個時刻，是當時；讀 dàng 是掂好了的相配：適當、當作、當鋪——拿東西抵錢。
畸	jī	adjective — irregular, lopsided, deformed	田=meaning:a field | 奇=sound:qí — gives the sound	田（田）配上奇（qí），奇本就是單、是剩。丈量時湊不成整畝的零頭——那塊不方正的地。奇給聲音，從 qí 磨成 jī。從歪斜的畸零地來，凡是不正的都是畸：畸形、畸零、畸變。
疆	jiāng	noun — a border, a frontier	弓=meaning:a bow — used here as the surveyor's measuring rod | 畺=sound:jiāng — gives the sound, exact | 土=meaning:earth, land — set beneath, the ground being bounded	兩塊田（畕）中間畫上界線，就是畺——分地的那道線。旁邊加一張弓（弓），量地用的尺，下面再加土（土）：丈量出來的邊界，邊疆、疆界。畺給聲音。
疊	dié	verb — to pile up, stack, fold	畾=sound:léi — gives the sound | 宜=form:a worn base — the modern bottom, from an older 冝/宜	三個田（田）摞成一塊——畾——壓在底座上。一層疊一層的東西：重疊、疊加。畾給聲音，léi 軟化成 dié。三個田自己就說明白了——方塊摞方塊，就是一堆。再來，把布紙摺成層：疊被、疊紙。
疏	shū	verb/adj — to dredge open, unclog	疋=meaning:a foot — wading through to clear a way | 㐬=sound:liú — gives the sound	一隻腳（疋）把水道蹚通——疏導、讓東西流過去。㐬（liú）給聲音，就是流、梳底下那個「水流」的聲符，l 磨成 sh。從通暢：疏通、疏導；從稀薄：稀疏、疏遠；從走神：疏忽。
疑	yí	verb — to doubt, suspect, be unsure	矢=meaning:an arrow | 止=meaning:a foot, stopped | 匕=meaning:a person turned, looking back | 子=empty:a worn remainder of the old graph	一個人（匕）站在岔路口，腳停住（止），手裡一支箭（矢）——僵在路上，不知該往哪走，像分不清箭頭指向。這些部件畫的是猶豫，不是拼音。從那站著拿不定主意來：懷疑、疑問、疑惑。
疙	gē	noun — a lump, pimple, knot (in 疙瘩)	疒=meaning:the sickness frame — a body against a couch | 乞=sound:qǐ — gives the sound	病框（疒）罩著乞，乞給聲音——qǐ 硬化成 gē。皮膚上鼓起的小塊，指尖一摸就到。它幾乎不單獨出門：配上瘩成「疙瘩」，就是日常說的腫塊、結。
疫	yì	noun — an epidemic, plague, contagious disease	疒=meaning:sickness — a person on a bed | 役=sound:yì — gives the sound	病（疒）傳遍整群人——瘟疫。役（yì）給聲音，音不變，就是勞役的役。詞活在瘟疫、鼠疫，以及防疫的防範。
疲	pí	adjective — tired, weary, worn out	疒=meaning:sickness — the body laid low | 皮=sound:pí — gives the sound	身子病倒（疒）——力氣抽乾，累垮了。皮（pí）給聲音，音不變，就是波、破底下那個聲符。從耗盡的身體：疲倦、疲勞、疲憊。
疵	cī	noun — a small flaw, blemish, defect	疒=meaning:sickness — a small one, a blemish on the body | 此=sound:cǐ — gives the sound	身上一點小毛病（疒）——瑕疵、缺點。此（cǐ）給聲音，只動了調。從小斑點：瑕疵、疵點，雞蛋裡挑骨頭的吹毛求疵。
疼	téng	verb/adj — to ache, hurt	疒=meaning:the sickbed wrapper — illness | 冬=sound:dōng — gives the sound	病床的框（疒）裹住一處痛，冬（dōng）給聲音，磨成 téng。一陣具體的痛——也是替心愛的人感到的那種痛：疼痛、頭疼、疼愛。
疾	jí	noun/adj — illness, disease	疒=meaning:sickness — a person on a bed | 矢=meaning:an arrow — the sudden wound that struck the body	箭（矢）配上病榻（疒）——來得又快又猛的傷，於是是疾病。箭也帶來「快」：從突如其來的傷，引出疾病，以及疾風、疾駛的快。再從那股恨意：疾惡如仇。
病	bìng	noun/verb — illness	疒=meaning:a person laid on a bed | 丙=sound:bǐng — gives the sound	人躺在床（疒）上——字裡的床是豎著畫的，人貼在床板上。丙給聲音，調子彎成 bìng。說文分了輕重：疾是病，病是病重了。
症	zhèng	noun — a symptom	疒=meaning:sickness | 正=sound:zhèng — gives the sound	病（疒）靠聲音得名——症狀，病顯出來的樣子。正（zhèng）給聲音，音不變，就是證、政底下那個聲符。從病的徵候：症狀、病症，以及癌症、後遺症。
痕	hén	noun — a mark, scar, trace	疒=meaning:the sickness frame — a body against a couch | 艮=sound:gěn — gives the sound	病框（疒）罩著艮，艮給聲音——gěn 磨成 hén。傷好了以後留下來的：那道不走的印子。艮帶著一大家子聲音——很、恨、跟、根都從它讀。從留下的痕跡，凡是印子都是痕：傷痕、痕跡、裂痕。
痛	tòng	verb/adj — to hurt	疒=meaning:the sickbed — a person laid flat against a frame | 甬=sound:yǒng — gives the sound	病床（疒）管意思；甬給聲音，yǒng 磨成了 tòng。從身上的痛往外走：頭痛、痛苦；痛到底就成了徹底——痛快、痛哭。
痰	tán	noun — phlegm, mucus	疒=meaning:sickness — what the body throws up when ill | 炎=sound:yán — gives the sound	病（疒）靠聲音得名——病中咳出的黏液。炎（yán）給聲音，y 磨到 t，就是談、淡那一串。詞活在痰液、吐痰、化痰。
瘋	fēng	adjective — mad, insane	疒=meaning:sickness — a disorder of the mind | 風=sound:fēng — gives the sound	病（疒）歸咎於邪風（風）——舊時醫理把瘋癲看作風邪入腦。風（風）給聲音，音不變，也兼作病因。從中風的腦：發瘋、瘋狂，撒野的瘋子。
瘟	wēn	noun — a pestilence, plague (esp. of livestock or epidemics)	疒=meaning:sickness — spreading through many | 昷=sound:wēn — gives the sound	病（疒）罩著昷——皿裡悶著的暖氣，正是釀瘟的濕熱。昷（wēn）給聲音，音不變，就是溫底下那個聲符。從這股悶熱：瘟疫、瘟病，還有瘟神的咒。
瘦	shòu	adjective — thin	疒=meaning:the sickbed — a figure laid on a bed | 叟=sound:sōu — gives the sound	病（疒）字旁包著：瘦，先是病出來的瘦。叟（sōu）——老人——給聲音，s 磨尖成 sh。從病瘦到一般的瘦，再到肉攤上的瘦肉。
瘩	da	noun — a lump, swelling (in 疙瘩)	疒=meaning:the sickness frame — a body against a couch | 荅=sound:dá — gives the sound	病框（疒）罩著荅，荅給聲音——dá，口語裡讀輕聲 da。皮膚上的一塊腫起。和搭檔一樣不另交朋友：疙瘩就是它的家，指得出的那個腫塊、結。
療	liáo	verb — to treat, heal, cure (an illness)	疒=meaning:sickness — what the treatment works on | 尞=sound:liáo — gives the sound	病（疒）被處置、趕出去——醫治、治療。尞（liáo）給聲音，音不變，就是燎、遼、僚底下那個「點火堆」的聲符。從療病：治療、醫療、療養，以及見效的療效。
癌	ái	noun — cancer	疒=meaning:sickness — the sick-bed radical | 嵒=sound:yán — gives the sound	病字旁（疒）裡藏著嵒（yán）——石頭堆在山上（品疊在山上）。身體裡長出像石頭一樣硬的塊，就是癌。嵒給聲音，yán 磨成了 ái。
癢	yǎng	verb/adj — to itch, be itchy	疒=meaning:the sickness frame — a body against a couch | 羊=sound:yáng — gives the sound	病框（疒）罩著羊，羊給聲音——yáng 抬成 yǎng。皮膚上那點求人去抓的小折磨。從身上的癢也來了心裡的癢：手癢，手停不下來，按捺不住的衝動。
癮	yǐn	noun — an addiction, craving	疒=meaning:the sickness frame — a body against a couch | 隱=sound:yǐn — gives the sound	病框（疒）罩著隱，隱給聲音 yǐn，也給一幅貼切的圖：那渴求藏（隱）著做事，是看不見的病，要犯了才拉得動你。從埋著的飢渴來：煙癮、毒癮、上癮、癮君子。
登	dēng	verb — to climb, ascend	癶=form:two feet stepping apart, climbing | 豆=form:a tall footed vessel — the step you mount	兩隻腳（癶）往上跨，下面是高腳的器皿（豆）——古字畫的是登車，腳抬上踏板。從往上爬，引申出一切登高：登山、登陸，還有把名字寫上去的登記。
發	fā	verb — to send out, emit	弓=meaning:a bow | 癹=sound:bá — gives the sound	弓（弓）把箭放出去——發射。癹（bá）給聲音，b 磨成了 f。箭一離弦，凡是送出去、冒出來的都是發：發現、發生、發展。
白	bái	adjective — white	白=form:a single graph — a grain of rice, or dawn's first ray, by the telling	古文字有兩個說法：一粒去了殼的米，白的——或是太陽（日）頂上多一道光，天亮前最早的那一線白。白，再到素淨：白話、明白；什麼都沒帶回來的，是白費、白跑。
百	bǎi	num — hundred	一=meaning:one — the counting stroke | 白=sound:bái — gives the sound	一（一）壓在白（bái）上，白給聲音，調折了一下——合起來寫一百。數過了頭，百就是樣樣都有：百科、百貨、百姓。
皂	zào	noun — soap	白=form:white, a pale grain or acorn up top | 七=empty:the lower mark — a worn stroke, no sound or meaning the student can read	上面是白（白），下面一個小記號。這字本來指黑色——橡子煮出來的黑染料——後來由洗滌之物轉指肥皂：肥皂、香皂。底下那一筆沒有可讀的音或義，記整個字就好。
的	de/dí/dì	particle — links owner to owned: 我的	白=meaning:white, bright | 勺=sound:sháo — gives the sound	白（白）配勺的聲音——亮亮的一點，最早寫成日字旁的旳。靶子正中那點白：目的、標的。天天用的「的」把字整個借走，聲音磨得只剩一口氣：我的、好吃的。
皆	jiē	adverb — all, every one (without exception)	比=form:two figures standing side by side | 白=meaning:a mouth speaking — one voice	兩個人並排（比），一張嘴（白）說出同一句話——人人都這麼說，於是：全部、都。
皇	huáng	adj/noun — august	白=form:the worn top — the old graph's blaze of plumes or flame | 王=meaning:a king — and the old graph's stand	古文字有兩個說法：插滿羽毛的王冠立在座上，或是燈座上燒著的火光——都是高高架起來的光彩。上頭磨成了白，底下王字撐著。從盛大光彩，到至高的那一位：皇帝、皇宮。
皮	pí	noun — skin, hide, leather	又=meaning:a hand | 厂=form:the hide being pulled back	一隻手（又）把獸皮從身上剝下來——皮往後一掀。從剝下的皮而來：皮膚、皮革，再到果皮，再到一切表面（表皮）。皮自己領一排字：波、破、被、披、彼。
皺	zhòu	noun/verb — a wrinkle, crease	皮=meaning:skin | 芻=sound:chú — gives the sound, worn to zhòu	皮（皮）配上芻（chú）的音——皮起了摺，就是皺。芻是一隻手把割下的草攏成一束，聲音從 chú 磨到了 zhòu，走得很遠。由皮上的紋路而來：皺紋；眉頭一緊，皺眉。
盆	pén	noun — a basin, pot, tub	皿=meaning:a vessel, open dish | 分=sound:fēn — gives the sound	器皿（皿）托著分，分給聲音——fēn 濁化成 pén。一只敞口的大盆，洗東西、種花的那種寬盤。分坐在一大家聲音裡——粉、份、紛都從它讀。從盆來：臉盆、花盆、盆地。
益	yì	noun/verb — benefit, profit	水=meaning:water, lying sideways on top | 皿=meaning:a vessel, open dish	水（上頭是橫躺的水）漫過器皿（皿）——盤子滿到溢出來。圖意就是「多」：倒過了邊，量只增不減。部件畫的是增加，沒有哪一筆是聲音。從滿溢來：利益、益處；本義的「滿出」留在溢裡，正是這字加回氵。
盒	hé	noun — a box, case (with a lid)	合=sound:hé — gives the sound; also "to close, fit" | 皿=meaning:a vessel, dish	一個器皿（皿），蓋上能合（合）起來——蓋與底相扣。合（hé）一身兩用：給聲音，也畫出蓋子扣下、嚴絲合縫的樣子。從能合的器皿而來：盒子、飯盒。
盛	shèng/chéng	adjective — flourishing, abundant	皿=meaning:a dish, a vessel | 成=sound:chéng — to complete, here carrying the sound	器皿（皿）裡裝滿祭祀的穀物——滿滿一盆（黍稷在器中以祀者也）。成（chéng）給聲音。讀 chéng，是裝；讀 shèng，是滿、是旺：盛大、興盛。
盜	dào	verb/noun — to steal, rob	皿=meaning:a vessel, the goods in a dish | 㳄=meaning:drool — mouth (欠) with water, mouth watering	古文字有兩個說法。一個讀作流口水：㳄——張口流涎——湊在一盤（皿）食物上，貪別人的東西。另一個拆成皿＋次聲，次給聲音 cì，濁化成 dào。兩種都落在同一樁罪上：用嘴也好用手也好，奪走別人的——盜竊、強盜、盜賊。
盞	zhǎn	noun — a small shallow cup	皿=meaning:a vessel, a dish | 戔=sound:jiān — gives the sound	器皿（皿）配 戔（jiān）給聲音——一只淺淺的小杯。戔走到哪裡都偏小偏薄（淺、錢），這裡成了小杯：茶盞、酒盞。油燈也是這個形狀，於是盞又指燈、也用來數燈——一盞燈。
盟	méng	noun/verb — alliance, sworn pact	明=meaning:bright — daylight, before which the oath is sworn | 皿=sound:mǐn — a vessel; gives the sound	上面是明（明），下面是器皿（皿）——盛血的盤子。結盟的人歃血，對著天光起誓：盟約。皿給聲音，已離 mǐn 很遠。
盡	jìn	verb — to exhaust, use up	皿=meaning:a vessel, dish | 聿=form:a hand holding a brush — here scrubbing the dish clean	一隻手拿刷子（聿）在器皿（皿）上頭——把碗刷到一點不剩，盤子抹空了。從刷空的器皿來：用光、耗盡、什麼都不剩——用盡、盡頭。再來，把一件事做到極限：盡力、盡量。
監	jiān/jiàn	verb/noun — (jiān) to watch over, oversee	臥=meaning:a person bending down, eye (臣) lowered to look | 皿=meaning:a basin of water — the early mirror	一個人俯身（臥），眼睛（臣）低下來，望著盤子（皿）裡的水，看自己的倒影。從低頭照看，引申出監督、看守——還有把人看管起來的地方，監獄。
盤	pán	noun — a plate, tray, flat dish	般=sound:pán — gives the sound | 皿=meaning:a vessel	一個扁平的器皿（皿），用來盛、用來轉——盤子、托盤。般（pán）給聲音（早先的槃把同一個聲音擺在木字上）。從圓扁的盤而來：餐盤，再到那圈轉動——盤旋，盤點。
目	mù	noun — eye	目=form:an eye, first drawn lying flat — almond outline, round pupil — then stood upright	一隻眼睛，最早橫著畫——杏仁的輪廓、圓圓的瞳孔——後來豎起來，筆畫也方了。目就是眼睛；書面上都還是它：目光、目的；眼睛一條一條掃下去的，是項目、目錄。
盯	dīng	verb — to stare at, fix the eyes on	目=meaning:an eye | 丁=sound:dīng — gives the sound	目（目）加丁（dīng）——眼睛像釘子一樣盯死，不放開。緊緊看著：盯住、盯著。
盲	máng	adj/noun — blind	目=meaning:an eye | 亡=sound:wáng — gives the sound	目（目）在下，亡（wáng）壓在上頭——視力沒了，眼睛瞎了。從看不見，引申到心裡不明：文盲、色盲。亡給聲音，wáng 變成了 máng。
直	zhí	adjective — straight	目=meaning:an eye | 十=form:the sight-line above the eye — drawn straight	眼睛（目）上頭一條線——直直往前看。那條線後來多了一點，寫成了十；底下的彎是更晚才加的。直就這樣用開：直線、一直、正直。
相	xiāng/xiàng	adverb — mutually, each other	目=meaning:an eye | 木=meaning:a tree	一隻眼（目）對著一棵樹（木）——仔細看，挑木料。讀 xiàng，是看，也是看出來的樣子：長相、相片，還有替人看著的宰相。讀 xiāng，看是兩邊對著看：互相、相關。
盼	pàn	verb — to look for, long for, hope	目=meaning:an eye | 分=sound:fēn — gives the sound	一隻眼（目）配上分，分給聲音——fēn 濁化成 pàn。說文說的是黑白分明的眼睛，那種清亮的注視。從看的眼睛來了盼著的眼睛：望著路口，等著盼著要來的——盼望、期盼、企盼。
盾	dùn	noun — shield	盾=form:a shield drawn whole, an eye (目) sheltered behind the boss	古字畫的是一面盾牌：上頭弧形的擋板，後面藏著一隻眼（目），護得好好的。舉起來遮身體的東西。和矛配成一對，湊出矛盾——兩樣不能同時成立。
省	shěng/xǐng	noun — province	少=sound:worn from 生 shēng — gives the sound | 目=meaning:an eye	眼睛（目），上頭是生（shēng）——給聲音，抄著抄著磨成了少。本來的詞是 xǐng：仔細看——反省是往自己身上看，省親是回家看爸媽。讀 shěng，看得細就刪得掉——節省、省錢；又是省份的省：行省，朝廷派出去的衙門。
眉	méi	noun — eyebrow	目=meaning:the eye, lying on its side at the bottom | 眉=form:the curved hairs drawn above the eye	目在下面，上面幾筆畫出彎彎的眉毛——眉在目上，一幅畫。眉自己再去給楣、湄當聲音。
看	kàn/kān	verb — to look, see	手=meaning:a hand — flattened across the top | 目=meaning:an eye	手（手）平平搭在眼睛（目）上面——遮住太陽，往遠處看。唸 kàn，是各種看：看書、看到、看醫生。唸 kān，是眼睛守著不走：看門、看護。
真	zhēn	adj/adv — real, true	真=form:rendered bare — no settled origin	真的，不假；當副詞就是真好、真的。古文字有兩個說法：一說是勺子往鼎裡填——填滿、實在，是填的本字；一說是說文講的仙人變形登天。一個實到底，一個上了天——都落在「真」上。
眠	mián	verb — to sleep	目=meaning:the eye | 民=sound:mín — gives the sound	目是眼睛，閉上了；民表聲。
眼	yǎn	noun — eye	目=meaning:an eye | 艮=sound:gèn — gives the sound	目字旁（目）配上艮的聲音——口語裡的眼睛，書面上還是目。艮在自己那一排字裡各唸各的：根、銀、很、限。長得像眼睛的也叫眼：泉眼、字眼。
眾	zhòng	noun/adj — the many, crowd	乑=meaning:three people shoulder to shoulder — the many | 目=form:the flat element on top — two tellings: a sun, or an eye	三個人並肩（乑）——人多。上頭那一塊有兩個說法：太陽（日），大家在日頭底下做活；或是一隻橫過來的眼睛（目），看管著下面的人。數人頭的都是它：群眾、觀眾、大眾。
睛	jīng	noun — eyeball, pupil	目=meaning:an eye | 青=sound:qīng — gives the sound	目字旁（目）配上青（qīng）的聲音，q 變成了 j——眼珠，真正在看的那一點黑。它幾乎只住在眼睛這個詞裡，還有畫龍點睛：龍畫好了，最後才點上眼珠。
睜	zhēng	verb — to open the eyes	目=meaning:an eye | 爭=sound:zhēng — gives the sound	一隻眼（目），借 爭 的 zhēng 音——把眼皮撐開、撐住。眼睛瞪大：睜眼、睜大、眼睜睜。
睡	shuì	verb — to sleep	目=meaning:an eye | 垂=sound:chuí — gives the sound, and the droop itself	眼睛（目）垂（垂）下來——眼皮關門。本義是坐著打瞌睡；後來凡睡都是它：睡覺、睡著。垂也給聲音，ch 磨成 sh。
督	dū	verb — to oversee, supervise, urge on	目=meaning:an eye | 叔=sound:shū — gives the sound	一隻眼（目）在叔下頭，叔給聲音——shū 磨成 dū。一隻眼盯著一件事：看著它別走樣，催著它往前。從監看的眼睛來：監督、督促、督導。
睦	mù	adjective — harmonious, on good terms	目=meaning:an eye (目) turned on others with a soft, level look	一隻眼睛（目）望著別人，眼神溫和——和睦、相處得好。坴（lù）帶聲，聲母滑到了 m。從那柔和的眼神，引出人與人的和氣：和睦、睦鄰。
睹	dǔ	verb — to see, behold, witness	目=meaning:an eye | 者=sound:zhě — gives the sound	目（目）加者（zhě）給聲——用眼睛看見、親眼目睹。眾人都看得見：有目共睹。者給聲音，zhě 變成了 dǔ。
瞎	xiā	adj/adv — blind	目=meaning:an eye | 害=sound:hài — gives the sound	一隻眼（目）配上害，害給聲音——hài 跳脫成 xiā，跳得不規矩。受了害的眼：再也看不見了。從看不見來了不看就做：瞎說（沒根據地說）、瞎猜（亂猜）、瞎忙（白忙）。
瞞	mán	verb — to deceive, hide the truth from	目=meaning:an eye | 㒼=sound:mán — gives the sound	目（目）旁邊是㒼（mán）——眼睛半閉，把實情蓋住。不讓人看見：隱瞞、欺瞞。㒼給聲音，和滿的右半同一個。
瞧	qiáo	verb — to look at, glance, take a look	目=meaning:an eye | 焦=sound:jiāo — gives the sound	目（目）加焦（jiāo）——看、瞧一瞧。日常拿眼睛掃一下的字：瞧一瞧、瞧見。焦給聲音，jiāo 變成了 qiáo。
瞪	dèng	verb — to stare, glare (eyes wide)	目=meaning:the eye | 登=sound:dēng — to climb, here giving the sound	眼睛（目）睜大、定住，直直地盯——瞪。登（dēng）給聲音，聲調掉成 dèng。瞪眼、目瞪口呆，都是那種瞪住的眼神。
瞬	shùn	noun — a blink, an instant	目=meaning:the eye — that does the blinking | 舜=sound:shùn — gives the sound, exact	眼睛（目）一閉一開——眨眼。舜（shùn）給聲音，原原本本。最短的一段時間：瞬間、瞬息。
瞭	liǎo/liào	verb — to see clearly, understand	目=meaning:an eye | 尞=sound:liáo — gives the sound	眼睛（目）旁邊是尞（liáo）——架高了燒的柴火，也給聲音，調變了。火光裡眼睛亮：看得清楚，看清了就是懂——明瞭、瞭解。讀 liào，看得遠——站在高處守望的瞭望。
矚	zhǔ	verb — to gaze at, watch intently	目=meaning:the eye | 屬=sound:shǔ — gives the sound	目（目）配 屬（shǔ）的聲音，sh 轉成 zh。屬是附著、繫住——眼睛繫住不放，盯著看：矚目、矚望、高瞻遠矚。
矛	máo	noun — spear, lance	矛=form:a long-shafted spear, the barbed head drawn at the top	字形畫的是一桿豎著的矛：上頭帶刺的刃，下面是長柄和纏繩。用來刺殺的兵器。和盾配在一起就是矛盾——矛與盾，不能兩全。
知	zhī	verb — to know	矢=meaning:an arrow | 口=meaning:a mouth	箭（矢）旁邊一張口（口）——知道的人，開口又快又直，像放箭：知道、知識。下面加個日，熟成了智。
矩	jǔ	noun — a carpenter's square	矢=form:an arrow — here standing for the straight, true edge | 巨=sound:jù — gives the sound AND the meaning: the L-shaped square itself	巨本身就是那幅圖：工匠握著大大的L形曲尺，那把畫得出正直角的工具。矢，直直的箭，標出「正」；巨給聲音，jù 抬成 jǔ。從工具來了它定的規範：規矩；矩形，方方正正的形。
短	duǎn	adjective — short (in length or time)	矢=meaning:an arrow — the measuring rod | 豆=sound:gives the sound	量長短，拿箭（矢）作準——說文：以矢為正；比箭桿少一截的，就是短。豆給聲音，dòu 磨成了 duǎn。布短、日子短：短褲、短期。
矮	ǎi	adjective — short (of a person), low	矢=meaning:an arrow — the measuring rod | 委=sound:gives the sound	箭（矢）當量尺——靠著箭桿一站，沒到頂的就是矮。委給聲音，wěi 磨成了 ǎi。同一支箭量兩樣：短量長度，矮量身高——個子矮。
石	shí	noun — stone, rock	厂=form:a cliff face | 口=form:the stone block at its foot	山崖（厂）下掉了一塊（口）——石頭。硬的、重的，多半帶這個部首：破、硬、礦。
砍	kǎn	verb — to chop, hack, cut down	石=meaning:stone — the first blades were stone edges | 欠=form:a person leaning open-mouthed — the right side, rendered bare	石（石）做的刃用力劈下——砍。右邊是欠，一個張口側身的人。砍樹、砍伐、連價錢都能砍：砍樹、砍伐、砍價。
研	yán	verb — to grind fine	石=meaning:a stone | 幵=sound:jiān — gives the sound	石頭（石）做事；幵（jiān）給聲音，j 磨成了 y。合起來寫的是在石上磨——把墨磨細（研墨）；把問題也磨得一樣細：研究。
砲	pào	noun — cannon, artillery piece	石=meaning:stone — the hurled projectile | 包=sound:bāo — gives the sound	石（石）加包（bāo）——還沒有火藥的年代，拋石頭的器械。石頭是飛出去的彈體，包給聲音，b 磨成了 p。攻城的機器後來變成大砲，名字留下了：大砲、開砲。
破	pò	verb/adj — to break	石=meaning:a stone | 皮=sound:pí — gives the sound	石頭（石）把東西打破；皮表聲。
砸	zá	verb — to smash, pound with a weight	石=meaning:a stone — the heavy thing | 帀=empty:the right side — its sound role is not recoverable	一塊石頭（石）重重砸下——打壞、搗碎。右邊已認不出清楚的聲符。從落石引申到把事情搞垮：砸壞、砸碎、砸鍋。
硬	yìng	adjective — hard, firm, stiff	石=meaning:a stone | 更=sound:gèng — gives the sound	一塊石（石）配上更，更給聲音——gèng 磨成 yìng。石頭的硬，按下去不讓的東西。從實在的硬來了引申的硬：硬幣、硬體，還有倔強的硬——嘴硬，不肯軟。
碌	lù	adjective — busy, toiling	石=meaning:stone | 彔=sound:lù — gives the sound	石（石）加彔（lù）——本義是一堆零碎的小石頭，又多又平常。從滿地普通的石子，引申出平庸（庸碌）；又從沒完沒了的瑣事，引申出忙碌。
碎	suì	verb/adj — to shatter	石=meaning:a stone | 卒=sound:zú — gives the sound	一塊石（石）配上卒，卒給聲音——zú 轉成 suì。石頭砸成渣：碎裂、破成小塊。從碎石來了凡是零碎的：破碎、碎片，連腳步切小了也是——碎步，細碎的小步。
碑	bēi	noun — stone tablet, stele, monument	石=meaning:a stone | 卑=sound:bēi — gives the sound	一塊石頭（石）豎起來、刻上字——碑。卑（bēi）原原本本給聲音。從那豎立的石頭，引出一切刻字的石塊：石碑、碑文、墓碑。
碗	wǎn	noun — a bowl	石=meaning:stone | 宛=sound:wǎn — gives the sound exactly	石頭（石）挖成圓窩——這個偏旁記得石碗陶碗的年代。宛給聲音，一點沒變，自己還帶著彎彎的意思。一個碗，再來一碗飯，最後是靠它吃飯的飯碗。
碩	shuò	adjective — large, great	頁=meaning:a head | 石=sound:shí — gives the sound	頁（頁，頭）加石（shí）——本義是大頭，由此引申出一切碩大豐滿：碩大、碩果。有學問的大人物借走這字，碩士的學位也是：碩士。石給聲音，shí 變成了 shuò。
碰	pèng	verb — to bump, touch, run into	石=meaning:a stone — the hard thing struck | 並=sound:bìng — gives the sound	一塊石（石）配上並，並給聲音——bìng 濁化成 pèng，正是兩個硬東西相磕的聲音。撞上、觸到。從碰來了那份偶然：碰見、碰巧、碰運氣。
確	què	adjective — solid, firm	石=meaning:a stone | 隺=sound:hè — gives the sound	一塊石（石）配上隺，隺給聲音——hè 轉成 què。說文讀作磐石：堅固到搬不動的石頭。從動不了的磐石來了想法上的動不了：確實、確定、準確。
碼	mǎ	noun — a counting marker, numeral, code	石=meaning:stone | 馬=sound:mǎ — gives the sound	拿石頭（石）當計數的標記——一顆顆擺下來記數。馬（mǎ）給聲音，分毫不差。從計數的石子而來：籌碼，再到號碼，再到密碼、代碼。
磅	bàng	noun/verb — pound (weight)	石=meaning:stone — the weight on the scale | 旁=sound:páng — gives the sound	石（石）是秤上的重物，旁（páng）給聲——重量單位「磅」，還有站上去量體重的磅秤。旁給聲音，p 磨成了 b。重物落地的氣勢也用這字：磅礡。
磋	cuō	verb — to grind, polish (esp. bone or stone)	石=meaning:a stone | 差=sound:chā — gives the sound	拿石頭（石）來回磨另一塊，磨到光滑——磋。差（chā）帶聲，音變成了 cuō。這「磨」引申成把事情來回琢磨、商量：切磋、磋商。
磚	zhuān	noun — a brick	石=meaning:stone — fired earth, hard as stone | 專=sound:zhuān — to concentrate; gives the sound	石（石）配上專（zhuān）取聲——黏土燒得像石頭一樣硬的方塊：磚頭、磚瓦，砌牆的磚。專把聲音原樣給了它。
磨	mó/mò	verb/noun — (mó) to grind, rub	麻=sound:má — gives the sound | 石=meaning:stone — the grinding wheel	麻（麻）在上，石（石）在下——磨穀的石輪。麻給聲音，má 磨成了 mó，石是石磨的身子。從研磨，引申出磨損、磨光、磨蹭：折磨、消磨、磨練。
礎	chǔ	noun — plinth, foundation stone	石=meaning:a stone | 楚=sound:chǔ — gives the sound, exact	柱子底下墊的那塊石頭（石）——房子立在它上面。楚（chǔ）給聲音，一點沒磨。這個字幾乎不出工地：基礎，什麼都從它上面起。
礙	ài	verb — to obstruct, hinder, get in the way	石=meaning:stone — the boulder blocking the path | 疑=sound:yí — gives the sound	石（石）加疑（yí）——一塊大石擋在路上，把你攔下。本義是停住、阻擋；由此引申出一切妨害：妨礙、障礙、阻礙。疑本就是猶豫停步的人，給聲音，yí 離得遠，變成 ài。
礦	kuàng	noun — ore, mineral	石=meaning:stone — raw ore in the rock | 廣=sound:guǎng — gives the sound	石（石）加廣（guǎng）——藏著金屬的粗石，礦。從礦石，引申出開採它的礦山，和裡頭的礦產：礦山、礦物、礦藏。廣給聲音，g 磨成了 k。
示	shì	verb — to show, indicate	示=form:rendered whole — an altar stand in one telling, heaven's hanging lights in the other	古文字有兩個說法：擺祭品的石臺，或是「上」字下垂三道光——日、月、星，天垂下來的兆。兩個都是擺出來給人看：表示、顯示、指示。當部首，它管祭臺那一邊：神、祭、祖。
社	shè	noun — society, association	礻=meaning:an altar — the spirit radical | 土=meaning:the soil	祭土地（土）的神壇（礻）——村子的土地神，連著拜社的節慶。圍著神壇的聚會，後來變成聚會本身：社會、社團、報社。
祀	sì	verb/noun — to offer sacrifice, to worship	示=meaning:an altar — the spirits | 巳=sound:sì — gives the sound	一座神壇（示），供奉不斷、沒完沒了——祀。巳（sì）原原本本給聲音。從那不停的祭拜，引出一切拜神之事：祭祀、祀神。
祕	mì	adj/noun — secret, mysterious	示=meaning:the altar — the spirit, the unseen | 必=sound:bì — gives the sound	示（示，神壇）加必（bì）——屬於神明的東西藏著，不讓人看見。本義近於神祕難測，由此引申出祕密、保密：祕密、神祕、祕書。必給聲音，bì 變成了 mì。
祖	zǔ	noun — ancestor, forefather	示=meaning:the altar — a spirit-table for offerings | 且=sound:qiě — gives the sound	神桌（示）配上且，且給聲音——qiě 濁化成 zǔ。且本是祖先牌位疊起來的圖，所以也半說了意思。說文把整字讀作始廟，最早的宗祠。從宗祠來了在那受祭的先人：祖先、祖父、祖國。
祝	zhù	verb — to wish (someone) well	示=meaning:an altar, the spirits | 兄=form:a person kneeling with an open mouth (口) — the one who speaks the prayer	一座祭壇（示），旁邊是兄——一個跪著、張口（口）的人，在儀式上唸禱詞的那個。對著神靈說吉祥話：祝福、祝賀、慶祝。
神	shén	noun — god, spirit	礻=meaning:an altar (示) | 申=sound:shēn — gives the sound	祭壇（礻）管神明這一邊；申（shēn）給聲音——申的古字就是一道閃電，天自己顯出來的形。從神明引申：人身上的精神、眼裡的眼神、想不透的神奇。
祥	xiáng	noun/adj — good omen, auspicious	示=meaning:an altar — signs from the spirits | 羊=sound:yáng — gives the sound	神壇（示）前讀出來的徵兆——兆頭，尤其是好的：吉祥。羊（yáng）帶聲，音變成 xiáng。它和 詳（xiáng）、翔（xiáng）同出一系。
票	piào	noun — a slip, ticket, ballot	覀=form:the upper part — worn down from sparks rising | 示=empty:the lower part — worn remnant of the rising flame	古文字是火往上飛——火飛也，火苗捲起的火星。一代代抄寫把火磨掉了：上頭的覀、下頭的示，都看不出火苗，只剩方正的影子。從輕得能飛起的火星，意思升到一張輕薄的紙片——車票、機票，再到選票（投票）。票領一排字：漂、飄、標、嫖。
祭	jì	verb/noun — to offer sacrifice (to spirits, the dead)	示=meaning:an altar — the spirits below | 又=form:a hand | 肉=form:a piece of meat	一隻手（又）把一塊肉（肉）放上神壇（示）——合起來就是獻祭。由此引出一切拜祭神靈、祖先之禮：祭祀、祭祖。
禁	jìn/jīn	verb — (jìn) to forbid, prohibit	林=sound:lín — gives the sound | 示=meaning:the altar — the spirit's warning	林（林）在上，示（示，神壇）在下——神靈守著的聖林，不准擅入。本義是神明立下的禁令，由此引申出一切禁止：禁止、禁菸。讀 jīn 時轉向內：忍得住、禁不住。林給聲音，已離 lín 很遠。
禍	huò	noun — disaster, calamity, misfortune	示=meaning:the altar — sign of the spirits | 咼=sound:guō — gives the sound	示（示，神壇）加咼（guō，歪斜的口）——神靈降下惡兆，禍。本義是神降的災害，由此引申出一切災難：災禍、禍害、車禍。咼給聲音，g 磨成了 h。和福（福氣）正相反。
禎	zhēn	noun — an auspicious sign, good omen	示=meaning:the altar — signs from heaven and the spirits | 貞=sound:zhēn — gives the sound	在祭台（示）前，兆頭是吉的——神明保佑的好兆。貞（zhēn）給聲音，分毫不差，還帶來占卜問答的畫面。從祭台的好兆而來：禎祥；年號「崇禎」的禎。
福	fú	noun — blessing, good fortune, luck	示=meaning:the altar, the spirits | 畐=sound:fú — gives the sound; also a full wine jar	在神壇（示）前，擺一隻滿滿的酒罐（畐）——神賜下豐盈。畐一身兩用：給聲音 fú，也畫出一只盛滿的酒器，正是「滿」。從神賜的豐盈而來：福、幸福、福氣。畐領一排字：富、副、幅、逼。
禦	yù	verb — to resist, ward off, defend against	示=meaning:the altar — a rite to ward off harm | 御=sound:yù — to drive, to control, here carrying the sound	設壇（示）作法擋災——抵擋、防守。御（yù）給聲音，也是御一系的聲旁。從擋住引申：防禦、禦敵、禦寒。
禧	xǐ	noun — blessing, good fortune	示=meaning:the altar, things of the spirits | 喜=sound:xǐ — gives the sound, and its own joy fits	示字邊（示）標出上天降下的福；喜（xǐ）給聲音，它本身那幅畫——鼓下一張口、歡喜——也染上意思。合起來就是福氣、吉慶。新禧賀年，慈禧拿它作名。
禮	lǐ	noun — rite	示=meaning:the altar | 豊=sound:lǐ — gives the sound, exact	神前的祭桌（示）配上裝滿玉串的高腳器（豊，lǐ——聲音和供品是同一個）：祭禮本身。從祭禮長出它教的每一樣：禮貌、禮物、禮拜。
禿	tū	adjective — bald, bare, hairless	禾=form:grain — here a head drawn bare on top | 儿=form:a pair of legs — a person below	一個人（儿，兩條腿）頂著禾——這裡的禾是畫光禿的頭，頭頂不長毛。說文直說：无髮，頭頂什麼都不長的人。從光頭來了凡是禿的：禿頭、禿山、禿筆（磨光的筆）、禿鷹（脖子光的鷲）。
秀	xiù	adjective — fine, elegant, outstanding	禾=meaning:a grain plant | 乃=form:the ear of grain bending out, heavy with seed	禾（禾，穀物）抽出穗來，穗頭飽滿地垂下（乃）——穀子正開花結實。從莊稼裡最好的，引申到一切出眾的：秀麗、優秀、秀才。
私	sī	adj/noun — private, personal	禾=meaning:grain — one's own crop | 厶=sound:sī — gives the sound	禾（穀子）配上厶，厶給聲音 sī——而厶本身就是「私」的古字，一條手臂向內彎，圈住自己。自家的穀子，從公倉裡留下來的。從私穀來了凡是藏給自己的：私人、私下、私有，跟公相對。
秉	bǐng	verb — to grasp, hold	禾=meaning:a stalk of grain | 彐=meaning:a hand (the old 又) closed around the stalk	一隻手（彐，古之又）攥住一把禾（禾）——握住、抓一把。說文讀作禾束，一把穀子。從手裡握物，引出心裡守則：秉持、秉公；秉燭夜遊，把蠟燭握到天明。
秋	qiū	noun — autumn	禾=meaning:grain, the standing crop | 火=meaning:fire	禾（禾）一熟，年就轉到了秋——禾穀熟也，莊稼到了收成。古文字有兩個說法：最早的形體裡，火的位置原是一隻秋蟲、一隻蟋蟀，替它帶聲音——幾百年抄下來磨成了火；或者照今天的樣子直讀，禾（禾）配火（火）——曬乾的穀子、燒過的田茬。兩條都落到成熟的季節：秋天、秋季。
科	kē	noun — branch, category	禾=meaning:grain on the stalk | 斗=meaning:the dipper-measure	穀子（禾）倒進量斗（斗）：刮平、分等——本義就是用斗量著分。從分等生出科：科目、外科，把學問也分成一科一科，就是科學。
秒	miǎo	noun — a second (of time)	禾=meaning:grain | 少=sound:shǎo — gives the sound	禾（穀子）配上少，少給聲音——shǎo 抬成 miǎo。說文讀作禾芒，穀尖上那根細芒，全株最細的一點。從那最小的一絲，借去指時間最小的一格：秒鐘、一秒、秒針。
秘	mì	adj/noun — secret, hidden	示=meaning:the altar — the sacred, the spirit-side | 必=sound:bì — gives the sound	神桌（示）配上必，必給聲音——bì 磨成 mì。說文讀作神，神聖的：屬於神那邊的，藏著不給凡人看。從神聖的隱藏來了一般的隱藏：秘密、神秘、秘書。（禾旁的祕是同一個字。）
租	zū	noun — rent	禾=meaning:grain, the standing crop | 且=sound:qiě — gives the sound	把穀子（禾）交上去抵地租——田賦，用收成繳的稅。且給聲音，從 qiě 硬化成 zū。從用糧抵地的使用而來：租金、房租，再到租屋、出租。且領一排字：祖、組、阻、粗。
秩	zhì	noun — order, sequence	禾=meaning:grain — the harvest piled in order | 失=sound:shī — gives the sound	禾穀（禾）一層層按次序堆好——秩序。失（shī）給聲音，讀音偏到 zhì，離得很遠。從排好的堆引申：秩序、官秩。
移	yí	verb — to move, shift, transfer	禾=meaning:grain | 多=sound:duō — gives the sound	禾（穀子）配上多，多給聲音——duō 轉成 yí。說文說的是禾稈在風裡互相倚著、晃著移動，禾相倚移。從那搖晃的挪移來了凡是移過去的：移動、搬移、移民、移植。
稀	xī	adjective — sparse, thin, rare	禾=meaning:grain on the stalk | 希=sound:xī — gives the sound, and its own picture fits	田裡的禾（禾）長得稀疏；希（xī）給聲音，而希本身就畫著稀——交叉的線織在布上，縫比線多。於是這片田讀作稀疏，再到稀少、再到稀薄、稀飯。希接了希望那份活，稀守著「薄」。
稅	shuì	noun — tax, duty	禾=meaning:grain — the harvest paid in | 兌=sound:duì — gives the sound	禾（禾，穀物）加兌（duì）——按收成繳給官府的賦稅，本來是用穀子繳的。從田賦，引申出一切稅捐：稅收、關稅、納稅。兌給聲音，duì 變成了 shuì。
程	chéng	noun — journey, stage	禾=meaning:grain on the stalk — the thing measured out | 呈=sound:chéng — gives the sound, exact	稱量穀子（禾）——程本是度量的單位和標準。呈（chéng）給聲音，一點沒磨。路按站量出來，是路程；事從頭到尾怎麼走，是過程；排好給人上的，是課程。
稍	shāo	adverb — slightly, a little	禾=meaning:a stalk of grain, bending at the top | 肖=sound:xiào — gives the sound	禾（禾）的尖梢，越往上越細——本義是穀穗最末的一點。肖（xiào）給聲音，磨成了 shāo。從越來越細的末梢，引申出「一點點」：稍微、稍稍。
稚	zhì	adjective — young, childish, tender	禾=meaning:a grain plant — the tender young shoot | 隹=sound:zhuī — gives the sound	禾（禾，穀物）加隹（zhuī）給聲——晚種的嫩苗，幼小未長成。從青嫩的小苗，引申出一切幼稚：幼稚、稚嫩、稚氣。隹給聲音，zhuī 變成了 zhì。
稠	chóu	adjective — dense, thick, crowded	禾=meaning:a grain stalk | 周=sound:zhōu — gives the sound	一片禾稼（禾）擠得密密的——稠。周（zhōu）帶聲，音滑成 chóu，那「周遭、滿」的意思也順帶幫襯。由密集的禾，引出凡是濃、擠的：稠密、人稠。
種	zhǒng/zhòng	noun — seed	禾=meaning:grain on the stalk | 重=sound:zhòng — gives the sound	禾（禾）加重（zhòng）的聲音——種子：留下來明年再種的那一把。從種子到它傳下去的一脈：種類、這種。唸 zhòng，就是把它種下去：種菜、種田。
稱	chēng/chèn	verb — to call, name	禾=meaning:grain — the thing weighed | 爯=sound:chēng — gives the sound	禾（禾）提上秤——爯（chēng）是一隻手把東西提起來，畫面和聲音一起給了。秤完，把斤兩說出口：從秤重到叫名——稱為、名稱。唸 chèn，是重量剛剛好對上：稱職、對稱。
稷	jì	noun — millet, the principal grain	禾=meaning:grain on the stalk | 畟=sound:cè — gives the sound	禾（禾）配 畟（cè）給聲音——養活古代北方的小米，最早最好種的穀。當作百姓的命根，便代表穀神之壇；和「社」（土地之壇）並用，社稷就是整個國家。
稻	dào	noun — rice (the growing plant)	禾=meaning:grain, a grain stalk | 舀=sound:yǎo — gives the sound	禾（禾）結了穗——這是稻。舀（yǎo）給聲音，一隻手從臼裡舀米，讀音後來變成 dào。從這株穀子長出：稻米、水稻。
穆	mù	adjective — solemn and reverent	禾=meaning:grain | 彡=meaning:fine strokes — the bowing heads	左邊禾（禾）；右邊飽滿的穀穗低垂，幾道細紋（彡）拖著——合起來是 㣎（mù）給聲音。本義是一種小米，穗子沉甸甸地垂著。從低垂的穀穗，引申出俯首恭謹的樣子：肅穆、穆穆。
積	jī	verb — to pile up, accumulate	禾=meaning:grain on the stalk | 責=sound:zé — gives the sound	收下來的禾（禾）一層層堆上去——積。責（zé）給聲音，磨成了 jī；績也是這樣轉的。從穀堆，到凡是攢起來的：累積、積蓄；一塊面整個算起來，是面積。
穎	yǐng	noun/adj — the tip of a grain-ear	禾=meaning:a grain plant | 頃=sound:qǐng — gives the sound	禾（禾，穀物）加頃（qǐng）——禾穗末端那根尖芒。從細尖的鋒，引申出鋒利、聰明：聰穎、穎悟，還有嶄新銳利的新穎。頃給聲音，qǐng 變成了 yǐng。
穩	wěn	adjective — steady, stable, secure	禾=meaning:grain | 㥯=sound:yǐn — gives the sound	禾（穀）收進倉裡——一年的口糧都在，日子就不晃。㥯（yǐn）給聲音，聲母滑成了 w。糧滿屋安，凡是站得住、靠得住的都是穩：穩定、穩重、安穩。
穫	huò	verb/noun — to reap	禾=meaning:grain | 蒦=sound:huò — gives the sound	禾（穀）割下收回——收割。蒦（huò）給聲音，同一塊也蓋出 獲、護。刀過稻田：收穫、穫利。
穴	xué	noun — cave, hole, den	宀=meaning:a roof, a cover — the cave mouth overhead | 八=sound:bā — here carrying the sound	土裡的住處（土室也）——上面有頂（宀），底下是空的洞。八（bā）給聲音，磨得離 xué 很遠。從洞穴引申到身上的孔穴：穴道、穴位。
究	jiù	verb — to probe to the very end	穴=meaning:a cave mouth | 九=sound:jiǔ — gives the sound	上面一個洞穴（穴），下面九（jiǔ）給聲音，差一個聲調。合起來寫的是走到最底——山洞一直走到最後那面壁：研究、追究、究竟。
空	kōng/kòng	adjective — empty	穴=meaning:a cave | 工=sound:gōng — gives the sound	洞（穴）配工的聲音，g 變成了 k——一個空腔。裡面什麼都沒有，就是空；頭頂最大的那個空，是天空、空氣。讀 kòng，空下來就能用：有空、空位。
穿	chuān	verb — to wear	穴=meaning:a hole, a burrow | 牙=meaning:a tooth	牙（牙）在洞（穴）裡——啃穿；說文說穿是「通」，打通了。從穿透到穿過（穿過街），再到把自己套進衣服：穿衣服、穿鞋。
突	tū	adv/verb — sudden	穴=meaning:a hole, a burrow | 犬=meaning:a dog	狗（犬）從洞（穴）裡猛地竄出——合起來寫的就是突。沒有預告就出來，是突然；頂出來不回去，是突出；兩股勁迎頭撞上，是衝突。
窄	zhǎi	adjective — narrow, cramped	穴=meaning:a cave, a hole — confined space | 乍=sound:zhà — gives the sound	一個洞穴（穴）擠得很小——狹窄。乍（zhà）給聲音，磨向 zhǎi。窄的空間，也是窄的心胸：狹窄、窄小、心窄。
窗	chuāng	noun — a window	穴=meaning:a cave, an opening | 囪=form:the old window pictograph — a latticed opening	牆上開個口（穴），裡頭嵌一扇格子窗（囪）——透光通氣。囪本來是單獨一個字，畫的是天窗或煙囪；收進穴底下，那格子已磨成中間一團，多數人看不出是窗了。從牆上開的口而來：窗戶、窗子。
窩	wō	noun — nest, den, hollow	穴=meaning:a cave, a hollow opening | 咼=sound:guō — gives the sound	穴（穴，洞口）加咼（guō）——鳥獸蜷著睡的彎曲小洞，窩。從巢窩，引申出一切凹陷能容的：鳥窩、眼窩，還有藏人的窩藏。咼給聲音，離 guō 很遠。
窮	qióng	adj/verb — poor	穴=meaning:a cave, a hole | 躬=sound:gōng — gives the sound	身子彎著（躬）擠到山洞（穴）最裡頭——再沒路了。躬（gōng）給聲音，聲母前移成 q。退到底了：貧窮、窮盡、無窮。
窯	yáo	noun — kiln, furnace for firing pottery	穴=meaning:a cave, the firing chamber | 羔=form:a lamb over fire (灬) — flesh roasting in the heat	穴（穴，洞口）罩著羔（火上的羔，灬上是肉在烤）——拿熱烘裡頭東西的爐膛，窯。從燒陶，引申出燒磚的爐和挖在坡上的窯洞：磚窯、窯洞。
竊	qiè	verb — to steal	穴=meaning:a hole, a cave — a secret way in | 米=meaning:grain, rice — what is taken	穴（穴）下藏著米（米）——有人從洞口溜進去，把米偷搬出來。從這偷偷的拿走，引出行為（竊盜）和方式（竊竊私語，私下做）。
立	lì	verb — to stand	大=meaning:a person, arms spread | 一=meaning:the ground line	一個張開手臂的人（大），雙腳踩在地面那條線（一）上——站立。站穩了就立得起事情：成立、建立、獨立；站著馬上辦，是立刻。
站	zhàn	verb — to stand	立=meaning:a person standing on the ground line | 占=sound:zhān — gives the sound	立（立）是人站在地上；占給聲音，調子彎成 zhàn。後來「站住」的站碰上一個外來客：元代驛路上，蒙古話的 jam——驛站——進了中文，寫成站；今天的車站、捷運站都是它的後代。
竟	jìng	adverb — in the end, actually, unexpectedly	音=meaning:a sound, a tune | 儿=meaning:a person, at the bottom	一段樂音（音）下頭站著人（儿）——曲子奏到最後一個音，完了。從這「奏到底」來了究竟、畢竟；對結尾冒出來的東西吃一驚，就是竟然。
章	zhāng	noun — a section, chapter	音=meaning:sound, music | 十=form:ten — the end of the count	一段樂曲（音）奏到完——十（十）是數的盡頭，正是收束的記號。從頭到尾走完一回：文章、章節、第一章。一個完整段落，引申成蓋下的印記：印章、徽章。
童	tóng	noun — child	立=empty:worn-down top — a tattooing-knife 辛 stood here once | 重=sound:zhòng — gives the sound, compressed into 里 below	一個被刺了記號的少年——古字上頭是把刺刀（辛），下面是奴僕，那是俘虜或受罰孩子身上的烙印。刀磨平成了上面的立；底下的重（zhòng）被壓成今天看到的里，聲音還在。從烙印的僮僕，變成了平常的小孩：兒童、童年、童話。
竭	jié	verb — to exhaust, use up, run dry	立=meaning:a person standing — straining to the last | 曷=sound:hé — gives the sound	立（立，人站著）加曷（hé）——把底都掏乾，枯竭。本義是水乾涸，由此引申出用盡、使盡：竭力、竭盡、枯竭。曷給聲音，hé 變成了 jié。
端	duān	noun — end, tip	立=meaning:a person standing upright | 耑=sound:duān — gives the sound	人站得端端正正（立），耑（duān）——剛冒出土的芽——給聲音。站直了是端正；芽尖那一頭，是開端、末端。
競	jìng	verb — to compete, contend, race	誩=meaning:two mouths talking at once — wrangling | 儿=meaning:two people, side by side	兩個人（儿）並肩，兩張嘴一起爭（誩，兩個言疊起來）——你追我趕地搶贏。爭出來的就是競爭、競賽、競選。
竹	zhú	noun — bamboo	竹=form:two drooping bamboo stalks with their leaves	一幅畫：兩根竹竿並排立著，各垂一片葉——整個字就是這樣。從植物本身：竹子、竹筍、竹林；當部首，凡竹製的都戴它——筆、笛、籃。
笑	xiào	verb — to laugh, smile	竹=form:bamboo | 夭=form:a bent, bowed figure	竹（竹）在上，下面一個彎著的人（夭）——竹子隨風一彎，人也笑得彎了腰。從這一彎而來：笑、微笑，再到嘲笑、笑話。這個字古來說法早已失傳，部件就照字面擺著，由眼前的樣子來讀。
符	fú	noun — a tally, token, credential	竹=meaning:bamboo — the tally was split bamboo | 付=sound:fù — gives the sound	一片竹（竹）剖成兩半，對得上才作數——這就是符。付（fù）給聲音，也是現成的畫面：一隻手把東西遞給人（亻＋寸）。兩半要遞回去合得攏。從相合的信物來：符號、相符、護身符。付蓋出府、附、咐。
笨	bèn	adjective — stupid, clumsy, dull	竹=meaning:bamboo | 本=sound:běn — gives the sound	竹（竹）裡那層白瓤——竹裏，硬皮底下軟軟的一層。本給聲音，聲調從 běn 落到 bèn。從那未經加工的粗瓤轉去：粗笨，再到笨拙，再到愚笨、笨蛋。
第	dì	prefix — ordinal marker (第一, 第二)	⺮=meaning:bamboo — slips bound for writing | 弟=sound:dì — gives the sound, exact	竹（⺮）簡按次序編好，弟（dì）給聲音，一點沒磨——弟本身就是繩子在木樁上一圈一圈往下繞。第就是次序：第一、第二；考中上榜，叫及第。
筆	bǐ	noun — a pen, a brush	竹=meaning:bamboo — the shaft | 聿=meaning:a hand gripping a brush	一隻手握著筆桿（聿）——這個形單獨就是筆；秦人加上竹（竹）桿：說文說「楚謂之聿，秦謂之筆」。從毛筆到每一種筆，再到筆下的事：筆畫、一筆錢。
等	děng	verb — to wait	竹=meaning:bamboo slips — documents | 寺=meaning:the court office	竹（竹）簡在官署（寺）裡墩齊——說文：齊簡也。疊得一樣齊，分出等級，比出相等；「等等」就是後頭那一疊。日常的等一下，也寫這個字。
筋	jīn	noun — sinew, tendon	竹=meaning:bamboo — split, it runs in long fibers | 月=meaning:flesh (the 肉 radical) | 力=meaning:strength, a straining arm	肉（月）裡帶著力（力），一條條像剖開的竹（竹）——筋。竹說的是那股紋理：一束束又韌又多。
筒	tǒng	noun — tube, cylinder, pipe	竹=meaning:bamboo — the first tubes were bamboo joints | 同=sound:tóng — gives the sound	竹（竹）在兩節之間截斷，就是一段中空的管。同（tóng）給聲音，聲調挪成 tǒng。從竹筒引申到一切圓管：竹筒、信筒、筆筒。
答	dá	verb — to answer, reply	竹=meaning:bamboo writing slips | 合=sound:hé — gives the sound; also "to match, fit"	在竹簡（竹）上寫下一句回應，正好對上（合）問題——答與問相扣。合一身兩用：給聲音，也帶「相合、相對」的意思。從對上的回應而來：回答，再到報答、答謝。聲音從 hé 漂到 dá。合領一排字：給、塔、盒、拾。
策	cè	noun — whip	竹=meaning:bamboo | 朿=sound:cì — gives the sound	竹（竹）下面是朿（cì）——一棵長滿刺的樹；韻母轉成 cè。本義是馬鞭——會扎的竹條，鞭策的策。同一根竹子削成簡片，借去寫冊；寫在簡上的辦法，就是計策、對策、政策。
筷	kuài	noun — chopsticks	竹=meaning:bamboo | 快=sound:kuài — gives the sound, exact	竹（竹）配快（kuài）的聲音，一點沒變。本來叫箸——船家忌諱：箸聽起來像住，船最怕停。改口叫快，再加上竹字頭，筷子就這麼叫定了。
算	suàn	verb — to count, calculate	竹=meaning:bamboo counting rods | 具=meaning:an implement worked with two hands	竹籌（竹）擺在一件雙手操作的器具（具）上——把籌碼鋪開來算。下半的具已經寫成目加廾，兩隻手不太看得出了。從這一算而來：計算，再到打算，再到算了。
管	guǎn	noun/verb — a pipe, tube	竹=meaning:bamboo | 官=sound:guān — gives the sound	竹子（竹）截一段、掏空——管子、笛子。官（guān）給聲音，只差一個調。從管子到各種管（水管、血管）；古時鑰匙也叫管（管鑰），握著鑰匙的手就管事了：管理、管教。
箭	jiàn	noun — an arrow	竹=meaning:bamboo — the shaft | 前=sound:qián — gives the sound	箭桿用竹（竹）削成，竹頭蓋在聲音上。前（qián）給聲音，同一塊也在 剪、煎裡。那枝筆直飛出去的：箭矢、射箭、箭步。
箱	xiāng	noun — a box, chest, trunk	竹=meaning:bamboo | 相=sound:xiāng — gives the sound	用竹（竹）編成的箱——本是大車兩側的車廂（大車牝服），後來泛指箱櫃。相（xiāng）給聲音，分毫不差。從車上的竹廂而來：箱子、皮箱、衣箱。相領一排字：想、廂、湘、霜。
節	jié	noun — a joint, node	竹=meaning:bamboo | 即=sound:jí — gives the sound	上面是竹（竹），下面「即」（jí）給聲音——它畫的是人就著一碗食物，這裡只借讀音。竹竿上一圈圈的節——每一節都是一個段落，由此而生節日、章節，以及省著用的節約。
範	fàn	noun — a mold	車=meaning:a chariot — the road-rite the graph first named | 笵=sound:fàn — gives the sound	說文把這個字講成車（車）的路祭——出門前先祭過才上路；笵省去水，給聲音。天天用的意思是那個笵：竹（⺮）做的模子——溼泥壓進去，出來都是同一個樣。從模子引申：照著做的模範、框住的範圍。
篇	piān	noun/measure — a piece of writing	竹=meaning:bamboo — the writing slip | 扁=sound:biǎn — gives the sound	沒有紙以前，字寫在扁扁的竹（竹）片上，一片片編成排。扁（biǎn，扁平）給聲音，同一塊也在 偏、編裡。一捲編好的竹簡，就是一篇：一篇、篇章、詩篇。
築	zhú	verb — to build	筑=sound:zhú — gives the sound | 木=meaning:wood — the rammer and the board frames	土夯在木板中間，一層一層打實——古人這樣起牆。木是夯杵和板模的木頭；筑（zhú）給聲音，本來是一種敲打的樂器。一層一層築上去：築牆、建築。
篷	péng	noun — an awning, canopy, tarpaulin	竹=meaning:bamboo — the matting and ribs of the cover | 逢=sound:féng — to meet; gives the sound (shared with 蓬)	竹（竹）配上逢（féng）取聲——竹篾編成的篷蓋，撐在車上、船上：車篷、船篷，還有布做的帳篷。它和草字頭的蓬共用一個逢；這裡用竹，那裡用草。
簇	cù	verb/noun/measure — to cluster	竹=meaning:bamboo | 族=sound:zú — gives the sound	竹子（竹）成叢密生，像一族（族）人聚在一起——簇。族（zú）帶聲，音滑成 cù，那「聚族」之意也順帶幫襯。由此引出凡是聚成一團的：簇擁、花簇。
簡	jiǎn	adjective — simple, brief	竹=meaning:bamboo | 間=sound:jiān — gives the sound	一片用來書寫的竹（竹）條——簡，古書一根根竹簡裡的一根。間給聲音，聲調從 jiān 升到 jiǎn。一根簡寫不了多少，意思就轉向簡短、簡單；幾根綁起來成一封書簡。
簽	qiān	verb — to sign	竹=meaning:bamboo — a thin slip of it | 僉=sound:qiān — gives the sound	上面是竹（竹），下面「僉」（qiān）——許多嘴一起應和的樣子，這裡給聲音。一根用來作記號的竹片，引申為把名字寫上去：簽名、簽證、簽到。
簿	bù	noun — a register, account book, notebook	竹=meaning:bamboo — the strips an old book was written on | 溥=sound:pǔ — gives the sound, through 薄	上面是竹（竹）——古書是一根根竹簡串起來的；下面溥（pǔ，藏在薄字裡）給聲音，磨成 bù。是用來登記的本子：帳簿、名簿、相簿。
籃	lán	noun — a basket	竹=meaning:bamboo | 監=sound:jiān — gives the sound	用竹（竹）編成的大筐——大篝，深深的提籃。監給聲音，聲母從 j 滑到了 l。從竹籃而來：籃子，再到投球的那個圈（籃球）。監領一排字：藍、濫、鑑、覽。
籍	jí	noun — register, record, book	竹=meaning:bamboo — the slips records were written on | 耤=sound:jí — gives the sound	竹簡（竹）綁成冊子，耤（jí）——下田犁地——給聲音。綁好的簡就是書籍、戶籍；名字登在哪兒，就是籍貫、國籍。
籠	lóng	noun — basket, cage	竹=meaning:bamboo — woven into the container | 龍=sound:lóng — the dragon, here only the sound	竹（竹）編成裝東西的器具——籃子、籠子。龍（lóng）只給聲音，跟龍無關。從關住東西的籠，引申到罩住的：籠罩、燈籠。
籤	qiān	noun — a slip, lot, tag	竹=meaning:bamboo | 韱=sound:xiān — gives the sound	一根削細的竹片（竹）——做記號的籤條、抽的籤、標籤。韱（xiān）帶聲，音變成 qiān；它也是 纖（細）底下那個「細」的部件。由竹籤引出：抽籤、標籤。
籬	lí	noun — bamboo fence, hedge	竹=meaning:bamboo — the fence material | 離=sound:lí — to part, here carrying the sound	竹（竹）一根根插成一排，把院子圍起來——籬笆。離（lí）給聲音；籬笆確實把裡外分開。花籬、藩籬都從這來。
籲	yù	verb — to call out, appeal, implore	頁=meaning:a head — the face turned to call | 龠=sound:yuè — gives the sound	一張臉（頁）轉出去高聲喊——呼求、號召。龠（yuè，一排綁好的竹管）帶聲，音磨成 yù。由那聲呼喊，引出公開的號召：呼籲、籲請。
米	mǐ	noun — hulled rice	米=form:rendered bare — grains scattered around a central line	穀粒散在一條中線周圍——那些點是脫殼的米粒，中間的交叉是它們從上面落下的禾稈或篩子。指去殼的穀子，尤其是米，後來又借作長度的公尺：白米、米飯、玉米、公尺。
粉	fěn	noun — powder	米=meaning:rice, grain | 分=sound:fēn — gives the sound	把米（米）磨開（分），磨得越來越碎——粉。分（fēn）給聲音，同一塊也在 紛、份裡。凡是磨成末的：麵粉、粉末、粉紅。
粒	lì	noun — a grain, a kernel	米=meaning:a grain of rice | 立=sound:lì — gives the sound	一顆米（米），立（lì）在旁邊給聲音，音沒變。一顆圓圓的小東西——米粒，再小到能數的都算：一粒米、一粒沙。
粗	cū	adjective — coarse, rough, thick	米=meaning:grain — milled coarse, not fine | 且=sound:qiě — gives the sound, worn far from the grain	米（米）舂得粗，帶殼帶糠；且（qiě）給聲音，磨成了 cū。粗米引出一切粗的——粗糙、粗線——也引出做事粗：粗心、粗魯。
粘	nián	verb — to stick, adhere, glue	米=meaning:cooked grain (米) | 占=sound:zhān carries the sound	米（米）煮熟就黏；占（zhān）給聲音，磨成了 nián。黏住不放的，就是粘：粘住、粘貼。
粥	zhōu	noun — congee, rice porridge, gruel	米=meaning:rice — what the porridge is made of | 弓=empty:a worn flanking mark — once steam or a vapor sign rising beside the rice	米（米）煮得又軟又稀——粥。兩旁的弓弓是舊字磨剩的記號：米在鍋裡，兩邊冒著熱氣。就是日常那碗：米粥、牛肉粥。
精	jīng	adj/noun — refined	米=meaning:rice grains | 青=sound:qīng — gives the sound	米（米）管意思；青（qīng）給聲音，q 磨成了 j。本義是舂得精白的米——舂到只剩白白的米心。從這裡引申出一切提煉出來的東西：精華、精神、精緻。
糊	hú	verb/adj — to paste	米=meaning:rice — the starchy base | 胡=sound:hú — gives the sound	米（米）熬成黏漿——一抹就糊住了。胡（hú）給聲音，同一塊也在 湖、蝴裡。黏成一片、抹得不清，就是糊：糊牆、模糊、糊塗。
糕	gāo	noun — cake, steamed pastry	米=meaning:rice, grain | 羔=sound:gāo — gives the sound exactly	米（米）把意思定在粉做的食物上。羔（gāo），一隻小羊，只借聲音，不變。合起來指蒸的、烤的糕點：蛋糕、年糕。
糖	táng	noun — sugar	米=meaning:rice, grain | 唐=sound:táng — gives the sound	從穀米（米）裡熬出的甜——本是飴，煮米抽出的麥芽糖。唐（táng）給聲音，分毫不差。從米飴而來，泛指各種糖，再到糖果、蔗糖。唐領一排字：塘、搪、溏。
糙	cāo	adjective — coarse, rough, unpolished	米=meaning:rice grains | 造=sound:zào — gives the sound	還沒舂磨的米（米），帶著粗殼——糙。造（zào）帶聲，音變成 cāo。由那未經細磨的米，引出凡是粗的：粗糙、糙米。
糞	fèn	noun — dung, manure	廾=meaning:two hands, lifting | 釆=meaning:scattered grain, sweepings — you cannot see it whole in the modern middle	下面兩隻手（廾），上面是掃起來的渣滓（釆）——雙手把掃攏的廢物推出去（棄除也）。清出來的髒東西拿去肥田：糞便、糞土、施糞。
糟	zāo	noun — distiller's dregs, lees	米=meaning:grain — what fermenting leaves behind | 曹=sound:cáo — gives the sound	酒釀完剩下的米渣（米）——酒糟。曹（cáo）給聲音，聲母在 z/c/s 裡換到 zāo，調也降了。從廢渣、敗壞引申出口語的「糟」：糟了、糟糕、弄糟。
糧	liáng	noun — grain, provisions, food supply	米=meaning:grain — the staple measured out | 量=sound:liàng — gives the sound, tone worn	米（米）一份份量出來；量（liàng）給聲音，調磨成了 liáng——路上、軍隊吃的口糧：糧食、軍糧、乾糧。
系	xì	noun — system, lineage	丿=form:the worn trace of a hand, above the threads | 糸=meaning:silk thread	一隻手（磨得只剩上面一撇）提起一絞絲，絲（糸）連成一串垂下來。從連成一串：世系、系統、科系。
糾	jiū	verb — to entangle, gather up	糸=meaning:silk thread | 丩=sound:jiū — gives the sound	絲（糸）三股絞在一起——本義是搓成的繩。丩（jiū）給聲音，本身就是兩股交叉鉤纏的樣子。從絲線絞纏，引申到糾結、再到糾正：糾纏、糾紛、糾正。
紀	jì	noun — order, discipline	糸=meaning:silk thread | 己=sound:jǐ — gives the sound	一團亂絲（糸）裡，找到那個線頭，整團就照次序解開。己（jǐ）給聲音，只變了調。從理絲到理規矩：紀律；再到把年代理出次序：世紀、紀元、紀錄。
約	yuē	verb — to arrange, make an appointment	糸=meaning:silk thread, a cord | 勺=sound:sháo — gives the sound, worn from sh to y	一邊是絲繩（糸），一邊「勺」（sháo）給聲音——本是一把勺子，只借讀音，sh 後來磨成 y。核心是用繩子綁束：由綑綁引申出雙方互相約定的事——約定、契約、約會——也引申出「大約」那種寬鬆的估量。
紅	hóng	adjective — red	糸=meaning:silk threads | 工=sound:gōng — gives the sound	染過的絲（糸）；工（gōng）給聲音，g 滑成了 h。說文記的是第一個色：紅白之間，淡淡的粉。後來越染越深，紅就是紅，還紅出了運氣：紅包、走紅。
紊	wěn	adjective — disordered, tangled, confused	文=sound:wén — gives the sound, tone worn | 糸=meaning:silk thread	線（糸）擱在交錯的紋路（文）底下，文（wén）又給聲音，調磨成了 wěn。線縱橫交錯，就亂了——紊亂。
紋	wén	noun — line, vein, pattern (in a surface)	糸=meaning:a thread, fine fibre | 文=sound:wén — gives the sound	絲（糸）配上 文——文本就是交錯的紋飾。合起來寫表面的線條、紋路。文（wén）原原本本給聲音，那「花紋」的本意也順帶幫襯。由此：紋路、指紋、波紋。
納	nà	verb — to take in, accept	糸=meaning:thread | 內=sound:nèi — gives the sound	把絲（糸）往裡（內）拉進來——收絲。內（nèi）帶聲，音變成 nà，那「裡頭、進去」的意思也牽著字義走：收進、接受。再引出繳交：採納、納稅。
純	chún	adjective — pure, unmixed, simple, sheer	糸=meaning:silk thread | 屯=sound:tún — gives the sound, worn across the initial	素絲（糸），一色不染；屯（tún）——頂土的嫩芽——給聲音，磨成了 chún。不摻雜的絲引出一切純的：純粹、單純、純樸。
紙	zhǐ	noun — paper	糸=meaning:silk threads | 氏=sound:shì — gives the sound	絲（糸）記得最早的紙是什麼：碎絮鋪在簾子上，揭下來一張。氏給聲音，sh 挪到 zh。木漿還沒出現，說文就記下了：絮一苫也——簾上的一層絮。
級	jí	noun — grade, rank	糸=meaning:silk thread | 及=sound:jí — gives the sound exactly	絲（糸）分出等第——最細的放最上，粗的在下。及（jí）給聲音，一點沒變。從分等的絲到分等的一切：年級、階級、高級；一階一階的石級也是它。
紛	fēn	adjective — numerous, in confusion, tangled	糸=meaning:silk thread | 分=sound:fēn — gives the sound, no shift	線（糸）散了開來（分），分（fēn）又給聲音，音沒變。一頭頭散亂：又多又雜，紛紛落下——紛紛、糾紛、繽紛。
素	sù	noun/adj — plain, undyed	糸=meaning:silk threads | 𠂉=meaning:the loose, untrimmed ends hanging down	古文字有兩個說法：剛織好的白絲（糸），末端還垂著沒剪（𠂉），沒染沒加工；或是糸下加皕（bì）表音。不管哪一說，都是那片素白的線。從這未經修飾，引申出素色、樸素，再到構成事物的本：元素、要素。
紡	fǎng	verb — to spin (thread, yarn)	糸=meaning:silk thread | 方=sound:fāng — square, here giving the sound	把纖維捻成線（糸）——紡。方（fāng）給聲音，聲調掉成 fǎng。紡紗、紡織，都是把鬆的捻成線的活。
索	suǒ	noun/verb — a rope	糸=meaning:thread, cord | 屮=form:the plant stems above — fibres being twisted by hand into rope	上頭是草莖纖維，下面是繩（糸），絞成一條粗繩。從拉繩、抓取，引申成伸手去要——索取、搜索，再到順著線頭去想：思索。
紫	zǐ	noun/adj — purple, violet	糸=meaning:silk — dyed cloth | 此=sound:cǐ — gives the sound	絲帛（糸）染成那種偏紅的藍——紫。此（cǐ）給聲音，聲母在 z/c/s 裡換到 zǐ。染料名擴到一切紫的東西：紫色、紫禁城、紫外線。
累	lèi/lěi/léi	adjective — tired	田=sound:the worn remainder of 畾 léi — gives the sound | 糸=meaning:a silk rope	繩（糸）把東西一件件串起來——綁。畾（léi）給聲音，三塊田抄著抄著只剩一塊（田）。串起來的越堆越多——lěi，累積；掛在身上的越拖越沉——lèi，累了；繩子本身的讀法留在累贅（léi）裡。
細	xì	adjective — fine, thin	糸=meaning:thread | 囟=sound:xìn — gives the sound	一根蠶絲（糸）已經細到頭了。囟（xìn，囟門那塊小軟處）給聲音，在今天的字裡寫成了 田。從絲一般的細：細小、細節、仔細。
紹	shào	verb — to join on, carry forward	糸=meaning:silk threads | 召=sound:zhào — gives the sound	斷了的絲線（糸）接到下一段——接上去，傳下去。召（zhào）給聲音，zh 變成了 sh。介紹做的是同一件事：兩個生人，打一個結。
終	zhōng	noun/adv — the end	糸=meaning:silk thread | 冬=sound:dōng — gives the sound	絲線（糸）配上冬——冬才是老字：一條繩子兩頭打結，線到了頭。冬天把它借去寫一年的盡頭，只好補上絲線（糸），讓終接著寫「結束」。dōng 標聲音，d 磨成了 zh。
組	zǔ	verb/noun — to form, assemble	糸=meaning:silk thread | 且=sound:qiě — gives the sound	絲線（糸）編成扁扁的絛帶——說文：綬屬。且的聲音在這一家都收在 z-（祖、租、阻）。線編成帶，人和事編成整體：組成、組織、小組。
結	jié/jiē	verb — to tie, knot	糸=meaning:a silk thread | 吉=sound:jí — gives the sound	線（糸）繞一圈、拉緊——打結。吉（jí）給聲音，韻母張開成 jié。綁在一起就連在一起：結合、結構；綁好收尾就是結束。唸 jiē，是樹把果子結上枝頭：結果子。
絕	jué	verb/adv — to cut off, sever	糸=meaning:silk threads | 刀=meaning:a knife | 卩=sound:jié — gives the sound	一把刀（刀）橫過絲線（糸）——絲一刀斷開。卩有兩個說法：一個跪坐的人形作斷端，或是卩（jié）給聲音。從斷絲，引申成切斷（斷絕、拒絕），再到去到極處：絕望、絕對。
絡	luò	noun — net of threads, network	糸=meaning:silk thread | 各=sound:gè — gives the sound	絲線（糸）繞來繞去，交成一張網——絡。各給聲音，跟洛、絡、落一樣，喉音磨成了 l。從交織的線，引申到一切串連貫通的：脈絡、聯絡、網絡。
給	gěi/jǐ	verb — to give	糸=meaning:silk threads — cloth, the old wealth | 合=sound:hé — gives the sound	絲（糸）補到夠——供給的給：從前的補給就是布和糧。合（hé）給聲音，磨成 jǐ（供給）；口語再走一步，成了遞東西的 gěi：給你。
統	tǒng	verb/noun — to unite, govern	糸=meaning:silk thread | 充=sound:chōng — gives the sound	一絞絲（糸）的總線頭——一拉，整絞都跟著走。充（chōng）給聲音，這個音磨得遠了。從一條線帶住全部：統一、總統、傳統。
絲	sī	noun — silk	糸=meaning:a single skein of silk | 糸=meaning:a second skein, doubled	兩束絲（糸）並在一起——蠶吐出來的。生絲引出一切細絲，也引出最小的那一點：絲線、鐵絲、一絲不苟。
綁	bǎng	verb — to bind, tie up, fasten	糸=meaning:rope, cord | 邦=sound:bāng — gives the sound	拿繩子（糸）一圈圈纏緊——捆、綁。邦（bāng）帶聲，只是調子變到 bǎng。由那捆綁的繩子：綁架、綁帶。
經	jīng	verb/noun — to pass through	糸=meaning:silk thread | 巠=sound:jīng — gives the sound; itself warp threads stretched on a loom	絲（糸）加巠（jīng）——經線：織布前先繃直的那些長線。從頭貫到尾的，都是經：經過、經營，還有經典——整個傳統掛在上面的書。
綜	zōng/zòng	verb — (zōng) to gather together, synthesize	糸=meaning:thread — the loom's warp | 宗=sound:zōng — gives the sound	織機上的線（糸）由綜（heddle）一起提起——攏成一股。宗（zōng）給聲音，音不變。從把眾線提攏引申：綜合、綜述、綜藝。
綠	lǜ	noun/adj — green	糸=meaning:silk thread — the color named by a dyed cloth | 彔=sound:lù — gives the sound	糸（絲）用染過的帛來命名顏色——青黃之間。彔（lù）給聲音，差一個聲調成 lǜ。同一個彔蓋出 錄、祿、氯。
維	wéi	verb/noun — to hold together, maintain	糸=meaning:rope, cord | 隹=sound:zhuī — gives the sound	用繩（糸）把東西拴牢——最早是綁穩車蓋的繫繩。隹（zhuī）給聲音，同一塊也在 唯、惟裡。從拴住、撐住：維持、維護，繩線拉開又成了度量：三維、思維。
綱	gāng	noun — the headrope of a net	糸=meaning:rope, cord | 岡=sound:gāng — gives the sound	一張網裡那條總繩（糸）——把所有網眼都收在一起的綱。岡（gāng）原原本本給聲音。提起這條繩，整張網都跟著起來，於是引申為一切的總領：綱要、大綱、綱領。
網	wǎng	noun — net, web	糸=meaning:silk thread | 罔=sound:wǎng — gives the sound, and is itself the older net	線（糸）加在罔上——而罔本身就是網，網形的 网 裡塞了個亡管聲音。罔後來跑去當「沒有」，於是補上絲旁。本是打獵捕魚的繩結，後來凡是網狀的都算：魚網、網路。
綿	mián	adj/noun — soft and continuous	糸=meaning:silk thread | 帛=meaning:bolts of silk cloth	絲線（糸）連著一匹帛（布帛）——細絲一段接一段，聯微。從不斷的線，長出柔軟的絮，也長出綿延不絕的意思：絲綿、綿延。
緊	jǐn	adjective — tight, taut	臤=sound:qiān — gives the sound, and means a firm grasp | 糸=meaning:silk thread	手用力一握（臤），把線（糸）絞到緊繃——緊。臤一身兩用：既是抓緊的意思，也管聲音，跟堅、賢同一個臤。底下的絲省成了一個糸。從繃緊的線，到一切緊張、要緊：緊張、抓緊。
緒	xù	noun — thread-end, loose end	糹=meaning:silk thread | 者=sound:zhě — gives the sound	絲（糹）加者：本義是絲的頭，要解開先找的那一端。者（zhě）給聲音，磨得很遠，成了 xù。從線頭引申到事情的開端、再到心裡的千頭萬緒：頭緒、緒言、情緒。
線	xiàn	noun — thread, line, wire	糸=meaning:thread, silk | 泉=sound:quán — gives the sound	一根線（糸）拉得又長又不斷，像泉水（泉）細細流出一條。泉（quán）在這裡給聲音。從一縷線：線索、電線、路線。（異體 綫 換成 戔 表音。）
緝	qì/jī	verb — (jī) to spin, twist together	糸=meaning:silk thread — twisted into one strand | 咠=sound:qì — gives the sound	散絲（糸）搓成一條線；咠（qì）——嘴湊到耳邊低語——給聲音。把絲收緊，引出收緊另一頭：把人逮回來——緝捕、通緝。
締	dì	verb — to tie firmly, conclude (a pact, friendship)	糸=meaning:silk thread | 帝=sound:dì — emperor, here only the sound	線（糸）打結，結得解不開（結不解也）——締。帝（dì）只給聲音，跟皇帝無關。從打死結引申：締結、締約。
緣	yuán	noun — an edge, border	糸=meaning:silk, thread | 彖=sound:tuàn — gives the sound	用線（糸）沿著衣服的邊鎖一圈——衣緣。彖（tuàn）給聲音。從衣邊（邊緣），引申成把兩個人牽在一起的那條線：緣分、因緣。
編	biān	verb — to weave	糸=meaning:silk thread | 扁=sound:biǎn — gives the sound	絲繩（糸）穿過竹簡——一片片串成冊，順序就在繩上。扁（biǎn）給聲音，聲調轉成 biān；扁裡面正好有冊，就是串好的簡。從穿繩到編織，再到把文字排好：編輯、編號；憑空串一個故事，是編故事。
緩	huǎn	adj/verb — slow	糸=meaning:thread, cord | 爰=sound:yuán — gives the sound	把繩（糸）放鬆，不繃緊——一鬆就慢下來了。爰（yuán）給聲音，同一塊也在 援、暖裡。從鬆緩、不急：緩慢、緩和、舒緩。
練	liàn	verb — to practice, drill	糸=meaning:silk thread | 柬=sound:jiǎn — gives the sound	生絲（糸）一次次煮軟、漂洗，直到柔順——這反覆的工夫就是練。柬給聲音，jiǎn 磨成 liàn。從泡煮，引申到一切反覆操演：練習、訓練、熟練。
緻	zhì	adjective — fine, dense, exquisite (in workmanship)	糸=meaning:silk thread — woven close | 致=sound:zhì — gives the sound, no shift	絲（糸）織得密，線挨著線；致（zhì）給聲音，音沒變。織得密、做得細，就是緻：細緻、精緻、緻密。
縛	fù	verb — to bind, tie up	糸=meaning:silk thread — the cord that ties | 尃=sound:fū — gives the sound	絲繩（糸）一圈圈纏緊——綁住。尃（fū）給聲音，只有聲調轉成 fù。綁牢了就動不了：綑縛、束縛。
縣	xiàn	noun — a county (administrative district)	県=meaning:an upside-down head (倒首) — a severed head held up | 系=meaning:a cord — what does the hanging	一根繩（系）把一顆倒過來的頭（県）吊起來——說文讀作繫，懸掛。這幅畫被借去指行政上的「縣」，一塊掛在朝廷之下的轄區。本義「懸掛」後來加了心，分出懸（xuán），縣就只留在地圖上。
縫	féng/fèng	verb — (féng) to sew, stitch, mend	糸=meaning:thread — drawn through the needle | 夆=sound:féng — gives the sound	線（糸）把兩片邊拉到一塊兒；夆（féng）——兩物相接——給聲音。縫上就接住了布——縫補、縫衣；接縫那條線就是縫隙、裂縫。
縮	suō	verb — to shrink, contract, draw in	糸=meaning:thread, cloth | 宿=sound:sù — gives the sound	布跟線（糸）往自己身上收緊、皺起來——縮。宿（sù）給聲音，同一塊也在 宿舍、星宿裡。從往回收：縮小、收縮、退縮。
縱	zòng	verb/adj/conj — to let go, indulge	糸=meaning:thread, cord | 從=sound:cóng — gives the sound	一條繩子（糸）放鬆、由它去——放開、放縱。從（cóng）帶聲，音變成 zòng，那「跟從、隨它」的意思也順帶幫襯。由那放開的線，引出直向（縱向）、就算（縱然）。
總	zǒng	verb — to gather, sum up	糸=meaning:silk thread | 悤=sound:cōng — gives the sound	散開的線（糸）攏到一起，紮成一束——這收攏就是總。悤給聲音，cōng 前移成 zǒng。從把每根都綁進一束，引申出「全部」和「總是」：總共、總是、總結。
績	jī	noun — achievement, result	糸=meaning:silk thread, fibers | 責=sound:zé — gives the sound	一縷縷纖維（糸）接著捻，搓成一根不斷的線——這一點一點的工夫就是績。責給聲音，從 zé 磨到了 jī，差得遠。把線一段段接長的工夫，引申為累積出來的成果：成績、功績、業績。
繁	fán	adjective — numerous, abundant, complex, busy	敏=form:a hand grooming, quick and busy | 糸=meaning:silk threads — a tasseled ornament	馬鬃上掛滿絲穗（糸）——本是那串飾物。絲一密、一多，凡是又多又雜、又忙又繁的都是繁：繁多、繁忙、繁複。
織	zhī	verb — to weave	糸=meaning:silk thread | 戠=sound:zhí — gives the sound	絲（糸），戠表聲——織。梭子的活兒，先是布（紡織、毛織），再是把人和事一縷一縷織起來：組織。
繞	rào	verb — to wind around, circle, detour	糸=meaning:silk thread — what gets wound | 堯=sound:yáo — gives the sound	絲（糸）一圈圈纏繞——纏、繞。堯（yáo）給聲音，磨成了 rào。從繞線引申到圍著轉、再到繞遠路：環繞、繞圈、繞道。
繡	xiù	verb/noun — to embroider	糸=meaning:colored silk thread | 肅=sound:sù — gives the sound, worn across the initial	彩絲（糸）繡成花樣；肅（sù）——那隻又穩又準的手——給聲音，磨成了 xiù。把圖繡進布裡：刺繡、繡花。
繩	shéng	noun — rope, cord	糸=meaning:silk thread, twisted to cord | 黽=sound:shéng — the sound side, clipped from 蠅	絲（糸）絞成繩——繩子。右邊是 黽 省下來的（說文作蠅省聲），給聲音 shéng。從繩子引申到量直的準繩、再到以法度約束：繩子、準繩、繩之以法。
繪	huì	verb — to paint, draw	糸=meaning:silk thread — the embroidery radical | 會=sound:huì — gives the sound	絲線（糸）配上 會（huì）——把東西聚在一起。本義是五彩刺繡，許多線會成一幅圖。從布上的繡，引申到一切作畫：繪畫、描繪、繪圖。
繫	xì/jì	verb — to tie, fasten, bind	糸=meaning:thread, cord — what you tie with | 毄=sound:jī — gives the sound, worn across initial and tone	一根繩（糸）打了死結；毄（jī）——兩物相擊——給聲音，磨成了 xì、jì。綁住東西就拴住了——繫鞋帶；拴住關係就連上了——聯繫、維繫。
繳	jiǎo/zhuó	verb — (jiǎo) to hand over, pay, submit	糸=meaning:silk cord — tied to an arrow's tail to draw it back | 敫=sound:jiǎo — gives the sound	箭尾繫一根絲繩（糸），射出去還能拉回來；敫（jiǎo）給聲音。把箭收回，引出把該交的交回去——繳費、繳稅、上繳。
繼	jì	verb — to continue	糸=meaning:a silk thread | 㡭=meaning:jì — threads rejoined	線（糸）接回斷掉的那一頭。右邊是古文字的「斷絲」（𢇍，早期的絕）反過來寫——剪斷反過來，就是接下去。合起來寫的是從斷的地方接上：繼續、繼承。
續	xù	verb — to continue, extend	糸=meaning:a silk thread | 賣=sound:the worn 𧶠 yù — gives the sound	線（糸）再接一段，讓它更長——續。右邊看起來是「賣」，底下其實是磨損掉的另一個字 𧶠（yù），只借聲音；同一個聲符讓讀唸 dú、贖唸 shú。連起來：繼續、連續、手續。
纖	xiān	adjective — fine, slender, delicate	糸=meaning:a thread of silk (the 糹 on the left) | 韱=sound:xiān — gives the sound	絲線（左邊的糹）——細到極處的線。韱（xiān）給聲音，讀法一模一樣。同一個韱蓋出攕、孅。
缺	quē	verb/noun — to lack	缶=meaning:an earthen jar | 夬=sound:guài — gives the sound	一個陶罐（缶）邊上磕掉一塊——破了，就缺了。夬（guài）給聲音，同一塊也在 快、決裡。從破口、短少：缺少、缺口、空缺。
罐	guàn	noun — jar, can, pot	缶=meaning:a clay pot — the fired-earthenware radical | 雚=sound:guàn — gives the sound	缶（陶器）管意思；雚（guàn）那隻瞪眼的鸛鳥，給乾淨的聲音。從陶罐起，凡是裝東西的：水罐、鐵罐、罐頭。同一個雚蓋出 觀、灌、鸛。
罩	zhào	verb/noun — to cover, overspread	罒=meaning:a net — cast down over something | 卓=sound:zhuó — gives the sound, worn across final and tone	一張網（罒）從高處（卓）罩下來——蓋住。卓（zhuó）給聲音，磨成了 zhào。蓋在東西上的：口罩、燈罩、罩住。
罪	zuì	noun — crime, guilt, sin	罒=meaning:a net — what snares the wrongdoer | 非=sound:fēi — gives the sound (irregular)	網（罒）罩住一個「非」（非，錯的）——法網落在不對的事上。非又是「錯」，又給聲音。網裡逮著的就是罪：犯罪、罪過、得罪。
置	zhì	verb — to place, put, set up, install	罒=meaning:a net — set out and left in place | 直=sound:zhí — gives the sound, tone worn	一張網（罒）端端正正（直）擺好，放在該放的地方；直（zhí）給聲音，調磨成了 zhì。把東西擺定，引出安設、布置、添購：放置、設置、購置。
罰	fá	verb/noun — to punish, fine, penalize	詈=meaning:a tongue-lashing — words 言 under the net 罒 | 刂=meaning:a knife — the threat behind the words	一頓罵（詈，言被罒罩住）再加一把刀（刂）——小懲。罵出來、罰下去：處罰、罰款、懲罰。
署	shǔ	verb/noun — to assign, post	网=meaning:a net — here spread over, drawn across (writes as 罒) | 者=sound:zhě — gives the sound, worn to shǔ	一張網（网，寫作 罒）罩過整片——把職位、據點佈滿一方。者（zhě）給聲音，磨成了 shǔ。從佈下這張網：官署、部署、署名。
罵	mà	verb — to scold, curse, abuse	网=meaning:a net — words thrown over someone | 馬=sound:mǎ — gives the sound	一張話織成的網（网）罩下來，把人罵住、釘在原地。馬（mǎ）給聲音，同一塊也在 媽、碼裡。狠話罩過去：罵人、咒罵、漫罵。
罷	bà	verb — to stop, cease, dismiss, call off	罒=meaning:a net — what catches and then lets go | 能=meaning:a bear, the able beast — snared, then released	網（罒）罩住一頭熊（能）——再能耐的也動不了，只好放牠走。放掉引出停下、撤掉、作罷：罷工、罷免、作罷。
罹	lí	verb — to suffer, meet with, be stricken by (misfortune)	罒=meaning:a net — misfortune dropping over you | 惟=sound:lí — a worn form of 離 (lí), which carries the sound	網（罒）罩下來，落在人身上——被網住，就遭了殃。底下那塊在標準字形裡寫成惟，本是 離（lí）磨出來的，給聲音。網裡逮著的是災、是病：罹難、罹患、罹禍。
羅	luó	noun/verb — a net for catching birds	网=meaning:a net (罒 on top) | 糸=meaning:silk thread | 隹=meaning:a short-tailed bird	一張絲（糸）織的網（网／罒）罩住鳥（隹）——捕鳥的網。從張開的網引申：擺成一排（羅列）、收攏（網羅），還有輕軟的綾羅。這個音也用來寫外國名——羅馬就是 Rome。
羊	yáng	noun — sheep, goat, ram	羊=form:the head of a ram seen from the front — curved horns, body below	一隻公羊正面的頭：上頭兩隻彎角，底下是臉和身子。整隻羊就在這一個字裡——綿羊、山羊——還把形和聲借給一群字：洋、養、祥。
美	měi	adjective — beautiful, fine	羊=meaning:a ram — or its horned headdress | 大=meaning:a person, arms wide	羊（羊）在人（大）上。古文字有兩個說法：羊肥大就是美——羊大則美；或是頭戴羊角羽飾、起舞的人。兩幅畫都是漂亮：美麗、美好。美國只是借音。
羞	xiū	noun/verb — shame, to feel ashamed	羊=meaning:a sheep — the gift offered | 丑=meaning:a hand reaching out	一隻手（丑）捧著羊（羊）獻上去——進獻。這裡的丑是抓握的手，不是生肖。把羊獻出去的場面轉向內心，就成了被人盯著、無地自容的感覺：害羞、羞恥。
羣	qún	noun — flock, herd, group, crowd	羊=meaning:a sheep — the animal that moves in flocks | 君=sound:jūn — gives the sound	羊（羊）加君：羊成群，群就是本義。君（jūn）給聲音，磨成了 qún。從羊群引申到人群、群體、群居：羊羣、羣眾、羣體。
群	qún	noun — group, crowd, flock	君=sound:jūn — gives the sound | 羊=meaning:sheep — the flock	羊（羊），君（jūn）給聲音，j 磨成了 q。一隻是羊，一片就是群——人也一樣成群：人群、群眾、一群朋友。
羨	xiàn	verb — to envy, to admire and want	羊=meaning:a sheep — the fine, fat thing | 㳄=meaning:drool — water (氵) running from an open, watering mouth (欠)	一隻肥羊（羊）在眼前，底下的嘴直流口水（㳄）——別人的，自己也眼饞。從這份饞、這份想要：羨慕、欣羨。
義	yì	noun — righteousness, justice	羊=meaning:a sheep — the fine, the auspicious, the fitting | 我=meaning:a halberd 戈 in hand — one's own bearing	羊（羊）擱在持戈的「我」（我）上頭——把自己的舉止拿得像祭禮一樣端正。端正引出公正合宜——正義、道義；「合宜」又引出字句的合宜——意義、字義。
翁	wēng	noun — an old man, an elder	公=sound:gōng — a venerable elder, a lord; gives the sound, and an echo of the old man | 羽=meaning:feathers	公（gōng）壓在羽（羽）上——說文指鳥頸上的毛。日常用的卻是「老翁」，公本身就有「敬稱的長者」之意，順勢幫襯：老翁、漁翁、富翁。聲音由 gōng 弱化成 wēng。
翅	chì	noun — wing	羽=meaning:feathers — a pair of wings | 支=sound:zhī — gives the sound, worn across initial and tone	羽毛（羽）長在橫伸出去的肢（支）上——翅膀。支（zhī）給聲音，磨成了 chì。張開能飛的：翅膀、展翅；形狀像翅的鰭：魚翅。
翌	yì	adjective — next, following (of a day or year)	羽=meaning:wings (羽) — flying on to the next | 立=empty:a worn remainder of the old sound element	羽（羽）把日子帶到下一個——翌日、翌年。下面的立是舊聲符磨掉後的殘形。
習	xí	verb — to practice	羽=meaning:wings | 白=empty:originally 日, the sun — worn into 白	上面是羽毛（羽），下面本來是日——小鳥一次又一次練飛；日後來寫成了白。
翔	xiáng	verb — to soar, glide, circle on the wing	羽=meaning:feathers, wings | 羊=sound:yáng — sheep, here only the sound	翅膀（羽）張開，在空中盤旋（回飛也）——翔。羊（yáng）給聲音，y 磨成 x，也是祥、詳的聲旁。從盤旋引申：飛翔、翱翔。
翠	cuì	noun/adj — kingfisher-green, emerald	羽=meaning:feathers | 卒=sound:zú — gives the sound	羽（羽毛）配上卒（zú）的聲——翠鳥那身藍綠的翅膀。從這隻鳥，顏色染到玉、染到滿山的綠：翠綠、蒼翠。卒也藏在碎、萃、猝裡。
翹	qiào	verb — to raise, stick up	羽=meaning:feathers (羽) — the long tail feathers that lift | 堯=sound:yáo — gives the sound	羽（羽）尖往上挑——翹起來。堯（yáo）給聲音，磨成了 qiào。從翹起的尾羽，引出高出一截、出類拔萃：翹楚。
翻	fān	verb — to turn over, flip	番=sound:fān — gives the sound | 羽=meaning:wings — a bird turning in the air	翅膀（羽）在空中把身子翻過來——本義是飛、是空中翻身。番（fān）給聲音，本身是田裡翻出的一個爪印。從空中那一翻，引出種種翻轉：翻身、翻滾、翻譯（把一種話翻成另一種）、翻案。
耀	yào	verb — to shine, dazzle	光=meaning:light (光) | 翟=sound:dí — gives the sound	光（光）射出來，亮得晃眼——照耀。翟（dí）給聲音，磨成了 yào。從刺眼的光，引出榮耀、炫耀。
老	lǎo	adjective — old, aged	耂=form:long hair and a bent back — the elder | 匕=form:the walking stick, worn into 匕's shape	一位老人：長髮、駝背（耂），拄著拐杖——千年抄寫，把拐杖抄成了匕。先是年老；再是交情老：老朋友；再當稱呼的頭：老師、老闆、老王。
考	kǎo	verb — to test	耂=meaning:an old man — long hair, bent back | 丂=sound:kǎo — gives the sound, exact	老人（耂）配丂的聲音，一點沒變——本來說的是高壽，也是過世的父親（如喪考妣還留著）。「考查」是從攷借來的——敲一敲、查一查的那個字——借了就沒還：考試、思考。
者	zhě	particle — the one who	者=form:rendered bare — no claimed origin	句子裡的「……的人」：記者，記的人；作者，寫的人；學者，治學的人。古文字畫的是什麼，已經讀不出來；當聲音用，倒蓋出一排字：都、煮、著、豬。
而	ér	conj — and, yet	而=form:drooping whiskers — a chin and its beard	下巴和垂下來的鬍鬚——頰毛。文法把整個字借走了：鬍鬚改行接句子——而且往上加，然而往回轉。
耍	shuǎ	verb — to play, fool around, show off	而=form:a beard hung from the chin — here just the upper strokes | 女=meaning:a person, in the playing	上面是「而」（鬍鬚下垂，這裡只取其形），下面是人（女）——合起來表示玩、戲耍。玩耍、耍賴、耍花招。
耐	nài	verb/adj — to endure, bear	而=meaning:a beard (而) holds its place | 寸=meaning:a steady hand (寸)	鬍鬚（而）一根根掛著，配上一隻穩住的手（寸）——撐得住、耐得久。而（ér）給聲音。從頂得住：忍耐、耐心、耐用。
耕	gēng	verb — to plow, till	耒=meaning:a plow — the wooden handle and blade | 井=sound:jǐng — gives the sound, worn to gēng	犁（耒）配上 井（jǐng）給聲音，磨成 gēng。犁破田土——耕。從翻開的地：耕田、耕作、耕地。井 也像古代方格的田，縱橫如犁溝。
耗	hào	verb — to consume, use up, drain away	耒=meaning:a plough — field labour, wearing things down | 毛=sound:máo — gives the sound	拿犁（耒）年年耕田，地力一點點磨薄——東西就這麼耗掉了。毛（máo）給聲音，同一塊也在 毫、髦裡。從慢慢損掉：消耗、耗費、耗時。
耳	ěr	noun — the ear	耳=form:an ear drawn whole — outer rim, inner folds	一隻耳朵整個畫下來——外圈、內摺。哪裡有聽，哪裡就有它：聞是耳朵貼在門（門）上，聽的左邊也是它。平常加個朵掛著：耳朵、耳機。
耽	dān	verb — to indulge in	耳=form:an ear (耳) | 冘=sound:yín — gives the sound	耳（耳）垂下來——說文說是下垂的耳朵。冘（yín）給聲音，磨成了 dān。日常的意思借走了這個字：沉進去、耽溺，於是又有耽誤——時間給拖掉了。
聊	liáo	verb — to chat	耳=meaning:an ear | 卯=sound:mǎo — gives the sound	耳朵（耳）配上卯的聲音——本義是耳鳴，mǎo 磨成 liáo。從耳邊閒響，引申到閒談；再從「沒別的可做」引申出「姑且」：聊天、無聊、聊以自慰。
聖	shèng	noun/adj — sage	耳=meaning:an ear — the one who hears and understands | 口=meaning:a mouth — and speaks what he hears | 壬=form:a person standing on the ground, raised up	大耳（耳）、一口（口），底下是站在地上的人（壬）——聽得通透、說得切中的人：聖人。從通達的賢者，引申到神聖、聖潔：聖人、聖潔、神聖。
聘	pìn	verb — to engage, hire	耳=meaning:an ear (耳) — for asking, inquiring | 甹=sound:pīng — gives the sound	耳（耳）用來探問——說文說聘是登門問候。甹（pīng）給聲音，聲調磨低了。從正式的造訪，引出兩件事：聘請人，和下聘禮。
聚	jù	verb — to gather, assemble, collect	取=sound:qǔ — gives the sound | 乑=meaning:three people standing together — a crowd	抓取（取）一群人（乑）攏到一處——聚起來。取（qǔ）給聲音，同一塊也在 娶、趣裡。從人攏成一堆：聚集、聚會、團聚。
聞	wén	verb — to hear	耳=meaning:an ear | 門=sound:mén — gives the sound	門（門）裡安一隻耳朵（耳）——縫裡傳來的都聽得見；門（mén）也給聲音，m 磨成了 w。本義是聽見；大家都聽見的就是新聞；後來鼻子把這個字借去用——聞味道。
聯	lián	verb — to join, connect	耳=meaning:an ear, joined to the cheek | 絲=meaning:threads running on unbroken	耳朵（耳）連在臉頰上，絲線（絲）一根接一根不斷——兩幅都是連著不分的畫面。合起來寫的就是「連接」：聯絡、聯盟、對聯。
聰	cōng	adjective — clever, sharp-witted	耳=meaning:an ear | 悤=sound:cōng — gives the sound	耳朵（耳）什麼都聽得清——耳聰，再引申到心聰。悤給聲音 cōng，底下的心藏在囪形底下不好認。從耳朵靈到腦筋靈：聰明、耳聰目明。
聲	shēng	noun — sound	殸=sound:qìng — a chime-stone (声) struck by a mallet-hand (殳) | 耳=meaning:the ear that hears	殸是磬石被槌手（殳）敲響；下面一隻耳朵（耳）接住。殸也給聲音，從 qìng 磨遠成 shēng。耳朵收進來的就是聲：聲音、大聲，還有四聲的聲。
職	zhí	noun — duty, post, occupation	耳=meaning:an ear | 戠=sound:zhí — gives the sound exactly	耳朵（耳）把交代聽進去、記住——本義是記。記在你身上的事，就是你的職：職業、職位、盡職。戠（zhí）給聲音，一點沒變；識、織也是它蓋的。
聽	tīng	verb — to listen, to hear	耳=meaning:an ear | 壬=sound:tǐng — gives the sound | 悳=meaning:a straight heart — 直 over 心: undivided attention	耳朵（耳）站在壬上——那個王字形是壬，廷的聲符，tǐng 鬆成 tīng。旁邊一顆正直的心（悳，德的右半）：用整個注意力去聽。聽話、聽音樂。
肅	sù	adjective — solemn, grave	聿=meaning:a hand gripping a brush | 淵=meaning:the deep pool below — the pattern under the hand	一隻手執筆（聿），就在深淵（淵）上頭做事——一不小心就掉下去。如此戰戰兢兢，神情就嚴正起來：嚴肅、肅靜、肅清。古文字有兩個說法：一個是執筆臨淵的會意，或是聿下加肀（sù）表音。
肉	ròu	noun — meat, flesh	肉=form:a cut slab of meat, the inner strokes its grain	切下來的一塊肉，裡面的筆畫是肉的紋理。擠進字的側邊就穿上月的形狀：肚、腿、胖裝的都是肉，月亮還在天上。
肌	jī	noun — muscle, flesh	月=meaning:the flesh radical — body, meat | 几=sound:jī — gives the sound	肉月（月）標出身體，几（jī）給聲音。合起來是骨頭上的肉、肌肉：肌肉、肌膚。
肖	xiào	verb — to resemble, be like	月=meaning:the flesh radical — features, the body's likeness | 小=sound:xiǎo — gives the sound, and the sense of small	肉月（月）管相貌，下面是「小」——孩子是父母的小小翻版：相像。小（xiǎo）給聲音，挪成 xiào，「小」也染了義。從相像引申到畫像：肖像、不肖、生肖。
肚	dù	noun — belly, stomach	月=meaning:flesh — the 肉 radical, written 月 on the body | 土=sound:tǔ — gives the sound	肉（月，身體的肉旁）配上土的聲音——肋骨底下那塊軟的，tǔ 濁化成 dù。指肚子，也指當食物的胃：肚子、大肚、牛肚。
肝	gān	noun — the liver	月=meaning:flesh (肉) — the body-meat radical, written 月 | 干=sound:gān — gives the sound	肉（寫成月）標出一個臟器；干（gān）原音照搬。合起來寫肝。舊話裡肝配膽，說的是膽識：肝膽相照。
股	gǔ	noun — thigh	月=meaning:flesh (肉) — the body radical, written 月 | 殳=sound:shū — gives the sound	肉（寫成月）標出身體一處；殳（shū）給聲音，離原音很遠。合起來寫大腿——身上最粗的一段。從身體的一部分，引出任何一份：股份，還有一股一股地數，如一股風。
肥	féi	adjective — fat	月=meaning:flesh — the meat radical | 卪=meaning:a body bent at the knee, packed full — worn to a 巴-like curve in the modern glyph	肉（月）旁邊一個彎著腿、堆得滿滿的身子（卪，現在磨成了巴的樣子）——多肉。從這肥厚的身子：肥沃、肥料。
肩	jiān	noun — the shoulder	戶=meaning:a door — where the arm swings on its hinge | 月=meaning:flesh, the body part	肩是身體的轉軸——手臂掛在這裡，像門（戶）在門框上開合，整塊都是肉（月）。挑擔扛事的那個關節：肩膀、肩負、並肩。
肪	fáng	noun — fat (chiefly in 脂肪 body fat)	月=meaning:flesh (the 肉 radical) | 方=sound:fāng — gives the sound	肉（月）配上聲音方（fāng，聲調升成 fáng）——肥油。它幾乎不單獨出門，常住在「脂肪」裡。說文說它是腸子上那層膏。
肯	kěn	verb — to be willing, to consent	月=meaning:flesh, meat | 止=form:the top — read two ways: 冎 (bone) worn down, or the phonetic 𠀾	最好的肉就是骨節之間咬得最緊的那塊——上頭夾著肉（月），黏得牢。上頭有兩個說法：從冎（骨）磨成今天的止形，或是𠀾（kěn）給聲音。從黏住、肯下來，引申成願意、答應：肯定、肯不肯。
育	yù	verb — to give birth to	𠫓=meaning:a child turned head-down — being born | 月=meaning:flesh (肉) — the mother's body	一個頭朝下的孩子（𠫓）——嬰兒出生就是這樣出來的——下面是肉（月）：從母體生下來。生下來還要養大：養育、育兒；把心智養大，是教育。
肺	fèi	noun — the lung(s)	月=meaning:flesh (肉) — the body organ radical, written 月 | 巿=empty:a worn right side	肉（寫成月）標出臟器；右邊是一塊磨損的部件。這字寫肺——一對呼吸的器官。由此入心：肺腑之言，發自肺腑的話。
胃	wèi	noun — the stomach	田=form:the stomach itself — a pouch of food, drawn round on top (now squared to a 田 shape) | 肉=meaning:flesh (肉) — the body, written full underneath	上面是照著實物畫的胃——裝著食物的圓囊，後來方成田的形狀。下面擺肉（肉），標明是身上的器官。合起來寫胃。由器官引出它代表的食慾：胃口。
背	bèi	noun — the back	月=meaning:flesh — the body part | 北=sound:běi — gives the sound	北 是兩個人背對背站著——本來就是「背」的樣子。加上肉（月）成了身體部位：背。聲音也是它給的，從 běi 差一個聲調。同一個北蓋出 倍、悖。
胎	tāi	noun — a foetus	月=meaning:flesh, the body | 台=sound:tái — gives the sound	身體（月）裡長出來的那團肉——子宮裡成形的胎兒。台（tái）給聲音，同一塊也在 抬、苔裡。從體內孕著的，再到裹住車輪的那層：胎兒、懷胎、輪胎。
胖	pàng	adjective — fat, plump	月=meaning:flesh — 肉 in its side-of-a-character shape | 半=sound:bàn — gives the sound	肉（月）加半（半）：說文說的是祭祀用的半邊牲體——整整半扇肉。從大塊的肉到寬大安舒（心廣體胖，舊讀 pán），再到日常的胖（pàng）。半（bàn）給聲音，b 變 p，-n 擺到 -ng。
胞	bāo	noun — placenta, womb-sac	肉=meaning:flesh — the body radical (written 月) | 包=sound:bāo — the phonetic	肉（月）外面有 包（bāo）裹著，包又給聲音：把胎兒包起來的那層肉膜。從這層膜，引出身體裡一個個包好的小單位——細胞；還有同一層膜裡出來的——同胞。包蓋出一排字：抱、泡、飽。
胡	hú	noun/adv — beard	古=sound:gǔ — gives the sound, worn to hú | 肉=meaning:flesh (writes as 月)	肉（月）配上 古（gǔ）給聲音，磨成 hú。本義是牛下巴垂著的那團肉——胡。從垂在下巴的肉，引申到鬍鬚（胡須）。整個借走：胡（北方民族）、胡來（亂來，沒規矩）。
胳	gē	noun — the arm (in 胳膊)	肉=meaning:flesh (writes as 月) | 各=sound:gè — gives the sound, worn to gē	肉（月）配上 各（gè）給聲音，磨成 gē。身上的一處——上臂，腋下那塊。多半只出現在「胳膊」這個日常的詞裡。
胸	xiōng	noun — the chest	月=meaning:flesh (肉) — the body radical, written 月 | 匈=sound:xiōng — gives the sound	肉（寫成月）標出身體部位；匈（xiōng）原音照搬。合起來寫胸。從胸膛，引出它所裝的：心懷、抱負——胸懷、胸有成竹。
能	néng	aux — can, able	厶=meaning:head (厶) | 月=meaning:heavy body (月)	一頭熊，整隻畫出來：頭（厶）、厚實的身體（月）、兩隻帶爪的腳（匕匕）。這野獸力氣大到名字變成了力氣本身——做得到的：能力、能夠、可能；東西裡的力氣：能源、太陽能。熊自己另外得了新字：熊。
脂	zhī	noun — fat, grease	月=meaning:flesh (the 肉 radical) | 旨=sound:zhǐ — gives the sound	肉（月）配上聲音旨（zhǐ，聲調抬成 zhī）——動物的肥油。脂肪、油脂、胭脂。說文分得細：有角的叫脂，無角的叫膏。
脅	xié	noun/verb — the ribs, flank	月=meaning:flesh, the body | 劦=sound:xié — gives the sound	肋骨那一帶——肋上的肉（月）。劦（xié，三股力一起使）給聲音，同一塊也在 協裡。從側面把人逼住，引申成脅迫、威脅。
脆	cuì	adjective — brittle, crisp	月=meaning:flesh (肉) — soft tissue, the body radical written 月 | 危=sound:wēi — gives the sound	肉（寫成月）指容易撕裂的軟組織；危（wēi）給聲音，磨遠成 cuì。合起來寫一碰就斷、就碎的東西——食物的爽脆，人的脆弱。
脈	mài	noun — blood vessel	肉=meaning:flesh, the body (月 in the modern glyph) | 𠂢=meaning:a branching of streams — the forking picture; you cannot see it whole in the modern right side	身上一條條分岔的通道（血理分行體者）——血管。𠂢 是水流分岔的樣子，「派」裡也是同一個。古文字有兩個說法：說文作從𠂢從血，把分岔鋪進血裡；或把 𠂢 當聲旁，pài 一系磨成 mài。不管哪個，分岔都在。從血管引申到脈搏，再到一切像血管的線：山脈、命脈。
脖	bó	noun — neck	月=meaning:flesh — the body part | 孛=sound:bó — gives the sound	肉（月）管身體部位；孛（bó）那股往上冒的勁，給乾淨的聲音。合起來就是脖子。同一個孛蓋出 勃。
脣	chún	noun — the lips	肉=meaning:flesh — the body part, written as the 月 below | 辰=sound:chén — gives the sound	嘴邊的肉（肉）——嘴脣。辰（chén）給聲音，磨成了 chún。說文說「口耑也」，嘴的邊緣：嘴脣、脣膏。下面是肉（肉），不是長得像的月。
脫	tuō	verb — to take off, shed	月=meaning:flesh — the 肉 radical on the body | 兌=sound:duì — gives the sound	肉（月）配上兌——本義是削去肉、剝掉，兌給聲音，duì 清化成 tuō。從剝除引申到脫衣、脫鞋，再到脫離險境：脫衣、脫鞋、脫險。
脹	zhàng	verb — to swell, distend	月=meaning:flesh (肉) — the body radical, written 月 | 長=sound:cháng — gives the sound	肉（寫成月）指身體；長（cháng）給聲音，磨成 zhàng——又帶來「變長、變大」的意思。合起來寫鼓脹的肉：肚子脹，引申到一切膨脹的東西。
脾	pí	noun — the spleen	月=meaning:flesh — the body-organ radical | 卑=sound:bēi — gives the sound	肉（月）配上卑，卑給聲音，本義是低、在下。藏在身體低處的臟器。卑 bēi 漂成 pí；古人把脾當作性情所在，於是脾氣指人的性子。同一個卑蓋出碑、啤、婢。
腐	fǔ	verb/adj — to rot, decay	肉=meaning:flesh — the thing that rots | 府=sound:fǔ — gives the sound	肉是會爛的東西；府（fǔ）那座倉庫，給乾淨的聲音。肉放在倉裡會壞：腐爛。後來那軟軟的東西就叫豆腐。同一個府蓋出 俯、腑。
腔	qiāng	noun — a body cavity	肉=meaning:flesh (writes as 月) | 空=sound:kōng — empty, hollow; gives both meaning AND sound, kōng worn to qiāng	肉（月）圍著 空——身體裡的中空。空 一身二職：既是「空」的意思，又給聲音，kōng 磨成 qiāng。從體內的空腔：胸腔、口腔；從能共鳴的空，引申到聲音帶的調子、口音——腔調、京腔。
腦	nǎo	noun — the brain	月=meaning:flesh (月) | 𡿺=meaning:hair (巛) over 囟, the skull	肉（月）旁邊直接畫腦——𡿺：頭髮（巛）蓋著囟門（囟），圖就是聲音。頭腦是它，會想事的機器也是它：電腦——用電的腦。
腫	zhǒng	verb/adj — to swell	肉=meaning:flesh, the body | 重=sound:zhòng — gives the sound	一塊肉（肉）變得又沉又脹——腫。重（zhòng）給聲音，聲調落成 zhǒng。脹起來的皮肉：紅腫、腫脹、浮腫。
腰	yāo	noun — the waist, the small of the back	月=meaning:flesh, the body | 要=sound:yāo — gives the sound	腰——身體（月）中間那段肉。要（yāo）給聲音，而 要 本來就是「腰」的初文，畫一個人兩手叉腰，後來才加 月 點明是身體部位。最要緊的那一截：腰部、腰帶、彎腰。
腳	jiǎo	noun — a foot	月=meaning:flesh — the body radical | 卻=sound:què — gives the sound	肉（月）配卻（què）的聲音，q 變成 j——先是小腿，再到踩地的腳：腳、洗腳。東西也有腳：山腳、桌腳。
腸	cháng	noun — the intestines, the gut	月=meaning:flesh, an organ | 昜=sound:yáng — gives the sound	肚子裡盤著的那條長肉（月）——腸，攤開來一條接一條。昜（yáng）給聲音，同一塊也在 場、揚裡。從腸子，又借成心緒所在：腸胃、心腸、斷腸。
腿	tuǐ	noun — leg	月=meaning:flesh — the body part | 退=sound:tuì — gives the sound	肉（月）管這個肢體；退（tuì）一隻往後退的腳，給聲音，差一個聲調成 tuǐ。會退會走的就是腿：大腿、小腿。
膀	bǎng	noun — shoulder, upper arm	月=meaning:flesh of the body (肉) | 旁=sound:páng — the side	身體（月）側邊（旁）的肉——肩膀，手臂連上身的地方。旁（páng）同時給聲音和「側邊」的意思，讀音落到 bǎng。同一個旁蓋出傍、榜、磅。
膊	bó	noun — the upper arm (in 胳膊)	肉=meaning:flesh (writes as 月) | 尃=sound:fū — gives the sound, worn to bó	肉（月）配上 尃（fū）給聲音，磨成 bó。身上的一處——上臂、肩膀。和 胳 合成「胳膊」就是手臂；露到肩是赤膊。
膏	gāo	noun — fat, grease	高=sound:gāo — gives the sound | 肉=meaning:flesh — the fat under it	高高的樓（高）給聲音；底下的肉給意思——貼在身上的那層油脂。從油脂起，凡是濃稠能塗抹的：藥膏、牙膏。同一個高蓋出 糕、篙。
膚	fū	noun — skin	月=meaning:flesh of the body (肉) | 盧=sound:lú — gives the sound	包住身體的肉（月）——皮膚。上面本是聲符盧（lú），輾轉抄寫磨得只剩虍和田，聲母也從 l 偏到 f。從皮膚引出膚淺——只在表面。
膠	jiāo	noun — glue, gum — verb — to stick fast	月=meaning:flesh, animal matter (肉) | 翏=sound:liù — gives the sound	用獸皮、獸骨熬出來的黏膠，所以左邊是肉（月）。翏（liù）本是聲符，讀音飄到了 jiāo。從黏膠引出膠水、塑膠，還有膠著——僵住分不開。
膨	péng	verb — to swell, expand, inflate	月=meaning:flesh (肉) — the body radical, written 月 | 彭=sound:péng — gives the sound	肉（寫成月）指身體；彭（péng）原音照搬。合起來寫鼓起、變大的肉——膨脹。常與脹搭檔：膨脹，氣球或景氣一點點地脹大。
膩	nì	adjective — greasy, oily	月=meaning:flesh (肉) — fat on the body, the radical written 月 | 貳=sound:èr — gives the sound	肉（寫成月）指肥油——說文說膩是上層的肥。貳（èr）給聲音，磨遠成 nì。從厚厚的油，岔出幾個意思：油膩、吃膩了、還有油一般細滑的細膩。
膽	dǎn	noun — the gallbladder	月=meaning:flesh (肉) — the body organ radical, written 月 | 詹=sound:zhān — gives the sound	肉（寫成月）標出臟器——說文說膽連著肝。詹（zhān）給聲音，磨成 dǎn。舊說把膽識安在膽上，所以膽既是器官也是膽量：大膽、膽量、膽小。
臂	bì	noun — the arm (手臂、臂膀)	月=meaning:flesh (the 肉 radical) — a part of the body | 辟=sound:bì — gives the sound	肉（月）在下，辟（bì）在上給準確的聲音。從肩膀分出去、伸向外的那條肉——手臂。同一個辟蓋出壁、避、璧，都讀 bì。
臉	liǎn	noun — face	月=meaning:flesh — the 肉 radical on the body | 僉=sound:qiān — gives the sound	肉（月）配上僉的聲音——臉上的肉。這是個晚出的字，古書臉只指兩頰，「面」才是整張臉。僉給聲音，qiān 磨成 liǎn。從臉，到臉上的神色，再到要保的「面子」：臉色、笑臉、丟臉。
臘	là	noun — the year-end (twelfth month)	月=meaning:flesh (肉) — the meat radical, written 月 | 巤=sound:liè — gives the sound	肉（寫成月）指肉；巤（liè）給聲音，磨成 là。說文說臘是冬天的祭祀——辦在臘月，正是醃肉風乾過冬的時節：臘肉、臘月。
臟	zàng	noun — an internal organ	月=meaning:flesh of the body (肉) | 藏=sound:cáng/zàng — gives the sound and the sense of hidden away	藏在身體深處的器官（月）——像穀物收進倉裡，蓋著不露。藏既給聲音 zàng，又給「收藏、藏起來」的意思，深藏的器官兩頭都靠它。從內臟引出心臟、肝臟。
臣	chén	noun — a subject, a minister serving the ruler	臣=form:an eye drawn upright — the downcast eye of one who bows	一隻豎起來的眼睛——低頭俯身、抬眼望著君主的僕從之眼。說文：事君者，象屈服之形。從這俯首的姿態，引出事君的人：臣子、君臣，以及歸服的 稱臣。
臥	wò	verb — to lie down, recline	臣=meaning:a downcast eye | 人=meaning:a person, bending down	人（人）俯下身，眼睛（臣）朝下——躺下。臣是豎起來的眼，垂目的樣子。從躺臥引申到睡的地方，再到潛伏：臥房、臥床、臥底。
臨	lín	verb — to look down on	臥=meaning:a person bending to look down (臥) | 品=meaning:three things below — the objects being looked over	上面一個人俯身（臥）往下看，底下擺著一堆東西（品）——居高臨下。從居高俯視，引出面對、來到：面臨、臨時、光臨。
自	zì	pronoun/prefix — self	自=form:a nose, drawn front-on	畫的是鼻子。「自己」把字借走——動作還在：問「誰？」，手指就點向鼻子。
臭	chòu/xiù	adjective — stinking, foul	自=meaning:a nose — 自 is the old graph for the nose, before it was borrowed for "self" | 犬=meaning:a dog — the nose that tracks	鼻子（自）配上狗（犬）——靠氣味認路的動物。自本來就是鼻子，後來被「自己」借走，鼻子就藏在這裡了。狗的嗅覺給了「聞」，再來是難聞：臭味。
至	zhì	verb/prep — to arrive	至=form:something come down onto the ground line 一	一樣東西落下來，停在地（一）上。古文字有兩個說法：一支箭飛到了，箭頭朝下插在落點，或是一隻鳥從天上收翅落地。意思就是到了——到的到；到到盡頭，就是最：至少、甚至。
致	zhì	verb — to send, deliver	至=sound:zhì — arrives, and gives the sound | 攵=meaning:a hand driving the action (夊)	至是箭射到了底——抵達——它同時給聲音，分毫不差。旁邊一隻手（攵）推著它：讓東西到、把它送到。從這「使之到達」來了導致、致使；把全副力氣送過去，就是致力。
臺	tái	noun — platform, terrace	高=meaning:a tall tower, written short — its top half | 至=meaning:to arrive — the place people come up to	高塔（高，省寫）底下一個至（至）——人到的地方，跟室一樣：蓋高了看四方的臺。從瞭望臺下來：舞臺、月臺、陽臺——機器也站上去：一臺電腦。日常的手寫成台。
舅	jiù	noun — mother's brother	臼=sound:jiù — gives the sound | 男=meaning:a man (田 + 力 — field and strength)	一個男人（男），上面用臼（jiù）標音——母親那邊的兄弟，舅舅。臼是舂米的臼，這裡只借讀音，舊也用它。引出舅舅、舅父、舅媽。
與	yǔ/yù	verb/prep — to give	舁=meaning:four hands lifting together | 与=meaning:one hand passing something across	四隻手（舁）一起抬，另一隻手（与）把東西遞過去——東西在人手間傳遞。從這「一起遞」來了兩個意思：給（給與），和把兩方連起來的「和、跟」（與你一起）。讀 yù，就是參加——參與。
興	xīng/xìng	verb — to rise, flourish (xīng)	舁=meaning:four hands lifting together | 同=meaning:together, as one	四隻手（舁）一齊抬，同心協力（同）——把東西舉起來。那四隻手藏在現在的臼形裡了。從舉起引申到興起、興旺（xīng），又引申到心情、興致（xìng）：興起、高興、興趣。
舉	jǔ	verb — to lift, raise	與=sound:yǔ — gives the sound | 手=meaning:a hand — one more, underneath	四隻手一起托著（與），底下再加一隻手（手）——抬起來：舉。當著大家把事抬出來，是舉行、舉辦；把人抬上去，是選舉；把例子拎出來，是舉例。
舊	jiù	adjective — old, former	萑=meaning:a horned owl | 臼=sound:jiù — gives the sound, exact	一隻有角的貓頭鷹（萑），下面的臼（臼）給聲音，一點沒變——本來是這種鳥的名字。「跟新相對的舊」把字整個借走，再也沒還：舊衣服、舊家、舊書。
舌	shé	noun — the tongue	干=form:the tongue, drawn sticking out | 口=meaning:the mouth it comes from	一條舌頭從下面的嘴巴（口）伸出來——嘴裡負責說話、嘗味的那一塊。上半是伸出的舌，下半的 口 是張開的嘴。
舍	shè	noun — lodging, hut, dwelling	亼=form:a roof, drawn coming to a point on top | 干=form:the post and beam under the roof | 口=form:the foundation, the squared base	尖頂（亼）下有柱樑（干），底下是方正的地基（口）——一幢小屋，路邊歇腳的房舍。從房舍引申到留宿，又（讀 shě）引申到放手、捨去：宿舍、舍下、捨棄。
舒	shū	verb — to stretch out, to ease	舍=meaning:to let go — the release that later wrote 捨 | 予=sound:yú — gives the sound	放開（舍——後來寫捨的那個放）加交出去（予）——兩邊都是手鬆開。伸展、攤開、放鬆；予給聲音，yú 磨遠成 shū。落在身上最常用：舒服。
舞	wǔ	verb/noun — to dance	無=sound:wú — gives the sound | 舛=meaning:two feet planted opposite ways — the dance step	古文字就是一個人：舞者，兩臂掛著飄帶——這個形後來成了無。「沒有」把她借走之後，底下添上兩隻腳（舛），把舞召回來：跳舞、舞會。
航	háng	verb — to sail, to navigate (by ship or air)	舟=meaning:a boat | 亢=sound:kàng — gives the sound	一條船（舟）渡過大水——行船。亢（kàng）給聲音，飄成 háng。先是船，後來連飛行也用它：航海、航空、航班、導航。
般	bān	noun — kind, sort, manner	舟=meaning:a boat | 殳=meaning:a hand with a pole — pushing it around	手拿篙（殳）抵著船（舟）——把船撐得轉過來。轉來轉去的樣子被借去說「樣子、種類」：這般、百般；同一個樣子，就是一般。
船	chuán	noun — boat, ship	舟=meaning:a boat — the dugout-canoe radical | 㕣=sound:gives the sound	舟（小船）管意思；右邊那個聲符有兩個說法：說文作鉛省聲，段玉裁改作㕣聲。不論哪個，右邊都是給聲音的。舟是更早的圖，船把它寫得更完整。合起來就是日常說的船：船隻、輪船。
艇	tǐng	noun — a small light boat	舟=meaning:a boat | 廷=sound:tíng — gives the sound	舟（船）裡小巧輕快的那種——遊艇、潛艇。廷（tíng）給聲音，聲調偏成了 tǐng。
艘	sōu	measure word — for boats and ships (一艘船)	舟=meaning:a boat | 叟=sound:sǒu — the phonetic, worn forward to sōu	舟（船）配上 叟（sǒu）的聲音——數船身用的字：一艘、兩艘。叟本讀 sǒu，到了艘變成 sōu。叟也給了搜、餿。
艦	jiàn	noun — warship	舟=meaning:a boat | 監=sound:jiān — gives the sound	打仗用的船（舟）。監（jiān）給聲音，聲調掉成 jiàn。同一個監蓋出一排字：藍、覽、鑑。
良	liáng	adjective — good, fine	良=form:rendered bare — one running shape, told two ways	一個流暢的形體，一筆直貫。古文字有兩個說法：一只量穀的容器，好穀從中淌過，或是房屋間一條穿堂的走廊，乾乾淨淨通到底——都是「通得順」的樣子。由此引出好：良好、良心，還有良久。當聲音用，蓋出朗、浪、狼、郎。
艱	jiān	adjective — hard, difficult, arduous	堇=sound:jǐn — sticky yellow clay; gives both meaning AND sound, worn to jiān | 艮=form:the figure beside the clay	堇 是黏黏的黃土——硬得翻不動。本義就是這個：土難治。堇 一身二職，既給「難」的意思，又給聲音，jǐn 磨成 jiān。從跟犁較勁的土，引申到一切辛苦：艱難、艱苦、艱辛。
色	sè	noun — color	人=meaning:a person, standing | 卪=meaning:a person kneeling	一個人站著（人），一個人跪著（卪）——看的是對方臉上的氣色。本義是臉上透出的神情；由此引申到顏色、神色，又引申到情慾：顏色、神色、好色。
艶	yàn	adjective — gorgeous, glamorous, alluring	色=meaning:color, looks, beauty | 豊=meaning:the 豐 "abundant" element — fullness heaped on the color	色（色）旁邊擺著豊（豐「豐盛」的部件）——美得滿溢、濃得耀眼：艶麗。艶是豔的省筆，左邊的豐磨成了豊。從鮮亮的顏色引出一切濃艷迷人的：艶情。
芒	máng	noun — the awn of grass/grain	艸=meaning:grass — the plant on top (寫作 艹) | 亡=sound:wáng — gives the sound	草（艹）在上；亡（wáng）在下給聲音，w- 滑進 m-。穀子上那根尖刺就是芒——再來是任何細而尖的鋒：鋒芒。同一個亡蓋出 忙、茫、盲。芒果只借了聲音。
花	huā	noun — a flower	艹=meaning:plants, grass | 化=sound:huà — gives the sound	草木（艹）配化的聲音，調子提成 huā——化就是變：苞變成花。錢和時間也這樣開掉：花錢、花時間。
芽	yá	noun — a sprout, a bud	艸=meaning:grass (艸) — the plant radical, written 艹 | 牙=sound:yá — gives the sound	艸（寫成艹）標出植物；牙（yá）原音照搬——它的牙形也正像頂出土的那一點硬尖。合起來寫嫩芽：發芽、萌芽。
苗	miáo	noun — a seedling, young sprout	艸=meaning:grass, growing plants | 田=meaning:a field	草（艸）從田（田）裡冒出來——剛抽芽的小苗，幼苗。兩個部件都表意，一個是苗，一個是它長出來的地。從這株嫩芽引出：苗條、苗裔。
苛	kē	adjective — harsh, severe, exacting	艸=meaning:grass, plants | 可=sound:kě — gives the sound	艸（草）配可（kě）的聲——本來指小草，那種纏住田地的雜草。從纏人的草，長出一切嚴苛、刻薄的意思：苛刻、苛政、苛求。可也給河、何、荷聲音。
若	ruò	conj/verb — if	艸=form:grass on top (writes as 艹) | 右=form:a right hand below	古文字有兩個說法。一說是草（艸）加一隻手（右）——手在挑菜選葉，挑出好的；從「揀擇」引申到「如果」：揀這一種，就那樣。另一說，最早的字是一個跪著的人舉手把亂髮理順——順從的樣子；從「順」引申到「好像、如同」。兩個畫面都藏在今天的 如、若如此 底下。
苦	kǔ	adjective — bitter	艸=meaning:grass, a plant — written 艹 on top | 古=sound:gǔ — gives the sound	一種草（艸），靠味道得名——苦本是一味苦菜。古給聲音，gǔ 送氣成 kǔ。從苦味引申到辛勞、痛苦，凡是難熬的都是苦：苦味、辛苦、痛苦。
英	yīng	noun — flower	艹=meaning:plants | 央=sound:yāng — gives the sound	草木（艹）開的花——花朵；央（yāng）給聲音，韻母轉成 yīng。一群裡開得最好的那一個就是英：英雄、菁英。後來整個音節借去寫英國、英文。
茂	mào	adjective — luxuriant, flourishing, dense (of plants)	艸=meaning:grass, plants | 戊=sound:wù — gives the sound	艸（草）配戊（wù）的聲——草木長得茂密。畫面是一片擠滿的綠：茂盛、茂密、繁茂。聲音離戊磨得很遠，戊如今多半只當天干用。
茫	máng	adjective — vast and blurred	艹=meaning:grass | 氵=meaning:water — the old graph 汒 was wide water (水廣也) | 亡=sound:wáng — gives the sound	草（艹）蓋在一片廣水（氵亡＝汒）上——視線望出去，草和水糊成一片平闊。亡（wáng）給聲音，磨成了 máng。從無邊的景，引到心裡的糊塗：茫然，一片不知所措。
茶	chá	noun — tea	艹=meaning:a plant | 余=sound:the sound seat, through 荼 tú	草（艹）字頭下一個余。茶本來寫成荼——苦菜那個字；唐朝人少寫一筆，讓這種飲料有自己的字，聲音也定在 chá。先有喝茶，後有茶字。
草	cǎo	noun — grass, a plant	艸=meaning:grass — two plants side by side | 早=sound:zǎo — gives the sound	草頭（艸）下面一個早：貼著地面長出來的青色植物。早（zǎo）給聲音，z 磨成了 c。從草引出草稿——還沒修整的稿子。
荊	jīng	noun — thorn bush, brambles	艹=meaning:plants — the grass radical | 刑=sound:xíng — gives the sound	草字頭（艹）配上刑（xíng）的聲音，x 變成了 j——荊條，封住整面山坡的帶刺灌木。南方那片荊棘之地就叫荊——楚國的舊名，留在荊州裡。配上棘，是荊棘：刺，也是難走的路。
荒	huāng	adj/noun — desolate, overgrown	艸=meaning:grass on top (writes as 艹) | 巟=sound:huāng — gives the sound	草（艸）蓋在 巟（huāng）上面——巟 是 亡（沒了）加 川（河），水漫開、把地沖空。人一走，草就接管：荒蕪、荒廢。從荒掉的地：荒地、饑荒；從失控的荒，引申到荒唐、荒謬。
荷	hé/hè	noun — lotus (hé)	艸=meaning:grass, a plant | 何=sound:hé — gives the sound	草（艸）下面是何（hé）給聲音——而何本來就是一個人扛著東西。當植物，是荷花；扛、擔的意思直接從何裡爬出來：負荷，讀 hè，調子提高。
莊	zhuāng	adjective — solemn, dignified	艸=meaning:grass, growing plants | 壯=sound:zhuàng — gives the sound	草（艸）下面是壯（zhuàng）給聲音，調子落成 zhuāng。畫面是茁壯的莊稼：一座田莊、村莊。從這份穩重，引出莊嚴、端莊。同一個壯也蓋出裝、妝。
莫	mò/mù	adverb — do not, none, no one	艹=meaning:grass | 日=meaning:the sun	太陽（日）落進四面的草裡（茻）——日暮，本是「傍晚」這個字。這幅畫被借去當否定的「別、沒有誰」，借了不還；日落的意思只好再添一個日，寫成暮。今天的字裡，下面那叢草磨成了大。當聲音用，莫領一大排字：慕、墓、暮、漠、寞、模。
菌	jūn	noun — fungus, mushroom	艸=meaning:grass, plant (the grass radical 艹) | 囷=sound:qūn — gives the sound	草字頭（艹）下，一樣像植物一樣冒出來的東西——菇。囷（qūn）是圈著穀子的圓倉，給聲音，飄成 jūn。從菇引到肉眼看不見的：細菌、黴菌。
菜	cài	noun — vegetables	艹=meaning:plants | 采=sound:gives the sound	可以吃的草（艹）——說文：草之可食者。采，一隻手在樹上摘，給聲音，調子彎成 cài。從園裡的青菜到端上桌的每一道：青菜、一道菜、菜單。
菠	bō	noun — spinach (in 菠菜)	艸=meaning:grass (艸) — the plant radical, written 艹 | 波=sound:bō — gives the sound	艸（寫成艹）標出葉菜；波（bō）原音照搬。合起來指菠菜——這個 bō 也應著波斯，正是這菜傳進來的路。
華	huá	noun/adj — flower, bloom	艸=meaning:grass — two plants, the grass-head | 𠌶=form:a flower hanging in full bloom	草頭（艸）下面是 𠌶——一樹開滿、垂下來的花：花朵。從滿樹繁花引出一切光彩奪目的——華麗、精華、中華。
菸	yān	noun — tobacco	艸=meaning:grass, plant (the grass radical 艹) | 於=sound:yú/yū — gives the sound	草字頭（艹）下一種植物——菸草，曬乾了抽。於給聲音，韻母落到 yān。在台灣，這是香菸、菸草、菸酒的菸。
萄	táo	noun — grape (only in 葡萄)	艸=meaning:grass — the plant on top (寫作 艹) | 匋=sound:táo — gives the sound	草（艹）標明是植物；匋（táo）那個彎腰製陶的人，給聲音。這個字只活在一個詞裡：葡萄——從西邊靠聲音傳進來的果名。同一個匋蓋出 陶。
萎	wěi	verb — to wither, wilt	艸=meaning:grass (艸) — the plant radical, written 艹 | 委=sound:wěi — gives the sound	艸（寫成艹）標出植物；委（wěi）原音照搬——它本身「垂下、委順」的意思也合著一根低垂的莖。合起來寫枯萎的草，引申到一切萎縮、衰退的東西。
萬	wàn	num — ten thousand	萬=form:a scorpion drawn whole — pincers on top, body, curled sting below	一隻蠍子：上面兩隻螯，中間身子，底下尾巴捲起來。「一萬」把整隻借走，再也沒還；蠍子只好搬進新字蠆裡住。
落	luò/lào/là	verb — to fall, drop	艸=meaning:grass (艸) — the plant radical, written 艹 | 洛=sound:luò — gives the sound	艸（寫成艹）指草木枝葉；洛（luò），一條河名，原音照搬。說文分得清：草曰零，木曰落。從葉子飄落，引出安頓（村落、落腳），也引出口語的 lào、là——把東西落下、漏掉。
葉	yè	noun — a leaf	艸=meaning:grass (艸) — the plant radical, written 艹 | 枼=sound:yè — gives the sound	艸（寫成艹）標出植物；枼（yè）——一片薄而平的木片，本身就是木上加一個平頂——既給聲音，也給「平薄」之意。合起來寫葉子：葉子、茶葉。從一片薄片，引出時段：中葉，一個時代的中段。
著	zhe/zhuó/zháo/zhù	particle — ongoing state (走著)	艹=empty:grass on top — the worn remainder of bamboo (竹), from 箸 | 者=sound:zhě — gives the sound	者（zhě）在草頭（艹）底下標聲音——草頭是磨平的竹（竹），整個字本來是箸（筷子）的俗寫。它後來扛的動詞是「放上去、黏住」，一個動詞磨出四個讀音：黏上的讀 zhuó——附著、穿著；沾上的讀 zháo——睡著、著火；定住給人看見的讀 zhù——顯著、著名；還在進行的，輕輕一個 zhe——走著、隨著。
葡	pú	noun — grape (only in 葡萄)	艸=meaning:grass — the plant on top (寫作 艹) | 匍=sound:pú — gives the sound	草（艹）標明是植物；匍（pú）一個趴在地上爬的身子，給聲音，正合一根蔓生的藤。這個字只活在「葡萄」裡——靠聲音傳進來的外來果名。同一個匍蓋出 蒲。
董	dǒng	verb — to oversee, direct	艹=meaning:grass — the plant radical | 重=sound:zhòng — gives the sound	上面是草（艹），下面重（zhòng）給聲音，聲調偏成 dǒng。草的本義淡了，留下的是「監管、主持」——董理、董事——以及姓氏：董卓、董事長。
葬	zàng	verb — to bury, inter	艹=meaning:grass above | 死=meaning:a corpse in the middle | 廾=meaning:two hands at the foot — laying it down	死者（死）放進草中，上面是草（艹），底下兩手（廾）安放——古時用厚草掩埋。由此：埋葬、葬禮、火葬。
蒙	méng	verb — to cover	艹=meaning:grass | 冡=sound:méng — gives the sound	草（艹）配冡（méng），而冡本身就是一張蓋下來的罩子。說文說是一種藤草，可活著的意思是「蓋」：草一蓋，就看不清了——蒙蔽、蒙昧；蓋到你身上的——蒙受、承蒙。
蒸	zhēng	verb — to steam (food)	艸=meaning:plants, stalks | 烝=sound:zhēng — gives the sound	艸（草）配烝（zhēng）的聲——而烝底下藏著火（灬），熱氣被逼著往上冒。從上升的水氣：蒸氣、蒸發、蒸饅頭。頂上的艸還留著古字所說的蒸麻稈。
蒼	cāng	adjective — deep blue-green	艸=meaning:grass on top (writes as 艹) | 倉=sound:cāng — a granary; gives the sound	草（艸）配上 倉（cāng，穀倉）給聲音。這個字是草的顏色——草木那種深青。從這顏色，引申到天的青（蒼天）、老的灰（蒼白、蒼老）；從草一直鋪到天邊，引申到蒼茫的遼闊。
蓄	xù	verb — to store up, accumulate	艸=meaning:grass (艸) — the plant radical, written 艹 | 畜=sound:xù — gives the sound	艸（寫成艹）疊在畜（xù）上，畜既給聲音，也帶來「畜養、囤積」之意。說文說蓄是堆積。從囤草積畜，引出儲蓄，也引出留著、養著：蓄養、蓄勢。
蓋	gài	verb — to cover, build (roof over)	艹=meaning:grass, thatch — the old roofing | 盍=sound:hé — gives the sound	茅草（艹）鋪在架子上——蓋住、蓋頂。盍（hé）給聲音，也是同一個意思的小畫：一個蓋子（大）扣在器皿（皿）上，封起來。從草頂的蓋來：蓋子、覆蓋、掩蓋，連把印章按下去也叫蓋章。
蓬	péng	noun — a bushy wild grass, fleabane	艹=meaning:grass, a plant | 逢=sound:féng — to meet; gives the sound (shared with 篷)	草（艹）配上逢（féng）取聲——說文指一種叢生的野草，斷了根會隨風滾。那一團亂給了日常的意思：蓬鬆、蓬亂，還有往上衝的蓬勃。同一個逢，也頂著它竹字頭的表親篷。
蔑	miè	verb — to despise, slight	苜=meaning:tired, dim eyes (the 艹 over 目) | 戍=meaning:a guard standing watch	說文說是疲倦無神的眼睛（苜，艹下藏著目）配上站崗的兵（戍）——守得太久，眼睛累得什麼都看不上。由這空掉的眼神，引出輕視、瞧不起。兩半都只表意，沒有聲音。
蔓	màn	noun/verb — vine, creeper	艹=meaning:grass — the creeping plant | 曼=sound:màn — gives the sound, exact	草（艹）攀爬牽連——藤蔓。曼（màn）給聲音，原原本本。藤蔓順著爬開，漫延出去：蔓延、藤蔓。
蔣	jiǎng	noun — Manchurian wild rice (the plant)	艸=meaning:grass, a plant | 將=sound:jiāng — gives the sound, worn to jiǎng	草（艸）字頭下一個將（jiāng）——一種水草，菰，莖膨大就是餐桌上的茭白。將給聲音，平聲磨成了 jiǎng。草名後來成了姓，最有名的是蔣介石。
蔬	shū	noun — vegetables, edible greens	艸=meaning:grass, plant (the grass radical 艹) | 疏=sound:shū — gives the sound and the sense of spread-out rows	草字頭（艹）下的植物——可以吃的青菜。疏（shū）給聲音，也帶來「疏通、分開」的樣子，正像菜畦鋤成一行行。引出蔬菜、蔬果。
蔽	bì	verb — to cover, conceal, screen, shield	艹=meaning:grass — growth that screens from view | 敝=sound:bì — worn, tattered; gives the sound	草（艹）配上敝（bì）取聲——草長得密，足以把東西藏住：遮蔽、掩蔽、屏蔽。敝把聲音原樣給了它。
蕉	jiāo	noun — banana, plantain	艹=meaning:a plant, growing | 焦=sound:jiāo — gives the sound exactly	上頭的草（艹）標明它是植物。焦（jiāo，燒焦）只借聲音，不變。合起來指這種大葉植物和它的果實：芭蕉、香蕉。
蕩	dàng	verb — to sweep away, wash clean	艹=meaning:grass, plant | 湯=sound:tāng — hot water, here giving the sound	水沖過去，沖得乾乾淨淨（滌也）——蕩。湯（tāng）給聲音，t 磨成了 d。從沖刷引申：蕩漾、浩蕩。
薄	bó/báo	adjective — thin, slight	艸=meaning:grass (艸) — the plant radical, written 艹 | 溥=sound:pǔ — gives the sound	艸（寫成艹）指草木；溥（pǔ）——水鋪得很廣——給聲音，磨成 bó。說文說薄是叢密的草（林薄）；日常的詞卻反過來指薄、微、少：薄紙、微薄，口語裡又讀 báo，指薄薄的一層。
薦	jiàn	verb — to recommend, put forward	艸=meaning:grass (艸) — the plant radical, written 艹 | 廌=meaning:a legendary beast (廌) — the grass it feeds on	說文說薦是獸吃的草——艸在上，廌在下，廌是古代斷案的神獸，今已磨成近似存的下半。從進獻的草料、從鋪開的草墊，引出把東西呈上——薦舉，再到推薦：推薦、自薦。
薪	xīn	noun — firewood, fuel	艸=meaning:grass, plant (the grass radical 艹) | 新=sound:xīn — gives the sound	從草木砍來的燃料，草字頭（艹）扣在新（xīn）上——新裡有斧（斤）對著木，順帶給了一模一樣的讀音。先是柴火：薪柴、薪火。古時以柴薪折算工錢，引出薪水、薪資。
薯	shǔ	noun — yam, potato, tuber	艸=meaning:grass (艸) — the plant radical, written 艹 | 署=sound:shǔ — gives the sound	艸（寫成艹）標出植物；署（shǔ）原音照搬。合起來指塊根作物——番薯、馬鈴薯、薯條——埋在土裡的澱粉根。
藉	jiè/jí	verb — (jiè) to rely on, make use of	艸=meaning:grass (艸) — the plant radical, written 艹 | 耤=sound:jí — gives the sound	艸（寫成艹）指編織的草墊；耤（jí）給聲音。說文說藉是祭祀時鋪墊的草席。從墊在底下、可憑靠的東西，引出憑藉、藉口。讀 jí 時，留在狼藉裡——亂七八糟、踏得稀爛。
藍	lán	noun/adj — blue	艸=meaning:grass — the dye plant (寫作 艹) | 監=sound:jiān — gives the sound	藍是做青色染料的草（艹）——染青艸。監（jiān）給聲音，磨得離原音很遠，成了 lán。從染料到顏色：藍色、藍天。同一個監蓋出 籃、鑑、濫。
藏	cáng/zàng	verb — (cáng) to hide, store away	艸=meaning:grass (艸) — the plant radical, written 艹 | 臧=sound:zāng — gives the sound	艸（寫成艹）蓋住東西；臧（zāng）——妥善收起——既給聲音，也帶「收藏」之意。說文說藏是匿藏：躲藏、收藏。讀 zàng 時轉為名詞，指收起來的東西——寶藏、西藏。
藝	yì	noun — skill, craft	埶=sound:yì — the old graph of this very word: a figure planting a seedling | 艹=meaning:plants — added later | 云=empty:a filler added in later copying	跪在地上，雙手把樹苗扶正——埶（yì）就是本來的字：一個人在種樹。草（艹）和下面的云，是後人抄寫時加上的。種，就是把一樣東西照顧到長成——練出來的本事：工藝、藝術。
藥	yào	noun — medicine	艹=meaning:plants | 樂=sound:yuè — gives the sound	治病的草（艹）——說文：治病艸。樂給聲音，音樂的 yuè，磨成了 yào。藥最早多半是草藥；字頭那叢草一直記得，連火藥都頂著它——煉丹煉出來的那種粉。
藩	fān	noun — fence, screen	艹=meaning:grass, plant — the hedge material | 潘=sound:pān — here carrying the sound	草木（艹）排成一道屏障（屏也）——籬笆、屏障。潘（pān）給聲音，磨向 fān。從擋在外圍的屏障，引申到守邊的藩國、藩鎮。
藻	zǎo	noun — algae, water plants	艹=meaning:grass, a plant | 喿=sound:zào — gives the sound	長在水裡的草（艹）——海藻、水草。喿（zào）給聲音，只是調子滑成 zǎo，畫的是一樹鳥兒喳喳，像水裡密生的藻。從水草而來：海藻、水藻；藻的紋彩又引出「詞藻」，文章的華麗。
蘇	sū	noun — perilla (the plant)	艸=meaning:grass, a plant | 穌=sound:sū — gives the sound	草（艸）下面是穌（sū），既給聲音，也帶一點自己的意思——穌是禾和魚收攏起來，有甦活、復活的味道。這植物是紫蘇；借穌「活過來」的意思，又有蘇醒。江蘇、姓蘇都用這個字。
蘋	píng	noun — apple (in 蘋果)	艸=meaning:grass — the grass-head, plant | 頻=sound:pín — gives the sound	草頭（艸）配上聲符。這字的聲符有兩種講法：看作頻（pín），音磨成 píng；看作平（píng），音照給。不論哪種，草頭都標出一種植物——這字本指一種水草，今天在「蘋果」裡寫的是蘋果。
蘭	lán	noun — orchid	艸=meaning:grass, plant (the grass radical 艹) | 闌=sound:lán — gives the sound	草字頭（艹）下一種香草——蘭。闌（lán）是門上攔著的柵欄，給了一樣的讀音。從花引出蘭花、木蘭、蘭草。同一個闌蓋出欄、爛、攔。
虎	hǔ	noun — tiger	虎=form:a tiger, drawn whole — striped head 虍 above, legs 儿 below	一隻完整的老虎：上面是帶紋的頭和身（虍），下面是邁步的後腿（儿）。這幅畫到今天還沒散。山獸之君，引出老虎、虎視眈眈。帶紋的虍蓋出一家：虛、虐、處、號。
虐	nüè	verb/adj — to treat cruelly	虍=meaning:a tiger's head and stripes | 爪=meaning:a hand's claw, turned back toward a person	虎頭（虍）下面一隻反過來的爪，爪尖朝著底下的人——本該向外的爪，倒抓回來。狠就狠在這一翻：虐待、暴虐。
虔	qián	adjective — devout, reverent, sincere	虍=meaning:a tiger's head — the awe of a tiger | 文=form:a marked pattern, written below	虎頭（虍）配上文——面對可畏之物時那份端著的恭敬，一絲不苟。由這份敬：虔誠、虔敬。
處	chǔ/chù	verb — to handle	夂=meaning:a foot, coming to a stop | 几=meaning:a low stool | 虍=sound:hū — gives the sound	腳（夂）走到一張小几（几）前停下——合起來寫的是安頓、停留。上頭的虎頭（虍）是後來標聲音的，hū 磨成了 chǔ。把事情安頓好，是處理；人跟人安頓在一起，是相處；安頓下來的那個地方，讀 chù——到處、好處。
虛	xū	adjective — empty, void	虍=sound:hū — gives the sound | 丘=meaning:a mound, a hill	一座大土丘（丘）——磨平成了下半的筆畫——空空蕩蕩，本義是一片大空丘。虎紋的虍（hū）給聲音，飄成 xū。從空丘引出虛空、空虛，再到不實（虛假）、謙虛、虛弱。
虜	lǔ	verb — to capture, take prisoner	力=meaning:force, strength — seizing by force | 毌=meaning:a string through, threading captives together | 虍=sound:hū — the tiger's head, here carrying the sound	用力（力）抓住，把俘虜串起來（毌）帶走（獲也）——擄獲。虍（hū）是虎頭，在上頭給聲音，磨得離 lǔ 很遠。從捉拿引申：俘虜、虜獲。
號	hào/háo	noun — a number	号=sound:hào — a cry, gives the sound | 虎=meaning:a tiger	喊聲（号——口下面壓著一口卡住的氣丂）加一隻虎（虎）：傳得遠的吼。大聲喊出去的，變成喊你的東西——名號（稱號、外號），再變成點名用的數字：號碼、五號。
虥	zhàn	noun — a striped wildcat	虍=meaning:the tiger's striped head — a striped, tiger-kind beast | 戔=form:rendered bare — the right side gives no readable sound or sense here	虎紋的頭（虍）標出這頭獸——一種有斑紋的小野貓，貓科一類。右邊的戔在這裡讀不出乾淨的音或義。
虧	kuī	verb/noun — to lose, run short	雐=sound:hū — gives the sound | 亏=meaning:breath leaking away	亏是漏出去的氣——東西的氣走了。雐（hū）給聲音，那隻虎下之鳥的左半，抄寫間磨薄了。合起來就是漏掉的、短少的：虧損、吃虧。
蚊	wén	noun — mosquito	虫=meaning:a bug — the insect radical | 文=sound:wén — gives the sound	虫（蟲）管昆蟲；文（wén）那些交錯的紋路，給乾淨的聲音。合起來就是蚊子。同一個文蓋出 紋、聞。
蛇	shé	noun — snake, serpent	虫=meaning:a crawling creature (the 虫 radical) | 它=sound:tā — gives the sound	爬蟲的虫旁，配上它——它本就是最早的蛇形，長身帶尾。如今它主要給聲音，飄成 shé，虫標出種類。引出蛇、蟒蛇，還有蛇蠍心腸。
蛋	dàn	noun — an egg	疋=empty:the worn remainder of 延 yán — the old sound-giver | 虫=meaning:a small creature	這個形先寫蜑（dàn），南方水上人家的名字——南方族名多帶虫（蠻、閩也是），延（yán）給聲音，後來磨成了疋。日常的蛋把這個現成的殼整個借走：雞蛋、皮蛋、蛋糕。
蛙	wā	noun — a frog	虫=meaning:a small creature, bug or amphibian | 圭=sound:guī — gives the sound	虫（虫）配上圭（圭）——青蛙。圭（guī）是兩塊土疊成的玉板，給聲音；g 脫落，讀音滑成 wā。牠的叫聲：蛙鳴。
蜂	fēng	noun — bee	虫=meaning:an insect | 夆=sound:féng — gives the sound	一隻蟲（虫），夆（féng）給聲音——就是蓋出峰、逢的那個夆。蜜蜂。由牠的成群：蜂蜜、蜂擁。
蜜	mì	noun — honey	宓=sound:mì — gives the sound | 虫=meaning:an insect — the bee that makes it	宓（mì）在上頭給聲音，蟲（虫）在底下——做蜜的那隻蜂。蜂藏的甜貨。由這份甜：甜蜜、蜜月。
蝕	shí	verb — to eat away, corrode	虫=meaning:an insect, a worm — the thing that gnaws | 食=sound:shí — to eat; meaning AND sound here (食亦聲)	蟲子（虫）一口口把東西啃壞（敗創也）。食（shí）一身兼兩職——既給聲音，也給「吃」的意思（食亦聲）。從啃食引申到腐蝕，到日月被吃掉：日蝕、月蝕。
蝦	xiā	noun — shrimp, prawn	虫=meaning:a small crawling creature (the 虫 radical) | 叚=sound:jiǎ/xiá — gives the sound	虫旁，這裡借去指小水族，配上叚給聲音，聲調落到 xiā。引出蝦米、蝦仁、大蝦。同一個叚蓋出暇、遐、瑕。
蝴	hú	noun — (in 蝴蝶) butterfly	虫=meaning:a small flying creature (the 虫 radical) | 胡=sound:hú — gives the sound	虫旁標出小飛蟲，配上胡（hú）給準確的讀音。蝴幾乎只活在一個詞裡——蝴蝶，還有蝴蝶結。同一個胡蓋出湖、糊、葫。
蝶	dié	noun — butterfly	虫=meaning:a small flying creature (the 虫 radical) | 枼=sound:yè — gives the sound	虫旁標出小飛蟲，配上枼給聲音——枼畫一片薄薄的葉子，讀音從 yè 飄到 dié。同一個扁平的枼蓋出牒、碟、葉，都是扁的。引出蝴蝶、彩蝶。
蝸	wō	noun — a snail (in 蝸牛)	虫=meaning:a small creature, a bug | 咼=sound:guō — gives the sound, worn to wō	小蟲（虫）配上 咼（guō）給聲音，磨成 wō。這個字是蝸牛——背著螺旋小屋的那種。咼 串起一串又彎又凹的字：渦（漩渦）、鍋（鍋子）、窩（窩巢）。
融	róng	verb — to melt, dissolve	鬲=meaning:a three-legged cauldron over heat | 虫=sound:chóng — gives the sound	三足鼎（鬲）上熱氣往上冒——一受熱，東西就鬆開、流到一塊兒。虫（chóng）給聲音，跟今音差得遠了。從這「蒸氣上升」來了融化、融合；暖意化開了，就是融洽。
螞	mǎ	noun — (in 螞蟻) ant	虫=meaning:an insect | 馬=sound:mǎ — gives the sound	一隻蟲（虫），馬（mǎ）給聲音，聲音整個借來，原樣不動。牠專配那些小爬蟲：螞蟻、螞蚱。
螡	wén	noun — mosquito (a variant of 蚊)	虫=meaning:a small biting creature (the 虫 radical) | 文=sound:wén — gives the sound	虫旁標出叮人的小蟲——蚊子。這是蚊的古異體；聲符文（wén）磨進了下半的筆畫，已經看不清楚。通行的蚊把文清清楚楚擺在右邊。
蟅	zhè	noun — the ground beetle (in 蟅蟲, a medicinal insect)	虫=meaning:a small creature, a bug | 庶=sound:shù — gives the sound, worn to zhè	小蟲（虫）配上 庶（shù）給聲音，磨成 zhè。這個字是土鱉——蟅蟲，那種扁扁黑黑、入藥的蟲。庶 帶出一串同樣轉成捲舌的字：遮（遮住）、蔗（甘蔗）。
蟬	chán	noun — a cicada	虫=meaning:a small creature, a bug | 單=sound:dān — gives the sound, worn to chán	小蟲（虫）配上 單（dān）給聲音，磨成 chán。這個字是蟬——整個夏天在樹上叫個不停的蟲。從一聲不斷的蟬，引申到蟬聯：接連不斷地保住名次。
蟲	chóng	noun — insect	虫=meaning:one insect — a small legged creature | 虫=meaning:a second, then a third — many of them	一隻蟲（虫），疊成三隻——成群的蟲就這麼寫出來。單一個虫是一條蟲，三個摞起來，凡是會爬的都算：昆蟲、害蟲。
蟻	yǐ	noun — ant	虫=meaning:a small crawling creature (the 虫 radical) | 義=sound:yì — gives the sound	虫旁標出小爬蟲，配上義（yì）給聲音，聲調落到 yǐ。蟻多半住在螞蟻裡，也填出蟻群、蟻穴。同一個義蓋出議、儀。
蠅	yíng	noun — fly (the insect)	黽=meaning:a big-bellied frog — the swollen body | 虫=meaning:an insect	一個大肚子的黽，旁邊一隻蟲（虫）——肚子鼓鼓、嗡嗡作響的那種：蒼蠅、果蠅。
蠟	là	noun — wax	虫=meaning:an insect — the bee that secretes it | 巤=sound:liè — gives the sound	一隻蟲（虫），就是分泌它的蜂，右邊巤（liè）給聲音——也在臘裡的那半邊。蠟：蜂蠟、蠟燭。
蠢	chǔn	adj/verb — stupid, clumsy	春=sound:chūn — gives the sound | 虫=meaning:insects — doubled below	春（春）在上頭給聲音，下面兩隻蟲（虫）醒過來。本義是天暖時開始的蠕動；由那種笨拙、無腦的扭動：愚蠢、蠢動。
蠶	cán	noun — silkworm	朁=sound:cǎn — gives the sound | 虫=meaning:insects — doubled below	朁（cǎn）在上頭給聲音，下面兩隻蟲（虫）。吐絲的蠶：蠶絲、養蠶。
蠻	mán	adj/adv — rough, unreasonable	䜌=sound:luán — gives the sound | 虫=meaning:a creature — a snake-kind, in the old gloss	䜌（luán）是絲線繞著言纏成一團——打結、亂——它給聲音。下面一隻蟲（虫），古訓裡的蛇類。由這團亂，引出未開化：野蠻、蠻橫。
血	xuè	noun — blood	皿=meaning:a ritual vessel | 一=form:a drop of blood	一滴（一）倒進祭器（皿）裡——祭牲的血，獻上去。那一筆就是血，落在敞口的器皿中。從祭血引出血液、血壓、流血、血汗。
行	xíng	verb — to go, walk	行=form:a crossroads seen from above	畫的是十字路口——走路的行，和銀行的行，都從這裡來。
衍	yǎn	verb — to overflow, spread out, derive	行=meaning:a crossroads — moving, flowing along the road | 氵=meaning:water	水（氵）走在路（行）當中——江河一路奔向大海（水朝宗于海也）。從水漫開、流長，引申到推展、增多的：衍生、推衍。
術	shù	noun — art, method, craft	行=meaning:a crossroads — ways in four directions | 朮=sound:zhú — gives the sound	十字路口（行）加朮（zhú）的聲音——本義是城裡的街道（說文：邑中道也）。走熟了的路，變成做事的路數：技術、藝術、武術。
街	jiē	noun — street, avenue	行=meaning:a crossroads — a road forking four ways | 圭=sound:guī — gives the sound	行（十字路口）把圭夾在中間：四方交會的路——街。圭（guī）給聲音，g 軟化成 j。圭嵌進行的兩半，就是城裡人來人往的地方：街道、大街。
衙	yá	noun — a government office, yamen	行=meaning:a road, a place of coming and going | 吾=sound:wú — gives the sound	行（行）是道路，是事情來來往往的地方——官府就坐落在這裡。吾（wú）給聲音，磨得離今天的 yá 很遠了。合起來就是古代的官府、官員審案的衙門。
衛	wèi	verb/noun — to guard, defend	行=meaning:a crossroads — the streets being patrolled | 韋=sound:wéi — gives the sound	古文字有兩個說法。一個是：韋（一圈腳印繞著守地）放在行（十字路）裡——崗哨在巡他的線。另一個是：行裡是韋加帀，守地被圍住，路繞在外。不管哪個，都是守護：保衛。韋也給聲音，差一個聲調離開 wéi。同一個韋蓋出 圍、違、緯。
衝	chōng	verb — to rush, dash, collide	行=meaning:a crossroads — roads splitting both ways | 重=sound:zhòng — gives the sound	路口（行）岔開兩邊，中間嵌著重（zhòng）給聲音——一股重力直直穿過大道。由這股衝勁：衝突、衝動、衝擊。
衡	héng	verb/noun — to weigh	行=sound:xíng — gives the sound | 角=meaning:a horn — the crossbar lashed across an ox's horns | 大=meaning:a figure, set with the horn	路口（行）岔開，中間擺著角（角）和大——綁在牛角上的橫木，讓牠頂不了人。行（xíng）給聲音，磨成了héng。由這根放平的橫木：衡量、平衡。
衣	yī	noun — clothes	衣=form:a robe drawn whole — collar at the top, two lapels crossing below	一件袍子整個畫下來：上面是領口，下面兩片衣襟交疊。古書上下分家——上曰衣，下曰裳；現在一句衣服全包了。
表	biǎo	noun — the outside, surface	衣=meaning:a coat | 毛=meaning:fur, worn on the outside	毛皮大衣，毛穿在外面——衣裡放個毛。露在外面的那一面就是表：表面、外表；拿出來給人看，是表示、表達；排出來給人看的，是表格。
衫	shān	noun — an unlined upper garment	衣=meaning:clothing — worn as the 衤 side | 彡=sound:shān — gives the sound	左邊是衣（衤），右邊彡（shān）給聲音——那三撇也像衣邊的滾飾。一件輕薄的上衣：襯衫、汗衫。
衰	shuāi	verb — to decline, weaken	衰=form:a straw rain-cloak, strands hanging — the graph 蓑 later reclaimed	畫的是蓑衣，一條一條垂下來。「衰弱」把字借走不還，蓑衣只好戴上草字頭（蓑）。
衷	zhōng	noun/adj — inner feelings	衣=meaning:clothing — split open, top and bottom | 中=sound:zhōng — gives the sound	衣（衣）剖開上下，中（zhōng）夾在當中——中給聲音，又正好擺在意思上：貼身的內層。由最裡頭：衷心、由衷.
袁	yuán	noun — a long, trailing robe (archaic)	衣=meaning:clothing — split open top and bottom around the middle | 口=form:a round piece tucked into the robe	衣（衣）拆成上下兩半，中間夾著一個圓圓的（口）——一件拖長的衣袍。本義是長衣，如今多作姓氏，又把聲音借給一整排字：遠、園、猿、轅。
袋	dài	noun — bag, sack, pouch	衣=meaning:clothes — cloth, a sewn thing | 代=sound:dài — gives the sound	衣是布，代是聲：用布縫成、拿來裝東西的——袋。代（dài）原音照給，沒有磨損。底下用衣，因為口袋跟衣服一樣是縫出來的：口袋、袋子。
袍	páo	noun — a long robe, gown	衣=meaning:clothing — the cloth radical | 包=sound:bāo — the phonetic, voiced forward to páo	衣（布）加上 包（bāo）的聲音——而包正是「裹起來」，長袍做的就是這件事：把全身包住。包本讀 bāo，到袍變成 páo。包也給了抱、胞、泡。
袖	xiù	noun — sleeve	衣=meaning:clothing — worn as the 衤 side | 由=sound:yóu — gives the sound	左邊衣（衤），右邊由（yóu）給聲音，磨成xiù。由像個東西穿出來的口子——手臂正是從袖筒裡伸出去：袖子、衣袖.
被	bèi	noun — a quilt	衤=meaning:clothes — cloth, a covering | 皮=sound:pí — gives the sound	衣旁（衤）是布，皮給聲：睡覺時蓋在身上的布——被子。皮（pí）給聲音，p 硬化成 b。蓋住的意思引出被動：被字標出被動作蓋到的那一方——被打、被看見。
袱	fú	noun — a wrapping cloth, a bundle (in 包袱)	衤=meaning:cloth, clothing (the 衣 radical) | 伏=sound:fú — gives the sound	布（衤）配上 伏（fú）給聲音。一塊攤平的布，把東西堆上去打個結——包袱。從背上的包袱，引申到另一個包袱：心裡放不下的負擔。
裁	cái	verb — to cut (cloth)	𢦏=sound:zāi — gives the sound | 衣=meaning:clothing — the cloth being cut	𢦏（zāi）撐起外框給聲音——載、栽、戴同一系列——裡頭夾著衣（衣），要剪的布。拿刀把布裁出形狀：裁剪。由裁切到裁定：裁判、裁員.
裂	liè	verb — to split, tear, crack	列=sound:liè — gives the sound | 衣=meaning:cloth — the thing that tears	列（liè）在上頭給聲音，衣（衣）在底下——列本就帶把刀（刂），把東西切成一排，這裡裂的是布。由撕破的布到一切裂縫：破裂、裂開.
裏	lǐ	noun — the inside, interior, lining	衣=meaning:clothing — split open, top and bottom, wrapping the rest | 里=sound:lǐ — gives the sound exactly	把一件衣（衣）拆開上下，中間夾進 里（lǐ）——聲音正好對上，畫面也直白：襯裏，就是衣服裡面那層。由此引申，凡是內部都叫裏：裏面、心裏。
裔	yì	noun — a descendant	衣=meaning:a robe, split top and bottom | 㕷=empty:the worn middle — no picture survives	衣 上下拆開，把中間裹住。本義是衣服下擺——垂在最外的邊。從布的邊，引申到人的邊：邊裔（遠方邊地），以及血脈最末端的人——後裔、華裔。
裕	yù	adjective — abundant, ample, well-off	衣=meaning:clothing — worn as the 衤 side | 谷=sound:gǔ — gives the sound	左邊衣（衤），右邊谷（gǔ）給聲音，磨成yù。谷是敞開的山谷——衣裳寬綽有餘，就是豐足。由寬綽到富足：富裕、寬裕.
裙	qún	noun — skirt	衤=meaning:clothes — cloth, a garment | 君=sound:jūn — gives the sound	衣旁（衤）是布，君給聲：穿在下半身的衣服——裙。君（jūn）給聲音，j 變成 q。古字叫下裳，今天就是裙子。
補	bǔ	verb — to mend, patch	衣=meaning:clothing — worn as the 衤 side | 甫=sound:fǔ — gives the sound	左邊衣（衤），右邊甫（fǔ）給聲音——也在捕、輔裡的那個甫，f 磨成了 b。拿布蓋住破洞：補衣。由補破到補一切缺口：補充、補習.
裝	zhuāng	verb — to dress, pack, load	衣=meaning:clothing — the garment at the bottom | 壯=sound:zhuàng — gives the sound	衣（衣服）管意思；壯（zhuàng）那個高大的人，給聲音，差一個聲調成 zhuāng。從給身體穿戴起：包裝、裝載；安裝；再到裝出一副假樣子，假裝。同一個壯蓋出 妝。
裡	lǐ	noun — inside	衤=meaning:clothing | 里=sound:lǐ — gives the sound exactly	衣服（衤）貼身的那一層——裡子；里（lǐ）給聲音，一點沒變。從裡子到所有的裡面：裡面、心裡、這裡。老寫法「裏」把里直接包進衣裡。
裳	shang/cháng	noun — (cháng) a lower garment, a skirt — (shang, in 衣裳) clo	尚=sound:shàng — gives the sound | 衣=meaning:clothing	下面是衣（衣），上頭用尚（shàng）給聲音，飄成 cháng。古義指下半身穿的裙。在日常的衣裳裡，跟衣搭著，讀輕聲 shang，泛指衣服。
裹	guǒ	verb — to wrap, bind up	衣=meaning:clothing — split open, top and bottom | 果=sound:guǒ — gives the sound	衣（衣）剖開上下，果（guǒ）夾在當中給聲音——布裹住果子，包起來。由包到捆：包裹、裹住.
製	zhì	verb — to make, manufacture	衣=meaning:cloth, a garment | 制=sound:zhì — cuts to shape, and gives the sound	把布（衣）裁開、做成一件成品——製作、縫製。制在上頭：給聲音，分毫不差，本身也帶著「裁切定形」的意思。從這「裁布成衣」來了製造、製作；縫一件衣服就是製衣。
複	fù	adjective — double, multiple, compound, complex	衤=meaning:clothing — a lined, double-layer garment | 复=sound:fù — gives the sound	一件夾衣，布（衤）疊成兩層保暖——本義就是兩重。复（fù）給聲音，也帶著意思：一隻腳沿原路走回去，把事再做一遍。從夾衣的雙層引出種種重複：複習（再學一次）、複製（照做一份）、複雜（層層纏在一起）。复蓋出復、腹、覆。
褛	lǚ	noun — a tattered garment (in 襤褸 — ragged, threadbare)	衤=meaning:clothing | 婁=sound:lóu — gives the sound	衣服（衤）在左邊；婁（lóu）給聲音，磨成 lǚ。只活在「襤褸」裡——衣服破破爛爛、一條一條垂著。婁蓋出一排字：樓、數、屢。
褲	kù	noun — trousers, pants	衤=meaning:clothing | 庫=sound:kù — gives the sound exactly	左邊衣（衤），右邊庫（kù）原音借過來。合起來指包住兩條腿的衣物：褲子、短褲。
襄	xiāng	verb — to assist (literary)	衣=meaning:clothes — split top and bottom, wrapping the middle | 𤕦=empty:the worn middle — once the sound-bearer, its reading lost from use	衣（衣）拆成上下兩半——領子在上，衣襬在下——中間包著一團密密的筆畫，本來是聲符，讀音跟著筆畫一起磨掉了。留下來的用法，一個是幫忙：襄助；一個在地圖上：襄陽。當聲音倒是活得很旺：讓、壤、釀。
襪	wà	noun — sock, stocking	衤=meaning:clothes — cloth worn on the body | 蔑=sound:miè — gives the sound	衣旁（衤）是布，蔑給聲：包腳的布——襪。蔑（miè）本來給聲音，後來整個讀成 wà，原來的聲母不見了。白話就是足衣——襪子、絲襪。
襯	chèn	verb/noun — to line, set off	衣=meaning:clothing — worn as the 衤 side | 親=sound:qīn — gives the sound	左邊衣（衤），右邊親（qīn）給聲音，磨成chèn——親是貼身在旁的，襯正是貼著皮膚的那層。由內襯到映襯：襯衫、陪襯.
襲	xí	verb — to raid, strike by surprise	衣=meaning:a robe, at the bottom | 龍=sound:the worn 龖 (two dragons, dá) cut to one; gives the sound, dá → xí	衣 在下，龍 在上——但這條龍是磨剩的 龖（兩條龍疊著，dá），為了好寫砍成一條；它給聲音，dá 磨成 xí。本義是有裡的禮袍，一層套一層。從層層相套，引申到承接前人——沿襲、世襲；從掩蓋著撲上去，引申到偷襲——襲擊、空襲。
西	xī	noun — west	西=form:a bird's nest — the old graph	一個鳥巢。太陽下去，鳥回巢——鳥歇下來的那一邊，就成了西。歇息的本義後來寫成棲；西留下方向：西方、西邊，再來是那邊來的東西：西餐、西裝。
要	yào/yāo	verb/adj — to want	要=form:a figure with both hands set on the waist — the old graph of the waist (now 腰)	一個人雙手叉腰——本義是腰，後來寫作腰。腰是身體的中段，中段成了要緊的要（重要）；要緊的東西，就是開口要的東西（我要、要求）。
覆	fù	verb — to cover	襾=meaning:a cover laid over the top | 復=sound:fù — gives the sound	上頭一個蓋子（襾）罩著，下面復（fù）給聲音——復是翻回去，一件東西整個翻轉，既蓋住又傾覆。由覆蓋：覆蓋、答覆。由翻倒：覆舟、傾覆.
見	jiàn	verb — to see	目=meaning:an eye | 儿=meaning:a person's legs	一隻眼睛（目）長在人的腿（儿）上——說文：視也；整個人就為了看。看到了：看見、見到；心裡看見的：意見；當面相看：見面。
規	guī	noun — compass	夫=meaning:a grown man | 見=meaning:seeing	成年人（夫）加上看（見）——說文讀作有分寸的眼光。這個字是圓規的規：畫得出正圓的工具；圓畫得正，就有了規矩：規則、規定。
視	shì	verb — to look at, to watch	見=meaning:seeing — an eye set on legs | 示=sound:shì — gives the sound, exactly	長著腳的眼睛（見）在看；示給聲音，一點沒變。盯著看就是視：電視把看搬上螢幕，重視是看得重。
親	qīn	noun/adj — kin, parents	见=meaning:to see, to meet — an eye 目 on legs, looking | 亲=sound:the phonetic, worn from 𣐽	右邊是见，當面相见；左邊的亲本是 𣐽，給聲音，後來磨平了。能常常见到、近得看清楚的——就是親。從面對面的近引出親人、親密、親愛。
覺	jué/jiào	verb — (jué) to feel, become aware	學=sound:xué, trimmed of its 子 — gives the sound | 見=meaning:to see — the eyes opening	眼睛睜開（見），上面是去掉子的學——學給聲音，x 磨成 j。本義是睡醒；醒了就察覺：覺得、感覺（jué）。當名詞時盪回另一頭，是一場睡眠：睡覺、午覺（jiào）。
覽	lǎn	verb — to look over, view, browse	見=meaning:to see — an eye over a person | 監=sound:jiān — gives the sound	看（見）擱在 監 上——監管者的那種俯視，一眼收進全部。監（jiān）給聲音，偏到 lǎn，離得很遠。掃過全局的看：瀏覽、遊覽、一覽。
觀	guān	verb/noun — to observe, watch	見=meaning:to see — an eye 目 on legs, looking | 雚=sound:guàn — gives the sound	見是看，雚給聲：眼睛盯住、仔細端詳——觀。雚（guàn）給聲音，只變了調，成 guān。從細看引出所看的景，觀光；也引出怎麼看，觀念、樂觀。
角	jiǎo/jué	noun — (jiǎo) a horn	角=form:an animal's horn, drawn whole — the ridged tip and the lines down its length	一隻完整的角——尖端突出，紋路順著往下。這幅畫到今天還在。從突出的角引出角落、角度（jiǎo）。讀 jué，轉成扮演的角色、頂角相爭的角逐。當部件用，蓋出觸、解。
解	jiě	verb — to untie	角=meaning:a horn | 刀=meaning:a knife | 牛=meaning:an ox	刀（刀）對準關節，把牛（牛）的角（角）卸下來——一頭牛一塊一塊分開。從分開來：解開是鬆繩，解決是把問題拆掉，了解是拆到看得清楚。
觸	chù	verb — to touch	角=meaning:a horn | 蜀=sound:shǔ — gives the sound	一隻角（角）低下來頂、碰——接觸。蜀（shǔ）是蜷曲的蟲，給聲音，飄成 chù。從角碰物引出接觸、觸摸、觸發。
言	yán	noun/verb — speech	言=form:a mouth (口) below, the spoken breath rising above in straight strokes	底下一張嘴（口），上頭一道道直筆是吐出來的氣——說文：直言曰言，直直說出來的話。整件事：語言、言語；當眾發出的話：發言。作部首，領著一串說話的字——說、話、認。
訂	dìng	verb — to agree, settle	言=meaning:speech, words | 丁=sound:dīng — gives the sound	話（言）釘住——用言語把約定定下來。丁（dīng）是釘子，給聲音也給「釘牢」的意思，讀成 dìng。話一定下來：訂購、訂閱、訂正。
計	jì	verb/noun — to count, calculate	言=meaning:speech — counting aloud | 十=meaning:ten — the round number a count closes on	開口（言）數到十（十）——合計。從數數：計算、統計；事先把帳算好，就是計：計劃、計謀。
訊	xùn	noun/verb — message, information	言=meaning:speech | 卂=sound:xùn — gives the sound	言（言）在左邊；卂（xùn）給聲音，一點沒變——它的字形是收翅疾飛的鳥，快本身。本義是追著問（審訊）；問回來的東西就是訊：訊息、資訊。
討	tǎo	verb — to discuss	言=meaning:speech — a mouth with words rising | 寸=meaning:a hand at the wrist — a measured grip, to handle by rule	言是說話，寸是按著分寸的手：用話把事情整治、料理。從用言語治理引出討論、討債、討好——都是拿話去爭、去求。
訓	xùn	verb — to instruct, to teach, to drill	言=meaning:speech, words | 川=sound:chuān — gives the sound and the sense of flowing along	把話（言）引得順順地走，像河水（川）順著河道往下——教導、使人就範。川既給聲音（飄成 xùn），又帶來「引導著流」的樣子。引出訓練、教訓、訓話。
託	tuō	verb — to entrust, commit	言=meaning:speech — the asking | 乇=sound:tuō — gives the sound	左邊言（言），右邊乇（tuō）給聲音——也在托、宅裡的那個乇。把話交給人，把事情交出去：託付、拜託。由委託到依靠：託身、推託.
記	jì	verb — to record	言=meaning:words | 己=sound:jǐ — gives the sound	言是話，己表聲——把話寫下來。起、紀，也是這個己。
訝	yà	verb — to be surprised, to be astonished	言=meaning:speech, words | 牙=sound:yá — gives the sound	話（言）一下子接不上——古義是出迎賓客，從相迎的招呼聲引出驚訝。牙（yá）給聲音，聲調落到 yà。活在驚訝、訝異裡。同一個牙蓋出芽、雅、邪。
訪	fǎng	verb — to call on, visit	言=meaning:speech — words exchanged | 方=sound:fāng — gives the sound	言（言）配方（fāng）的聲音，往下成 fǎng。說文說「汎謀曰訪」——廣泛地請教，向四方（方）打聽。從到處問到登門問：拜訪、採訪。它走方這一排：放、房、芳、防。
設	shè	verb — to set up, arrange	言=meaning:an order, spoken | 殳=meaning:a hand with a tool	一句吩咐（言），一隻拿著傢伙的手（殳）——說文：施陳也。話一出口，手就把東西擺到位：設立、設備、設計；只在腦子裡擺的，是假設。
許	xǔ	verb — to allow	言=meaning:speech | 午=sound:wǔ — gives the sound	點頭的話（言）——說文：聽也。午（wǔ）給的聲音跳成了 xǔ。從答應（允許、許可），到開口許下的願（許願），再到話裡那個約略的量——許多。
訴	sù	verb — to tell	言=meaning:speech | 斥=sound:chì — gives the sound	言（言）配上斥的聲音，磨得離原音很遠——說，而且帶著委屈說。對朋友說是訴苦；對官府說是控訴、上訴。日常的告訴，只留下說這一層。
診	zhěn	verb — to examine (a patient), diagnose	言=meaning:speech — asking, questioning | 㐱=sound:zhěn — the phonetic	言（問診）配上 㐱（zhěn）的聲音：醫生一邊看一邊問——診斷、門診。㐱不好認，可是聲音剛好是它給的；疹也用它。
註	zhù	verb — to annotate, to note, to register	言=meaning:speech, words added | 主=sound:zhǔ — gives the sound, only the tone shifting	言（言）配主（zhǔ）給聲音，只變了調。在正文旁注上解釋的字——註解、註明、註冊。它是注（注水）的言旁分身。
証	zhèng	verb/noun — to prove	言=meaning:speech, words | 正=sound:zhèng — gives the sound	話（言）擺正（正）——用言語把事情說正、證實。正（zhèng）給聲音，音不變，也帶「端正、真確」的意思。証是證的簡省異體（證右邊寫登），都是證明。
詔	zhào	noun/verb — an imperial decree	言=meaning:speech — the word handed down | 召=sound:zhào — to summon; gives the sound and the calling-down sense	話（言）配上召（zhào，召喚）——從上面傳下來的話。召既給聲音，也給意思：上位者召來、告諭。本是一切上對下的吩咐，秦以後收窄成一件事：皇帝的詔書、下詔。
評	píng	verb — to comment on, to judge, to appraise	言=meaning:speech, words | 平=sound:píng — gives the sound and the sense of level, even	把話（言）擺得平平（平）——公平地評斷一件事。平既給準確的讀音，又帶來「平、均」的樣子，像一桿端平的秤。引出評論、評價、評判、評分。
詞	cí	noun — word	言=meaning:speech | 司=sound:sī — gives the sound, and a shade of its sense	言（言），司（sī）標聲音，也帶一點管理的意思——話被管起來、一個一個分好的單位，就是詞。聲調提上去，sī 成了 cí。名詞、動詞是分好類的詞；歌詞是排進曲子裡的詞。
詢	xún	verb — to ask, consult, inquire	言=meaning:speech — the asking | 旬=sound:xún — gives the sound	左邊言（言），右邊旬（xún）給聲音——旬是十天一輪，問起來也是一遍遍繞著找答案。查問：詢問、查詢.
試	shì	verb — to try	言=meaning:speech, words | 式=sound:shì — gives the sound, exact	話（言）拿來用——說文：用也，用一用才知道行不行。式給聲音，一點沒變。試試看、考試、面試。
詩	shī	noun — a poem	言=meaning:words, speech | 寺=meaning:hold, set in place — 寺 carries hold/place, the 会意 reading | 寺=sound:also the phonetic, from the 之 family — worn far from shī	言（話語）配上 寺——就是詩。古文字有兩個說法：寺是「拿、安置」，把話語安排妥當、各就各位（从言从寺）；或者寺是聲音，出自 之 這一系（之、志、持），讀音一路漂遠才落到 shī。和 詞 對照著記：詩是詩篇，詞是詞語。
話	huà	noun — speech, words	言=meaning:speech, words | 舌=sound:the worn shape of 𠯑 — gives the sound	說出來的字（言）。右邊長得像舌頭，給聲音的其實是𠯑——活、括也是它；抄了千年，兩個形狀寫成了一個。說的是話，話搭著走的也是它：說話、電話。
該	gāi	aux — should	言=meaning:speech | 亥=sound:hài — gives the sound	話（言）把每一項都包進去——本義是完備：該備、該博。帳算齊了，分到你頭上的就是你該做的：應該；已經點到的那一個，叫該：該公司。亥（hài）給聲音，h 磨成了 g。
詳	xiáng	adjective — detailed, full — verb — to know fully	言=meaning:speech, words | 羊=sound:yáng — gives the sound	把話（言）說得周全——細細查明、細細道來。羊（yáng）給聲音，飄成 xiáng。引出詳細、詳知、詳情。同一個羊蓋出祥、洋、翔。
誇	kuā	verb — to boast, exaggerate	言=meaning:speech — the words | 夸=sound:kuā — gives the sound	左邊言（言），右邊夸（kuā）給聲音——夸是大壓著亏，一個鼓起來、氣往外冒的人，脹得老大。把話吹得比實情大：誇大、誇張。讚得高：誇獎.
誌	zhì	verb/noun — to record, mark down	言=meaning:speech, words; what is set down | 志=sound:zhì — gives the sound	話（言）記在心上（志）——記下、寫下。志（zhì）給聲音，原音不變，也帶「存在心裡」的意思。記下來的：雜誌、墓誌、標誌。
認	rèn	verb — to recognize	言=meaning:speech | 忍=sound:rěn — gives the sound, tone bent	用話（言）把一張臉從人群裡叫出來——認得，就是叫得出名字；忍（rěn）給聲音，調子轉了。認識、認得是知道；對自己說出口，是承認、認錯；把看法說定，是認為。
誓	shì	verb — to swear, to vow	言=meaning:speech, the spoken word | 折=sound:zhé — gives the sound, dragged far to shì	言（言）在下，折（zhé，折斷）在上給聲音，拉遠成了 shì。把話說死，斷了退路——誓言、宣誓、發誓。
誕	dàn	verb/noun — to be born	言=meaning:speech — talk stretched out | 延=sound:yán — gives the sound	左邊言（言），右邊延（yán）給聲音，磨成dàn——延是拉長、延展，本義是話說過了頭、誇大。後來成了一條命開始的字：誕生、聖誕.
誘	yòu	verb — to lure, entice, lead on	言=meaning:speech | 秀=sound:xiù — gives the sound	話（言）把人引過來——誘。底下的秀（xiù）給聲音，只是讀法走遠了。好聽的話伸手去勾人：誘惑、誘導、誘拐。
語	yǔ	noun/verb — language, words	言=meaning:speech — a mouth with words rising | 吾=sound:wú — gives the sound	言是說話，吾給聲：你一句我一句、彼此交換的話——語言。吾（wú）本是「我」，給了聲音，磨成 yǔ。從往來的言談引出語言、話語、成語。
誠	chéng	adj/noun — sincere	言=meaning:speech — what is spoken | 成=sound:chéng — gives the sound	話（言）說得完完整整（成）——心口一致，就是誠。成（chéng）原音不變。誠實、誠心、真誠。
誤	wù	verb/noun — to make a mistake	言=meaning:words, speech | 吳=sound:wú — gives the sound	話（言）說錯了——說岔了、弄錯了。吳（wú）給聲音，聲調倒成了 wù。從這「話說錯」來了錯誤、誤會；話把人帶偏了，就是誤導。
誦	sòng	verb — to recite, to chant, to read aloud from memory	言=meaning:speech, words | 甬=sound:yǒng — gives the sound	把話（言）一句句念出聲——背誦、吟詠。甬（yǒng）是吊鐘的柄，給聲音，飄成 sòng。引出背誦、朗誦、吟誦。同一個甬蓋出通、痛、勇。
誨	huì	verb — to instruct, to teach, to guide	言=meaning:speech — words that teach | 每=sound:gives the sound	把話（言）交給人，把人擺正——教導。每給聲音 měi，磨得遠遠成了 huì。意思落在耐心教人：教誨、誨人不倦。
說	shuō/shuì	verb — to speak, explain	言=meaning:speech | 兌=sound:duì — gives the sound	話（言）把事情講開——說明、說話。兌（duì）給聲音，這一家的音走得很散：脫、稅、悅。讀 shuì 是用話打動人：遊說。
誰	shéi	pron — who	言=meaning:speech, words | 隹=sound:zhuī — gives the sound	用話（言）問的——誰。隹（zhuī）給聲音，zh 磨成 sh，韻也跟著變。誰來？誰的？
課	kè	noun — a lesson, a class	言=meaning:speech, words | 果=sound:guǒ — gives the sound	用話（言）一題一題問，考一考——說文：試也。果（guǒ）給聲音，g 變成了 k。從考問到考問前要做的事：上課、功課、課本。
誼	yì	noun — friendship, bond, goodwill	言=meaning:speech — words exchanged | 宜=sound:yí — gives the sound	人與人之間說得合宜（宜）的話（言）——這份情分就是誼。宜（yí）給聲音，差一個調。友誼、情誼、交誼。
調	tiáo/diào	verb — (tiáo) to adjust, blend, tune	言=meaning:speech, sound — what gets tuned | 周=sound:zhōu — gives the sound	言（言）配周（zhōu）的聲音。說文說「和也」——調和：把各部分周（周）全地合到一處。調音、調味、調和讀 tiáo；把人或物調來調去，以及音調，讀 diào。它走周這一排：綢、稠。
談	tán	verb — to talk, converse, discuss	言=meaning:speech | 炎=sound:yán — gives the sound	話（言）旁邊兩團火（炎）——你來我往、熱絡地說，就是交談。炎（yán）給聲音，變成 tán。一來一往：談話、談論、閒談。
請	qǐng	verb — to request	言=meaning:speech | 青=sound:qīng — gives the sound	言（言）在旁，青（qīng）給聲音——開口求人的那個字：請問、請坐。青字一家聲音整齊：請、清、情、晴。
諒	liàng	verb — to forgive, make allowance	言=meaning:speech — a spoken judgment | 京=sound:jīng — gives the sound	願意相信的話（言）——信，再到諒。京（jīng）給聲音，聲母從 j 滑到了 l。原諒、諒解、體諒。
論	lùn	verb/noun — to discuss	言=meaning:speech | 侖=sound:lún — gives the sound	言（言）管說話；侖是竹簡（冊）收在蓋子（亼）下、理出次序——給聲音，調折一下，也把條理帶了進來：照次序把事說透。討論是一句一句說，理論、結論是說透了寫下來。
諧	xié	adjective — harmonious, in tune, in agreement	言=meaning:speech, voices agreeing | 皆=sound:gives the sound	一片話聲（言）全都（皆）合到一塊——和合、相諧。皆給聲音 jiē，磨成了 xié，它「都、一齊」的意思也通進來。從這裡引出和諧、諧音、詼諧。
諮	zī	verb — to consult, take counsel, inquire of	言=meaning:speech — words spoken | 次=sound:cì — gives the sound | 口=meaning:a mouth — the asking	聲音次（cì）壓在嘴（口）上，就是咨，向人發問的舊字。後來在前頭加上言，成了諮——徵詢、商量後再定。兩個字至今分著用：諮詢、諮商。
諷	fěng	verb — to satirize, mock indirectly	言=meaning:speech — the cutting word | 風=sound:fēng — gives the sound	順著風（風）飄來的話（言）——拐著彎刺人，就是諷。風（fēng）給聲音，只差個調。諷刺、嘲諷、譏諷。
諸	zhū	det — all, various, the several	言=meaning:speech — naming, listing them off | 者=sound:zhě — the one who, that which; gives the sound	話（言）配上者（zhě）取聲——一個一個點過去，於是「眾多、各個」：諸位、諸君、諸如此類。文言裡它還把兩個字併成一個音——之於、之乎——像付諸行動。
諾	nuò	verb — to assent, to promise — interjection — yes, agreed	言=meaning:speech — the word given | 若=sound:gives the sound	一句答應的話（言）——應了、許了。若給聲音 ruò，磨成了 nuò。意思落在說出口的承諾：承諾、諾言、一諾千金。
謀	móu	verb — to plan, to scheme, to consult over — noun — a strata	言=meaning:speech — talking a hard thing through | 某=sound:gives the sound	把難處用話（言）議來議去，議出辦法——謀。某給聲音 mǒu，斜成了 móu。從「商量、籌畫」引出計謀、謀略、圖謀、不謀而合。
謂	wèi	verb — to say, call, mean	言=meaning:speech — the act of saying | 胃=sound:wèi — gives the sound	把話（言）安到一件事上——說它、稱它，就是謂。胃（wèi）給聲音，原音不變。所謂、稱謂、無所謂。
謊	huǎng	noun/verb — a lie	言=meaning:speech — the spoken thing | 荒=sound:huāng — gives the sound	一片荒（荒）的話（言）——底下什麼也沒有，就是謊。荒（huāng）給聲音，差個調。謊言、說謊、扯謊。
謎	mí	noun — a riddle	言=meaning:speech, words | 迷=sound:mí — gives the sound, the same 迷 as in 迷路 — words that make you lose your way	話（言）擺出來就是要把你繞迷——謎是讓你找不到路的話，一則謎語。迷（mí）原音直接給過來，意思也搭上一手：迷是迷路，謎就是用話把你迷住。
謙	qiān	adjective — humble, modest, self-effacing	言=meaning:speech — words kept low | 兼=sound:gives the sound	把話（言）壓低、放下身段——恭敬、謙遜。兼給聲音 jiān，磨成了 qiān。意思落在「退讓不爭」的人：謙虛、謙卑、謙讓。
講	jiǎng	verb — to speak, explain, tell	言=meaning:speech — a mouth with words rising | 冓=sound:gòu — gives the sound	言是說話，冓給聲：把話一層層搭起來、講到通——講和、講解。冓（gòu）給聲音，g 軟化成 j。從說通道理引出講課、講故事、講究。
謝	xiè	verb — to thank	言=meaning:speech, words | 射=sound:shè — gives the sound	告辭用的話（言）——本義是辭謝、退下。從告別的話長出道歉和道謝：謝謝、感謝。花也會告辭：花謝了。射（shè）給聲音，磨成 xiè。
謠	yáo	noun — a folk song	言=meaning:speech — the sung or spoken word | 䍃=sound:yáo — gives the sound	沒有伴奏、嘴上傳的話（言）——民間的歌，也是亂飛的傳言。䍃（yáo）給聲音，本來的圖樣早就看不清了。民謠、歌謠、謠言。
謹	jǐn	adjective — careful, cautious	言=meaning:speech — words weighed | 堇=sound:jǐn — gives the sound	出口前先掂量過的話（言）——小心、慎重，就是謹。堇（jǐn）給聲音，原音不變。謹慎、嚴謹、謹守。
證	zhèng	verb — to prove, to verify	言=meaning:speech, to report, to testify | 登=sound:dēng — gives the sound, worn from d to zh	言（言）配登（dēng）給聲音，由 d 磨成 zh。把話呈到上面去證實一件事——作證、證明，以及那證據本身：證明、證據、身分證。
識	shì	verb — to know, recognize	言=meaning:words | 戠=sound:zhí — gives the sound	言是話——叫得出名字，才算認識；戠表聲。
譜	pǔ	noun — a chart, register, score	言=meaning:speech — the written record | 普=sound:pǔ — gives the sound	把話（言）一條條照次序攤開（普）——表、家譜、樂譜。普（pǔ）給聲音，原音不變。樂譜、家譜、食譜。
警	jǐng	verb — to warn, to be on guard — noun — an alarm	言=meaning:speech — the word of warning | 敬=sound:gives the sound and the meaning	說出話（言）讓人戒備——警告。敬給聲音 jìng，磨成了 jǐng，它「戒慎、警惕」的意思也直接通進來：提防、戒備。從這裡引出警告、警報、警覺、警察。敬身兼兩職——既是聲音，也是那「戒慎」。
譬	pì	noun/verb — an analogy, illustration	辟=sound:pì — to open up, lay open; gives the sound | 言=meaning:speech — words that make a thing clear	辟（pì）壓在言（言）上——說文解作「曉也」，使人明白。難懂的道理，旁邊擺一個好懂的來開解，就是譬，一個比方。譬如、譬喻。辟把聲音原樣給了它。
譯	yì	verb — to translate, interpret	言=meaning:speech — words carried across | 睪=sound:yì — gives the sound	言（言）配睪（yì）的聲音——睪壓在右邊，已經看不出獨立的樣子。說文說「傳譯四夷之言者」——把外族的話傳遞過來的人。從這傳遞而來：翻譯、口譯。它走睪這一排：驛、繹、擇。
議	yì	verb — to discuss, deliberate	言=meaning:speech | 義=sound:yì — gives the sound exactly	話（言）在眾人之間來回，掂出個結果——商議；義（yì）給聲音，一點沒變。大家坐下來談是會議；先丟出來的是建議、提議；靠這個吃飯的，是議員。
護	hù	verb — to guard, protect	言=meaning:words — speaking up for someone | 蒦=sound:huò — gives the sound	話（言）擋在人前面——替他說話、看著他。蒦（huò）給聲音，韻母收成 hù；同一個蒦在獲、穫裡還唸 huò。從看著人來：保護、護士、護照。
譽	yù	noun/verb — fame, good name	言=meaning:speech — words of praise | 與=sound:yǔ — gives the sound	把話（言）送給人（與）——稱讚，再到好名聲。與（yǔ）擠在上頭，給聲音，只差個調。名譽、榮譽、讚譽。
讀	dú	verb — to read	言=meaning:speech | 賣=sound:yù (𧶠) — gives the sound	言（言）在旁，右邊看著像賣——本來是另一個字 𧶠（yù）給聲音，字形後來跟賣長成一樣。先是出聲念：讀書。
變	biàn	verb — to change	䜌=sound:luán — gives the sound, worn far | 攵=meaning:a hand with a stick — the act	拿棍的手（攵）在整理那團亂（䜌）——言的兩邊都是絲線。手一動，東西就成了另一個樣子：變化、改變、變成。䜌（luán）給聲音，一路磨到 biàn。
讓	ràng	verb — to yield, give way	言=meaning:speech — a mouth with words rising | 襄=sound:xiāng — gives the sound	言是說話，襄給聲：在言語上退一步，把位子讓給人——讓。襄（xiāng）給聲音，整個磨成 ràng。從謙讓引出讓路，也引出口語的讓——讓他去、讓我看。
讚	zàn	verb — to praise, to commend	言=meaning:speech, words of praise | 贊=sound:zàn — gives the sound exactly	言（言）配贊（zàn）——贊本身就是支持、附和——聲音分毫不差，意思也透過來：用話撐人，就是讚。讚美、讚賞、按讚。
谷	gǔ	noun — a valley, ravine	八=form:the streams parting as water issues from the hills | 口=form:the mouth of the valley where the water comes out	水從山裡分流而下，下面一個開口（口）讓水流出——這就是谷。峽谷、山谷、溪谷。
豁	huò/huō	adjective — open, wide, cleared (huò) — verb — to give up, t	谷=meaning:a valley, an opening | 害=sound:gives the sound	一道山谷（谷）敞開——開闊、清朗。古文字有兩個說法：谷旁配一個害給聲音 hài，磨成了 huò；或是谷被分（分）開，就是那道裂口。兩說都落在「開」上。從敞開的谷引出豁然、豁達、豁口。讀 huō 是裂開、拼了：豁出去。
豆	dòu	noun — bean	豆=form:a tall-footed serving dish — lid, bowl, stem, base	整個字是一幅圖：有蓋的碗架在高腳上，古代盛食物的器皿。豆子借走了這個形狀就沒還——黃豆、綠豆。當底座撐起頭、短、豐，也站在豈、登裡面。
豐	fēng	adjective — abundant, plentiful	丰=meaning:heaped stalks of grain | 豆=meaning:a tall stemmed dish	高腳盤（豆）上堆得冒了尖——穗子（丰）疊了又疊。合起來寫的就是滿、多：豐收、豐富、豐盛。
豔	yàn	adjective — gorgeous, glamorous	豐=meaning:abundance — a ritual stand heaped full | 盍=sound:hé — gives the sound, worn irregularly to yàn	豐（豐盛）堆到滿溢——盛得耀眼的美，就是豔。盍（hé）給聲音，磨遠成 yàn；同一個盍蓋出蓋、闔。
象	xiàng	noun — an elephant	象=form:rendered whole — the long trunk, tusks, and heavy body of the elephant	整頭獸一筆畫下來：上頭垂下的長鼻，象牙，碩大的身子和腿。這是大象的直接寫照。因為這獸難得一見，字義轉向「代表某物的東西」——它的形象、樣子：現象、象徵、印象。「相像」那層分出去成了像，加了個人字旁。
豪	háo	noun — a person of outstanding ability, a hero	高=sound:gāo — tall, high; gives the sound (the top is 高 abbreviated) | 豕=meaning:a pig, a boar — here the long-bristled boar	高（gāo，只取上半）壓在豕（豬）上——一身硬長鬃毛的野豬，豪豬。從那身出眾的鬃，引申到出眾的人：豪傑、英豪；再到豪放、豪爽，以及豪門、豪華。聲音由 gāo 軟化成 háo。
豫	yù	adjective — pleased, at ease	象=meaning:an elephant, the largest beast | 予=sound:gives the sound	一頭象（象），獸中最大者——本義。予給聲音 yǔ，斜成了 yù。從那頭從容的大獸，意思滑向安樂、舒坦（安豫），又借去當「事先、預先」：豫備、猶豫——遲遲不定。
豬	zhū	noun — a pig	豕=meaning:a pig drawn whole — snout, legs, hanging belly, tail | 者=sound:zhě — gives the sound	豕本來就是一整隻豬：嘴、腿、肚子、尾巴。者標聲音，zhě 磨成 zhū。古字守著豬圈，新寫法領了名字：豬肉、小豬。
貌	mào	noun — appearance, looks, manner	豸=form:a long-spined beast — the crouching-animal radical, added late to mark the word | 皃=meaning:a face on a standing person	右邊的皃是本字：上面一張臉（白=面），下面一個人（儿），就是一個人的相貌。左邊的豸是後來貼上去的記號。合起來寫容貌；從長相引出禮貌——待人時擺出的樣子。
貓	māo	noun — cat	豸=meaning:a long-spined beast — the crouching-animal radical | 苗=sound:miáo — gives the sound	豸是趴伏的獸，苗給聲：那隻蹲下來準備撲的獸——貓。苗（miáo）給聲音，磨成 māo。豸把它歸進野獸一類，苗把音讀出來：貓咪、貓科。
貝	bèi	noun — a shell, cowrie	貝=form:a cowrie shell — its ridged back and the slit opening below still drawn in	一枚海貝，上面殼背的紋，下面開口的縫——古時候串起來當錢用。凡是寫錢財的字，裡頭都有這枚貝：財、買、貴、貧。貝殼、寶貝。
負	fù	verb — to carry on the back	⺈=meaning:a person bending — worn to two strokes | 貝=meaning:a cowry shell — money	彎著腰的人（⺈）和貝（貝）。古文字有兩個說法：人靠著錢——有錢可仗；人把貝綁上背——揹著走。兩條路都活著：負責是扛責任，負債是扛債；轉身背對人家的好意，是辜負；勝負裡輸的那一邊，也是負。
財	cái	noun — wealth, money, property	貝=meaning:a cowrie shell — old money | 才=sound:cái — gives the sound	一枚貝（貝），上古的錢，配才（cái）的聲音：財。說文說「人所寶也」——人所珍藏的。從這枚貝而來：財富、財產、財政。它走才這一排：材、裁。
貢	gòng	verb — to offer tribute, contribute	工=sound:gōng — gives the sound | 貝=meaning:a cowrie shell — goods of worth offered up	工（gōng）給聲音，聲調往下成 gòng，壓在一枚貝（貝）上——值錢的東西。說文說「獻功也」——把勞作的成果獻上：進獻給君上的貢品、進貢，再放寬成貢獻。它走工這一排：紅、項。
貧	pín	adjective — poor, lacking	分=sound:fēn — gives the sound, and the sense of splitting | 貝=meaning:a cowrie — money, wealth	錢財（貝）一分（分）再分，分到每份都少——貧。分（fēn）既給「分開」的意思，也給聲音，只是讀法走遠了。貧窮、貧困、貧民。
貨	huò	noun — goods, merchandise	貝=meaning:a cowrie shell — old money, value | 化=sound:huà — gives the sound	貝（貝）是古代的錢，配上化——錢換來換去變成的東西，就是貨。化（huà）給聲音，調變成 huò，也帶「轉手」的意思。買賣的東西：貨物、貨幣、百貨。
販	fàn	verb — to trade, to peddle — noun — a peddler, a vendor	貝=meaning:a cowrie, money and trade | 反=sound:gives the sound	錢（貝）翻來覆去——賤買貴賣。反給聲音 fǎn，斜成了 fàn。意思落在小本買賣：攤販、小販、販賣、販運。
貪	tān	verb/adj — to crave, be greedy	今=sound:jīn — gives the sound | 貝=meaning:a cowrie — money, wealth	眼前的（今）錢財（貝）都想要——伸手過了頭，就是貪。今（jīn）在上頭給聲音，讀法已經走遠。貪心、貪婪、貪污。
貫	guàn	verb — to run through, to pierce, to link up — noun — a stri	毌=meaning:a string threaded straight through | 貝=meaning:cowries, the cash being strung	一條線直直穿過（毌）一串錢（貝）——串成一貫。上面的毌就是那條穿線，今天的字形裡已經看不太出來。從「一線貫通」引出貫穿、一貫、貫徹、貫注。
責	zé	noun/verb — duty	朿=sound:cì — gives the sound | 貝=meaning:a cowry shell — money owed	上門要錢（貝）——討債；朿（cì），荊棘的朿，給聲音，cì 磨成了 zé。責就是最早的「債」——後來加上人（亻）才寫成債。別人能向你討的，是你的責任；大聲討，就是責備。
貴	guì	adjective — expensive	𠀐=sound:kuì — gives the sound | 貝=meaning:a cowrie shell — money	貝殼錢（貝）上面是蕢（kuì）磨損的古形——一只筐，給聲音，k 變成了 g。要一筐貝才換得到的：貴。再從貴到尊貴：太貴、貴賓、貴姓。
貶	biǎn	verb — to lower, to demote, to disparage	貝=meaning:a cowrie, value and worth | 乏=sound:gives the sound	把價值（貝）往下壓——減損、降低。乏給聲音 fá，磨得遠遠成了 biǎn。從「削低身價」引出貶值、貶官、貶低、褒貶。
買	mǎi	verb — to buy	罒=meaning:a net — 网 flattened wide | 貝=meaning:a cowrie shell — the old money	網（罒）罩住貝（貝）——把貨往家裡撈：買。上面加個出就往外送：賣（那個出後來寫成了士）。
貸	dài	verb — to lend	代=sound:dài — gives the sound | 貝=meaning:a cowrie — money, value	把錢（貝）先交出去頂著用（代）——借出，也借入，就是貸。代（dài）給聲音，原音不變。貸款、借貸、信貸。
費	fèi	verb/noun — to spend, expend	貝=meaning:a cowrie shell — money, value | 弗=sound:fú — gives the sound	貝（貝）配上弗——錢花出去、散出去，就是費。弗（fú）給聲音，磨成 fèi。花掉的：費用、消費、浪費、學費。
貼	tiē	verb — to stick on, to paste	貝=meaning:a cowrie, money put against something | 占=sound:gives the sound	拿錢（貝）抵上去——典押、緊貼。占給聲音 zhān，磨得遠遠成了 tiē。意思落在「一物緊壓另一物」：貼上、貼近、貼心、補貼。
貿	mào	verb — to trade, to barter — adv — rashly, without thought (	貝=meaning:a cowrie, goods and money | 卯=sound:gives the sound	財貨（貝）換財貨——交易、買賣。卯給聲音 mǎo，斜成了 mào。日常意思是商貿：貿易、經貿、外貿。在貿然裡延伸成「不掂量就動手」——盲目交手。
賀	hè	verb — to congratulate, to offer good wishes	貝=meaning:a cowrie, valuables — a gift | 加=sound:jiā — gives the sound, dragged far to hè	貝（貝，財貨）配加（jiā）給聲音，拉得很遠成了 hè。送上一份禮，再加幾句好話——道賀：祝賀、賀喜、賀年。
賂	lù	verb/noun — to bribe	貝=meaning:a cowrie, goods given | 各=sound:gives the sound	把財物（貝）送出去——餽贈，再到「買人情的餽贈」。各給聲音 gè，磨得遠遠成了 lù。意思落在賄賂：賄賂、賂遺。幾乎總跟賄連用。
賃	lìn	verb — to rent, hire (for payment)	任=sound:rèn — to bear, take on; gives the sound | 貝=meaning:a cowrie — money, payment	任（rèn）壓在貝（貝，錢）上——說文解作「庸也」，僱、租。付出錢，換來一段時間用別人的東西：租賃、賃屋。聲音離開了本源，從 rèn 走到 lìn。
賄	huì	noun/verb — wealth, goods	貝=meaning:a cowrie, wealth | 有=sound:gives the sound	自己擁有（有）的財貨（貝）——財物、資產。有給聲音 yǒu，磨得遠遠成了 huì，它「擁有」的意思也染上來。從「拿財物去走後門」引出賄賂、行賄、受賄。有身兼兩職——既是聲音，也是那「擁有」。
資	zī	noun — wealth, capital	貝=meaning:a cowrie shell — money | 次=sound:cì — gives the sound	貝殼（貝）就是錢——存起來的財貨。次（cì）給聲音，c 磨成了 z。做事靠的本錢都是資：資金、資源、資料。
賊	zéi	noun — a thief, bandit	貝=meaning:a cowrie shell — money, goods to be taken | 戈=meaning:a dagger-axe — the weapon | 則=sound:zé — gives the sound, worn to zéi; its shell 貝 is the one you see on the left	兵器（戈）架在財貨（貝）上——賊先是用刀造成的傷害，再是動手的人：盜賊、賊匪。聲音來自則（zé），磨成了 zéi；左邊那個貝就是則裡的貝，戈是壓上去的兵器。從搶奪引出那股狡猾：賊頭賊腦。
賓	bīn	noun — a guest, a visitor of honor	貝=meaning:a cowrie — the gift the guest brings | 宀=sound:gives the sound	捧進來的財貨（貝）——客人帶來的禮，受尊敬接待。上面的宀給聲音 bīn：說文作「从貝宀聲」，更早的字形寫成完整的聲符𡧍（宀上兵下）。從貴客引出賓客、來賓、賓至如歸、喧賓奪主。
賜	cì	verb — to bestow, grant (from above to below)	貝=meaning:a cowrie shell — money, valuables | 易=sound:yì — gives the sound	貝（貝）是手裡的財貨，賜就是把財貨往下發——上位者賞給下面的人。易（yì）給聲音，磨成了 cì。給的方向只有一個：由上而下。
賞	shǎng	verb — to reward, to bestow	貝=meaning:a cowrie, the reward given | 尚=sound:gives the sound	把錢（貝）發給有功的人——獎賞。尚給聲音 shàng，斜成了 shǎng。從「賜賞」引出獎賞、賞賜。再從「給」轉到「品味地看」：欣賞、賞月。
賠	péi	verb — to compensate, pay back	貝=meaning:a cowrie — money paid out | 咅=sound:pǒu — gives the sound	把錢（貝）拿出去補人家的損失——賠償，自己也就賠了。咅（pǒu）給聲音，聲母 p 留著，其餘磨過。賠償、賠錢、賠本。
賢	xián	adj/noun — worthy, able, virtuous	臤=sound:xián — gives the sound | 貝=meaning:a cowrie — wealth, worth	牢牢握住（臤）的財富（貝）——指人才德兼備，就是賢。臤（xián）給聲音，讀法相近。賢能、賢良、聖賢。
賣	mài	verb — to sell	出=meaning:to go out — a foot stepping out of a hollow | 買=meaning:to buy — a net 罒 over a cowrie 貝, money caught up	上面是出，下面是買：東西送出去、與買相對——賣。上頭那塊現在寫平了，本來就是出。錢進來，物出去，這就是賣——賣東西；把這「送出去」用在人身上，就是出賣。
賤	jiàn	adjective — cheap, of low price	貝=meaning:a cowrie, price and worth | 戔=sound:gives the sound	把價值（貝）削到所剩無幾——賤價。戔給聲音 jiān，斜成了 jiàn，它「兩戈相砍、剩下零碎」的畫面也通進「小、少」的意思。從低價引出賤價、貧賤、賤視。戔不只是聲音，也帶「微少」的意思。
賦	fù	verb — to levy, to grant, to endow — noun — a tax	貝=meaning:a cowrie, levied wealth | 武=sound:gives the sound	在武力下收進財貨（貝）——徵收、斂取。武給聲音 wǔ，磨得遠遠成了 fù。從「收進」轉到「發出」：賦稅，再到賦予、天賦。當文體，賦是鋪陳的辭賦。
質	zhì	noun — substance, quality	斦=sound:gives the sound | 貝=meaning:a cowrie, the value pledged	拿東西抵東西作保——財貨（貝）壓在斦下，斦是兩把斤（斧）押作交換。斦給聲音 zhì，今天看上去只是兩個斤。從「抵押之物」引出本體、品質、實質、本質；從「對質」引出質問、人質。
賭	dǔ	verb — to gamble, bet	貝=meaning:a cowrie — money put at stake | 者=sound:zhě — gives the sound	把錢（貝）押上去賭輸贏——賭。者（zhě）給聲音，讀法走得遠。賭博、賭注、賭錢。
賴	lài	verb — to rely on	貝=meaning:a cowrie — gain, money | 剌=sound:là — gives the sound	靠上去吃的那份利（貝）——依賴；賴著不還的那份，就是抵賴、賴帳。剌（là）給聲音，差個調。依賴、信賴、抵賴、賴帳。
賺	zhuàn	verb — to earn, to make (money), to profit	貝=meaning:a cowrie, money | 兼=sound:jiān — gives the sound, worn from j to zh	貝（貝，錢）配兼（jiān，一手握兩把）給聲音，由 j 磨成 zh。錢進來多過本錢，就是賺：賺錢、賺取。
購	gòu	verb — to buy, purchase, procure	貝=meaning:a cowrie shell — money laid out | 冓=sound:gòu — gives the sound	一枚貝（貝），擺出去的錢，配冓（gòu）的聲音——冓壓在右邊，已經看不出獨立的樣子。說文說「以財有所求也」——拿錢去換要的東西：購買、購物、採購。它走冓這一排：構、講、溝。
賽	sài	noun/verb — contest	塞=sound:sāi — gives the sound | 貝=meaning:a cowrie shell — valuables	塞（sāi）去掉土當聲音，聲調轉了；下面是錢財（貝）——本義是酬神：廟會上把供品擺出來謝神。陣頭一家比一家熱鬧，比著比著，字就留給了比賽：賽跑、球賽。
贈	zèng	verb — to give as a gift, to present, to bestow	貝=meaning:a cowrie, valuables — a gift | 曾=sound:zēng — gives the sound, only the tone shifting	貝（貝，財貨）配曾（zēng）給聲音，只變了調。把值錢的東西白送出去——贈：贈送、贈品。
贊	zàn	verb — to support, to approve, to assist	貝=meaning:a cowrie, valuables brought forward | 兟=sound:shēn — two 先 stacked, worn unfamiliar; the donor, dragged to zàn	貝（貝，財貨）在下，兟（兩個先，搶著上前）在上給聲音，從 shēn 拉遠成 zàn。帶著禮上前撐人——贊：贊成、贊助、贊同。
贏	yíng	verb — to win, gain, profit	貝=meaning:a cowrie — the winnings, money gained	正中下方一枚貝（貝）——贏到手的錢，這一局賺著了，就是贏。贏家、贏球、贏錢。
贓	zāng	noun — stolen goods, loot	貝=meaning:a cowrie — money, goods of value | 臧=sound:zāng — to stash, hold; gives the sound (the root behind 藏, 臟)	貝（貝，值錢的東西）配上臧（zāng）取聲——搶來、藏起來的財物：贓物、貪贓、分贓。臧也是藏（收藏）、臟（內臟）的根；在這裡，它指不該拿而拿的那筆。
走	zǒu	verb — to walk	夭=meaning:a person running, arms flung | 止=meaning:a foot	甩開兩臂的人（夭），底下一隻腳（止）；抄寫把上頭的人磨成了土的樣子。合起來寫的是用腳趕路——古書裡是奔跑：走馬，就是縱馬奔。
赴	fù	verb — to go to, head for, attend	走=meaning:to run, go — legs in motion | 卜=sound:bǔ — gives the sound	邁開腿（走）往一個定點去——前往、赴約，就是赴。卜（bǔ）在旁給聲音，讀法走遠了。赴約、奔赴、赴湯蹈火。
起	qǐ	verb — to rise, get up	走=meaning:running — a figure over a foot | 己=sound:jǐ — gives the sound	走（走）加己（jǐ）的聲音——站起身、動起來（說文：能立也）：起來、起床。從起身：開頭是起頭，升上去是升起，帶出來是引起。
趁	chèn	verb/prep — to take advantage of, while (there is)	走=meaning:to run, go — chasing after | 㐱=sound:zhěn — gives the sound	邁腿（走）去追那一閃即過的時機——趁機、趁早，就是趁。㐱（zhěn）給聲音，聲母韻母都磨過。趁機、趁早、趁熱。
超	chāo	verb — to leap over, exceed	走=meaning:running legs | 召=sound:zhào — gives the sound	跑（走）給了腿；召（zhào）給聲音，zh 滑到 ch，調也變了。本義是一躍而過——從這一跳，凡是越過界線的都是超：超過、超越、超級。
越	yuè	verb — to cross over, pass beyond	走=meaning:to run, to stride | 戉=sound:yuè — gives the sound	邁開腳步（走）跨過界線——越過、超出。戉（yuè）是一把寬刃的斧頭，給聲音，原音不變。從跨過去而來：越過、超越，還有「越…越…」——越來越多。
趕	gǎn	verb — to chase, drive	走=meaning:to run — a swinging body over a foot, rapid motion | 干=sound:gān — gives the sound	走是奔跑的身子，干給聲：跑在後頭把人追上、把牲口趕著走——趕。干（gān）給聲音，只變了調，成 gǎn。從往前驅趕引出趕快、趕上、趕走。
趟	tàng	measure word — a trip, a run (a round of going) — verb — to 	走=meaning:to walk, to run a course | 尚=sound:gives the sound	走一回，去了又回——算一趟。字形有兩個說法：走（走）配尚給聲音 shàng，磨得遠遠成了 tàng；或是足（足）配堂給聲音 táng，斜成了 tàng。兩說都是「動腳」配一個尚／堂的聲符。日常用來數來回：一趟、跑一趟、趟數。讀 tāng 是蹚水：趟水、趟過河去。
趣	qù	noun — interest, fun	走=meaning:to walk, to run | 取=sound:qǔ — gives the sound	兩腿（走）趕著奔向一樣東西——快步前往。取（qǔ）給聲音，聲調偏成了 qù。腳會自己奔過去的，就是吸引你的：興趣、有趣、趣味。
趨	qū	verb — to hasten toward, tend toward, incline	走=meaning:to run, go — quick steps | 芻=sound:chú — gives the sound	快步（走）朝一個方向偏過去——趨向、趨勢，就是趨。芻（chú）給聲音，聲母滑到 q。趨勢、趨向、趨近。
足	zú	noun — foot	止=meaning:the foot, sole on the ground | 口=form:the rounded part above the sole	整隻腳畫下來：下面是腳掌（止），上面是一個圓圈（口）。這個圓圈有兩種說法：膝蓋或小腿關節，或是鼓鼓的小腿肚——都是腳掌以上那一截，合起來就是膝蓋以下這一段。很早被借去寫「夠」，滿到剛好：足夠、滿足。當部首，它撐在每一步底下：跑、踢、踏、跟、路。
趴	pā	verb — to lie prone, bend forward over	足=meaning:a foot — the body's stance | 巴=sound:bā — gives the sound	整個人靠著腳（足）伏下去，貼平（巴）——趴下、趴著。巴（bā）給聲音，b 換成 p。趴下、趴著。
跌	diē	verb — to fall, stumble	足=meaning:a foot — the step that goes wrong | 失=sound:shī — gives the sound	腳（足）一沒抓穩（失）——摔倒，就是跌；價錢站不住，也叫跌。失（shī）給聲音，讀法走遠了。跌倒、下跌、跌跤。
跑	pǎo	verb — to run	足=meaning:the foot | 包=sound:bāo — gives the sound, worn from b to p	一隻腳（足）加上 包（bāo）給聲音，b 磨成了 p。腳快快地打地——跑：跑步、賽跑。要躲開什麼，也是跑：逃跑。
距	jù	noun — distance, the gap between — verb — to be apart from	足=meaning:a foot, the stride that spans | 巨=sound:gives the sound	腳（足）配一個巨，巨是手握的大矩尺、一大跨。巨給聲音 jù。本義是雞距——腳上那根刺；從「一點離另一點」引出距離、相距、間距。
跟	gēn	verb — to follow	足=meaning:a foot | 艮=sound:gèn — gives the sound	腳（足）的後端——說文：足踵，腳跟。艮給聲音，調子放平成 gēn。從腳跟到跟在腳跟後面，再到「跟你一起」：跟著、跟我來、我跟你。
跡	jì	noun — a trace, a track, a mark left behind	足=meaning:a foot, the step that leaves a mark | 亦=sound:gives the sound	一隻腳（足）和它踩進地裡的印——落腳的那個地方。亦給聲音 yì，磨成了 jì。從腳印引出足跡、痕跡、軌跡、事跡。古字寫作迹，從辵（路）。
跨	kuà	verb — to step across, straddle, span	足=meaning:foot, leg | 夸=sound:kuā — the phonetic, fallen to fourth tone kuà	足（腳）加上 夸（kuā）的聲音——一腿邁過去的大步：跨過、跨越。夸讀 kuā，到跨變成 kuà。夸也給了誇、挎。
跪	guì	verb — to kneel	足=meaning:a foot — the legs bent under | 危=sound:wēi — gives the sound	兩腿（足）彎下去，身子低低地懸著（危）——跪。危（wēi）給聲音，讀法走遠了。跪下、下跪、跪拜。
路	lù	noun — road, way	足=meaning:a foot | 各=sound:gè — gives the sound	腳（足）配上各的聲音——各自己也是一隻腳（夂）走到門口（口）。兩隻腳走在一個字裡：路。這一排字早就分了家，g 歸 g、l 歸 l：格、客一邊，落、路一邊。想法走的是思路，資料走的是網路。
跳	tiào	verb — to jump, to leap	足=meaning:a foot, a leg | 兆=sound:zhào — gives the sound	腳（足）一蹬離地——跳。兆（zhào）給聲音，zh 跨到 t；這一家分兩條路走——桃、逃、挑那邊，兆自己這邊。心也會跳：心跳。
踏	tà	verb — to step on, to tread	足=meaning:the foot | 沓=sound:tà — gives the sound	一隻腳（足）加上 沓（tà）給聲音。腳踩到地上——踏：踏步、踐踏。踩得穩，人就落在實處：踏實。
踐	jiàn	verb — to tread on	足=meaning:a foot — what does the treading | 戔=sound:jiān — gives the sound	一隻腳（足）實實踩下去（戔）——踩踏，再到把事做到、實踐。戔（jiān）給聲音，差個調。實踐、踐踏、踐行。
踢	tī	verb — to kick	足=meaning:the foot | 易=sound:yì — gives the sound, worn from yì to tī	一隻腳（足）加上 易（yì）給聲音，磨成了 tī。腳猛地踢出去——踢：踢球、踢腿。用腳玩的球賽：踢足球。
踩	cǎi	verb — to step on, tread	足=meaning:a foot | 采=sound:cǎi — gives the sound	腳（足）踏下去——踩。右邊 采（cǎi）給聲音，跟 採、菜、彩 同一個。踩水、踩準，凡是腳踏的都是它。
踴	yǒng	verb — to leap, jump up	足=meaning:a foot | 勇=sound:yǒng — gives the sound	腳（足）配上 勇（yǒng），就是「勇敢」那個勇。腳一蹬地，往上跳——踴。踴躍，又是跳又是熱切。
蹈	dǎo	verb — to tread, to step on	足=meaning:a foot, the tread | 舀=sound:gives the sound	一隻腳（足）踏下去、踩穩。舀給聲音 yǎo，磨成了 dǎo。從「實踏」引出舞蹈、蹈矩、赴湯蹈火——踏著開水、踩著烈火也照走。
蹟	jī	noun — a trace, footprint, mark left behind	足=meaning:a foot — the step that leaves the mark | 責=sound:zé — gives the sound	一隻腳（足）和它踩下的地方——本義是腳落的那一點，腳印。責（zé）給聲音，從 zé 一路磨到 jī；它的核心其實是朿（cì），更深的聲源。從腳印引出留下的痕跡：足蹟、遺蹟、古蹟，再到奇蹟。也常寫作跡、迹。
蹤	zōng	noun — track, trace, footprint	足=meaning:a foot | 從=sound:cóng — gives the sound	腳（足）配 從（cóng），就是一人跟在一人後面那個從。腳留下的、讓人跟的，就是蹤。c 磨成了 z。蹤跡、追蹤。
蹲	dūn	verb — to squat, crouch	足=meaning:a foot | 尊=sound:zūn — gives the sound	腳（足）配 尊（zūn），就是雙手奉酒那個尊。腿一彎，身子坐到腳跟上——蹲下。z 滑成了 d。蹲下、蹲踞。
躁	zào	adjective — restless, impatient, hot-tempered	足=meaning:a foot | 喿=sound:zào — gives the sound	腳（足）停不下來，配 喿（zào），就是樹上三張嘴吵鬧那個喿。腳老是動，人就躁。喿給字音，跟 噪、燥、操 同源。急躁、煩躁。
躍	yuè	verb — to leap, to jump, to spring up	足=meaning:a foot, the spring | 翟=sound:gives the sound	腳（足）一蹬騰起，像長尾的雉雞（翟）猛地飛竄。翟給聲音 dí，磨得遠遠成了 yuè。從跳起引出跳躍、躍進、躍起、活躍。
身	shēn	noun — body	身=form:a person in profile, belly heavy	側面畫的一個人，肚子向前隆起——懷著孩子的身體。古書說懷孕就是有身。從軀幹出去：整個身體；住在身體裡的自己（本身、親身）；自己在人群裡的位置（身分）。
躬	gōng	verb/noun — to bow	身=meaning:the body | 弓=sound:gōng — the phonetic, and a bow that bends	身（身體）配上 弓（gōng）的聲音——而弓是會彎的東西，身體行禮時也彎下去：鞠躬、躬身。讀音不變，都讀 gōng。弓也給了宮。
躲	duǒ	verb — to hide, dodge, get out of the way	身=meaning:a body | 朵=sound:duǒ — gives the sound	身體（身）配 朵（duǒ），就是花朵低垂那個朵。身子一縮，藏開了——躲。朵給字音。躲避、躲藏、躲開。
躺	tǎng	verb — to lie down, to recline	身=meaning:the body laid out | 尚=sound:gives the sound	把身子（身）放平——躺。尚給聲音 shàng，磨得遠遠成了 tǎng。日常意思是臥下：躺下、躺著、平躺。
車	chē	noun — a vehicle	車=form:a chariot drawn from above — the box on its axle	從上面看一輛戰車：中間是車廂，一豎是貫穿的車軸。古文字連兩個輪子都畫出來；抄著抄著，只剩車廂和軸。後來有輪子的都坐這個字：車子、火車、公車。
軌	guǐ	noun — a rut, a track, a rail	車=meaning:a cart — the wheels that cut the track | 九=sound:gives the sound	一輛車（車），和車輪壓出的轍——定下它能走的路。九給聲音 jiǔ，磨成了 guǐ。從車轍引出軌道、鐵軌、軌跡、出軌。
軍	jūn	noun — army	冖=meaning:the ring of the camp — worn from 勹, an encircling wrap | 車=meaning:a war chariot	戰車（車）繞成一圈（勹，抄扁成了冖）——圍起來的營盤就是軍。從營盤生出軍隊、軍人，打仗的事就是軍事。
軟	ruǎn	adjective — soft, pliable, weak	車=meaning:a cart, vehicle | 欠=sound:the worn phonetic — once 耎 ruǎn, the pliant	車（車子）旁邊一個 欠——可是這個 欠 是磨壞了的 耎（ruǎn），「柔軟、可彎」，聲音和意思都是它給的。看得見的是欠，真正出聲出義的是藏起來的耎。所以是：柔、軟——軟弱、柔軟。和 硬（石頭那樣硬）對著記。
軸	zhóu	noun — an axle	車=meaning:a cart | 由=sound:yóu — gives the sound	車（車）上托住輪子、讓它轉的那根桿——車軸，引申到任何中心的桿、轉動的軸線：車軸、中軸線。由（yóu）給聲音，硬化成 zhóu。
較	jiào	verb/adv — to compare	車=meaning:a chariot | 交=sound:jiāo — gives the sound	車（車）加交（jiāo）的聲音，調變了。本義是車兩旁的橫木；車靠著車、橫木對著橫木擺在一起，高下就比出來了——比較。
載	zài	verb — to carry, load	車=meaning:a cart | 𢦔=sound:zāi — the buried phonetic, hidden across the 車	車（車子）穿過 𢦔（zāi）這個聲符——車上堆滿貨：裝載、載貨。𢦔 不好認，被車拆在兩邊，可它就是出聲的那塊，還串起一整家：哉、栽、裁、戴。從往車上裝，引到往紙上記——記載。
輔	fǔ	verb — to assist, support, supplement	車=meaning:a cart | 甫=sound:fǔ — gives the sound	車（車）配 甫（fǔ）。輔本是綁在車輪旁的夾板，撐住重載——旁邊的幫手。從夾住車輪，引到一切扶持：輔助、輔導。甫給字音。
輕	qīng	adjective — light (in weight)	車=meaning:a cart, a vehicle | 巠=sound:jīng — gives the sound, worn from j to q	一輛輕便的戰車（車）——輕車，跑得快又不載重。巠（jīng）給聲音，聲母軟化成 q。從輕車，引申出凡是輕的、不費力的：輕重、輕鬆、輕易。同一個 巠 也串起 經、徑、頸。
輛	liàng	measure — for vehicles	車=meaning:a cart | 兩=sound:liǎng — gives the sound	車（車）用成雙的東西（兩）來數——一對輪子。先是光用兩來數車，後來才把車寫進去。調子從 liǎng 彎成 liàng：一輛車、兩輛車。
輝	huī	noun — radiance, splendor — verb — to shine, to glow	光=meaning:light, radiance | 軍=sound:gives the sound	光（光）大放——光芒、光輝。軍給聲音 jūn，磨成了 huī。從「發光」引出光輝、輝煌、輝映、輝耀。
輩	bèi	noun — generation, cohort	車=meaning:a cart | 非=sound:fēi — gives the sound	非（fēi）在上，就是兩翼相背那個非，下面是車（車）。一百輛車排成一列叫一輩——一排、一列。從車的列引到同時生的人的列：前輩、晚輩、我輩。非給聲音，f 變成了 b。
輪	lún	noun — a wheel	車=meaning:a cart — what the wheel turns under | 侖=sound:gives the sound	一輛車（車）配一個侖，侖是按次序編好的竹簡——侖給聲音 lún。輪是車底下那個圓轉的東西；從「圓轉、循環」引出車輪、輪子、輪流、輪番。
輯	jí	verb — to compile, edit	車=meaning:a cart | 咠=sound:qì — gives the sound	車（車）一件一件裝起來——輪子、車軸、車架，照次序裝好。咠（qì）給聲音，q 磨成了 j。從裝車到裝文章：編輯、輯錄、專輯。
輸	shū	verb — to transport, to convey	車=meaning:a cart, what carries the load | 俞=sound:gives the sound	一輛車（車）把貨從這裡載到那裡——運送。俞給聲音 yú，磨成了 shū。從運送引出運輸、輸入、輸送。從「把本錢送出去」轉出另一義——輸：輸贏、認輸。
輻	fú	noun — spoke of a wheel	車=meaning:a cart, a wheel | 畐=sound:fú — gives the sound	一個車輪（車），畐（fú）給聲音——從車軸往輪緣放射的那些輻條。由輻條的散開引申到一切向外放射：輻條、車輻、輻射。
輿	yú	noun — carriage, palanquin	舁=sound:yú — gives the sound | 車=meaning:a cart, held inside the four hands	四隻手抬（舁）著一輛車（車）——轎輿的車身，眾人抬起的那部分。從眾手所抬，引到眾人本身：輿論就是被抬起的眾人在說的話。舁給字音。
轄	xiá	verb — to govern, have jurisdiction over	車=meaning:a cart, a vehicle | 害=sound:hài — gives the sound	車（車）配上害（hài）給聲音——磨成 xiá。轄本來是車軸頭上的銷子，插住車輪不讓它滑掉。握住這根銷子，就管住了整輛車；由此引出今天的意思——管轄、統轄，歸你管的範圍。
轉	zhuǎn	verb — to turn, to revolve	車=meaning:a cart, a wheel | 專=sound:zhuān — gives the sound	車輪（車）轉動，專（zhuān）轉著紡錘給聲音，聲調偏成了 zhuǎn。輪子一圈圈轉——運轉，引申為轉向、轉身、轉變。順著轉勢把東西交出去：轉告、轉移。
轎	jiào	noun — a sedan chair	車=meaning:a cart, a wheeled conveyance | 喬=sound:qiáo — gives the sound	坐的車（車），喬（qiáo）給聲音。車有輪子，轎靠人扛——轎子，後來也是轎車。
轟	hōng	verb — to rumble, boom	車=meaning:a cart — written three times, a din of carts	三輛車（車車車）一齊上路——許多輪子轟轟作響。由這聲音來：轟炸、轟動、轟轟烈烈。
辛	xīn	adjective — pungent, hot (spicy)	辛=form:rendered bare — a tattooing knife	一把寬刃刀的樣子——古時拿來在罪人臉上刺字的刑刀。刀刃的刺，給了嗆口的味道：辛辣。受刑者的境遇，給了又苦又累：辛苦、辛勞。上面那個十字，是刀柄磨平後的樣子，看不出刀了。
辜	gū	noun — guilt, crime	辛=meaning:a blade for branding — punishment, crime | 古=sound:gǔ — gives the sound	行刑的刀（辛），定罪的記號，古（gǔ）給聲音。本義是罪、是過錯；由「欠人一個交代」來，就有辜負——對不起人。
辣	là	adjective — hot, spicy (pungent)	辛=meaning:pungent, the biting taste | 剌=sound:là — the right side, read là	辛 給嗆人的刺痛味；右邊給聲音，唸 là。右邊有兩種說法：一是完整的 剌（帶刺的枝 束 加上刀 刂，là），刀（刂）在通行字裡磨掉了；二是直接拿那個 束 形來標音——兩種都唸 là。合起來，舌頭上的灼燒：辣椒、辛辣。換一種灼燒：毒辣、潑辣。
辦	bàn	verb — to handle, manage, get done	辡=sound:biàn — gives the sound | 力=meaning:strength — set down in the middle	兩個辛面對面（辡），是爭執的兩造；力（力）放在當中——合起來寫的是把事情辦下來。辡（biàn）標聲音，i 磨掉了，成了 bàn。辦法是辦得通的路；辦事、辦公就是動手去辦。
辨	biàn	verb — to distinguish, tell apart	刂=meaning:a knife, set upright — to cut apart, to judge | 辡=sound:biàn — gives the sound; and means dispute	一把刀（刂）插進辡（biàn）中間——兩把辛刀對立。刀把爭執切開：分清楚，辨別、辨認、明辨是非。
辭	cí	noun — words, diction	𤔔=meaning:hands drawing out and ordering tangled silk | 辛=meaning:a knife — the instrument of judgment	雙手理開亂絲（𤔔），旁邊是辛——斷案的刀。為公堂理出來的話，就是訴詞、口供。從理好的話引到言語，再引到推開言語：言辭、辭職、告辭。
辯	biàn	verb — to argue, debate, plead	言=meaning:words, speech | 辡=sound:biàn — gives the sound; and means dispute	話（言）擺在辡（biàn）中間——兩把辛刀對峙。爭執裡用的是話：辯論、辯護、辯才。
辰	chén	noun — the 5th earthly branch	辰=form:a clam-shell hoe, or a hand gripping a cliff-edge	古文字有兩個說法：一把蜃殼做的鋤，標記農時的田器；或是一隻手攀著崖邊，振字最早的樣子。兩說都通向時節的更替，再到時辰：時辰、誕辰。它自成一系：音落在晨、震、振，形落在辱。
辱	rǔ	verb — to humiliate, disgrace	辰=meaning:the clam-shell hoe — the farming season | 寸=meaning:a hand at work	鋤（辰）下一隻手（寸）：下田勞作。誤了鋤所標的農時、讓田荒著，就是農人的恥辱，意思滑到丟臉本身：羞辱、侮辱。
農	nóng	noun — farming	曲=empty:worn remainder of 林 — the woods being cleared | 辰=meaning:a shell-blade sickle	甲骨文是雙手拿著蚌殼磨成的鐮刀（辰），在樹林（林）裡開地。傳抄把林磨成上頭曲形的一塊，鐮刀留在下面。這份活就是農：農夫、農業。
迅	xùn	adjective — swift, rapid	辶=meaning:the walk radical — motion, going | 卂=sound:xùn — gives the sound	走動（辶）加上卂（xùn）——鳥拍翅疾飛。合起來就是快：迅速、迅雷不及掩耳、迅捷。
迎	yíng	verb — to welcome, to go out to meet, to greet	辵=meaning:to walk, to go (辶) | 卬=sound:áng — gives the sound, worn from áng to yíng	走之旁（辵）往外走，卬（áng）給聲音，磨成了 yíng。卬 是一個人仰頭面對另一個人——你迎上前去面對他：相迎、相接。歡迎、迎接、迎面。和把人送走的 送 正好相反。
近	jìn	adjective — near, close	辶=meaning:walking, the road | 斤=sound:jīn — gives the sound	路（辶）配斤的聲音，調子降成 jìn——走幾步就到。地方近，時間也近：附近、最近。
返	fǎn	verb — to return, go back, turn back	辶=meaning:the walk — a road and a foot | 反=sound:fǎn — gives the sound	走之（辶）配 反（fǎn），就是一隻手翻過來那個反。把路掉頭走回去——返。反給字音。返回、往返、返鄉。
迫	pò	verb — to press, compel	辶=meaning:the walk — a road and a foot | 白=sound:bái — gives the sound	走之（辶）配 白（bái）。走到緊貼面前、逼上來——迫近。從拉近距離引到強迫、急切：逼迫、急迫、迫切。白給聲音，b 變成 p，跟 怕、柏 同一個白。
述	shù	verb — to relate, narrate, state	辵=meaning:to walk, go along a road (辶) | 朮=sound:zhú — the phonetic, shifted to shù	辵（辶，走路）配上 朮（zhú）的聲音：沿著路走——再從「沿路走」引到「順著一件件說」，敘述、陳述。朮讀 zhú，到述變成 shù。和 術 對照：述是順著走（辶），術是路口（行）裡的手藝。
迴	huí	verb — to circle back, wind around, turn	辶=meaning:the walk radical — motion, going | 回=sound:huí — gives the sound; and means turning	路（辶）加上回（huí）——本身就是一圈圈往裡繞的形。走那個圈：繞回來、迴旋、迴避、迴響。
迷	mí	verb — to be lost	辶=meaning:the walk radical — motion, going | 米=sound:mǐ — gives the sound	路（辶）配上米（mǐ）的聲音——米粒四散，沒有一條路。走這樣的路會迷路；心也會迷：迷惑、迷戀。
追	zhuī	verb — to chase, pursue	辶=meaning:the walk — a road and a foot | 𠂤=sound:duī — gives the sound	走之（辶）配 𠂤（duī），一座小土堆——古形已壓成右邊那塊。在後頭使勁追趕——追。從追趕引到追求、追憶：追趕、追求、追憶。𠂤給聲音，跟 堆、隊、墜 同根。
退	tuì	verb — to withdraw, retreat, step back	辶=meaning:the walk radical — motion, going | 艮=form:the lower element — a foot turned to go back	走（辶）的下面，是古文字裡那隻調轉的腳——不往前踏，往後退。合起來是後退、退出，再引申為退下職位：退休、退位。
送	sòng	verb — to see off, to send	辵=meaning:to walk, to go (辶) | 灷=sound:gives the sound	走之旁（辵）走著，上面那雙抬手的部件（灷，在今字裡省了筆）給聲音。你把人或物送出門、遞出去：送行、送信。白白遞出去的，就是禮物：贈送、送禮。
逃	táo	verb — to flee, escape, run away	辶=meaning:the walk radical — motion, going | 兆=sound:zhào — gives the sound	路（辶）加上兆（zhào）——龜甲受熱裂開的紋。順著路裂開、岔開：逃跑、逃避、逃亡。
逍	xiāo	verb — to wander free and easy, roam without care	辵=meaning:walking, going | 肖=sound:xiào — gives the sound	辵（走）配肖（xiào）的聲——鬆鬆散散地走，幾乎只用在逍遙：自由自在地遊。肖也給消、宵、銷聲音。
透	tòu	verb — to pass through	辶=meaning:the walking foot — movement | 秀=sound:xiù — gives the sound	走（辶）配上秀的聲音，磨得遠了——xiù 變 tòu。合起來寫的是穿過去：光穿過玻璃是透明，雨穿過外套是濕透，一眼穿過人心是看透。
逐	zhú	verb — to chase, to pursue	辵=meaning:footsteps on a road — going after | 豕=sound:shǐ — the pig, the quarry, and the donor of the sound, dragged to zhú	路上的腳步（辵）追著一頭豬（豕）——把牠趕下來。古文字有兩個說法：豕是被追的獵物，一頭被腳步逼下來的豬，或是豕（shǐ）給聲音，拉成 zhú。不論哪種，從一步步逼近又引出「一個接一個、漸漸」：追逐、驅逐、逐漸。
途	tú	noun — road, path, way	辶=meaning:the walk — a road and a foot | 余=sound:yú — gives the sound	走之（辶）配 余（yú）。腳走的那條線——路、道。從路引到路程、門路：旅途、途徑、中途。余給聲音，光母音前長出 t，跟 塗 一樣。
逗	dòu	verb — to tease, amuse, provoke	辶=meaning:walking, the road | 豆=sound:dòu — gives the sound	走著走著（辶）停了下來——本義是停、是在路上逗留。豆（dòu）給聲音，畫面也合：一隻高腳的盤子穩穩放著。從半路停下，來了逗留（停下不走），和故意纏著人玩——逗弄、逗趣。寫字裡的那個停頓，就是逗點。
這	zhè	pronoun — this	辶=meaning:a foot on the road | 言=sound:yán — gave the old sound; the borrowing kept the shape	路上的腳（辶）加上話（言）——本來是「迎」的意思。唐朝以後，「這」把字借走——指東西的字，穿著趕路的衣服。
通	tōng	verb/adj — to go through	辶=meaning:walking — the road radical | 甬=sound:yǒng — gives the sound	走字旁（辶）配上甬的聲音——一路走得過去。路走得過去是交通；話傳得過去是溝通、通知；什麼都通的人，叫通。甬這一排字聲音分了家：痛、桶留在 t，勇走去了 y。
逛	guàng	verb — to stroll, roam, wander about	辶=meaning:walking, going (辵) | 狂=sound:kuáng — gives the sound	走著（辶）卻沒有目的——閒晃、亂逛。狂（kuáng）是放出去的狗，給聲音，變成 guàng，也帶一點「隨興而走」的味道。沒目的地走：逛街、逛逛。
逝	shì	verb — to pass away	辵=meaning:to walk, to go (辶) | 折=sound:zhé — gives the sound	走（辶）著離開——逝是往前過去、不再回頭：時光流逝，人也逝世。折（zhé）給聲音，磨成了 shì。逝走的，就不回來了。
速	sù	adj/noun — fast, quick	辶=meaning:walking, going (辵) | 束=sound:shù — gives the sound	走得（辶）飛快——速。束（shù）是綁緊的一捆，給聲音，變成 sù——把動作拉緊放出去。從快而來：速度、快速、迅速。
造	zào	verb — to make	辶=form:a foot walking down a road — motion, going | 告=sound:gào — to tell, to announce; in other characters, usually the sound	路上的一隻腳（辶）帶「去、到」；告表聲——寫的是「到達」。
逢	féng	verb — to meet, come upon, encounter	辶=meaning:the walk — a road and a foot | 夆=sound:féng — gives the sound	走之（辶）配 夆（féng），兩物相向而行那個夆。走著走著，迎面碰上——逢。夆給字音，跟 縫、峰、蜂 同一個。相逢、每逢、逢年過節。
連	lián	verb/adv — to link, join	辶=meaning:walking, going (辵) | 車=meaning:a cart, a wheeled wagon	車（車）在路上（辶）——一輛接一輛走，連成一串。兩個義符合起來寫「接連不斷」：連接、連續、連夜。從不間斷而來，連「連…都」也把一切都掃進去。
逮	dài	verb — to catch, to arrest	辵=meaning:footsteps on a road — going after | 隶=sound:lì — a hand seizing a tail; gives the sound, worn from l to d	路上的腳步（辵）配隶（lì，一隻手從後抓住尾巴）給聲音，由 l 磨成 d，意思也透了過來：走著走著追上、抓住。逮捕、逮到、力有未逮。
週	zhōu	noun — a week	辶=meaning:walking — a road and a foot | 周=sound:zhōu — gives the sound exactly	走（辶）一圈，回到原點——一個循環。周給聲音，一點沒變，繞一圈的意思也一起帶來。七天繞完再來一遍：週末、下週、一週。
進	jìn	verb — to advance	辶=meaning:a step on the road | 隹=meaning:a short-tailed bird	路上的腳步（辶）加一隻短尾鳥（隹）。古文字有兩個說法：鳥只會往前跳、不會倒退；或是隹把古音借給走路的腳。怎麼說都只有一個方向：進來、前進、進步。
逼	bī	verb — to press, force, compel	辶=meaning:the walk — a road and a foot | 畐=sound:fú — gives the sound	走之（辶）配 畐（fú），一個裝滿的罈子。走近、擠上來——逼。畐給聲音，f 變成 b，跟 福、富、幅 同一個畐。逼近、逼迫、緊逼。
逾	yú	verb — to exceed, go beyond, pass over	辶=meaning:the walk — a road and a foot | 俞=sound:yú — gives the sound	走之（辶）配 俞（yú），一根挖空的獨木舟。走過了界、越過去——逾。俞給字音，跟 愈、喻、輸 同一個。逾越、逾期、逾常。
遇	yù	verb — to meet, encounter, come upon	辶=meaning:the walk — a road and a foot | 禺=sound:yú — gives the sound	走之（辶）配 禺（yú），一隻長尾猴。走著走著撞上——遇見。從偶然相遇引到被對待、際遇：遇見、待遇、機遇。禺給聲音，只升了調。
遊	yóu	verb — to travel, roam	辶=meaning:the road — walking | 斿=sound:yóu — gives the sound, exact	腳下是路（辶）；斿是一面飄著的旗，旗尾鬆鬆地擺——聲音原樣。像旗尾那樣飄著走，就是遊：旅遊、遊玩、遊戲。水裡的兄弟寫作游。
運	yùn	verb — to move, transport	辶=meaning:a road and a foot — going | 軍=sound:jūn — gives the sound	軍隊（軍）上了路（辶）——車在滾：搬動、運送。軍（jūn）給聲音，聲母磨掉了，成了 yùn。東西動起來：運動、運輸；人的處境也在動：運氣、命運。
遍	biàn	verb/adv — all over, everywhere	辵=meaning:to walk, to go (辶) | 扁=sound:biǎn — gives the sound	走之旁（辵）走著，扁（biǎn）給聲音，聲調偏成了 biàn。扁是又平又寬的——一路走遍，把整片地都蓋過：遍地、普遍。走完一整圈，就是一遍。
過	guò	verb — to pass, cross	辶=meaning:the walking foot — movement | 咼=sound:guō — gives the sound	走（辶）配上咼（guō）的聲音，只差一個聲調。合起來寫的是經過：過馬路、過期、過分；走過了的事，就是吃過、去過。
道	dào	noun — road, way	辶=meaning:a step on the road | 首=meaning:a head	頭（首）走在路上（辶）——人走的路。從腳下的路：做事的路是道理、道德；開口的路是說道、道謝；最大的那一條，就叫道。
達	dá	verb — to reach, get through	辶=meaning:walking — the road | 羍=sound:dá — gives the sound, an exact match	走路的辶，配羍（dá）的聲音，完全相同——大壓在羊上，是初生的小羊。意思是路走得通：一路無阻，直到底。通了，就是到達、達到；話送到了，就是表達、傳達。
違	wéi	verb — to violate, go against, disobey	辶=meaning:the walk radical — motion, going | 韋=sound:wéi — gives the sound	路（辶）配上韋（wéi）——上下兩腳繞著中間，背向而行。走相反的方向：違反、違背、違法。
遙	yáo	adjective — far, distant, remote (遙遠, 遙望)	辶=meaning:walking, going | 䍃=sound:yáo — gives the sound	走的部首（辶）配䍃（yáo）給聲音——搖、瑤、謠裡也是這個零件。一直走、一直走還沒到：路拉得很遠。遙遠、遙望、逍遙。
遜	xùn	adjective — humble, modest	辶=meaning:to walk, to withdraw — a step backward | 孫=sound:sūn — a grandson; gives the sound	走（辶）配上孫（sūn）取聲——說文解作「遁」，退、讓開。退一步、把自己擺後頭，就是謙遜。比別人落後一截，就是遜色、稍遜。聲音從 sūn 前移到 xùn。
遞	dì	verb — to hand over, pass along, transmit	辶=meaning:the walk — a road and a foot | 虒=sound:sī — gives the sound	走之（辶）配 虒（sī），一隻有角的虎獸——字的右半塊。把東西帶著走、交給下一個，一個接一個——遞。從輪流相傳引到逐級：傳遞、遞交、遞增。虒給聲音，離舊讀已遠。
遠	yuǎn	adjective — far, distant, remote	辵=meaning:to walk, to go (辶) | 袁=sound:yuán — gives the sound	走之旁（辵）走著，袁（yuán）給聲音，聲調偏成了 yuǎn。袁是拖得長長的衣袍——路也拉得長長：遠近、遠方。拉長到時間上，就是久遠、遠見。
遣	qiǎn	verb — to send off, dispatch	辶=meaning:the walk — a road and a foot | 𠳋=sound:qiǎn — gives the sound	走之（辶）配 𠳋（qiǎn）——古形雙手捧一堆，已壓成右半塊。讓人上路、打發出去——遣。從遣走引到排遣：派遣、遣送、消遣。𠳋給字音。
適	shì	verb/adj — to fit, suit	辶=meaning:walking, going (辵) | 啻=sound:chì — gives the sound	走（辶）到該去的地方——到位、相配、合適。啻（chì）給聲音，變成 shì。從「正合適」而來：適合、適當、適應、舒適。
遭	zāo	verb — to meet with, to come up against (usually misfortune)	辵=meaning:footsteps on a road — walking into | 曹=sound:cáo — gives the sound, worn from c to z	路上的腳步（辵）配曹（cáo）給聲音，由 c 磨成 z。走著走著正面撞上一件事——遭上的，多半是禍：遭遇、遭受、遭殃。
遮	zhē	verb — to block, cover, screen off, shade	辶=meaning:to go — to step across and bar the way | 庶=sound:shù — the common many; gives the sound	走（辶）配上庶（shù）取聲——說文解作「遏」，攔住。橫過去擋在路上，就是遮住、蓋住：遮蔽、遮擋；擋在太陽和人之間就是遮陽。聲母從 shù 滑到 zhē。
遲	chí	adj/verb — slow	辶=meaning:walking, going (辵) | 犀=sound:xī — gives the sound	走（辶）得沉重拖沓——慢、晚。犀（xī）是犀牛，給聲音（磨成 chí），也給牠笨重的步伐；抄寫把犀壓扁了，右邊已看不出整隻犀牛。從慢而來：遲到、遲緩、遲疑。
遵	zūn	verb — to follow, to comply with, to abide by	辵=meaning:footsteps on a road — walking a set path | 尊=sound:zūn — gives the sound exactly	路上的腳步（辵）配尊（zūn）給聲，分毫不差——尊本是高舉的酒器，所敬重的。照著上面定好的路走，不偏：遵守、遵循、遵命。
遷	qiān	verb — to move, relocate, transfer	辶=meaning:the walk — a road and a foot | 䙴=sound:qiān — gives the sound	走之（辶）配 䙴（qiān），雙手抬起重物要搬到別處。把整個家舉起來、沿路搬走——遷。從搬地方引到調動、變化：遷居、遷移、升遷、變遷。䙴給字音。
選	xuǎn	verb — to choose	辶=meaning:walking — the road | 巽=sound:xùn — gives the sound	走路的辶，配巽（xùn）——台子上並排跪著兩個人；韻母張開成 xuǎn。排成一排，走過去，點走其中一個：挑選的選；大家一起點的，是選舉。
遺	yí	verb — to lose, leave behind	辶=meaning:the walk — a road and a foot | 貴=sound:guì — gives the sound	走之（辶）配 貴（guì），雙手捧著貴重之物。走在路上掉了東西、人卻走遠——遺失。從掉落引到身後所留：遺失、遺留、遺產。貴給聲音，g 已磨光。
遼	liáo	adjective — far, distant, vast	辶=meaning:the walk — a road and a foot | 尞=sound:liáo — gives the sound	走之（辶）配 尞（liáo），柴火堆起燒得旺那個尞。路一直走、走不到頭——遼遠、遼闊。尞給字音，跟 僚、療、寮 同一個。也是北方的遼國。
避	bì	verb — to avoid, evade, shun, keep clear of	辶=meaning:the walk — a road and a foot | 辟=sound:bì — gives the sound	走之（辶）配 辟（bì），一個人跪在刑刀（辛）旁——治、罰。走遠些、把路繞開——避。辟給字音，跟 壁、臂 同一個。避免、迴避、逃避。
邀	yāo	verb — to invite, ask along	辶=meaning:the walk — a road and a foot | 敫=sound:jiǎo — gives the sound	走之（辶）配 敫（jiǎo），擊打白旗發出信號那個敫。出去半路上招人來——邀。敫給聲音，j 化成了 y。邀請、邀約、邀集。
邁	mài	verb — to stride, step forward	辶=meaning:the walk — a road and a foot | 萬=sound:wàn — gives the sound	走之（辶）配 萬（wàn），一隻蠍子借作萬。大步上路、奮力向前——邁。萬古帶 m 音，邁留住了，萬自己卻變成 wàn。邁進、邁步；年歲老大叫年邁。
還	hái/huán	adverb — still, yet	辶=meaning:a road and a foot — going | 睘=sound:huán — gives the sound	路（辶），睘（huán）給聲音，一點沒磨——照原路回去、還回去：還書、還錢。同一個詞在嘴裡說多了、說輕了，就是 hái：還有、還沒。
邊	biān	noun — side, edge	辶=meaning:walking, the road | 臱=sound:gives the sound	走（辶）在最外緣——說文說邊是「行垂崖」，貼著崖邊走。臱給聲音，mián 硬成了 biān。從崖邊到一切的邊上：旁邊、海邊、一邊。
邏	luó	verb — to patrol	辵=meaning:walking, the road (辶) | 羅=sound:luó — gives the sound	來回走（辶）——巡邏。羅（luó），那張捕鳥的網，給聲音。巡邏是走的那一圈；邏輯借這個音去寫 logic。
那	nà	pron — that	阝=meaning:a town ear (阝, 邑) names a place	右耳旁（阝，邑）標地名：那本是西邊一個遠地方的名字，冄（rǎn）給的聲音也磨遠了。後來借去做指遠的字——那個、那裡、那邊。
邦	bāng	noun — a state	阝=meaning:a settlement (邑), on the right | 丰=sound:fēng — gives the sound	右邊一座城邑（阝），丰（fēng）給聲——說文：國也，一塊自成一國的地。今多用在詞裡：城邦、邦交、友邦。
郊	jiāo	noun — the outskirts, suburbs	阝=meaning:the city-wall radical (邑) on the right — a settlement, a district | 交=sound:jiāo — gives the sound	城邑的記號（阝，邑）配上交（jiāo）的聲音——城和野相交的地帶。牆外那一圈：郊外、城郊、郊遊。
郎	láng	noun — a young man	阝=meaning:the city-wall radical (邑) on the right — a settlement, a place | 良=sound:liáng — gives the sound	一個地方（阝，邑），良（liáng）給聲音——郎本是官名，後來定在年輕男子上。由此：女郎、新郎、郎君。
部	bù	noun — part, section	咅=sound:pǒu — gives the sound | 阝=meaning:a town (邑)	右邊的阝是邑——城鎮；一座城劃出自己的地界，就是一個部。咅（pǒu）給聲音，磨過 b、p 那條線，成了 bù。土地切成一塊一塊，凡是切出來的整體都用它：部分、部門、教育部；一部電影，也是整整一塊。
郵	yóu	noun/verb — post, mail	邑=meaning:a settlement, a district (right 阝) | 垂=sound:chuí — gives the sound, worn from chuí to yóu	邊境上的一個聚落（邑）——垂（下垂、邊陲）既指邊界，又給聲音，磨成了 yóu。邊境驛站傳遞文書；由此引申為郵件、郵政、郵局。用郵遞寄出：郵寄。
都	dōu/dū	adverb — all, every one	阝=meaning:a city — 邑 squeezed to the right edge | 者=sound:zhě — gives the sound	城（阝）配者的聲音——都城，人最後都到的地方。dū 留著城：首都。dōu 帶走了人群，變成一個不漏的副詞：大家都來了。
鄂	è	noun — an old state and its land	咢=sound:è — gives the sound | 阝=meaning:a city or settlement (邑), here on the right	右邊的阝是邑——一座城，地名常帶這個偏旁。咢（è）是兩口呼喊，給聲音。合起來指古代的鄂國和那座城，今天用作湖北的簡稱。
鄉	xiāng	noun — countryside, village	鄉=form:two people seated face to face at a shared bowl of food	古文字是一幅畫：中間一盆食物（皀），兩個人對跪在兩邊——一起吃飯，同桌的鄰人。從這聚會引出大家一起生活的地方：村莊、家鄉。家鄉、鄉村、同鄉。同一幅吃飯的圖也長出卿、嚮。
鄖	yún	noun — Yun, an ancient state and place name (in present-day 	阝=meaning:a settlement (邑) — the city-wall radical, on the right | 員=sound:yuán — gives the sound	一座有城牆的聚落（阝，邑）以名標出——鄖是古國、是地方。員（yuán）給聲音，幾百年抄寫磨成了 yún。這字幾乎只活在地名裡：鄖陽、鄖縣。
鄧	dèng	noun — an ancient state and place	登=sound:dēng — gives the sound | 阝=meaning:邑 — a walled settlement (the right-hand 阝)	聲音登（dēng，落成 dèng）配上城邑的記號（邑，右耳旁阝）——一個地名。說文記它是曼姓之國，在今南陽一帶。國早沒了，這個字幾乎只剩姓鄧（鄧小平）。
鄰	lín	noun/adj — neighbor	邑=meaning:a settlement, a district (right 阝) | 粦=sound:lín — gives the sound	一個聚落（邑）加上 粦（lín）給聲音。挨著你的那個村子——鄰居、鄰近、鄰邦。同一個 粦 也唸出 磷、鱗、遴。
酌	zhuó	verb — to pour and drink wine	酉=meaning:a wine jar | 勺=sound:sháo — a ladle; gives the sound and the dipping it does	勺子（勺）伸進酒罈（酉），舀出一杯——飲酒、為客人斟酒。勺既給聲音，也給「舀」這個動作。倒得恰到好處要拿捏，於是酌也指衡量：斟酌、酌情。
配	pèi	verb — to match, pair, go with	酉=meaning:a wine jar — fermenting, blending | 己=sound:jǐ — gives the sound	酒甕（酉）配上己（jǐ）的聲音——本義是酒調出的成色，兌得剛好。由調配來搭配：配對、配偶；再到按量分發：分配、配給。
酒	jiǔ	noun — wine, liquor	氵=meaning:liquid | 酉=sound:yǒu — the wine jar, drawn; gives the sound	罈子（酉）旁邊一道液體（氵）——酒。酉本來就是畫出來的酒罈，又給聲音，yǒu 磨成了 jiǔ。啤酒、紅酒、喝酒。
酗	xù	verb — to drink to excess	酉=meaning:a wine jar | 凶=sound:xiōng — gives the sound	酒甕（酉）配上凶（xiōng）——那個標著「危險」的坑，喝出禍來。凶給聲音，xiōng 磨成 xù。喝到不知節制：酗酒。
酬	chóu	verb — to repay, reward	酉=meaning:a wine jar — drinking, hosting | 州=sound:zhōu — gives the sound	酒甕（酉）配上州（zhōu）的聲音——主人向客人舉杯。由回敬的酒來：回報、報酬、酬勞；以及來往應酬。
酷	kù	adjective — harsh, cruel	酉=meaning:a wine jar — strong drink | 告=sound:gào — gives the sound	酒甕（酉）配上告（gào）的聲音——本義是味道濃烈嗆口的酒。由太烈的酒來：殘酷、酷暑；近來又借英文當「帥、cool」用。
酸	suān	adjective — sour, acid	酉=meaning:a wine jar, fermenting | 夋=sound:qūn — gives the sound, worn from qūn to suān	一只發酵的酒罈（酉）加上 夋（qūn）給聲音，磨成了 suān。酒放過了頭就成醋——酸味、酸甜。身上的痠、心裡的酸：酸痛、心酸。
醇	chún	adj/noun — pure, mellow (of wine)	酉=meaning:a wine jar | 享=sound:the offering-vessel donor — gives the chún sound	一個酒罈（酉），裝著不摻水的濃酒——醇厚。右邊是磨損的 享 一類元件，給聲音。由不雜的酒引申到一切純厚之物：醇酒、醇厚、醇美。
醉	zuì	verb/adj — drunk, intoxicated	酉=meaning:a wine jar | 卒=sound:zú — gives the sound	說文說是「酒卒」——酒喝到了頭。酒甕（酉）定場，卒（zú）——那個小兵，也是「完了」的意思——給聲音，也給「夠了」的意。於是：喝醉、陶醉。
醋	cù	noun — vinegar	酉=meaning:a wine jar — the ferment | 昔=sound:xī — gives the sound	酒（酉）放久了變酸——醋。昔（xī），「從前」的意思，給聲音，磨遠成了 cù。那股酸味借去寫心情：吃醋，就是嫉妒。
醒	xǐng	verb — to sober up	酉=meaning:a wine jar — wine, drunkenness | 星=sound:xīng — gives the sound	酒甕（酉）配上星（xīng）的聲音——本義是酒意退去、醒酒。由腦子清過來：睡醒、醒來；以及想通：醒悟、提醒。
醜	chǒu	adjective — ugly	鬼=meaning:a ghost — repulsive | 酉=sound:yǒu — gives the sound	鬼（鬼）是「叫人厭」的樣子——說文說「可惡也」。酉（yǒu），酒甕，給聲音，磨成 chǒu。從「討厭」走到難看（醜陋）、丟臉（醜事）。
醞	yùn	verb — to brew, ferment	酉=meaning:a wine jar | 昷=sound:the 'warm' element (also in 溫) — gives the sound, and the warmth fermenting needs	酒罈（酉）捂著溫（昷，就是溫字裡那塊「溫」）——釀酒、發酵。糧食封在罈裡溫著，慢慢熟成酒。從這慢熟引出比喻：一件事、一種情緒，醞釀到火候才發作。
醫	yī	noun/verb — doctor, medicine	殹=sound:yì — gives the sound | 酉=meaning:the wine jar — the first medicine was medicinal wine	喊痛的傷（殹：匣中的箭医，手裡的杖殳）下面一罈酒（酉）——治病的手藝：拿藥酒治傷。殹（yì）也給聲音，提成 yī。醫生、醫院。
醬	jiàng	noun — a fermented sauce, paste	酉=meaning:a wine jar — fermenting | 將=sound:jiāng — gives the sound	發酵的甕（酉）配上將（jiāng）的聲音——甕裡釀稠的就是醬。由此凡是濃稠的調味：醬油、豆瓣醬、果醬。
釀	niàng	verb — to brew, ferment (wine)	酉=meaning:a wine jar | 襄=sound:xiāng — gives the sound	酒罈（酉）配上聲音襄（xiāng）——做酒、發酵。說文一句：作酒曰釀。從糧食慢慢轉成酒，引出「逐漸造成」的意思：釀成大禍。
采	cǎi/cài	verb — to pick, pluck	爪=meaning:a hand reaching down (爫) | 木=meaning:a tree	一隻手（爫）伸到樹（木）上——摘果子，採。從「挑那一顆」引出選取：採用、神采。後來分出 採（加扌）接手動詞，采 留著老根。
釋	shì	verb — to explain, interpret	釆=meaning:claws sorting tracks apart — to distinguish | 睪=sound:yì — gives the sound	辨跡的記號（釆），爪子把獸印一條條分開，配上睪（yì）的聲音。分得開就講得明：解釋、釋義；放得開就鬆手：釋放。
里	lǐ	noun — village, neighborhood	田=meaning:a field | 土=meaning:earth — packed ground	田（田）加上土（土）——人住下來的地方：村里。台灣的鄰里，到今天還叫里。村子和村子之間的路程，變成量距離的里；配上公制，就是公里。
重	zhòng/chóng	adjective — heavy	人=meaning:a person, bent under the load | 東=sound:dōng — gives the old sound; itself a tied bundle	人（人）背著捆好的大包袱（東），壓得彎了腰——重。東也借出古音。唸 zhòng 是分量本身：重、重要——有分量才要緊。唸 chóng 是再壓上一層：重複、重新。
野	yě	noun/adj — open country, the wilds	里=meaning:the land — 田 over 土, fields and soil | 予=sound:yǔ — gives the sound	田土（里）一直延到聚落之外——郊野、野外。予（yǔ）給聲音，變成 yě。從城外的曠野而來：野外、田野，也引出沒人管的：野生、野心。
量	liàng/liáng	noun — amount, quantity	日=form:the measure's open mouth, written like 日 | 里=form:the sack of grain below, worn to the 里-shape	整個字是一幅磨舊的圖：上面是量器張開的口（寫成日的樣子），下面是裝穀的袋（磨成里的樣子）——穀子倒進去，量。讀 liáng 是動作：測量、量身高；讀 liàng 是量出來的多少：數量、大量。
釐	lí	noun — a tiny fraction (a li)	里=sound:lǐ — gives the sound too | 𠩺=sound:lí — the phonetic, a hand striking grain from the stalk	上頭的 𠩺（lí）是一隻手把穀子從稈上打下來——打穀、再把收成理順：治理。里在底下也帶著聲音。磨到最小的刻度，釐就成了單位——細如毫釐——公制借去當「centi-」：釐米。另一個音 xǐ 走吉慶那條線，是禧的舊雙生。
金	jīn	noun — metal	今=sound:jīn — gives the sound, worn into the top | 土=meaning:earth, ground — metal lies buried in it | 丷=meaning:the two dots — nuggets of ore in the ground	埋在土（土）裡，兩點是礦塊（兩點），頂上的今（jīn）給聲音。整個字是地下的金屬——先是黃金這最耐久的金，再到各種金屬，再到錢：黃金、金屬、現金。
釘	dīng	noun — a nail	金=meaning:metal | 丁=sound:dīng — gives the sound exactly	金（金）配丁（dīng）給聲，分毫不差——丁本就是一根釘子的樣子，上頭下身。把那釘子用金做出來，就是釘：釘子，釘上去也是釘。
針	zhēn	noun — a needle	金=meaning:metal | 十=form:a crossed line, the figure ten	金屬（金）磨到一個尖，十畫出交叉的形——針。從縫衣引申開去：打針、針灸、指南針。
釣	diào	verb — to fish with a hook	金=meaning:metal | 勺=sound:sháo — gives the sound	金屬（金）彎成鉤去抓魚——說文說「鉤魚也」。勺（sháo），那把杓子，給聲音，磨成 diào。釣魚是動作；引申為「設餌求取」。
鈍	dùn	adjective — blunt, dull	釒=meaning:the metal radical — a blade, a tool | 屯=sound:tún — gives the sound	金屬（釒）配上屯（tún）的聲音——屯本是芽頂著硬土、卡住的樣子。刀切不下去：鈍刀；引申為反應慢：遲鈍。
鈔	chāo	noun — a banknote, paper money	金=meaning:metal — money | 少=sound:shǎo — gives the sound	金（金）標明是錢；少（shǎo）給聲音，磨成 chāo。這字本來有「抄寫、舀取」的意思（看 抄），後來落在印的錢上：鈔票、現鈔。
鈕	niǔ	noun — a button, knob	金=meaning:metal | 丑=sound:chǒu — gives the sound	說文說是「印鼻」——印章上那個拎著提的小鈕。金（金）定材料；丑（chǒu），一隻抓握的手，給聲音，磨成 niǔ。從印鈕引申出鈕扣、門鈕。
鈣	gài	noun — calcium	釒=meaning:the metal radical — a chemical element | 丐=sound:gài — gives the sound	金屬（釒）配上丐（gài）的聲音——為元素新造的字，和整排現代金屬名一樣，靠聲音命名。骨頭和石灰裡的活潑金屬：鈣質、補鈣、缺鈣。
鈴	líng	noun — a small bell	金=meaning:metal | 令=sound:lìng — gives the sound	金屬（金）做的殼，一搖就響——鈴。令（lìng）給聲音，去聲鬆成 líng。它像號令一樣喚人：鈴聲、門鈴、風鈴。
鈾	yóu	noun — uranium	金=meaning:metal — the element | 由=sound:yóu — gives the sound	為元素新造的字：金（金）標明是金屬，由（yóu）把音定準。這字是為了寫「鈾」——核燃料裡那種沉重的放射性金屬。
鉅	jù	adjective — huge, enormous (variant of 巨)	釒=meaning:the metal radical — iron, hardness | 巨=sound:jù — gives the sound; and means huge	金屬（釒）配上巨（jù）——巨本是木匠的大角尺——音、義都靠它。本義是堅鐵、大鈎；借作「巨」的大義：鉅款、鉅變。
鉛	qiān	noun — lead (the metal)	釒=meaning:the metal radical — a metal | 㕣=sound:yǎn — gives the sound	金屬（釒）配上㕣（yǎn）的聲音——右邊是㕣，不是它磨得像的公。本義是青灰色的金屬：鉛。又軟又重，從前是鉛筆的筆芯。
銀	yín	noun — silver	金=meaning:metal | 艮=sound:gèn — gives the sound, worn from gèn to yín	金屬（金）加上 艮（gèn）給聲音，磨成了 yín。那白色的金屬——銀：銀子、銀色。從錢幣的金屬，引申為錢和管錢的地方：銀行、銀元。同一個 艮 也唸出 根、跟、狠。
銅	tóng	noun — copper, bronze	釒=meaning:the metal radical — a metal | 同=sound:tóng — gives the sound	金屬（釒）配上同（tóng）的聲音——紅色的金屬，銅。合金成青銅：青銅、銅器、銅板。
銘	míng	verb — to inscribe	金=meaning:metal — the bronze surface | 名=sound:míng — gives the sound	把名字（名）刻進金屬（金）——銘文。名 給的音正好，也帶來「留名、長存」的意思。從鑄器上的刻字，引申為記在心裡的話：銘記、座右銘。
銳	ruì	adjective — sharp, keen, acute	釒=meaning:the metal radical — a blade | 兌=sound:duì — gives the sound	金屬（釒）配上兌（duì）的聲音——磨得極尖的金屬。由鋒利引申為各種敏銳：鋒銳、銳利、敏銳、銳氣。
銷	xiāo	verb — to melt down	釒=meaning:the metal radical — metal | 肖=sound:xiào — gives the sound	金屬（釒）配上肖（xiào）的聲音——把金屬熔掉。由金屬化為烏有：註銷、撤銷；消失：銷聲匿跡；又指出貨：銷售、暢銷。
鋁	lǚ	noun — aluminum	金=meaning:metal — the element | 呂=sound:lǚ — gives the sound	現代的元素名：金（金）標明金屬，呂（lǚ）把音定準。這字寫「鋁」——做箔、做合金的那種輕金屬。
鋒	fēng	noun — the point, the sharp edge (of a blade)	金=meaning:metal, the blade | 夆=sound:féng — gives the sound, the tone settling to fēng	金（金）配夆（féng）給聲音，調子定成 fēng。刀刃最咬人的那一點就是鋒——以及一切銳利的尖端：鋒利、鋒芒、先鋒。
鋤	chú	noun — a hoe	釒=meaning:the metal radical — an iron tool | 助=sound:zhù — gives the sound	金屬（釒）配上助（zhù）的聲音——下田幫工的鐵器：鋤頭。動起來：鋤地、鋤草、鋤奸。
鋪	pū/pù	verb — to spread, lay out	金=meaning:metal | 甫=sound:fǔ — gives the sound	說文說是「陳」——擺開、安排。金（金）打底；甫（fǔ）給聲音，跨過 {b,p,f} 磨成 pū。攤平（鋪床、鋪路）；讀 pù，就是擺著貨的店鋪。
鋼	gāng	noun — steel	金=meaning:metal | 岡=sound:gāng — gives the sound	金屬（金）煉到極硬——鋼，是敲得響的鐵。岡（gāng）給聲音，意思也合：一道山岡，高而硬。山岡的硬，就嵌在金屬的硬裡。岡蓋出一排字：剛（堅硬）、綱（綱繩）。從鋼來：鋼鐵、鋼筋、鋼琴（裡頭繃著鋼絲）。
錄	lù	verb — to record, register	釒=meaning:the metal radical — engraving in metal | 彔=sound:lù — gives the sound	金屬（釒）配上彔（lù）的聲音——刻進金屬、留下來的字。由刻錄的記載：記錄；以及錄下聲影：錄音、錄影；收進名冊：錄取。
錢	qián	noun — money	金=meaning:metal | 戔=sound:jiān — gives the sound	金（金）在旁，戔（jiān）給聲音——本來是一種農具，後來鎔了鑄成錢幣：錢。戔字一家都偏小偏薄：淺、賤。
錦	jǐn	noun/adj — brocade, figured silk	帛=meaning:woven silk cloth — 白 over 巾 | 金=sound:jīn — gives the sound	絲織的帛（帛）配上金——織滿花紋的綢緞，像金子一樣貴重明亮，就是錦。金（jīn）給聲音，調變成 jǐn，也帶那份光彩。從華美的織物而來：錦緞、織錦、錦上添花。
錫	xí	noun — tin (the metal)	金=meaning:metal | 易=sound:yì — gives the sound	說文說它「銀鉛之間」——那種軟軟的灰金屬，錫。金（金）定類；易（yì）給聲音，磨成 xí。用在錫器、錫箔。
錯	cuò	adjective — wrong	金=meaning:metal, gold | 昔=sound:gives the sound	金（金）線嵌進刻紋——錯金；說文：金涂也。昔給聲音，xí 磨成了 cuò。嵌的線一道交一道：交錯；路一交就擦身：錯過；擺歪了的就是錯：錯誤——不錯，就是沒走歪：很好。
錶	biǎo	noun — a watch	金=meaning:metal | 表=sound:biǎo — gives the sound; also its surface	左邊金（金），右邊表（biǎo）——而表身兼兩職：給出聲音，也表「外面那一面」。一個看「面」就知數的金屬物：手錶、儀錶。
鍊	liàn	verb — to smelt, refine	金=meaning:metal | 柬=sound:jiǎn — gives the sound	說文說是「冶金」——煉金屬。金（金）打底；柬（jiǎn）——挑選、汰除——給聲音，磨成 liàn。煉出來的環就成了鍊：鍊鋼、項鍊。
鍋	guō	noun — a pot, pan, wok	金=meaning:metal | 咼=sound:guō — gives the sound	金屬（金）打成一個圓凹——煮東西的鍋。咼（guō），歪著的嘴，給的音正好。從這口鍋延出去：鍋子、火鍋、飯鍋。
鍛	duàn	verb — to forge, hammer metal	金=meaning:metal | 段=sound:duàn — gives the sound	說文說是「小冶」——鐵匠的活。金（金）打底；段（duàn）給的音正好，它本身那「手持槌擊石」的樣子，也合得上鎚打。鍛造、鍛鐵，引申到鍛鍊身心。
鍵	jiàn	noun — a bolt, key	金=meaning:metal | 建=sound:jiàn — gives the sound	金屬（金）的栓，把結構卡住——門閂，一切繫於此。建（jiàn）給的音正好。從門閂引出關鍵；又指按的鍵：鍵盤、按鍵。
鎖	suǒ	noun — a lock	金=meaning:metal | 𧴪=sound:suǒ — gives the sound	金屬（金）做的——𧴪（suǒ）給聲音。合起來寫的是門閂、鎖頭，轉一下就關死：鎖頭、鎖門、鎖匙。
鎮	zhèn	verb — to press down, suppress, guard	金=meaning:metal — a heavy weight | 真=sound:zhēn — gives the sound	金（重物）壓下去，把東西按住——先是壓，再是守，最後是守著的地方：鎮壓、市鎮。真（zhēn）給聲音，聲調沉成 zhèn。
鏡	jìng	noun — a mirror	金=meaning:metal | 竟=sound:jìng — gives the sound	金屬（金）——古鏡是磨亮的青銅——加上 竟（jìng）給聲音。那面照出影子的亮銅：鏡子、銅鏡。凡是反光、折光的玻璃：眼鏡、顯微鏡。同一個 竟 也唸出 境、競。
鐘	zhōng	noun — a bell	金=meaning:metal, bronze | 童=sound:tóng — gives the sound	銅（金）鑄的大鐘——說文：樂鐘也。童（tóng）給聲音，t 變成了 zh。鐘聲報時，後來報時的機器也叫鐘，分分秒秒都跟著它：時鐘、鬧鐘、分鐘。
鐵	tiě	noun — iron	金=meaning:metal | 𢧜=sound:dié — gives the sound	金字旁（金）管意思；𢧜（dié）給聲音，d 變成了 t。古書叫它黑金——又便宜又硬，把青銅比了下去的那種金屬。鐵是什麼樣，詞就跟著借：鐵路、鐵定、鐵了心。
鑰	yào	noun — a key	金=meaning:metal | 龠=sound:yuè — gives the sound, worn from yuè to yào	金屬（金）做的——龠（yuè），一排綁好的竹管，給聲音，磨成了 yào。合起來寫的是挑開門閂的鑰匙：鑰匙、鎖鑰。
鑲	xiāng	verb — to inlay, set, edge (鑲嵌, 鑲邊)	金=meaning:metal | 襄=sound:xiāng — gives the sound	金（金）配襄（xiāng）給聲音，而襄本身就是把東西塞進包裹裡的樣子。金屬把一樣東西裹進、卡牢——寶石嵌進戒指，花邊鑲上衣緣：鑲嵌、鑲邊。
鑼	luó	noun — a gong	金=meaning:metal | 羅=sound:luó — gives the sound	一面寬寬的金屬（金）盤，一敲就響——鑼。羅（luó），那張捕鳥網，給的音正好。逢年過節和鼓一起敲：鑼鼓、敲鑼。
鑽	zuān/zuàn	verb — (zuān) to drill, bore	金=meaning:metal — the tool | 贊=sound:zàn — gives the sound	金屬的尖頭（金）一轉一鑽——鑽孔。贊（zàn）給聲音，母音張開成 zuān。從鑽洞引申：鑽研，往學問裡鑽；最硬的鑽頭就是鑽石。
長	cháng/zhǎng	adjective — long	長=form:a long-haired elder leaning on a staff — drawn whole	一位老人，頭髮長長的，拄著杖——整個畫下來。頭髮的長是 cháng；年歲的長是 zhǎng——長大、年長、校長。
門	mén	noun — door, gate	門=form:two door leaves on their hinges	兩扇門板面對面畫出來，連門軸都在——門。家家戶戶出入的那個口：門口、大門；進任何東西的口：入門、門路；學問也一門一門地數：一門課。
閃	shǎn	verb — to flash, dodge, dart aside	門=meaning:a doorway, gate | 人=meaning:a person, darting through	一個人（人）在門（門）裡一閃——剛看見就不見了：這就是閃。從人影一閃而過，引出閃電的閃、閃身躲開的閃（閃開、閃避）。兩塊拼出畫面，這個字沒有出聲的偏旁。
閉	bì	verb — to close, shut	門=meaning:a double gate | 才=form:a bar drawn across the gateway	說文說是「闔門」——把門關上。雙扇門（門）框住；橫過門口的那一筆，就是落下的閂。從關門引申：關閉、閉嘴、封閉。
開	kāi	verb — to open	門=meaning:the double door | 开=meaning:two hands (廾) lifting the bar (一)	兩隻手（廾）把門閂（一）從門（門）裡抬出來——開。門一開，什麼都從這裡開始：開始、開燈、開車、開花。
閒	xián	adjective — idle, at leisure	門=meaning:a double door, a gate | 月=meaning:the moon — light falling through the gap	夜裡的門（門），門縫裡透進月光（月）——一道空隙。由那道空隙來空下的時間：閒暇、空閒；以及無所事事：閒置、閒人。
間	jiān/jiàn	noun — between	門=meaning:a door, shut | 日=meaning:light through the crack — first drawn as the moon (月)	關著的門（門）裡透出光（日）——更早的寫法是閒，門縫裡是月亮（月）。有縫，光才進得來：中間、之間的間；房間一間一間數：一間房；讀 jiàn，就是那道縫本身：間隔、間接。
閡	hé	noun/verb — a barrier between people	門=meaning:a gate | 亥=sound:hài — gives the sound	門（門）關在兩邊之間；亥（hài）給聲音，調子磨成了 hé。關上的門就是隔閡——人與人之間那道過不去的牆。
閣	gé	noun — a pavilion, a cabinet (room or council)	門=meaning:a gate | 各=sound:gè — gives the sound	說文說是「所以止扉」——撐住門扇的那根擋子。門（門）定場；各（gè）給聲音，鬆成 gé。從門擋引申出架高的樓：樓閣、內閣。
閥	fá	noun — a powerful family or faction	門=meaning:a gate | 伐=sound:fá — gives the sound	門（門）裡擺著伐（fá）給聲音。閥閱本是大戶人家掛在門口記功的牌子，後來指那戶人家——門閥、財閥，把著門的那一派。
閱	yuè	verb — to read, peruse	門=meaning:a gate — the muster point | 兌=sound:duì — gives the sound	說文說是「具數於門中」——在門口清點人數，校閱。門（門）是清點的地方；兌（duì）給聲音，磨成 yuè。從門口點數引申到審閱、讀過：閱讀、檢閱、閱兵。
闆	bǎn	noun — boss, shopkeeper, proprietor (老闆)	門=meaning:a gate — the shopfront | 品=form:three mouths, stacked inside the gate	門裡關著三張嘴（品）。站在門口、開口說話的那個人，就是老闆。門裡那塊是三個口（品）疊起來，不是能讀出今音的聲旁。
闊	kuò	adjective — wide, broad	門=meaning:a gate — the opening | 活=sound:huó — gives the sound	門（門）大開，口子拉到最寬——闊。裡頭那個「活」（huó）——水加舌，流動、活著——給聲音，磨成 kuò。從空間的寬引申：寬闊、闊別、闊綽。
闖	chuǎng	verb — to rush in, burst through	馬=meaning:a horse | 門=meaning:a gate	說文說是「馬突出門」——馬從門裡衝出來。關在門（門）後的馬（馬）一頭撞出去：闖進、闖過。闖禍是衝出來的亂子；闖關是撞破的關卡。
關	guān	verb — to close, shut	門=meaning:a two-leaf gate | 𢇅=sound:guān — gives the sound	門（門）裡穿進一根橫木——𢇅（guān）既給聲音，也畫出那根穿過去的閂：關門、關起來。路上設閂的地方是關口、海關；被閂在一起的，是關係、相關。
闢	pì	verb — to open up, throw open	門=meaning:a door, the gate | 辟=sound:pì — gives the sound, exact	門（門）大大推開——開闢。辟（pì）給聲音，原原本本。開出新地、開出路子：開闢、闢謠。
防	fáng	verb — to guard against, defend, prevent	阜=meaning:a mound of earth, an embankment (阝) | 方=sound:fāng — gives the sound	說文說是「隄」——堤防。土堆（阝）是擋水的壩；方（fāng）給聲音，鬆成 fáng。從攔水的堤引申開：防備、防止、預防、國防。
阻	zǔ	verb — to block, obstruct, hinder	阜=meaning:a mound, rugged terrain | 且=sound:qiě — gives the sound	一座陡坡（阜，左邊的阝）擋在路上——阻。且（qiě）給聲音，軟音退回硬硬的 z。從過不去的地形引申：阻擋、阻礙、阻力。
阿	ā	prefix — friendly tag before names and kin terms (阿姨, 阿明)	阝=meaning:a mound, a slope (the left 阜) | 可=sound:kě — gives the sound	一座大土坡（阝）彎彎的——可（kě）給聲音，磨成了光禿禿的 ā。土坡的意思沒了，剩下這個音，黏在名字、稱呼前面，親親熱熱：阿姨、阿公、阿明。
附	fù	verb — to attach to, press close	阝=meaning:a hill, a mound | 付=sound:fù — gives the sound, exact	小土丘挨著大山（阝）；付給聲音，一點沒變。說文留著這個畫面：附婁，靠著大山的小土山。貼上去的都是附：附近、附上。
陌	mò	noun/adj — a path between fields	阝=meaning:a slope, a hill (left side of 阝) | 百=sound:bǎi — gives the sound	一道土埂（阝）東西橫在田間——阡陌，分開一塊塊田的小路。百（bǎi）給聲音，b 磨向 m。從那條不是你家的路：陌路、陌生——生人走的路。
降	jiàng	verb — to come down, descend	阝=meaning:a mound, a slope | 夅=sound:jiàng — gives the sound	山坡（阝）配上夅——兩隻腳一前一後往下走。合起來就是降下來：下降、降落。同一個字讀 xiáng，是向敵人走下去：投降。
限	xiàn	noun/verb — a limit	阝=meaning:a mound, a barrier | 艮=sound:gèn — gives the sound	一道土埂（阝）擋住去路——界線。艮（gèn）給聲音，幾百年磨成了 xiàn。擋人的土堆，就是各種界限：限制、期限。
陛	bì	noun — the steps to the throne (in 陛下, Your Majesty)	阝=meaning:a mound, terraced into steps (阜) | 坒=sound:bì — gives the sound	左邊是土山（阝，本是阜）削成一級級台階；坒（bì）——比疊在土上，把地堆平——給聲音。這是登上御座的台階。陛下，站在台階之下，稱呼台階之上的人：陛下。
陝	shǎn	noun — the Shan Pass	阜=meaning:the mound, a row of hills | 㚒=sound:shǎn — gives the sound	一排山丘（阜，左邊寫成阝）守著一處隘口——古陝州的陝塬，黃河在這裡衝出山、流進平原。㚒（shǎn）給聲音：兩個小人（人人）夾在一個大人（大）旁邊，正是峽口的擠。隘口以西的省份就叫陝西。形近的陜，講的是那道窄本身。
陡	dǒu	adjective — steep, precipitous	阜=meaning:a mound, a slope | 走=sound:zǒu — gives the sound	一座斜得厲害的坡（阜，左邊的阝）——陡。走（zǒu）給聲音，聲母從 z 移到 d。從陡到走不上去的坡引申：陡坡、陡峭；陡然落差就是「忽然」。
院	yuàn	noun — courtyard	阝=meaning:a wall of packed earth (阜) | 完=sound:wán — gives the sound, worn to yuàn	夯土牆（阝）把一塊地圍起來——院子；完（wán）給聲音，磨成了 yuàn。先是有牆的院子（院子、庭院），後來凡是有牆有門的機構都叫院：醫院、學院、法院、電影院。
陣	zhèn	noun — a battle formation	阜=meaning:a mound, raised ground | 車=sound:chē — gives the sound	戰車（車）沿著高地（阜，左邊的阝）排開——軍陣。車給聲音，從 chē 一路磨到 zhèn。從列陣引申：軍陣、對陣；一「陣」天氣就是陣雨。
除	chú	verb — to remove, take away	阝=meaning:a mound, steps cut into it (the left 阜) | 余=sound:yú — gives the sound	土坡（阝）上鑿出的台階——殿前的石階。余（yú）給聲音，變成了 chú。從掃出一級台階起，引到拿掉、相除、撇開：除去、除法、除了。
陪	péi	verb — to accompany, to keep company	阜=meaning:a mound, a stepped slope — written 阝 on the left | 咅=sound:pǒu — gives the sound, worn from pǒu to péi	在土堆（阜／阝）旁再加一堆——咅（pǒu）給聲音，磨成了 péi。土堆在旁，人也在旁：陪伴、陪同。
陰	yīn	noun/adj — shade, the shady side	阜=meaning:a hill, a mound (阝) | 侌=sound:yīn — gives the sound	說文說是「闇」——暗：水之南、山之北，曬不到太陽的那面。山丘（阝）定位置；侌（yīn）——雲聚攏——給的音正好，也帶來「遮蔽」的意。從背陰的坡引申：陰影、陰天、陰陽。
陳	chén	verb — to lay out, state	阝=meaning:a mound, a place | 申=sound:shēn — fused into the 東-shaped right side, alongside 木 (a tree)	阝（土堆、地方）標出把東西排成列的地點。右邊把木（樹）和申（shēn）合在一起，申給聲音，sh 磨成了 ch。從排出來的列：陳述，還有擺久了的——陳舊。
陵	líng	noun — large mound	阜=meaning:a mound of earth (the 阝 on the left) | 夌=sound:líng — gives the sound	阜（左邊的阝）是堆起來的土——大山。夌（líng）給聲音，讀法一模一樣。同一個夌蓋出菱、凌、綾。
陶	táo	noun/verb — pottery	阝=meaning:a mound — the kiln slope | 匋=sound:táo — gives the sound	一道土堆（阝），配上匋——人彎著腰，對著裡頭的陶罐（缶）；匋（táo）也把整個聲音給了它。古文字有兩個說法：一是窯，土堆就是壘起來擋火的那道埂，整個字講燒製陶土——陶器；二是再成丘，一座兩層疊起的山丘，阜疊在阜上。無論哪一說，窯的畫面才接得住後面的字義——陶冶、陶醉，人也像泥一樣被塑、被薰。
陷	xiàn	verb — to fall into, sink into	阝=meaning:a mound, ground | 臽=sound:xiàn — a person falling into a pit (a hand 𠂊 above the mortar-pit 臼)	阝（土地）配上臽（xiàn）——臽本身就是人掉進坑：上面一隻手，下面是凹陷的坑。這個部件既給聲音，也畫出那一跌。從坑來：陷入，還有挖好害人的——陷害。
陸	lù	noun — dry land, the continent	阜=meaning:a mound, a stepped slope — written 阝 on the left | 坴=sound:lù — gives the sound; also a clump of high earth, doubling the land sense	土坡（阜／阝）配上坴（lù）——坴本就是高起的土塊，既表意也表音。合起來是高平地，再引申為對著水的陸地：陸地、大陸。
陽	yáng	noun — the sunny side	阝=meaning:a mound — the hill (阜, squeezed to the left) | 昜=sound:yáng — gives the sound	山坡（阝）照得到太陽的那一面——昜，是太陽（日）放出光線的樣子，聲音和亮光一起給了。山的南面、水的北岸，就是襄陽、洛陽的陽。從亮的那一面來：太陽、陽光，還有陰陽裡亮的那一半。
隆	lóng	adj/verb — grand, abundant	生=meaning:growing up, sprouting | 降=sound:jiàng — gives the sound (降聲)	生（長出來），外頭包著降——左邊的阝（阜，土山）、上頭的下降部件——省寫了只取它的聲音。地裡冒出一團，盛大飽滿——興隆，凡往上鼓起的也都是隆：隆起。
隊	duì	noun — a team	阝=meaning:a hill (阜) | 㒸=sound:suì — gives the sound	左邊的阝是山丘；㒸（suì）給聲音，磨成了 duì。本義是從高處掉下去——這個意思後來加土寫成墜；留在隊裡的是一列一列的人：軍隊、排隊。
階	jiē	noun — a step, stair	阝=meaning:a mound, steps cut into it (the left 阜) | 皆=sound:jiē — gives the sound	土坡（阝）上一級級的台階——樓梯。皆（jiē）給聲音，分毫不差。一級高過一級，就是等級、階段：階梯、階級、階段。
隔	gé	verb — to separate, partition, keep apart	阝=meaning:a mound, a wall of earth — the barrier | 鬲=sound:lì — gives the sound	一道土牆（阝）擋在兩者之間——隔開、分隔。鬲（lì）給聲音，本身是一口鼎，三隻空心腳彼此隔著——分隔的意思就畫在鍋裡。從土牆來：隔開、隔壁（一牆之隔）、隔離、隔閡。鬲的讀音磨得遠，lì 變 gé。
際	jì	noun — edge, juncture	阝=meaning:a wall, a mound (阜) | 祭=sound:jì — gives the sound, exact	牆（阝），祭表聲，一字不差——說文：壁會也。兩堵牆相接的縫，引申成一切相接的線：天際、之際，還有國與國之間的——國際。
障	zhàng	noun/verb — a barrier	阜=meaning:a mound, a wall of earth (阝) | 章=sound:zhāng — gives the sound	堆起一道土牆（阝），把兩邊隔開——屏障。章（zhāng）給聲音，聲調落成 zhàng。從這「擋路的牆」來了屏障、障礙；擋在路上的東西就是障礙物。
隧	suì	noun — a tunnel, an underground passage	阝=meaning:a mound, earth banked up | 遂=sound:suì — gives the sound (a road-and-go graph 辵 with 㒸)	阝（堆起的土）被打通，遂（suì）給聲音。一條路從土坡底下直通到底，貫穿兩頭——隧道。
隨	suí	verb — to follow	辶=meaning:walking — a foot on the road | 隋=sound:suí — gives the sound	走路（辶），隋（suí）標聲音——合起來寫的是跟著走。人走你也走，是跟隨；事情走到哪跟到哪，是隨著；自己不拿主意，路怎麼轉就怎麼走，是隨便、隨時。
險	xiǎn	adj/noun — steep, dangerous	阝=meaning:a mound, steep ground (the left 阜) | 僉=sound:qiān — gives the sound	又陡又難走的山坡（阝）——一道阻礙。僉（qiān）給聲音，變成了 xiǎn。從過不去的地勢，引到危險、冒險、險要的關口：危險、冒險、險要。
隱	yǐn	verb — to hide, conceal	阝=meaning:a mound — something to tuck behind | 㥯=sound:yǐn — the right side: a hand, work, and a heart kept covered	阝（土堆）可以躲在後面，㥯（yǐn）給聲音——一顆心（心）被手蓋著藏起來。藏到看不見：隱藏、隱士，還有不露面的——隱私、隱患。
隸	lì	verb — to be attached to, subordinate to	隶=meaning:a hand reaching to seize a tail — to catch and attach | 柰=sound:nài — gives the sound	隶是一隻手從後面抓住尾巴——逮住、附上去。柰（nài）在旁邊給聲音，磨得離原音很遠。被逮住綁牢的就附著不走：隸屬，還有被綁的僕人——奴隸。
隻	zhī	measure word — one of a pair, a count for animals, ships, ha	隹=meaning:a short-tailed bird | 又=meaning:a hand, holding	一隻手（又）抓著一隻鳥（隹）。手裡一隻鳥——就是一個、單獨一個。引出數動物、單件東西的量詞：一隻鳥、一隻手、一隻船。
雀	què	noun — a small bird, a sparrow	小=meaning:small | 隹=meaning:a short-tailed bird	小（小）疊在短尾鳥（隹）上頭：小小的鳥，愛挨著人住——麻雀。
雄	xióng	noun/adj — male (of birds, animals)	隹=meaning:a short-tailed bird | 厷=sound:gōng — gives the sound	這隻鳥（隹）是公的——鳥父也。厷（gōng）是彎起的手臂，給了一點力氣，也給了聲音，轉成 xióng。從公鳥來：雄性，再到英雄、雄壯——凡是壯大、英勇的。
雅	yǎ	adjective — elegant, refined	隹=meaning:a short-tailed bird | 牙=sound:yá — gives the sound	一隻短尾鳥（隹），用 牙（yá）給聲音——本是一種烏鴉。讀音落成 yǎ，鳥名被借去指正統、文雅：典雅、雅致、風雅。
集	jí	verb/noun — to gather	隹=meaning:a short-tailed bird | 木=meaning:a tree	短尾鳥（隹）落在樹（木）上——古字疊了三隻（雧）：整群一起停下來。合起來寫的就是聚集；聚起來的東西也叫集：集合、集團、詩集。
雇	gù	verb — to hire, to employ	户=sound:hù — gives the sound | 隹=meaning:a short-tailed bird	門（户）下的鳥（隹）本是九雇，一種隨農時來去的候鳥。户（hù）給聲音，硬成了 gù。按季節來的鳥，被借去說按季節雇來的人——雇傭、雇工。
雕	diāo	verb — to carve, engrave	周=sound:zhōu — gives the sound | 隹=meaning:a bird	周（zhōu）給聲音，磨向 diāo，旁邊配一隻鳥（隹）。古字有兩個說法：一隻大猛禽——雕也指的那種鷹；或是借自彫，把花紋一刀刀刻進表面——雕刻。
雖	suī	conj — although	虫=meaning:a creeping creature | 唯=sound:wéi — gives the sound	蟲（虫），唯表聲——說文：似蜥蜴而大。這隻動物早就沒人提了；整個字被借去開頭讓步——雖然、雖說。
雙	shuāng	noun/measure word — a pair, both	隹=meaning:two short-tailed birds, stacked (雔) | 又=meaning:a hand, holding both	兩隻鳥（隹疊起來）一隻手（又）一把抓住。一手抓兩隻——成雙。引出數成對東西的量詞：一雙手、一雙鞋、雙方。
雜	zá	adjective — mixed, assorted, miscellaneous	衣=meaning:a garment — split apart, its top sits up left, its skirt 𧘇 drops to the bottom-left | 集=sound:jí — gives the sound, worn from jí to zá	一件衣（衣，被拆開分在左上和左下）拼了五彩——集（jí）給聲音，磨成了 zá。各色絲線湊在一塊，凡是混雜的都是雜：複雜、雜誌。
雞	jī	noun — chicken	隹=meaning:a short-tailed bird | 奚=sound:xī — gives the sound	鳥（隹）配奚的聲音，x 變成了 j。說文：知時畜也——天一亮就叫。公雞、母雞、雞蛋。
離	lí	verb — to leave, part from, be apart (離開, 分離)	隹=meaning:a short-tailed bird | 离=sound:lí — gives the sound	一隻鳥（隹）——這字本來指黃鸝，离（lí）給聲音。鳥的意思沒了，現在做的是「留」的反面：離開、分開、分別：離開、分離、離別。
難	nán/nàn	adjective — hard, difficult (困難)	隹=meaning:a short-tailed bird | 堇=sound:jǐn — gives the sound; barren ground	這字本來指一種鳥——右邊隹，左邊堇給聲音。鳥的意思沒了，這個音借去寫「不好辦」，再從艱難引到另一個讀音的災禍：困難、難過、災難。
雨	yǔ	noun — rain	雨=form:drops falling under the sky stroke — drawn whole	一橫是天，點點往下掉——雨，整個畫下來。壓在別的字頭上就縮成小屋頂，照樣下：雪、雷、霧。
雪	xuě	noun — snow (雪花)	雨=meaning:rain, falling weather | 彗=sound:huì — gives the sound; also a broom, sweeping the flakes down	雨（雨）凍成了片——雪。下面是彗，一把掃帚，既給聲音（huì 磨成 xuě），又畫出掃落雪花的樣子。從掃乾淨引到第二個意思：洗刷恥辱——雪花、下雪、雪恥。
雲	yún	noun — a cloud	雨=meaning:rain, weather aloft | 云=sound:yún — gives the sound; itself the old picture of a curling cloud	雨（天上的水氣）罩在云（yún）上頭，云給聲音，也正是更早的字——兩道捲起的水氣。加上雨就定在天上了：雲朵，還有像雲的、高遠的——雲端。
零	líng	noun — zero	雨=meaning:rain, falling weather | 令=sound:líng — gives the sound	雨（雨）細細落下、稀稀疏疏——徐雨。令（líng）給聲音。從雨點散落，引到飄零、零碎、零頭，最後到那個空的數：零落、零碎、零錢、零分。
雷	léi	noun — thunder	雨=meaning:rain, the storm sky | 田=empty:a single worn remnant of 畾, the rolling-wheel rumble of thunder	雨（風雨的天）下面是一團滾動的轟鳴——古字用三個田形的格子（畾）畫雷聲翻滾，今字只剩一個。風雨的天加上滾動的聲音：雷。從那一聲炸響：地雷，還有像雷一樣突然擊中的。
電	diàn	noun — electricity	雨=meaning:rain | 申=meaning:a lightning bolt forking down — the old graph	雨（雨）在上，一道閃（申）岔開在下——閃電。後來電線裡來的新力量，借走了閃電的名字，也留著這個天上的寫法：電燈、電話、電腦。
需	xū	verb — to need, require	雨=meaning:rain | 而=empty:a standing person, worn into 而	雨（雨）下面站著一個人——被雨困住，停下來等天晴；人抄久了，磨成了而。從「等著它來」到「少不了它」：需要、需求、必需。
震	zhèn	verb — to shake, quake	雨=meaning:rain, the storm sky | 辰=sound:chén — gives the sound	雨（風雨的天）配上辰（chén）給聲音，ch 磨成了 zh。那一道劈開空氣、把底下一切都震得發抖的雷：地震，還有震得人發愣的——震驚。
霜	shuāng	noun — frost	雨=form:the rain/sky element up top, for what falls from the air | 相=sound:xiāng — gives the sound	雨字頭（雨）管天上落下的東西——冷夜結成的白霜。相（xiāng）給聲音，聲母硬成 shu。同一個相蓋出箱、湘。
霧	wù	noun — fog, mist	雨=meaning:rain — water from the sky | 務=sound:wù — gives the sound	雨字頭（雨）下，是和水氣天候有關的一家字。務（wù）把整個聲音原封給了它。地上升起、天又不收的水氣——霧氣、迷霧，貼著地面的那層霧。
露	lù	noun/verb — dew	雨=meaning:rain — water from the sky | 路=sound:lù — gives the sound	雨字頭（雨）下，夜裡凝下來的水：露水，草上的露。路（lù）把整個聲音原封給了它。露水擺在外頭誰都看得見，於是這個字也指攤開來：暴露、露面。
靈	líng	noun/adj — spirit	霝=sound:líng — gives the sound | 玉=meaning:jade — offered to the spirits	霝在上頭——雨（雨）下三張口（口口口）求雨，聲音正是 líng。下面是玉（玉），祭神的供品。合起來：用玉事神的靈巫。從神靈來：靈魂，再到靈活、靈驗——靈、通、活。
青	qīng	adj/noun — blue-green	生=meaning:growth, a sprout pushing up | 丹=meaning:cinnabar — a mineral in its well	一株新苗（生）長在丹（丹）井上頭——草木的生長配上礦物的顏色，寫出活物的青綠。從新長的顏色引到年輕、未熟：青草、青天、青年。
靖	jìng	verb — to pacify, bring peace	立=meaning:a person standing firm and still | 青=sound:qīng — gives the sound	人站定（立），青（qīng）給聲音，移成 jìng。把一件事按定——平定動亂、使之安寧。它走青這一排：靜、清、情，都帶那份安。年號嘉靖借的是這安定的意思。
靜	jìng	adjective — quiet, still, calm	青=meaning:clear blue-green — the colour of stillness | 爭=sound:zhēng — gives the sound; a contest of two hands over one thing	青（澄澈的青色），沉靜天色的顏色，旁邊是爭（zhēng）——兩隻手搶一樣東西，相爭——由它給聲音。爭執落定、澄清下來：一切歸於安靜、寧靜。
非	fēi	adv/prefix — not, is not	非=form:two wings spread back to back — the pair from 飛	兩片翅膀背對背張開——就是飛字裡那一對翅膀。背對背，寫的是相違；再走下去，是錯（是非），是不是（非賣品）。非常本來是「不平常」，說著說著，磨成了「很」。
靠	kào	verb — to lean on	非=meaning:two backs turned to each other — leaning back to back | 告=sound:gào — gives the sound	下面的非是兩片翅膀、兩個相背的身子——彼此抵著借力。告（gào）在上頭給聲音，硬成了 kào。把重量放上去：依靠、靠近——倚、賴、湊近。
面	miàn	noun — face	面=form:a face drawn whole — the cheek's outline around an eye (目)	甲骨文畫一張臉：一隻眼睛（目），外面一圈臉的輪廓。從臉，到一切朝著你的表面（表面、地面），再到事情朝向你的那一邊（方面、正面）。
革	gé	noun — leather	革=form:an animal hide spread open and stretched flat	一張獸皮攤開繃平，毛刮乾淨——本義是去了毛的皮革。獸變成了革，整個換了樣子；於是改革、革命，都是把舊的剝掉。
靴	xuē	noun — a boot	革=meaning:leather — tanned hide | 化=sound:huà — gives the sound	左邊是熟皮（革），製革的記號。化（huà）給聲音——只是抄寫、改讀把它拉得很遠，成了 xuē。包到小腿的皮件：靴子、長靴、雨靴。
鞋	xié	noun — a shoe	革=meaning:leather — a hide stretched out and scraped, drawn whole | 圭=sound:guī — gives the sound	革（革）管意思——這個字本身就是一張撐開刮淨的獸皮。圭給聲音，guī 磨成了 xié。從皮革到所有的鞋：鞋子、皮鞋、球鞋。
鞏	gǒng	verb — to bind fast, to make firm	革=meaning:leather — a hide thong | 巩=sound:gǒng — gives the sound	下面是皮（革），上面是巩——兩手把活兒抓緊。巩（gǒng）把整個聲音原封給了它。用皮繩把東西捆死、動不了：鞏固，使它牢固。
鞠	jú	verb — to bow (鞠躬)	革=meaning:leather, hide | 匊=sound:jū — the phonetic, raised to jú	革（皮）配上 匊（jū）的聲音——本來是踢的皮球（蹋鞠，古時的足球）。後來借去指彎身行禮——鞠躬。匊讀 jū，到鞠是 jú。匊也給了菊。
鞭	biān	noun — a whip	革=meaning:tanned leather, hide | 便=sound:biàn / biān — gives the sound	革（鞣好的皮），抽鞭子用的料，配上便（biān）給聲音。趕牲口的皮鞭：鞭子（馬鞭），還有它做的事——督促（鞭策）。
韋	wéi	verb — to go against, oppose	舛=meaning:two feet turned back-to-back, going opposite ways | 囗=sound:wéi — an enclosure, walked around; it carries the sound	兩隻腳（舛）背對背、繞著一圈（囗）反方向走——相背、違逆。囗給聲音。皮的意思是借來的：熟皮拿來綁那些互相拉扯的東西。當聲音用，蓋出一排：違、圍、衛、緯。
韓	hán	noun — Korea (韓國)	倝=sound:gàn — the sun rising behind a banner; gives the sound | 韋=meaning:tanned leather, hide bound and woven — the curb of a well was woven like this	右邊是熟皮（韋），左邊倝（gàn）給聲音，g 磨成了 h。本義是井口那圈編起來的欄。很早就被借作國名、姓氏，如今指韓國：韓國、南韓。
音	yīn	noun — a sound	音=form:言 (speech) with a mark (一) set in the mouth; the strokes later settled into 立 over 日	音本是言（說話）含著一（一）——說文：從言含一；話還沒成形，先在嘴裡含住的那個聲。輾轉抄寫，筆畫定成了立加日。光是聲響：聲音；排好的聲響：音樂；嘴裡帶的鄉音：口音。
響	xiǎng	noun/verb — echo, sound	鄉=sound:xiāng — gives the sound | 音=meaning:sound	音（音）是意思，鄉（xiāng）給聲音，聲調轉成 xiǎng。本義是回聲——聲音傳回來；後來凡是傳得出去的聲音都是響：響亮、聲響。影響裡它和影子作伴：回聲跟著喊聲，影子跟著東西。
頁	yè	noun — a page, a leaf (of a book)	頁=form:a head on a body — the hair-topped head above, the legs (儿) below	上頭一個大大的頭，下面一雙腳（儿）——把人當作頭來看。這個「頭」的意思活在許多合體字裡（頭、頂、額）；單獨用時，它被借去指書的一葉、翻動的那一張——一頁、網頁。
頂	dǐng	noun — the top, the crown	頁=meaning:a head | 丁=sound:dīng — gives the sound	頁（頭）配上丁（dīng）給聲音。頭的最上端，最高的那一點：頂端、屋頂。從頭上頂著東西：用頭頂著，引申到頂上去、頂替。
項	xiàng	noun — the nape of the neck	頁=meaning:a head — 頁 is a head on a body | 工=sound:gōng — gives the sound	頁是身子上的一顆頭；這裡指的是頭後也——後頸、脖子後面。工（gōng）給聲音，轉成 xiàng。從脖子上那一處，引到一條條地數：項目、一項。
順	shùn	verb/adj — to go along with	頁=meaning:a head — a person facing forward | 川=meaning:a flowing river — three running streams	一顆頭（頁）朝著河（川）流的方向——順著水走，不逆流。從這「順著走」來：順從，順利、順便——凡是不卡、不擋的。
須	xū	verb — must, have to	彡=meaning:strands of hair | 頁=meaning:a head — the face in profile	毛（彡）長在臉（頁）上——鬍鬚，鬚的本字。「必須」借走了這張長鬍子的字；鬍鬚自己頂上加髟，搬去鬚那裡住。留下來的須，只管「一定要」：必須、無須。
頌	sòng	noun/verb — an ode	頁=meaning:a head, a face | 公=sound:gōng — gives the sound	一張臉（頁）——本義就是這個，皃也，人的容貌。公（gōng）給聲音，g 磨向 s。字義從「容貌」滑到當眾擺出的讚頌：歌頌、頌歌——當眾唱出的頌。
預	yù	adverb — beforehand, in advance	頁=meaning:a head, facing forward | 予=sound:yǔ — gives the sound; a hand passing something across	頁（向前的頭）配上予（yǔ）給聲音。頭朝前看，在事情發生前先看、先做：預備、預先，預測，還有插手參與——參預。
頑	wán	adjective — stubborn, obstinate	頁=meaning:a head | 元=sound:yuán — gives the sound	頁（頭）配上元（yuán）給聲音，磨向 wán。一顆轉不動的頭，一塊不成形的料：固執、頑固。同樣這股不肯彎的勁，放在小孩身上就是調皮——頑皮。
頒	bān	verb — to hand down, to promulgate	頁=meaning:a head | 分=sound:fēn — gives the sound	頁是頭，配上分——分開。分（fēn）也給聲音，f 轉成 b。這個字本指大頭的樣子，後來取了「分」的意思：由上往下把東西分發給眾人。頒布、頒發、頒獎。
頓	dùn	verb — to bow (the head)	屯=sound:tún — gives the sound | 頁=meaning:a head	一個頭（頁）低下去——本義是磕到地上，叩頭。屯（tún）給聲音，畫面也帶著「卡住」：一棵芽頂著硬土，憋住了。從低頭引出種種停頓：頓首（叩頭）、停頓、頓時（卡住的那一瞬，忽然）。停下來吃，就成了量詞——一頓飯。
頗	pō	adverb — quite, rather, considerably	頁=meaning:a head | 皮=sound:pí — gives the sound	頁（頭）配上皮（pí）給聲音。頭歪向一邊——偏、偏頗。歪得相當厲害就引申成程度：相當、頗為、頗好。
領	lǐng	noun — collar, neck	令=sound:lìng — gives the sound, tone bent | 頁=meaning:a head	頁是頭，領在頭下面——脖子，和圍著脖子的衣領；令（lìng）給聲音，調子轉成 lǐng。提衣服提領子，一提整件跟著走：帶領、領導。伸手接過來，是領錢、領獎。
頭	tóu	noun — the head	頁=meaning:a head — the old graph draws a big head on a kneeling body | 豆=sound:dòu — gives the sound	頭（頁）配豆的聲音，d 磨成了 t。從肩膀上的頭，到東西的頭——前頭、街頭——最後輕得快沒了：石頭、木頭裡那個不重讀的頭。
頻	pín	adverb — frequently, repeatedly	步=meaning:two feet, one print past the other — walking | 頁=meaning:a head, facing forward	人站在水邊（本字是瀕，水涯）：腳（步）在岸沿，頭（頁）探出去，在淺灘一趟一趟地過。從反覆涉水而來日常的意思——頻就是一次又一次：頻繁、頻率、頻頻。
顆	kē	noun/measure — a small round thing	頁=meaning:a head — and so a small round thing | 果=sound:guǒ — gives the sound	頭（頁）是最現成的小圓物，顆就指這一類小而圓的東西。果（guǒ）給聲音，聲母在 g/k/h 裡換到 kē。當量詞用：一顆星、一顆心、一顆珠子。
題	tí	noun — topic, title	頁=meaning:a head | 是=sound:shì — gives the sound	頭（頁）加是（shì）的聲音——本義是額頭，頭的最前面。寫在文章最前頭的，成了題目；出在卷子最上頭等你回答的，成了問題、考題。
額	é	noun — the forehead	頁=meaning:a head | 客=sound:kè — gives the sound	頁（頭）配上客（kè）給聲音，磨得離原音很遠。頭上眉毛以上那塊平面：額頭。從一塊量定的平面：定下的數目——名額、金額。
顏	yán	noun — face, countenance (容顏)	頁=meaning:a head, a face | 彥=sound:yàn — gives the sound	一個頭（頁）——眉目之間，那張臉。彥（yàn）給聲音，調子變成 yán。從面容引到神色、氣色，再到顏色：容顏、顏面、顏色。
願	yuàn	verb — to wish, be willing (願意, 願望)	頁=meaning:a head, a face | 原=sound:yuán — gives the sound	一個頭（頁）——這字本來指大頭；原（yuán）給聲音，調子變成 yuàn。大頭的意思讓給了頭裡裝的東西：願望、心願、肯不肯：願望、願意、心願。
顛	diān	noun — the top, the crown, the summit	頁=meaning:a head — the top of a person | 真=sound:zhēn — gives the sound	頭（頁）的最高處——頭頂、山頂。真給聲音，從 zhēn 移到 diān。從最高點引申：山顛；從頂被掀翻引申：顛覆、顛簸。
類	lèi	noun — a kind, a category	犬=meaning:a dog — of all creatures, dogs of a breed look most alike | 頪=sound:lèi — gives the sound	一隻犬（犬）——古書說，論長得像，沒有比同類的狗更像的了。頪（lèi）給聲音。長得像的歸一群，就是類別：種類、人類、分類。
顧	gù	verb — to turn and look	雇=sound:gù — gives the sound | 頁=meaning:a head with hair — the head	頁是頭，雇表聲——回過頭去看。
顫	chàn	verb — to tremble, shiver, shudder	頁=meaning:a head (頁 is a head, not a page here) | 亶=sound:dǎn — gives the sound	一顆頭（頁）定不住——說文說是「頭不正」，也就是搖晃的頭。亶（dǎn）給聲音，磨成 chàn。從搖頭擴到一切發抖、打顫：顫抖、發顫、寒顫。
顯	xiǎn	verb/adj — to show, to appear	㬎=meaning:silk threads (絲) held under the sun (日) — fine strands made visible | 頁=meaning:a head — a person looking	左邊是㬎——細絲（絲）舉在太陽（日）下，每一根都映出光來。右邊一顆頭（頁）在看。合起來：清楚到看得見的——顯現、明顯，再到顯赫、顯要。
風	fēng	noun — wind	凡=sound:fán — gives the sound | 虫=meaning:an insect	凡給聲音，裡面一隻蟲（虫）——說文：風動蟲生，風一吹，蟲就醒。吹過來的是風，吹進人身上的也是：颱風、風俗、風氣。
颱	tái	noun — a typhoon	風=meaning:wind | 台=sound:tái — gives the sound	一場風（風）——台（tái）給聲音。合起來就是南方海上翻起來的大風暴：颱風、強颱。
飄	piāo	verb — to float on the wind, drift, flutter	風=meaning:wind | 票=sound:piào — gives the sound	風（風）配上票（piào）給聲音。流動的空氣把東西托起來帶著走：飄浮、隨風飄，還有招展飛揚的——飄揚。
飛	fēi	verb — to fly	飛=form:a bird climbing, neck stretched, both wings fanned — drawn whole	一隻鳥往上衝——脖子伸直，兩邊翅膀的羽毛都張開——整個畫下來。會上天的都歸它：飛機、起飛、飛快。
食	shí	verb/noun — to eat	亼=meaning:a lid lowered over the bowl — gathered shut; only the top point shows in the modern glyph | 皀=meaning:a heaped food vessel — grain in a stemmed bowl	一個蓋子（亼，如今只剩頂上那一點）扣在裝滿穀物的高腳碗（皀）上——一盆蓋好的飯，正要吃。由這頓飯，引出一切吃的：食物、飲食。蓋子磨成一筆，它就是扣在碗上的那層。
飢	jī	adj/verb — hungry	食=meaning:food, eating | 几=sound:jī — gives the sound	左邊食（食）點出和吃有關；几（jī）把整個聲音原封給了它。肚子空了想吃——飢餓，純粹身體上的餓，下一頓飯的渴望。
飯	fàn	noun — cooked rice	食=meaning:food | 反=sound:fǎn — gives the sound	食（食）配反（fǎn）的聲音，調子彎成 fàn——碗裡煮好的米，再到圍著這碗米的一整餐：吃飯、早飯、晚飯。
飲	yǐn	verb — to drink	飠=meaning:food and drink — a covered vessel, the 食 element | 欠=meaning:a person bent forward, mouth wide open	一個蓋著的器皿（飠，就是食的偏旁），旁邊一個人俯身張大嘴（欠）——湊到碗前喝下去。古字畫的是就著酒罈一口飲下；意思直白：喝（飲水、飲料）。
飼	sì	verb — to feed, to raise (animals)	食=meaning:food, feeding | 司=sound:sī — gives the sound	把食物（食）遞出去，配上司——掌管、料理。司（sī）給聲音，落到去聲。日復一日地管著餵牲口：飼養、飼料——把牲畜餵著、養著。
飽	bǎo	adjective — full, eaten one's fill	食=meaning:food, eating | 包=sound:bāo — gives the sound	飯（食）吃到頂——說文說飽是「厭」，足了、夠了。包給聲音，調子彎成 bǎo。穀粒鼓鼓的叫飽滿；吃夠了苦，叫飽受。
飾	shì	verb/noun — to adorn, decorate	飠=sound:shí — the eat element, here for the sound | 巾=meaning:a cloth — what you wipe and dress with	一塊巾（巾）用來擦拭、妝點，左邊 飠（食）shí 給聲音，磨成 shì。由擦淨、修整表面引申到裝點：裝飾、飾品、掩飾。
餃	jiǎo	noun — dumpling (the wrapped, boiled kind)	飠=meaning:the food radical (食) — anything to eat | 交=sound:jiāo — gives the sound and the sense of crossing: the strokes cross over each other, as the wrapper folds and crosses shut	食字旁（飠）說這是吃的；交（jiāo）給聲音，聲調往下沉成 jiǎo。交本來就是交叉——餃子正是把麵皮交疊著包住餡。它走交這一排：校、效、較。
餅	bǐng	noun — a flat round cake, a biscuit, a patty	食=meaning:food — written 飠 on the left | 并=sound:bìng — gives the sound, worn from bìng to bǐng	一樣吃食（食／飠）——并（bìng）給聲音，本身又是兩物相併、壓在一起的樣子。合起來是壓扁的圓餅：餅乾、月餅。
養	yǎng	verb — to raise, rear, nourish	羊=sound:yáng — gives the sound | 食=meaning:food, to feed	羊（羊）在上，食（食）在下：羊（yáng）給聲音，食給意思。把食物擺到活物面前，讓牠長大：養育、餵養，引申到養成習慣、修養，還有奉養長輩——贍養。
餐	cān	noun — a meal	食=meaning:food, eating | 𣦼=sound:gives the sound	飯（食）吞下肚——說文說餐是「吞」。上頭一隻手（又）按著剔淨的骨（歹），給聲音，調子拉平成 cān。從吞嚥到一頓一頓的飯：早餐、晚餐、餐廳。
餓	è	adjective — hungry	食=meaning:food, eating | 我=sound:wǒ — gives the sound	跟吃（食）有關；我（wǒ）給聲音，w 磨掉了，剩 è。食的另一面：飯還沒吃到嘴。肚子餓、餓了。
餘	yú	noun/verb — surplus, remainder	食=meaning:food, eating (飠) | 余=sound:yú — the phonetic	食（飠，吃的）配上 余（yú）的聲音：吃的夠了還多——豐足，於是引出剩下的：剩餘、其餘、餘力。讀音不變，都讀 yú。余也給了途、徐、敘。
館	guǎn	noun — a public building: lodging, restaurant, hall (旅館, 飯館,	食=meaning:food, provisions | 官=sound:guān — gives the sound	備好飯食（食）招待客人——管吃管住的客舍。官（guān）給聲音，調子變成 guǎn。從供旅人食宿的地方，引到各種招待客人的館：旅館、飯館、圖書館、大使館。
饅	mán	noun — a steamed bun (饅頭)	食=meaning:food — written 飠 on the left | 曼=sound:màn — gives the sound, worn from màn to mán	一樣吃食（食／飠）——曼（màn）給聲音，磨成了 mán。合起來是蒸得鬆軟、漲滿的白麵團：饅頭。
饑	jī	noun — famine, a failed harvest	食=meaning:food, grain | 幾=sound:jī — gives the sound	食（食）在這裡指穀物的收成；幾（jī）把整個聲音原封給了它。穀子長不熟——穀不孰——大家都沒糧：饑荒、饑饉，掏空整片地方的飢荒。
饒	ráo	adjective — abundant, plentiful	食=meaning:food, plenty | 堯=sound:yáo — gives the sound; a figure piled high	食（食物、豐足）配上堯（yáo）給聲音——堯本是堆得高高的形。食物多到吃不完：富饒、豐饒。有餘就讓得開：寬恕、放過——饒恕、饒命。
饞	chán	adjective — greedy for food, gluttonous	食=meaning:food, eating | 毚=sound:chán — gives the sound	食（食），配上毚——一隻狡兔疊在同類上頭，是又滑又貪的樣子。毚（chán）把整個聲音原封給了它。一張嘴像兔子搶食那樣饞：嘴饞、饞涎，見了吃的就貪。
首	shǒu	noun — head	丷=form:the hair — tufts above | 自=form:the face, drawn large around its eye — today's strokes match 自	側面一顆頭——上面是頭髮（丷），下面把臉和眼睛畫大，今天的筆畫剛好是個自。頭走在身體前面：首先、首都、元首；一首歌、一首詩，也用它來數。
香	xiāng	adj/noun — fragrant	黍=meaning:millet, cooking grain | 甘=meaning:sweet — a mouth with something held in it	黍（黍）配上甘（甘）——煮熟的穀子又香又甜，飯食的香氣。從好聞引到好吃、受歡迎：香味、香水、吃香。
馬	mǎ	noun — a horse	馬=form:the whole horse — head, flying mane, legs settled into four dots	整匹馬一筆一筆畫下來：頭昂著，鬃毛飛著，四條腿收成四點。當聲音用，馱著一整排字：媽、嗎、罵、碼。
馴	xún	verb — to tame, to break in	馬=meaning:a horse | 川=sound:the right side, written like 川 — gives the sound (from 順)	馬（馬）旁邊是寫成川（川）的右半，由它給聲音。野馬被調得乖乖順著走，像水順流而下：馴服、馴養，還有那份溫順的脾性。
駐	zhù	verb — to halt, stay	馬=meaning:a horse — pulled up, standing still | 主=sound:zhǔ — host, the one who stays put; gives the sound	馬（馬）配上主（zhǔ）取聲——說文解作「馬立」，馬停下站住。停在一處不走：駐足、駐守、駐軍、進駐。主本身就是「留在這兒的人」——主人，不是過客。
駕	jià	verb — to harness, to drive (a vehicle)	加=sound:jiā — gives the sound; a mouth and a strength | 馬=meaning:a horse	加（jiā）擺在上頭給聲音，下面是馬（馬）。把馬套進車轅，讓車走起來：駕車、駕駛。從握韁繩引申到操控各種車。
駛	shǐ	verb — to drive, to speed (a vehicle)	馬=meaning:a horse | 史=sound:shǐ — gives the sound	馬（馬）配上史（shǐ）給聲音。馬快步奔跑——本義就是疾馳。這份速度移到了取代馬的車上：駕駛、行駛。
駝	tuó	noun — a camel	馬=meaning:a horse-like beast of burden | 它=sound:tuó — gives the sound	馬（像馬的馱獸）配上它（tuó）給聲音。沙漠裡馱貨的牲口，駱駝。從牠背上的駝峰：背彎起來——駝背。
駱	luò	noun — used in 駱駝 (camel)	馬=meaning:a horse | 各=sound:gè — gives the sound	馬（馬）配上各（gè）給聲音，磨向 luò。單用指黑鬣的白馬；和駝配在一起，就是沙漠裡的馱獸——駱駝。
騎	qí	verb — to ride (a horse, a bike), to straddle (騎馬, 騎車)	馬=meaning:a horse | 奇=sound:qí — gives the sound	一匹馬（馬），旁邊奇（qí）給聲音——跨坐到馬上，騎。從跨坐引到騎手和一切騎的東西：騎馬、騎車、騎士。
騙	piàn	verb — to cheat, to deceive, to swindle	馬=meaning:a horse | 扁=sound:biǎn — gives the sound	馬（馬），配上扁——扁平、側邊。扁（biǎn）給聲音，轉成 piàn。這個字本指從旁一躍上馬；從那個迅捷的側身動作，引出耍花招的意思——欺騙、騙子，騙人。
騰	téng	verb — to leap, to soar, to rise	馬=meaning:a horse | 朕=sound:zhèn — gives the sound	馬（馬）忽然奔起來。朕（zhèn）給聲音，磨得很遠，成了 téng。從馬往前一躍——騰飛、騰雲駕霧，飛升——再到像跳離地面那樣空出地方：騰出、騰挪。
騷	sāo	verb — to disturb, agitate	馬=meaning:a horse | 蚤=sound:zǎo — gives the sound; a flea	馬（馬）配上蚤（zǎo）給聲音——蚤就是跳蚤。馬被蟲咬得直甩尾巴，靜不下來：騷動、騷擾。又借去指詩人那股不安分的才情，於是有了文雅的一面——風騷。
驅	qū	verb — to drive (horses) forward	馬=meaning:a horse | 區=sound:qū — gives the sound	馬（馬）被趕著跑——驅。區（qū）給聲音。從趕馬，到 驅車、驅趕，再到趕散的 驅散。
驕	jiāo	adjective — arrogant, proud	馬=meaning:a horse | 喬=sound:qiáo — gives the sound	馬（馬）配上喬——高聳。馬高六尺爲驕，六尺高的大馬，一匹高頭大馬。喬（qiáo）給聲音，落成 jiāo。從那匹高傲的馬，引到高傲的人：驕傲、驕縱——居高臨下。
驗	yàn	verb — to test, examine	馬=meaning:a horse | 僉=sound:qiān — gives the sound	牽馬出來試——本義是一種馬，後來指把馬拉出來試牠的腳力：考驗、實驗。僉（qiān）給聲音，聲母磨到很遠，成了 yàn。試過了，就是憑證——驗證。
驚	jīng	verb — to startle, to alarm, to be frightened	馬=meaning:a horse | 敬=sound:jìng — gives the sound	馬（馬）遇到突然的東西就竄——駭也，受驚直立的牲口。敬（jìng）給聲音，提成 jīng。馬最容易受驚；從牠的慌亂來，凡是嚇一跳的：驚訝、驚喜、驚慌。
驟	zhòu	adj/adv — sudden, abrupt	馬=meaning:a horse | 聚=sound:jù — gives the sound	馬（馬）疾奔——馬疾步也，急促的步子。聚（jù）給聲音，磨得很遠，成了 zhòu。奔馬一下子就到跟前；由此引出突然的意思：驟然、驟變、驟增。
驢	lǘ	noun — donkey	馬=meaning:a horse — the horse family of beasts | 盧=sound:lú — gives the sound	馬（馬）一類的牲口，右邊 盧（lú）給聲音——驢。lú 抬高一個調成 lǘ，畫的還是 馬 家族裡馱東西的那頭。
骨	gǔ	noun — bone	冎=meaning:a carved bone joint — the hard frame | 肉=meaning:flesh — 肉 (here as 月) clinging to the bone	上頭的冎，是削乾淨的骨節——裡面那副硬架子；底下是肉，貼在骨上的肉。肉之覈也，肉裡的核，撐起身體的硬芯：骨頭、骨骼，再到比喻的脊梁——骨氣。
骯	āng	adjective — dirty, filthy (骯髒)	骨=meaning:bone — the body radical | 亢=sound:kàng — gives the sound	骨（骨）標出這是身體有關的字；右邊 亢（kàng）給聲音，磨到 k 掉了，只剩 āng。配成 骯髒——髒、不乾淨。
髒	zāng	adjective — dirty, filthy, grimy	骨=meaning:bone — the body, the flesh that picks up grime | 莊=sound:zhuāng — gives the sound, worn from zhuāng to zāng	一副骨肉之身（骨）——莊（zhuāng）給聲音，磨成了 zāng。合起來寫的是黏在身上洗不掉的——髒：髒亂、髒話。
髓	suǐ	noun — marrow	骨=meaning:bone | 隨=sound:suí — gives the sound, written short	骨（骨）配上右邊寫短了的 隨（suí）——骨頭中央的脂膏，骨髓。說文：骨中脂也。從骨頭最裡頭的東西，引出 精髓 的核心義。
體	tǐ	noun — body	骨=meaning:bone — the frame | 豊=sound:lǐ — gives the sound	骨頭（骨）接成一副架子——整個身體，每一部分都掛在上面。豊（lǐ）給聲音，l 磨成了 t；禮裡面也是這個豊。從成形的整體：身體、字體、體會。
高	gāo	adjective — tall, high	高=form:a tall tower over its gate — drawn whole	整個字就是一座高樓：上面屋頂，中間樓身，底下城門——畫的就是高。從樓的高生出各種高：高山、提高、高級，心情往上就是高興。
髦	máo	noun — long hair, mane	髟=meaning:flowing hair | 毛=sound:máo — gives the sound	髟（髟）是飄垂的頭髮，下接 毛（máo）——毛 既給聲音也就是毛，合成垂下的長髮。說文：髮也。從一頭好毛，引到俊傑：髦士。
髮	fà	noun — hair (of the head)	髟=meaning:long flowing hair | 犮=sound:bá — gives the sound	飄垂的長髮（髟）是意思——髟 是「長」蓋在三撇 彡 上，髮絲垂下。犮（bá）給聲音，b 磨成了 f。合起來寫成髮：頭上的毛，頭髮。
鬆	sōng	adjective — loose, slack, fluffy	髟=meaning:long, hanging hair — the windblown strands across the top | 松=sound:sōng — gives the sound	長髮（髟）配上松（sōng）——松樹針葉散開，既給聲音又給「鬆散」的樣子。合起來是頭髮披散，凡是放開、蓬鬆的都是鬆：放鬆、鬆軟。
鬍	hú	noun — a beard, a mustache	髟=meaning:long flowing hair — 髟 is hair hanging down | 胡=sound:hú — gives the sound	上頭的髟是垂下來的長毛；底下的胡把整個聲音原封給了它——胡本指下巴底下那片鬆肉，正是這毛長的地方。合起來：下巴上的鬍子——鬍子、鬍鬚、留鬍。
鬥	dòu	verb — to fight, struggle, contend	鬥=form:two figures grabbing each other by the hair, fighting	兩個人面對面，手都舉著、互相抓住——整個字就是一場打鬥。從這對扭打的人，引出各種爭鬥：戰鬥、鬥爭、鬥牛。它不再拆成更小的塊，畫面就是意思。
鬧	nào	adjective — noisy	鬥=meaning:quarreling (鬥) | 市=meaning:market (市)	吵架的鬥，包住一個市——寫的就是市場的吵。
鬱	yù	adj/verb — lush, dense	林=meaning:a wood — two trees, dense growth	上頭的林是樹林——木叢生也，樹擠成一片。茂密是本義：鬱鬱，蔥蘢茂盛。林子密到透不進光，心情也跟著走——悶住、堵著、沉重：憂鬱、鬱悶。
鬼	guǐ	noun — ghost, spirit of the dead	田=form:a swollen ghost-head — an eerie face on a mask | 儿=form:a person's legs, kneeling beneath the head | 厶=meaning:the harmful, hidden qi clinging to it	一個跪著的人（儿），頂著一張面具似的大頭（田）——死者回來的臉。旁邊掛個厶，是它帶的陰邪之氣。鬼後來領出一整排鬼字：魂、魄、魅、魔。
魁	kuí	noun/adj — chief, head	鬼=meaning:a ghost, a big-headed figure — the looming one | 斗=sound:dǒu — gives the sound	一個高大的大頭身影（鬼），斗（dǒu）給聲音，偏到 kuí——居首、為頭的那個。由首領引申到高大壯實：魁首、奪魁、魁梧。
魂	hún	noun — soul, the spirit that survives the body	鬼=meaning:a ghost, a spirit | 云=sound:yún — gives the sound, worn from y to h	鬼（鬼）配上云（yún）——飄走的雲。云給聲音，聲母由 y 磨成 h。合起來：升起飄走的魂，靈魂、魂魄的魂。
魄	pò	noun — the bodily soul	鬼=meaning:a spirit, a ghost | 白=sound:bái — gives the sound	鬼（鬼）由左邊 白（bái）標音——附在身體上的精氣，與遊走的 魂 相配的 魄。聲音從 bái 磨成 pò。從這股形體之氣，引到膽識氣勢：魄力、氣魄。
魅	mèi	noun/verb — a sprite, demon	鬼=meaning:a spirit, a ghost | 未=sound:wèi — gives the sound	鬼（鬼）配右邊 未（wèi）——年深物老成精的鬼魅。說文：老物精也。聲音由 wèi 過到 mèi。從迷惑人的鬼怪，引出今天的 魅力——吸引人。
魔	mó	noun — a demon, devil	鬼=meaning:a spirit, a ghost | 麻=sound:má — gives the sound	鬼（鬼）上頂 麻（má）標音——魔鬼。這是隨佛經晚出的字；聲音由 má 抬一個調到 mó。從惡鬼，引到一切神奇難測：魔力、魔術。
魚	yú	noun — a fish	魚=form:a fish drawn whole — head, scaled body, tail	一整條魚，頭朝上：尖頭、帶鱗的身子、一條尾巴。抄了千年，尾巴壓平成四點——跟火的灬長得一樣，純屬巧合。
魯	lǔ	adjective — dull, blunt	魚=meaning:a fish | 曰=sound:the worn donor beneath — yuē, dragged far to lǔ	魚（魚）在上，曰在下——好吃得進了嘴，本義是鮮美、嘉。底下的曰（yuē）給聲音，磨得幾乎認不出，yuē 拉成 lǔ。今天的「遲鈍」和魯國都是後來借走的。
鮮	xiān	adjective — fresh	魚=meaning:a fish — the fresh-caught thing | 羊=sound:the worn-down phonetic — once 羴 (three sheep, the strong-smell graph), abbreviated to one 羊	一條魚（魚）配一隻羊（羊）——這羊是「羴」（三隻羊、氣味濃）省下來的，給聲音。合起來本是魚名，後來指剛打上來的新鮮：新鮮、鮮魚。
鯨	jīng	noun — whale	魚=meaning:a fish | 京=sound:jīng — gives the sound	魚（魚）旁配 京（jīng）標音——海裡最大的，鯨魚。說文：海中大魚也。聲音與 京 完全相同。從牠的龐大，引出整口吞下的 鯨吞。
鳥	niǎo	noun — bird	鳥=form:a long-tailed bird in profile — head, body, the tail trailing, clawed foot below	整個字就是一隻側看的鳥：上面是頭，再來身子，長尾巴拖下來，底下是爪子（像匕）。象形字——拆不開。長尾分出牠和短尾的 隹；把眼睛那一點拿掉，就成了烏——黑得連眼睛都看不見的烏鴉。
鳴	míng	verb — to cry, call (of birds, animals)	口=meaning:a mouth, open | 鳥=meaning:a bird	嘴（口）配一隻鳥（鳥）——鳥一張口就叫。兩半合起來就是那聲音，於是鳴從鳥叫一路用到任何響亮的鳴：雷鳴、鳴謝、鳴不平。
鴉	yā	noun — crow	鳥=meaning:a bird | 牙=sound:yá — gives the sound	鳥（鳥）由左邊 牙（yá）標音——烏鴉。聲音由 yá 降成平聲 yā。牠粗啞的叫聲就是名字；合成 烏鴉，全身漆黑。
鴨	yā	noun — duck	鳥=meaning:a bird | 甲=sound:jiǎ — gives the sound	鳥（鳥）左邊嵌著 甲（jiǎ）標音——鴨子。聲音的 j 軟掉，只剩 yā。日常的水禽：鴨子、鴨肉。
鴻	hóng	noun/adj — the wild swan, a great goose	鳥=meaning:a bird | 江=sound:jiāng — gives the sound	鳥（鳥）配 江（jiāng）給聲音——大雁、天鵝，候鳥裡最大的一種。從牠的龐大引申出浩大的意思：鴻圖、鴻運、鴻儒。聲音從 j 退回喉間，成了 h。
鴿	gē	noun — pigeon, dove	鳥=meaning:a bird | 合=sound:hé — gives the sound, worn from h to g	鳥（鳥）配上合（hé）——蓋合的蓋子，成雙成群的鳥。合給聲音，由 h 磨成 g。合起來就是鴿，會回家的鴿子，信鴿、鴿舍。
鵝	é	noun — goose	鳥=meaning:a bird | 我=sound:wǒ — gives the sound	鳥（鳥）由左邊 我（wǒ）標音——鵝。說文：鴚鵝也。聲音的 w 脫落，只剩 é。長頸的家禽：鵝毛、鵝掌。
鷹	yīng	noun — eagle, hawk	鳥=meaning:a bird | 䧹=sound:yīng — gives the sound	上半整個是 䧹（yīng）——一隻收翅伏在頂蓋下的猛禽 隹——聲音與 鷹 完全相同。下面是 鳥。合成會捕獵的鳥：老鷹、雄鷹，自高處撲下。
鹹	xián	adjective — salty	鹵=meaning:brine, the salt-pan — a sack of salt-grains | 咸=sound:xián — gives the sound	左邊鹵是意思——鹵 畫的是一袋鹽粒。右邊咸（xián）給聲音，沒走音，整個讀法都留著。合起來就是鹽的味道：鹹味、又鹹又苦。
鹽	yán	noun — salt	鹵=meaning:a salt-flat — grains of salt scattered in a brine pan | 監=sound:jiān — gives the sound, worn from jiān to yán	鹵（鹵，鹽粒在滷池裡）——監（jiān）給聲音，磨成了 yán。古字記著有人看著火，把海水煮成鹽：食鹽、鹽巴。
鹿	lù	noun — a deer	鹿=form:a deer, drawn whole	一隻鹿的全形：上面是分岔的角，中間是頭和身子，下面兩條腿成了「比」。它把意思帶進一整族字——麗（角美的鹿，美）、塵（鹿揚起的土，灰塵）、麓（鹿出沒的山腳林）。
麋	mí	noun — a kind of large deer	鹿=meaning:a deer, antlers and legs and all | 米=sound:mǐ — gives the sound	鹿（鹿）說的是這種動物；下面的米（mǐ）給聲音，只動了聲調，成 mí。合起來寫「麋」——澤地裡的大鹿，麋鹿。
麗	lì	adjective — beautiful, lovely	鹿=meaning:a deer | 丽=sound:lí — a matched pair, side by side, two of the same hung together; also the sound donor	下面一隻鹿（鹿），上面是成對的 丽——兩個一樣的並排。古文字有兩個說法：鹿頭上對稱分叉的雙角；或像說文說的，鹿成雙結隊而行（旅行）。不論哪個，看見的都是「兩兩相配、漂亮」，由「成對」引申出美麗、華麗。
麥	mài	noun — wheat, barley (the grain)	來=sound:once the wheat-ear pictograph, now the donor of both meaning and sound | 夊=form:a downward foot, the roots trailing below	上面的來，本是麥子的圖畫——後來被借去當「來」，於是底下加個夊（腳）保住穀物。古文字有兩個說法：夊是麥根下垂，或是標麥子「走來」的天賜。不論哪種，來既給意思，也給磨舊的聲音。
麵	miàn	noun — flour	麥=meaning:wheat | 面=sound:miàn — gives the sound, exact	麥（麥）子磨細了——麵粉；揉出來的都跟著姓麵：麵粉、麵包、一碗麵。面（miàn）給聲音，一點沒變。
麻	má	noun — hemp, flax	广=meaning:a roofed shed, a lean-to — workshop walls | 林=meaning:stripped hemp stalks hung to dry	在一間有頂的棚子（广）下，麻稈（像 林 的 𣏟）掛著剝皮、晾乾——這在屋下做的活就是這個字：大麻、麻布。纖維那種刺刺麻麻的感覺，借去寫 麻木；那一團亂又寫成 麻煩。當聲音用，麻 又蓋出一排字：磨、摩、魔。
麼	me/mó	particle — question-word tail (什麼)	麻=sound:má — gives the sound | 幺=meaning:a thread-end — smallness	細絲（幺）表示小，麻（má）給聲音——本義是細小（幺麼）。在「什麼」裡是借音，唸成輕輕的 me。
黃	huáng	adjective — yellow	黃=form:the whole graph, taken as one	黃有兩個說法。一個把它看成一個人腰上佩著玉璜——圓玉穿在當中，借來指顏色。另一個照說文拆：上是田，下是炗，也就是古文的「光」：曬亮的土地的顏色。不論哪個，這字都是黃——黃色——以及那個顏色的亮金屬，黃金。當聲音用，它帶著橫、廣。
黎	lí	noun/adj — the multitude (黎民)	黍=meaning:millet — the sticky grain | 利=sound:lì — gives the sound, written short	黍（黍）這黏穀給義，頂上寫短的 利（lì）給聲音。聲調由 lì 抬到 lí。字義轉黑——眾多人群的深色，於是 黎民 指百姓，黎明 指天亮前的暗。
黏	nián	adj/verb — sticky	黍=meaning:millet — the grain whose paste sticks | 占=sound:zhān — gives the sound	黍（黍）這黏穀給義，右邊 占（zhān）給聲音，聲母一路滑到 n。說文：相箸也——彼此黏住。從穀漿的黏，引出 黏性、黏貼。
黑	hēi	adjective — black	黑=form:rendered whole — see the two tellings	火燒過留下的顏色。古文字有兩個說法：煙囪口被底下的火（灬）燻黑了，或是人臉上刺了墨——兩個都黑。黑色、天黑、黑板。
默	mò	verb/adj — silent	黑=meaning:black, dark | 犬=meaning:dog	古文字有兩個說法：犬（犬）與黑（黑）相合——在暗中無聲追人的狗，說文：犬暫逐人也；或是 犬 配 黑（hēi）標音，磨成 mò。無論哪一說，字義都是無聲——沉默、默不作聲——再到不出聲而為：默寫、默禱。
點	diǎn	noun/verb — dot, point	黑=meaning:black | 占=sound:zhān — gives the sound	一個小小的黑（黑）記號——點；占（zhān）給聲音，zh 磨成了 d——店（diàn）、站（zhàn）用的是同一個占。從一個小點出去：線上的一點、鐘面上的三點，還有輕輕一碰就開始的——點火、點菜、點名。
黨	dǎng	noun — a faction, party	黑=meaning:black, dim — soot on the skin | 尚=sound:shàng — gives the sound	黑是意思——本義是「色暗、不鮮」。尚（shàng）給聲音，聲母磨到很遠，成了 dǎng。從「暗成一片的一群」轉成湊在一起被人看見的一夥：朋黨，再到地方的鄉黨，再到政黨。
鼓	gǔ	noun/verb — a drum	壴=meaning:a drum standing on its frame | 攴=meaning:a hand holding a stick — the beater	鼓架上的鼓（壴）配上手持棒槌（攴）正要敲下——擊鼓。兩半就是鼓與敲鼓。從擊鼓催人，引出 鼓勵、鼓動。
鼠	shǔ	noun — rat, mouse	鼠=form:a rodent — gnawing teeth on top, clawed feet and a long tail below	整個字就是一隻動物：上面畫頭和露出的牙，下面是爪子和拖在後頭的長尾——老鼠。從老鼠引出各種鼠類（老鼠、松鼠），也帶著牠那股偷偷摸摸的味道（鼠輩、抱頭鼠竄）。它不拆成義符聲符，這幅畫自己站著。
鼻	bí	noun — the nose	自=meaning:the nose, drawn whole | 畀=sound:gives the sound	自畫的就是鼻子——鼻樑和鼻孔。人指著自己的鼻尖說「我」，自就被拉去當「自己」；鼻子這個詞便在下面添了畀作聲音，調子彎成 bí，圖還留在上頭：鼻子、鼻音。
齊	qí	adj/verb — even, level	齊=form:grain heads sprouting to one even level	禾麥抽穗，頂端齊到同一高度——平整的畫面。說文：禾麥吐穗上平也。從一片齊頭，引出 整齊、齊心，一齊，再到一樣不缺的 齊全。
齒	chǐ	noun — teeth	齒=form:a mouth full of teeth, drawn in rows | 止=sound:zhǐ — gives the sound, capping the mouth	張口排著一列牙——門齒。說文：象口齒之形。上頭壓著 止（zhǐ）標音，送氣成 chǐ。從牙齒，引到齒口整齊的 齒輪，和一齒齒數來的年歲 年齒。
齡	líng	noun — age, years (of a person)	齒=meaning:teeth | 令=sound:líng — gives the sound exactly	齒（齒）配令（líng）給聲，分毫不差。看牙就知歲口，數年就知年紀——齒管那個數，令給聲音：年齡、同齡。
龍	lóng	noun — a dragon	龍=form:rendered bare — the old graph carries two tellings	古文字有兩個說法。一說整個是一幅畫：一條有冠的大蛇，左邊是嘴，右邊拖著身子和飛騰的樣子——一條完整的龍。另一說拆成肉（肉）加上飛形，再取童（tóng）省下來當聲音，磨到了 lóng。兩說畫的是同一頭——春分登天、秋分潛淵的神獸。當聲音用，蓋出一排字：籠、聾、壟。
龐	páng	adj/noun — huge, vast	广=meaning:a roofed shelter | 龍=sound:lóng — gives the sound	一片屋頂（广）下罩著一條 龍（龍）——龍（lóng）本身龐然，又給聲音，磨到 páng。屋下一頭巨物的畫面，引出 龐大、龐雜。
龜	guī	noun — turtle, tortoise	龜=form:a turtle seen from the side — head, shell, legs, tail	整個字就是一隻側看的龜：頭在前，中間是有紋的甲殼，四周是腳和尾。說文：外骨內肉者也。畫的就是這隻動物：烏龜、海龜。
