# tsumugu-ed public word list · headword	pinyin	gloss (full en definition)	level · built 2026-08-26 from entries/words + indexes/by-level.json
一一	yīyī	adverb — one by one, one after another, each in turn	TOCFL 4
一下	yīxià	after a verb — once, briefly, for a moment (試一下 give it a try)	TOCFL 1
一下子	yīxiàzi	adverb — all at once; in an instant; suddenly	TOCFL 2
一下子兒	yīxiàzir	adverb — in a moment, all at once, in one go (一下子兒就好了 done in a flash)	TOCFL 1
一些	yīxiē	determiner — some, a few, a little (一些朋友 a few friends)	TOCFL 1
一代	yīdài	noun — a generation; one era of a line (of people, machines, rulers)	TOCFL 4
一件	yījiàn	measure phrase — one item (of clothing, matter, luggage)	TOCFL 1
一個個	yīgègè	adverb — one by one; each and every one in turn	TOCFL 1
一共	yīgòng	adverb — altogether, in total (一共多少錢 how much in all)	TOCFL 1
一再	yīzài	adverb — again and again, repeatedly, time after time	TOCFL 4
一切	yīqiè	determiner / pronoun — all, every, the whole lot (一切順利 all goes well)	TOCFL 2
一半	yībàn	noun — one half	TOCFL 2
一半兒	yībànr	noun — one half (the colloquial 兒-form of 一半)	TOCFL 1
一口氣	yīkǒuqì	noun — one breath; adverb — in one go, all at once	TOCFL 5
一同	yītóng	adverb — together, in company (doing something jointly)	TOCFL 3
一向	yīxiàng	adverb — all along, consistently (up to now)	TOCFL 3
一味	yí wèi	adverb — blindly, single-mindedly; doing one thing without regard for anything else	TOCFL 5
一回	yīhuí	measure — one time, one occurrence; one chapter (of a classic novel)	TOCFL 3
一場	yīchǎng	measure — one round of (rain, illness, a game, an event)	TOCFL 2
一塊	yīkuài	measure phrase — one piece, one lump; adverb — together (一塊去 to go together)	TOCFL 2
一塊兒	yīkuàir	adverb — together, in one group (一塊兒走 to leave together); colloquial	TOCFL 2
一大早	yīdàzǎo	noun phrase — early in the morning, first thing in the morning	TOCFL 4
一天到晚	yītiāndàowǎn	idiom — all day long, from morning till night (often of something done constantly or annoyingly)	TOCFL 4
一套	yītào	measure phrase — a set; a suite (of things, or of methods)	TOCFL 3
一如	yì rú	verb — to be just like, exactly as; (formal) as it always was	TOCFL 5
一定	yīdìng	adverb — certainly; definitely; surely; adjective — certain; fixed	TOCFL 1
一家	yījiā	noun — one family; the whole household	TOCFL 1
一對	yīduì	measure — a pair, a couple (two that go together)	TOCFL 3
一層	yīcéng	measure — one layer; one floor (of a building)	TOCFL 2
一帶	yīdài	noun — the area around a place, a zone, the vicinity	TOCFL 4
一度	yīdù	adverb — once, at one time; noun — one degree (of temperature, angle)	TOCFL 6
一張	yīzhāng	measure — one (flat thing: paper, ticket, table, face, mouth)	TOCFL 1
一律	yí lǜ	adverb — without exception, uniformly; the same rule applied to all	TOCFL 5
一心	yì xīn	adverb — wholeheartedly, single-minded; with the whole heart fixed on one thing	TOCFL 5
一招	yīzhāo	noun phrase — one move; one trick (a single tactic or maneuver)	TOCFL 4
一方	yīfāng	noun — one side, one party (in a dispute or deal); one area, one region	TOCFL 3
一方面	yīfāngmiàn	noun/conj — one aspect; on the one hand (often paired with 另一方面 "on the other hand")	TOCFL 3
一旁	yīpáng	noun — one side, off to the side, aside	TOCFL 4
一日	yīrì	noun phrase — one day; a single day	TOCFL 2
一旦	yīdàn	conjunction — once; in the event that	TOCFL 5
一時	yīshí	adverb — for a moment, momentarily; for a time	TOCFL 4
一會	yīhuì	noun — a little while; a moment	TOCFL 2
一會兒	yīhuìr	noun — a little while; a moment	TOCFL 2
一根	yīgēn	measure — one (long thin thing: a stick, hair, rope, needle)	TOCFL 2
一概	yí gài	adverb — categorically, all without exception; every one treated the same	TOCFL 5
一樣	yīyàng	adjective — the same; identical; just like	TOCFL 1
一步	yībù	noun — one step; a single step	TOCFL 3
一流	yì liú	adjective — first-rate, top-class; ranked in the highest tier	TOCFL 5
一生	yīshēng	noun — one's whole life, a lifetime	TOCFL 4
一番	yīfān	measure phrase — a round of; a bout of (effort, talk, trouble)	TOCFL 5
一直	yīzhí	adverb — all along, continuously; straight on (一直走 keep going straight)	TOCFL 1
一眼	yīyǎn	noun/measure — one glance; a single look	TOCFL 3
一系列	yīxìliè	determiner — a series of, a whole string of	TOCFL 6
一級	yījí	noun — first grade, top tier; level one	TOCFL 4
一致	yīzhì	adjective — consistent, in agreement, unanimous	TOCFL 5
一般	yībān	adjective — ordinary; general; common; adverb — generally; usually	TOCFL 2
一般來說	yībānláishuō	phrase — generally speaking, as a rule	TOCFL 3
一般而言	yìbān ér yán	phrase — generally speaking, in general, as a rule	TOCFL 4
一處	yīchù	measure — one place, one spot (a single location)	TOCFL 3
一貫	yí guàn	adjective — consistent, all-along; held to the same way from start to end	TOCFL 5
一起	yīqǐ	adverb — together, in the same place (一起去 go together)	TOCFL 1
一路	yīlù	adv/noun — all the way; the whole journey; (一路順風 safe travels)	TOCFL 3
一身	yīshēn	noun — the whole body, head to toe; a suit of (clothes); the whole of (a skill, a debt) on one person	TOCFL 5
一輩子	yībèizi	noun — a whole lifetime, all one's life	TOCFL 5
一連	yīlián	adverb — in a row, in succession (followed by a count)	TOCFL 3
一連串	yì lián chuàn	noun-phrase — a whole string of, a series; many things following one after another	TOCFL 5
一遍	yībiàn	measure — one time through (reading, watching, doing from start to end)	TOCFL 2
一道	yí dào	adverb — together, along with; (colloquial) doing something side by side	TOCFL 5
一部分	yībùfèn	noun — a portion, a part of something	TOCFL 2
一面	yímiàn	noun — one side, one surface; adverb — (一面…一面…) doing one thing while doing another	TOCFL 4
一項	yīxiàng	measure phrase — one item; one (of tasks, rules, achievements)	TOCFL 5
一類	yīlèi	noun — one kind, one category; a class (of things)	TOCFL 3
一點	yīdiǎn	determiner — a little, a bit (a small amount); also one o'clock (一點鐘)	TOCFL 1
一點兒	yīdiǎnr	determiner — a little, a bit (the colloquial 兒-form of 一點)	TOCFL 1
一點點	yīdiǎndiǎn	determiner — a tiny bit, just a little (一點點 doubled for smallness)	TOCFL 1
一齊	yīqí	adverb — all at once, all together, in unison	TOCFL 6
丁能通	Dīng Néngtōng	proper noun — Ding Nengtong, the protagonist of Wang Xiaofang's novel The Director of the Beijing Liaison Office (駐京辦主任)	named-entity
丈夫	zhàngfu	noun — husband	TOCFL 4
三分	sānfēn	noun — three parts (out of ten); three points (as in a basketball three-pointer)	TOCFL 4
三峽	Sānxiá	proper noun — the Three Gorges, the three river canyons on the Yangtze in central China	TOCFL 6
三年	sānnián	noun — three years	TOCFL 1
三明治	sānmíngzhì	noun — sandwich	TOCFL 1
三級	sānjí	noun — the third grade; third level	TOCFL 4
三角形	sānjiǎoxíng	noun — triangle	TOCFL 4
上下	shàngxià	noun — up and down; adv — roughly, about (after a number)	TOCFL 5
上來	shànglái	verb — to come up (toward the speaker); [after a verb] managing to do it	TOCFL 1
上升	shàngshēng	verb — to rise; to go up	TOCFL 5
上午	shàngwǔ	noun — the morning; the forenoon (before noon)	TOCFL 1
上去	shàngqù	verb — to go up (away from the speaker)	TOCFL 1
上台	shàngtái	verb — to go on stage, take the platform; to come to power, take office	TOCFL 4
上司	shàng si	noun — boss, superior; the person above you at work	TOCFL 5
上吊	shàng diào	verb — to hang oneself; to die by hanging from a rope	TOCFL 5
上好	shàng hǎo	adjective — top-quality, finest; of the highest grade	TOCFL 5
上學	shàngxué	verb — to go to school; to attend school	TOCFL 1
上市	shàngshì	verb — to go on the market; to be listed on the stock exchange	TOCFL 5
上帝	shàngdì	noun — God (Christian); the supreme deity, the Lord on high	TOCFL 3
上年	shàngnián	noun — last year; the previous year	TOCFL 1
上旬	shàng xún	noun — the first ten days of a month; the early third of the month	TOCFL 5
上海	Shànghǎi	proper noun — Shanghai, China's largest city, on the east coast	TOCFL 2
上海市	shànghǎishì	proper noun — Shanghai, China's largest city and financial hub, at the mouth of the Yangtze	named-entity
上游	shàngyóu	noun — upper reaches of a river, upstream; (figurative) the front-end / leading position	TOCFL 4
上演	shàng yǎn	verb — to stage, put on, screen; to present a play or film to an audience	TOCFL 5
上漲	shàngzhǎng	verb — to rise, to go up (of prices, water levels)	TOCFL 7
上班	shàngbān	verb — to go to work; to be on duty	TOCFL 1
上當	shàngdàng	verb — to be tricked, taken in, fall for a scam	TOCFL 3
上癮	shàngyǐn	verb — to become addicted, get hooked (on a substance or habit)	TOCFL 5
上空	shàngkōng	noun — the sky above a place, the airspace overhead	TOCFL 5
上級	shàngjí	noun — superiors; higher authorities	TOCFL 6
上網	shàngwǎng	verb — to go online; to get on the internet	TOCFL 1
上臺	shàngtái	verb — to go on stage, take the platform; to come to power, take office	TOCFL 4
上街	shàngjiē	verb — to go out into the street, go shopping or out on the town	TOCFL 3
上衣	shàngyī	noun — an upper garment, top (shirt, jacket)	TOCFL 2
上課	shàngkè	verb — to attend class; (of a teacher) to teach a class	TOCFL 1
上路	shànglù	verb — to set off on a journey, hit the road; (figurative) to get the hang of something	TOCFL 5
上述	shàngshù	adjective — above-mentioned, aforesaid	TOCFL 5
上進	shàngjìn	verb — to strive to improve, be eager to better oneself	TOCFL 5
上門	shàngmén	verb — to come to one's door, visit in person, call on (a customer or household)	TOCFL 5
上面	shàngmiàn	noun — the top, the surface; above; (the authorities) higher up	TOCFL 4
上頭	shàngtou	noun — the top, above, on top; (colloquial) the higher-ups, the boss / authorities	TOCFL 4
下令	xiàlìng	verb — to give an order; to issue a command	TOCFL 5
下來	xiàlái	verb — to come down; (as a complement) to settle into a finished or fixed state	TOCFL 3
下列	xiàliè	adjective — listed below, the following (items)	TOCFL 5
下午	xiàwǔ	noun — afternoon	TOCFL 1
下午茶	xiàwǔchá	noun — afternoon tea (tea with light snacks taken in the afternoon)	TOCFL 4
下去	xiàqu	verb — to go down, descend; (after a verb) to keep on, carry on doing	TOCFL 4
下崗	xiàgǎng	verb — to be laid off, lose one's job; to come off duty (a post)	TOCFL 6
下巴	xiàba	noun — the chin; (loosely) the lower jaw	TOCFL 4
下旬	xiàxún	noun — the last ten days of a month (the 21st onward)	TOCFL 5
下棋	xiàqí	verb — to play chess, play a board game (go, chinese chess, etc.)	TOCFL 4
下水	xiàshuǐ	verb — to enter the water, launch (a boat); (figurative) to get drawn into wrongdoing	TOCFL 5
下水道	xiàshuǐdào	noun — sewer, drainage channel carrying waste water away	TOCFL 5
下游	xiàyóu	noun — lower reaches of a river, downstream; (figurative) the downstream / trailing end of a chain	TOCFL 4
下滑	xiàhuá	verb — to slide downward, decline (of figures, prices, performance)	TOCFL 5
下班	xiàbān	verb — to get off work; to finish a shift	TOCFL 1
下筆	xiàbǐ	verb — to put pen to paper, start writing or painting	TOCFL 5
下課	xiàkè	verb — to finish class; (class) to be dismissed	TOCFL 1
下跌	xiàdiē	verb — to fall, drop (of prices, values, indices)	TOCFL 5
下降	xiàjiàng	verb — to drop; to descend; to fall	TOCFL 5
下雨	xiàyǔ	verb — to rain (rain falls)	TOCFL 1
下雪	xiàxuě	verb — to snow (snow falls)	TOCFL 1
下面	xiàmiàn	noun — below; underneath; the part that follows	TOCFL 4
不下	búxià	phrase — no fewer than, not less than (a stated amount); also "cannot get … down"	TOCFL 5
不久	bùjiǔ	adverb — soon, before long; not long (ago / after)	TOCFL 1
不但	bùdàn	conjunction — not only (paired with 而且 / 還)	TOCFL 3
不住	búzhù	verb-complement — unable to hold; adverb — incessantly, without stopping	TOCFL 7
不便	búbiàn	adjective — inconvenient, awkward; noun — inconvenience	TOCFL 5
不停	bùtíng	adverb — without stopping; ceaselessly, on and on	TOCFL 3
不僅	bùjǐn	conjunction — not only, not merely (often paired with 還/也 "…but also")	TOCFL 4
不免	bùmiǎn	adverb — unavoidably; cannot help but	TOCFL 4
不公	bùgōng	adjective — unfair, unjust; noun — unfairness	TOCFL 5
不再	bùzài	adverb — no longer; not anymore; never again	TOCFL 3
不凡	bùfán	adjective — extraordinary, out of the ordinary, remarkable	TOCFL 5
不利	bùlì	adjective — unfavorable, disadvantageous, harmful (to)	TOCFL 5
不到	búdào	phrase — less than, not as much as, short of (a figure); (after a verb) fail to reach / not manage to	TOCFL 4
不力	búlì	adjective — ineffective, failing to do one's job well, lax (of effort or handling)	TOCFL 5
不動產	búdòngchǎn	noun — real estate, immovable property (land and buildings)	TOCFL 5
不及	bùjí	verb — to fall short of, not be as good as; phrase — too late to (do something)	TOCFL 5
不同	bùtóng	adjective — different; not the same	TOCFL 2
不在	bùzài	verb — to be absent; to not be in (a place)	TOCFL 1
不堪	bùkān	verb — cannot bear, cannot withstand; adjective — utterly (after a bad state), in a wretched state	TOCFL 5
不夠	bùgòu	verb/adj — not enough, insufficient	TOCFL 1
不大	bùdà	adverb — not very, not much; not particularly (so)	TOCFL 4
不好	bùhǎo	adjective — not good; bad; hard to (do)	TOCFL 1
不好意思	bùhǎoyìsi	phrase — excuse me; (I'm) sorry; to feel embarrassed	TOCFL 1
不如	bùrú	verb — to be not as good as; conjunction — would be better to	TOCFL 4
不妨	bùfáng	adverb — might as well, there's no harm in (doing something)	TOCFL 5
不安	bù'ān	adjective — uneasy, anxious, restless; ill at ease	TOCFL 4
不宜	bùyí	verb — to be unsuitable, not advisable	TOCFL 5
不客氣	bùkèqì	phrase — you're welcome; don't mention it; (also) impolite, blunt	TOCFL 1
不容	bùróng	verb — to not allow, to not tolerate; to leave no room for	TOCFL 5
不少	bùshǎo	adjective/adverb — quite a few; a considerable number; not a little	TOCFL 3
不平	bùpíng	adjective — uneven, not level; indignant, resentful at unfairness	TOCFL 4
不幸	bùxìng	adjective — unfortunate; adv — unfortunately; noun — misfortune	TOCFL 4
不得	bùdé	verb phrase — must not, may not; cannot	TOCFL 1
不得不	bùdébù	adverb — cannot but; have no choice but to; must	TOCFL 4
不得了	bùdéliǎo	phrase — extremely, terribly (熱得不得了 unbearably hot); an awful situation, a big deal	TOCFL 2
不得已	bùdéyǐ	adjective — having no choice; acting only because one must, against one's wish	TOCFL 4
不必	bùbì	adverb — need not; not have to	TOCFL 3
不惜	bùxī	verb — to not spare; to be willing to (go to any length, pay any price)	TOCFL 5
不懈	bùxiè	adjective — unflagging, tireless, unremitting	TOCFL 5
不成	bùchéng	verb — to fail, to not work out; particle — used at sentence end to mark a rhetorical question (could it be that…?)	TOCFL 4
不敢	bùgǎn	verb — to not dare; to lack the courage (to do something)	TOCFL 3
不敢當	bùgǎndāng	phrase — you flatter me; I don't deserve such praise (a modest reply to a compliment)	TOCFL 4
不料	bùliào	conj — unexpectedly, who would have thought; contrary to expectation	TOCFL 5
不斷	búduàn	adverb — continuously, unceasingly; verb — to be unbroken, to keep on	TOCFL 3
不時	bùshí	adverb — from time to time, every now and then; at any moment	TOCFL 5
不止	bùzhǐ	verb — to not stop, to keep on; adverb — more than, not limited to (a number)	TOCFL 4
不法	bùfǎ	adjective — unlawful, illegal; lawless	TOCFL 5
不準	bùzhǔn	adjective — inaccurate, off the mark, unreliable	TOCFL 5
不滿	bùmǎn	adjective — dissatisfied, discontented; noun — discontent	TOCFL 5
不然	bùrán	conjunction — otherwise, or else; (also) if not so	TOCFL 4
不用	bùyòng	adverb — no need to; there's no need	TOCFL 3
不用說	búyòngshuō	phrase — needless to say; it goes without saying	TOCFL 3
不由得	bùyóude	adverb — can't help but; cannot but	TOCFL 6
不當	bùdàng	adjective — improper, inappropriate, unsuitable	TOCFL 4
不知不覺	bùzhībùjué	adverb — unconsciously, without realizing it, before one knows it	TOCFL 5
不禁	bùjīn	adverb — can't help (doing); cannot hold back	TOCFL 6
不等	bùděng	adjective — unequal, varying, of differing amount	TOCFL 5
不管	bùguǎn	conjunction — no matter (what / how); regardless of	TOCFL 3
不肖	bùxiào	adjective — unworthy, undutiful (esp. of a son who does not take after his forebears)	TOCFL 5
不肯	bùkěn	verb — to be unwilling to, to refuse to	TOCFL 4
不至於	bùzhìyú	verb phrase — won't go so far as to; not to the point of; surely not	TOCFL 5
不致	bùzhì	verb phrase — won't lead to, won't result in; not such as to	TOCFL 5
不致於	bùzhìyú	verb phrase — won't go so far as to; not to the point of; surely not	TOCFL 5
不良	bùliáng	adjective — bad; harmful; poor (of quality, behaviour, influence)	TOCFL 1
不行	bùxíng	verb/adj — won't do; not allowed; no good	TOCFL 4
不見	bùjiàn	verb — to not see; to disappear, to go missing (不見了); to not meet	TOCFL 3
不見得	bùjiànde	adverb — not necessarily, not likely to (so)	TOCFL 4
不許	bùxǔ	verb — to forbid; must not, not allowed	TOCFL 6
不該	bùgāi	verb — should not; ought not to	TOCFL 4
不論	bùlùn	conjunction — no matter (what / how); regardless of	TOCFL 4
不變	bùbiàn	verb/adj — to stay the same; unchanging	TOCFL 2
不足	bùzú	adj/verb — insufficient, not enough; to fall short of	TOCFL 4
不過	bùguò	conjunction — but, however; adverb — only, no more than (不過如此 nothing more than this)	TOCFL 1
不遠	bùyuǎn	adv phrase — not far; close by, nearby	TOCFL 2
不錯	bùcuò	adjective — not bad; pretty good; correct	TOCFL 1
不顧	bùgù	verb — to disregard, to ignore; in spite of, regardless of	TOCFL 4
世上	shìshàng	noun phrase — in the world; on earth	TOCFL 2
世事	shìshì	noun — the affairs of the world, the ways of the world	TOCFL 5
世代	shìdài	noun — a generation; generation after generation, for generations	TOCFL 5
世界	shìjiè	noun — the world	TOCFL 2
世紀	shìjì	noun — century; a hundred-year period	TOCFL 3
世間	shìjiān	noun — in the world, on earth; the human world	TOCFL 5
丘陵	qiūlíng	noun — hills, hilly land	TOCFL 7
丟人	diūrén	verb — to lose face, to be disgraced; adjective — embarrassing, shameful	TOCFL 4
丟棄	diūqì	verb — to throw away, discard, abandon	TOCFL 5
丟臉	diūliǎn	verb — to lose face, to be disgraced; adjective — embarrassing, shameful	TOCFL 4
並且	bìngqiě	conjunction — moreover; and; in addition; furthermore	TOCFL 4
並列	bìngliè	verb — to stand side by side; to rank equally, be juxtaposed	TOCFL 5
並未	bìngwèi	adverb — have not at all, did not in fact (emphatic negation of the past)	TOCFL 5
並重	bìngzhòng	verb — to give equal weight to, lay equal stress on (two things)	TOCFL 5
並非	bìngfēi	verb — to be not (really); is by no means	TOCFL 5
中共	Zhōnggòng	proper noun — the Chinese Communist Party (CCP), the ruling party of the People's Republic of China	TOCFL 7
中午	zhōngwǔ	noun — noon, midday	TOCFL 1
中原	zhōngyuán	proper noun — the Central Plains, the lower Yellow River heartland regarded as the cradle of Chinese civilization	named-entity
中和	zhōnghé	verb — to neutralize, to counterbalance (esp. acid and base, opposing forces)	TOCFL 5
中國	zhōngguó	proper noun — China; the Chinese nation	TOCFL 1
中國隊	zhōngguóduì	proper noun — Team China; China's national squad in a sport	named-entity
中外	zhōngwài	noun/adj — China and abroad; Chinese and foreign	TOCFL 1
中央	zhōngyāng	noun — center; the central government; adjective — central	TOCFL 4
中學	zhōngxué	noun — middle school; secondary school (grades 7–12 in Taiwan)	TOCFL 3
中年	zhōngnián	noun — middle age, midlife	TOCFL 4
中庸	zhōngyōng	noun — the golden mean; moderation (Confucian)	TOCFL 5
中心	zhōngxīn	noun — center; core; hub	TOCFL 2
中文	zhōngwén	noun — the Chinese language; Chinese (written or spoken)	TOCFL 1
中斷	zhōngduàn	verb — to break off partway, interrupt, suspend	TOCFL 5
中旬	zhōngxún	noun — the middle ten days of a month (roughly the 11th to the 20th)	TOCFL 5
中暑	zhòngshǔ	verb — to get heatstroke, to be overcome by heat	TOCFL 5
中期	zhōngqī	noun — mid-term; the middle period or phase	TOCFL 4
中毒	zhòngdú	verb — to be poisoned; to be infected (by a computer virus); to be hooked on	TOCFL 4
中獎	zhòngjiǎng	verb — to win a prize, to win (a lottery, a draw)	TOCFL 5
中立	zhōnglì	verb/adj — to stay neutral; neutral, taking no side	TOCFL 5
中級	zhōngjí	adjective — intermediate, middle-level	TOCFL 4
中肯	zhòngkěn	adjective — apt, pertinent, right to the point	TOCFL 5
中華	zhōnghuá	proper noun — China; the Chinese nation and its civilization	named-entity
中葉	zhōngyè	noun — the middle period (of a century, a dynasty, an era)	TOCFL 5
中藥	zhōngyào	noun — traditional Chinese medicine (herbal remedies)	TOCFL 4
中軸線	zhōngzhóuxiàn	proper noun — the Central Axis, the north–south line on which old Beijing is laid out; (generally) a central axis	TOCFL 6
中途	zhōngtú	noun / adverb — midway, halfway; partway through	TOCFL 4
中部	zhōngbù	noun — the central part; the central region	TOCFL 2
中醫	zhōngyī	noun — traditional Chinese medicine; a practitioner of it	TOCFL 5
中間	zhōngjiān	noun/place word — middle; the space between; among; in the center	TOCFL 2
中風	zhòngfēng	verb/noun — to have a stroke; a stroke (cerebrovascular)	TOCFL 5
中餐	zhōngcān	noun — Chinese food, a Chinese meal; (also) the midday meal, lunch	TOCFL 3
主人	zhǔrén	noun — master; owner; host	TOCFL 3
主人翁	zhǔrénwēng	noun — master (of one's own affairs); protagonist	TOCFL 5
主任	zhǔrèn	noun — director; head; chief (of a department, office, or committee)	TOCFL 4
主力	zhǔlì	noun — the main force, the principal strength	TOCFL ?
主動	zhǔdòng	adj/adverb — on one's own initiative; proactive	TOCFL 4
主婦	zhǔfù	noun — housewife, the woman who runs a household	TOCFL 3
主宰	zhǔzǎi	verb/noun — to dominate, govern; the ruling force	TOCFL 5
主導	zhǔdǎo	verb — to lead, to dominate; adjective — leading, dominant	TOCFL 5
主峰	zhǔfēng	noun — the main peak, the highest summit of a range	TOCFL 5
主席	zhǔxí	noun — chairperson; chairman; president (of an organization)	TOCFL 3
主張	zhǔzhāng	verb — to advocate; to maintain (a position); noun — position; stance; claim	TOCFL 4
主意	zhǔyì	noun — an idea, a plan, a decision (one settles on)	TOCFL 4
主持	zhǔchí	verb — to preside over, to host, to chair, to run (a meeting, a show)	TOCFL 5
主持人	zhǔchírén	noun — host, presenter, MC (of a show or event)	TOCFL 5
主旨	zhǔzhǐ	noun — the main point, gist, purport	TOCFL 5
主權	zhǔquán	noun — sovereignty; supreme authority over a state or territory	TOCFL 7
主流	zhǔliú	noun — mainstream; the dominant current or trend	TOCFL 5
主管	zhǔguǎn	noun — a supervisor, a person in charge; verb — to be in charge of, to oversee	TOCFL 4
主義	zhǔyì	noun — -ism; doctrine; an organized set of beliefs (社會主義 socialism)	TOCFL 5
主要	zhǔyào	adjective — main, primary, chief	TOCFL 2
主見	zhǔjiàn	noun — one's own view; a mind of one's own	TOCFL 5
主觀	zhǔguān	adjective / noun — subjective; the subjective (one's own viewpoint rather than the facts)	TOCFL 4
主角	zhǔjué	noun — protagonist, lead role, main character; central figure	TOCFL 4
主軸	zhǔzhóu	noun — the main axis, central spindle; main thread	TOCFL 5
主辦	zhǔbàn	verb — to host, to organize, to be in charge of running (an event)	TOCFL 4
主題	zhǔtí	noun — theme; subject; main topic	TOCFL 4
主體	zhǔtǐ	noun — the main body; the principal part; the subject (in philosophy)	TOCFL 5
乃是	nǎishì	verb — to be (literary); namely is, is precisely	TOCFL 5
之上	zhīshàng	noun phrase — above; on top of	TOCFL 5
之內	zhīnèi	phrase — within, inside (a range or limit)	TOCFL 5
之前	zhīqián	time word — before; prior to; earlier than	TOCFL 3
之外	zhīwài	phrase — outside of; apart from; besides	TOCFL 5
之後	zhīhòu	time word — after; afterwards; following	TOCFL 2
之所以	zhīsuǒyǐ	conjunction — the reason that …; the reason why	TOCFL 5
之間	zhījiān	postposition — between; among; in the space of	TOCFL 2
之際	zhījì	noun phrase — at the moment of; on the occasion of	TOCFL 6
之類	zhīlèi	phrase — and the like, and such (after a list)	TOCFL 6
乒乓球	pīngpāngqiú	noun — table tennis, ping-pong; the ball used in it	TOCFL 4
乘客	chéngkè	noun — passenger (on a bus, train, plane, etc.)	TOCFL 4
乞丐	qǐgài	noun — beggar	TOCFL 5
也好	yěhǎo	phrase — that works too; fine then (accepting an option without enthusiasm)	TOCFL 1
也許	yěxǔ	adverb — perhaps; maybe; possibly	TOCFL 3
乾杯	gānbēi	verb — to drink a toast, to drink up; 'cheers!' (literally to empty the cup)	TOCFL 4
乾淨	gānjìng	adjective — clean; tidy; spotless	TOCFL 2
乾燥	gānzào	adjective — dry, arid (of air, ground, skin)	TOCFL 5
乾脆	gāncuì	adverb — simply, just; adj — straightforward, decisive	TOCFL 5
乾隆	qiánlóng	proper noun — the Qianlong era (1735–1796) and its Qing emperor	named-entity
了不起	liǎobùqǐ	adjective — remarkable, amazing, extraordinary	TOCFL 3
了解	liǎojiě	verb — to understand, to be clear about; noun — understanding	TOCFL 2
予以	yǔyǐ	verb — to give; to grant (formal, before a noun: 予以支持)	TOCFL 6
事件	shìjiàn	noun — event; incident; occurrence (notable or historically significant)	TOCFL 4
事先	shìxiān	adverb — beforehand, in advance, ahead of time	TOCFL 4
事兒	shìr	noun — a matter; a thing to deal with (colloquial, erhua)	TOCFL 1
事務	shìwù	noun — affairs, business, matters to handle	TOCFL 5
事宜	shìyí	noun — matters, arrangements (to be dealt with)	TOCFL 5
事實	shìshí	noun — a fact; the truth of what happened	TOCFL 4
事實上	shìshíshàng	adverb — in fact; actually	TOCFL 5
事情	shìqíng	noun — matter; affair; thing (abstract); business	TOCFL 2
事態	shìtài	noun — the state of affairs; the situation (esp. a worsening one)	TOCFL 5
事故	shìgù	noun — accident; mishap	TOCFL 5
事業	shìyè	noun — career; enterprise; cause; undertaking	TOCFL 4
事物	shìwù	noun — things, objects and matters (taken together)	TOCFL 5
事變	shìbiàn	noun — an incident; a (political/military) upheaval	TOCFL 5
事項	shìxiàng	noun — item, matter (on a list or agenda)	TOCFL 5
二年	èrnián	noun — two years; (in school) the second year	TOCFL 1
二級	èrjí	noun/adj — the second grade; second-level	TOCFL 4
二者	èrzhě	noun — the two; both of them (of two things just named)	TOCFL 4
互助	hùzhù	verb — to help one another, to give mutual aid	TOCFL 4
互動	hùdòng	verb / noun — to interact; interaction (between people, or with a system)	TOCFL 4
互惠	hùhuì	adjective/noun — mutually beneficial; reciprocal benefit	TOCFL 5
互相	hùxiāng	adverb — mutually; each other	TOCFL 4
互補	hùbǔ	verb/adjective — to complement each other; complementary	TOCFL 5
五一	wǔyī	noun — May 1, International Workers' Day; in China a public holiday and its surrounding break	TOCFL 3
五金	wǔjīn	noun — hardware; metal goods (lit. the five metals)	TOCFL 5
亞洲	yàzhōu	the continent of Asia	named-entity
亞熱帶	yàrèdài	noun — the subtropics, subtropical zone	TOCFL 6
亞軍	yàjūn	noun — runner-up; second place	TOCFL 5
亡國	wángguó	verb — to lose one's country; noun — a fallen / conquered state	TOCFL 5
交代	jiāodài	verb — to hand over (a duty); to brief, to instruct; to explain oneself, to account for	TOCFL 4
交友	jiāoyǒu	verb — to make friends, to form friendships	TOCFL 3
交往	jiāowǎng	verb — to associate with, to keep company with; to date; noun — social contact, dealings	TOCFL 4
交情	jiāoqíng	noun — friendship; the bond between friends	TOCFL 5
交換	jiāohuàn	verb — to exchange, to swap, to trade	TOCFL 4
交易	jiāoyì	noun — a transaction, a deal; verb — to trade	TOCFL 5
交流	jiāoliú	verb — to exchange (ideas, culture); to interact	TOCFL 4
交涉	jiāoshè	verb — to negotiate, to deal with (a party over a matter)	TOCFL 5
交給	jiāogěi	verb — to hand to; to give over to	TOCFL 2
交談	jiāotán	verb — to converse, to talk with each other	TOCFL 5
交貨	jiāohuò	verb — to deliver goods	TOCFL 5
交通	jiāotōng	noun — traffic; transportation; transit system	TOCFL 3
交錯	jiāocuò	verb — to interlace, to crisscross	TOCFL 5
交際	jiāojì	verb — to socialize, to mix with people; noun — social interaction, networking	TOCFL 4
交集	jiāojí	noun — intersection (of sets); overlap; shared ground	TOCFL 5
享受	xiǎngshòu	verb — to enjoy; noun — enjoyment, a pleasure	TOCFL 4
享有	xiǎngyǒu	verb — to enjoy (a right, prestige, or privilege), to be entitled to	TOCFL 6
京劇	jīngjù	noun — Peking opera, Beijing opera	TOCFL 4
京城	jīngchéng	noun — the capital city (where the ruler or government sits)	TOCFL 7
人事	rénshì	noun — personnel, human-resources matters; human affairs; the ways of the world	TOCFL 4
人人	rénrén	pronoun — everyone, every person	TOCFL 1
人們	rénmen	noun — people, folks (people in general)	TOCFL 3
人力	rénlì	noun — manpower; human labour; human strength	TOCFL 1
人口	rénkǒu	noun — population	TOCFL 3
人員	rényuán	noun — personnel; staff; members	TOCFL 3
人均	rénjūn	attributive — per capita; per person (on average)	TOCFL 6
人士	rénshì	noun — personage; figure; person (of some standing)	TOCFL 5
人大	réndà	proper noun — the National People's Congress, China's top legislature; short for 全國人民代表大會	TOCFL 6
人家	rénjiā	noun/pronoun — other people; others; someone else's household; (informal, mostly female) I/me	TOCFL 3
人工	réngōng	adjective — man-made, artificial; noun — manual labor; man-hours	TOCFL 5
人心	rénxīn	noun — people's hearts, popular sentiment; the human heart, human nature	TOCFL 4
人情	rénqíng	noun — human feeling; a favour; social obligation	TOCFL 5
人情味	rénqíngwèi	noun — human warmth, the warmth of human feeling; a personal, caring touch	TOCFL 4
人情味兒	rénqíngwèir	noun — human warmth, the warmth of human feeling (colloquial)	TOCFL 4
人手	rénshǒu	noun — manpower; hands (available workers)	TOCFL 5
人才	réncái	noun — a talented person; talent; gifted individual	TOCFL 4
人數	rénshù	noun — number of people; headcount	TOCFL 3
人格	réngé	noun — personality, character; a person's moral standing, integrity	TOCFL 4
人權	rénquán	noun — human rights	TOCFL 4
人次	réncì	noun — person-times (count of attendances/visits)	TOCFL 5
人民	rénmín	noun — the people (as a collective), citizenry	TOCFL 2
人民幣	rénmínbì	noun — the renminbi; the currency of mainland China (RMB)	TOCFL 5
人為	rénwéi	adjective — man-made, artificial, caused by humans	TOCFL 6
人物	rénwù	noun — figure; personage; character (in a story or history)	TOCFL 4
人生	rénshēng	noun — life, the course of a human life	TOCFL 4
人禍	rénhuò	noun — man-made disaster	TOCFL 5
人群	rénqún	noun — a crowd; a throng of people	TOCFL 6
人行道	rénxíngdào	noun — sidewalk, footpath, pavement	TOCFL 4
人造	rénzào	adjective — man-made; artificial, synthetic	TOCFL 5
人道	réndào	noun/adjective — humanity; humane	TOCFL 5
人選	rénxuǎn	noun — a candidate, the person picked for a role	TOCFL 5
人間	rénjiān	noun — the human world; this mortal world; among people	TOCFL 5
人際	rénjì	adjective — interpersonal (between people)	TOCFL 5
人類	rénlèi	noun — humanity; humankind; the human species	TOCFL 4
人馬	rénmǎ	noun — men and horses; troops; a body of people (under someone)	TOCFL 6
人體	réntǐ	noun — the human body	TOCFL 5
什麼	shénme	pronoun — what; anything, whatever (in negative or open contexts)	TOCFL 1
什麼樣	shénmeyàng	phrase — what kind of; what sort	TOCFL 3
仁愛	rén'ài	noun — benevolence; loving-kindness	TOCFL 5
仇恨	chóuhèn	noun — hatred, enmity; verb — to hate bitterly	TOCFL 5
今天	jīntiān	noun — today; this day	TOCFL 1
今年	jīnnián	noun — this year	TOCFL 1
今後	jīnhòu	noun — from now on; henceforth; the time ahead	TOCFL 4
介入	jièrù	verb — to intervene, to step in, to get involved	TOCFL 5
介紹	jièshào	verb — to introduce; to present; to recommend	TOCFL 2
仍然	réngrán	adverb — still; yet; as before	TOCFL 4
仔細	zǐxì	adjective — careful; attentive to detail; adverb — carefully	TOCFL 4
仕女	shìnǚ	noun — a lady of rank; a beauty depicted in classical painting	TOCFL 5
他人	tārén	noun/pronoun — other people; another person; others	TOCFL 4
他們	tāmen	pronoun — they, them	TOCFL 1
付出	fùchū	verb — to pay out, to give (effort, money, a price)	TOCFL 3
付款	fùkuǎn	verb — to pay; to make a payment	TOCFL 5
仙丹	xiāndān	noun — the elixir of immortality; a miracle cure	TOCFL 5
仙桃	xiāntáo	noun — the peach of immortality, the magic peach that grants long life in Chinese myth	TOCFL 7
代價	dàijià	noun — the price paid, the cost (of getting something)	TOCFL 6
代替	dàitì	verb — to replace, to substitute for; to take the place of	TOCFL 4
代溝	dàigōu	noun — generation gap	TOCFL 4
代理	dàilǐ	verb — to act on behalf of another; noun — agent; acting (officeholder)	TOCFL 5
代表	dàibiǎo	noun — representative; verb — to represent, to stand for	TOCFL 3
代課	dàikè	verb — to substitute-teach, to cover a class for another teacher	TOCFL 5
令人	lìngrén	verb — to make people (feel something)	TOCFL 5
以上	yǐshàng	postposition — above; more than; the foregoing (in text)	TOCFL 2
以下	yǐxià	locative — the following; below; under (a stated amount or rank)	TOCFL 3
以來	yǐlái	phrase — since (a point in time), up to now	TOCFL 3
以便	yǐbiàn	conjunction — so that; in order to (make something convenient)	TOCFL 6
以免	yǐmiǎn	conjunction — so as to avoid, lest, in order not to	TOCFL 3
以前	yǐqián	noun / adverb — before, previously; (a time) ago, prior to	TOCFL 1
以北	yǐběi	noun phrase — to the north of, north of (a stated line or place)	TOCFL 5
以及	yǐjí	conjunction — and; as well as; together with	TOCFL 2
以外	yǐwài	noun — beyond, outside of (a stated range); apart from	TOCFL 5
以往	yǐwǎng	noun — the past; former times; before	TOCFL 5
以後	yǐhòu	time word — after; afterwards; from now on; in the future	TOCFL 1
以為	yǐwéi	verb — to think, assume (often mistakenly)	TOCFL 2
以至	yǐzhì	conjunction — up to, down to; to the point that, so much that	TOCFL 5
以至於	yǐzhìyú	conjunction — up to the point that, so much so that	TOCFL 5
以致	yǐzhì	conjunction — so as to cause, with the result that (usually unwanted)	TOCFL 5
以致於	yǐzhìyú	conjunction — so as to cause, with the (usually unwanted) result that	TOCFL 5
以色列	yǐsèliè	proper noun — Israel, the country in the Middle East	named-entity
仰慕	yǎngmù	verb — to look up to and admire, to hold in high regard	TOCFL 5
任何	rènhé	pronoun/adjective — any; whatever; whichever	TOCFL 3
任免	rènmiǎn	verb — to appoint and dismiss (officials)	TOCFL 5
任務	rènwù	noun — mission; task; assignment; duty	TOCFL 4
任命	rènmìng	verb — to appoint (someone to an office); noun — an appointment	TOCFL 6
任性	rènxìng	adjective — wilful, self-indulgent, doing as one pleases regardless of others	TOCFL 4
任意	rènyì	adverb — at will, as one pleases; adjective — arbitrary	TOCFL 5
任期	rènqī	noun — term of office, tenure	TOCFL 6
任職	rènzhí	verb — to hold a post, serve in office	TOCFL 6
份兒	fènr	noun — a share, a portion; one's place or standing in a matter (colloquial)	TOCFL 4
仿冒	fǎngmào	verb — to counterfeit, to fake a brand; noun — a knock-off	TOCFL 5
仿造	fǎngzào	verb — to make a copy of, to manufacture an imitation	TOCFL 5
企圖	qǐtú	verb — to attempt, to scheme to (often disapproving); noun — an attempt, a design	TOCFL 6
企業	qǐyè	noun — enterprise, business, corporation	TOCFL 3
伊拉克	yīlākè	proper noun — Iraq, a country in Western Asia	named-entity
伊斯蘭教	yīsīlánjiào	noun — Islam (the Muslim religion)	named-entity
伊朗	Yīlǎng	proper noun — Iran, the country in West Asia	TOCFL 3
休假	xiūjià	verb — to take leave, to be on holiday; noun — vacation, time off	TOCFL 4
休息	xiūxí	verb/noun — to rest; a break	TOCFL 1
休閒	xiūxián	noun — leisure, recreation; adjective — casual, leisure-style	TOCFL 4
伙伴	huǒbàn	noun — a partner, a companion, a teammate	TOCFL 5
伯伯	bóbo	noun — father's elder brother; uncle (polite address for an older man)	TOCFL 2
伯母	bómǔ	noun — wife of father's elder brother; aunt (polite address for an older woman)	TOCFL 2
伯父	bófù	noun — father's elder brother (formal); uncle (polite for an older man)	TOCFL 2
估價	gūjià	verb — to appraise, to assess a price; noun — a valuation	TOCFL 5
估計	gūjì	verb — to estimate; to reckon	TOCFL 5
伸出	shēnchū	verb — to stretch out, to extend (a hand, arm)	TOCFL 4
伸張	shēnzhāng	verb — to uphold, to assert (justice, rights); to extend, to make prevail	TOCFL 5
伸手	shēnshǒu	verb — to reach out a hand; to ask for help or money	TOCFL 4
伺候	cìhòu	verb — to wait upon, to serve, to attend (to someone's needs)	TOCFL 5
似乎	sìhū	adverb — it seems, apparently, as if	TOCFL 3
似地	shìde	particle — like, as; in the manner of (after a simile)	TOCFL 5
似的	shìde	particle — like; as if; similar to (after a noun or phrase)	TOCFL 6
但是	dànshì	conjunction — but; however; yet	TOCFL 1
佇立	zhùlì	verb — to stand still for a long time, to linger standing	TOCFL 5
佈告	bùgào	noun — public notice, posted announcement; verb — to post a notice	TOCFL 4
佈告欄	bùgàolán	noun — notice board, bulletin board	TOCFL 4
佈局	bùjú	noun — a layout; an arrangement; verb — to lay out, to set the pieces (a board, a room, a plan)	TOCFL 7
佈置	bùzhì	verb — to arrange, to set out, to lay out (a room, a task, a plan); noun — the arrangement	TOCFL 5
位子	wèizi	noun — a seat, a place (to sit)	TOCFL 2
位於	wèiyú	verb — to be located at; to be situated in	TOCFL 4
位置	wèizhì	noun — position; location; place; spot	TOCFL 4
低於	dīyú	verb — to be lower than, to fall below (a number, a level)	TOCFL 5
低潮	dīcháo	noun — low tide; a low point, a slump (in mood or fortunes)	TOCFL 4
低聲	dīshēng	adverb — in a low voice; quietly	TOCFL 5
住址	zhùzhǐ	noun — a residential address	TOCFL 2
住宅	zhùzhái	noun — residence, dwelling, housing	TOCFL 4
住宿	zhùsù	verb — to lodge, to stay overnight; noun — accommodation	TOCFL 5
住戶	zhùhù	noun — a resident household, the occupants of a dwelling	TOCFL 4
住房	zhùfáng	noun — housing; a place to live	TOCFL 4
住院	zhùyuàn	verb — to be hospitalized, to be admitted to hospital	TOCFL 4
佔據	zhànjù	verb — to occupy, to seize and hold (a place, space, time)	TOCFL 5
佔有	zhànyǒu	verb — to possess, occupy, hold (a share, a position)	TOCFL 5
佔領	zhànlǐng	verb — to occupy; to seize and hold (territory)	TOCFL 5
何在	hézài	verb phrase — where lies...?, where is...? (literary)	TOCFL 5
何必	hébì	adverb — why bother; there's no need to	TOCFL 5
何況	hékuàng	conjunction — let alone; much less; not to mention (何況 …呢)	TOCFL 5
佛像	fóxiàng	noun — a statue or image of the Buddha	TOCFL 5
佛教	fójiào	noun — Buddhism	TOCFL 5
佛經	fójīng	noun — Buddhist scripture, a sutra	TOCFL 5
作出	zuòchū	verb — to make; to produce (a decision, contribution, effort, or work)	TOCFL 4
作品	zuòpǐn	noun — work (of art, literature, or craft); creation	TOCFL 4
作夢	zuòmèng	verb — to dream (in sleep); to daydream, to fantasize wishfully	TOCFL 3
作客	zuòkè	verb — to be a guest; to sojourn, to live away from home	TOCFL 4
作家	zuòjiā	noun — writer; author	TOCFL 4
作怪	zuòguài	verb — to make trouble, to act up; (of a hidden cause) to be at work	TOCFL 5
作戰	zuòzhàn	verb — to fight, to wage war, to do battle	TOCFL 5
作文	zuòwén	noun — a written composition, essay; verb — to write an essay	TOCFL 2
作業	zuòyè	noun — homework, assignment; (also) an operation, task to carry out	TOCFL 1
作法	zuòfǎ	noun — a way of doing something, method, approach	TOCFL 2
作為	zuòwéi	preposition — as; in the capacity of; serving as; verb — to act as; to function as	TOCFL 3
作物	zuòwù	noun — crop, cultivated plant	TOCFL 6
作用	zuòyòng	noun — function; effect; role; influence	TOCFL 3
作者	zuòzhě	noun — author, writer; the one who made the work	TOCFL 4
作證	zuòzhèng	verb — to testify, to bear witness, to give evidence	TOCFL 5
作風	zuòfēng	noun — a way of doing things; style, manner (of a person or group)	TOCFL 5
你們	nǐmen	pronoun — you (plural); all of you	TOCFL 1
佩服	pèifú	verb — to admire, to look up to (someone's ability or character)	TOCFL 4
佳人	jiārén	noun — a beautiful woman; a fine person (literary)	TOCFL 5
佳節	jiājié	noun — a happy festival, a joyous holiday	TOCFL 5
併發	bìngfā	verb — to break out at the same time; to occur alongside (esp. a complication of an illness)	TOCFL 5
使勁	shǐjìn	verb — to exert effort, to put one's strength into it	TOCFL 5
使命	shǐmìng	noun — a mission, an appointed task; a calling	TOCFL 5
使喚	shǐhuan	verb — to order someone about, to send on errands; to operate, handle (a tool)	TOCFL 5
使得	shǐdé	verb — to cause, to bring about (a result)	TOCFL 5
使用	shǐyòng	verb — to use; to employ; to make use of	TOCFL 2
使用者	shǐyòngzhě	noun — user; person who uses something	TOCFL 4
使節	shǐjié	noun — an envoy, a diplomatic emissary	TOCFL 5
來不及	láibùjí	phrase — there isn't enough time, too late to do something	TOCFL 3
來信	láixìn	noun — an incoming letter, a letter received; verb — to write in, to send a letter	TOCFL 4
來到	láidào	verb — to come; to arrive; to reach	TOCFL 2
來回	láihuí	noun — a round trip; adverb — back and forth, to and fro	TOCFL 4
來客	láikè	noun — a visitor, a guest who has arrived	TOCFL 5
來往	láiwǎng	verb — to come and go, to have dealings with someone; noun — contact, social exchange	TOCFL 4
來得	láide	verb — to turn out (to be), to come off as; used in comparisons to mean 'comes across as more …'	TOCFL 5
來得及	láidéjí	phrase — there is still time, able to make it in time	TOCFL 3
來源	láiyuán	noun — source; origin; where something comes from	TOCFL 4
來臨	láilín	verb — (of a time, season, or event) to arrive, to draw near, to set in	TOCFL 4
來自	láizì	verb — to come from; to originate from	TOCFL 3
來賓	láibīn	noun — a guest, an attendee (at an event)	TOCFL 5
例外	lìwài	noun — an exception; verb — to be an exception to a rule	TOCFL 4
例如	lìrú	conjunction — for example; for instance	TOCFL 3
侍衛	shìwèi	noun — a bodyguard; an imperial guard	TOCFL 7
供應	gōngyìng	verb — to supply, to provide; noun — supply	TOCFL 5
供給	gōngjǐ	verb — to supply, to provide; noun — supply (as opposed to demand)	TOCFL 5
供養	gòngyǎng	verb — to support and provide for (one's elders); to make offerings to (a deity, an ancestor)	TOCFL 5
依據	yījù	verb — to base on; prep — according to; noun — basis	TOCFL 5
依次	yīcì	adverb — one after another; in order	TOCFL 7
依法	yīfǎ	adverb — according to law; in accordance with the law	TOCFL ?
依然	yīrán	adverb — still; as before	TOCFL 6
依照	yīzhào	preposition — according to; in accordance with	TOCFL 5
依舊	yījiù	adverb — still, as before, just as it was	TOCFL 5
依賴	yīlài	verb — to depend on; noun — dependence	TOCFL 5
依靠	yīkào	verb — to rely on, to lean on; noun — a support	TOCFL 5
侮辱	wǔrǔ	verb — to insult, to humiliate; noun — an insult, an affront	TOCFL 5
侵入	qīnrù	verb — to invade, to intrude into, to break into (a territory, a system)	TOCFL 4
侵害	qīnhài	verb — to infringe upon, to violate (rights, interests); noun — infringement, harm	TOCFL 4
侵犯	qīnfàn	verb — to infringe, violate, encroach on (rights, territory)	TOCFL 5
侵略	qīnlüè	verb — to invade; to commit aggression against; noun — invasion; aggression	TOCFL 6
侵略者	qīnlüèzhě	noun — an invader, an aggressor	TOCFL 6
侵蝕	qīnshí	verb — to erode, to eat away at (gradually); to embezzle, encroach on	TOCFL 5
侵襲	qīnxí	verb — to invade and strike; to assail (of a storm, cold, disease)	TOCFL 5
便利	biànlì	adjective — convenient, handy; verb — to make things easier for someone	TOCFL 4
便宜	piányi	adjective — cheap, inexpensive; noun — a petty advantage gained	TOCFL 1
便條	biàntiáo	noun — a note, a short informal memo	TOCFL 3
促使	cùshǐ	verb — to prompt, to impel, to spur (someone or something into doing)	TOCFL 5
促成	cùchéng	verb — to help bring about, to facilitate (a deal, a result)	TOCFL 5
促進	cùjìn	verb — to promote; to facilitate; to spur forward	TOCFL 4
促銷	cùxiāo	verb — to promote sales; noun — a sales promotion	TOCFL 5
俄國	éguó	proper noun — Russia, the country spanning eastern Europe and northern Asia	named-entity
俗稱	súchēng	verb — to be commonly called; noun — a common name, a colloquial term	TOCFL 5
俗話	súhuà	noun — a common saying, a popular proverb, folk wisdom	TOCFL 4
俗話說	súhuà shuō	phrase — "as the saying goes," "as the proverb has it" (introducing a proverb)	TOCFL 4
俗語	súyǔ	noun — a common saying, a folk proverb, a colloquialism	TOCFL 5
俘虜	fúlǔ	noun — a prisoner of war, a captive; verb — to take captive	TOCFL 5
保佑	bǎoyòu	verb — (of a deity, ancestor) to bless and protect, to watch over	TOCFL 5
保全	bǎoquán	verb — to keep intact, to preserve whole; noun — security (a guard, security service, in Taiwan)	TOCFL 5
保姆	bǎomǔ	noun — a nanny, a child-minder, a domestic carer	TOCFL 5
保存	bǎocún	verb — to preserve, to keep, to save (a file, food, a custom)	TOCFL 4
保守	bǎoshǒu	adjective — conservative, cautious; verb — to keep, to guard (a secret)	TOCFL 3
保安	bǎoān	verb — to keep order, ensure safety; noun — a security guard	TOCFL 5
保持	bǎochí	verb — to maintain; to keep; to preserve (a state)	TOCFL 3
保留	bǎoliú	verb — to keep, retain; to hold back, reserve	TOCFL 5
保管	bǎoguǎn	verb — to keep, take charge of (something for safekeeping); to guarantee, vouch for sure	TOCFL 5
保衛	bǎowèi	verb — to defend, to safeguard (a country, a home, a cause)	TOCFL 4
保證	bǎozhèng	verb/noun — to guarantee; to ensure; guarantee	TOCFL 4
保護	bǎohù	verb — to protect; to safeguard; to preserve	TOCFL 3
保重	bǎozhòng	verb — to take care of oneself (esp. one's health); take care!	TOCFL 5
保障	bǎozhàng	verb/noun — to safeguard; to guarantee; to ensure; safeguard; protection	TOCFL 4
保險	bǎoxiǎn	noun — insurance; adj — safe, secure	TOCFL 5
保養	bǎoyǎng	verb — to take care of, to maintain (one's health, a car, the skin)	TOCFL 3
保齡球	bǎolíngqiú	noun — bowling; a bowling ball	TOCFL 5
信仰	xìnyǎng	noun — faith, a belief held with conviction; verb — to believe in (a religion, an ideal)	TOCFL 5
信任	xìnrèn	verb — to trust, to place confidence in; noun — trust	TOCFL 4
信封	xìnfēng	noun — envelope	TOCFL 1
信徒	xìntú	noun — a believer, follower (of a religion or cause)	TOCFL 5
信心	xìnxīn	noun — confidence, faith (belief that something will go well)	TOCFL 4
信念	xìnniàn	noun — a belief, conviction; faith one holds to	TOCFL 5
信息	xìnxí	noun — information; a message; news	TOCFL 5
信用	xìnyòng	noun — trustworthiness, credit (financial); one's reputation for keeping promises	TOCFL 4
信用卡	xìnyòngkǎ	noun — credit card	TOCFL 1
信箱	xìnxiāng	noun — a mailbox, letterbox; an email inbox (電子信箱)	TOCFL 2
信號	xìnhào	noun — a signal, a sign (a phone signal, a traffic signal, a coded message)	TOCFL 4
信賴	xìnlài	verb — to trust and rely on; to have confidence in	TOCFL 5
修女	xiūnǚ	noun — a nun (Christian, esp. Catholic)	TOCFL 5
修建	xiūjiàn	verb — to build; to construct (roads, buildings, large works)	TOCFL 6
修改	xiūgǎi	verb — to revise, to amend, to alter	TOCFL 5
修正	xiūzhèng	verb — to revise, to amend, to correct (a draft, a law, an error); noun — a correction, an amendment	TOCFL 4
修理	xiūlǐ	verb — to repair, to fix; (colloquial) to teach someone a lesson	TOCFL 3
修築	xiūzhú	verb — to build, construct (roads, walls, dykes)	TOCFL 5
修補	xiūbǔ	verb — to mend, repair, patch up (what is damaged)	TOCFL 5
修訂	xiūdìng	verb — to revise, amend (a text, law, edition)	TOCFL 5
修養	xiūyǎng	noun — cultivation, refinement (of character, taste, conduct)	TOCFL 5
俱全	jùquán	verb/adj — to be all present; complete in every part (五臟俱全)	TOCFL 5
俱樂部	jùlèbù	noun — a club; a society members join	TOCFL 5
倉庫	cāngkù	noun — a warehouse, a storehouse, a depot	TOCFL 4
個人	gèrén	noun/adjective — individual; personal; one person	TOCFL 3
個個	gègè	pronoun — each one; every single one	TOCFL 1
個兒	gèr	noun — height, build, stature (colloquial, with -r ending)	TOCFL 3
個別	gèbié	adjective — individual; a few, isolated; adv — individually	TOCFL 5
個子	gèzi	noun — height, build, stature	TOCFL 3
個性	gèxìng	noun — personality, individual character, disposition	TOCFL 4
個數	gèshù	noun — the number of items; count (how many individual things)	TOCFL 5
個體	gètǐ	noun — an individual; a single organism or single unit	TOCFL 6
倍數	bèishù	noun — a multiple (math); the factor by which something is multiplied	TOCFL 5
倒數	dàoshǔ	verb — to count down; to count from the back (倒數第二, second-to-last)	TOCFL 5
倒是	dàoshì	adverb — actually, on the contrary, as it turns out (marking a contrast with expectation)	TOCFL 3
倒楣	dǎoméi	adjective/verb — to be out of luck, to have bad luck, to be unfortunate	TOCFL 4
倘若	tǎngruò	conj — if, supposing that	TOCFL 6
候選人	hòuxuǎnrén	noun — a candidate	TOCFL 3
借貸	jièdài	verb/noun — to borrow and lend; lending and borrowing; a loan (incl. accounting debit/credit)	TOCFL 5
倡導	chàngdǎo	verb — to advocate, champion, take the lead in promoting	TOCFL 5
倫敦	Lúndūn	proper noun — London, the capital of the United Kingdom	TOCFL 4
倫理	lúnlǐ	noun — ethics; the moral order of human relations	TOCFL 5
值得	zhíde	verb — to be worth; to deserve	TOCFL 4
值班	zhíbān	verb — to be on duty; to work a shift (esp. a rota turn)	TOCFL 5
值錢	zhíqián	adjective — valuable, worth a lot of money	TOCFL 5
假使	jiǎshǐ	conj — if; supposing that; in case	TOCFL 5
假如	jiǎrú	conjunction — if, supposing that	TOCFL 3
假日	jiàrì	noun — a holiday, a day off	TOCFL 2
假期	jiàqí	noun — a holiday period, a vacation, time off	TOCFL 4
假若	jiǎruò	conj — if; supposing that	TOCFL 5
假裝	jiǎzhuāng	verb — to pretend, to feign	TOCFL 3
假象	jiǎxiàng	noun — a false appearance; a misleading impression	TOCFL 5
偉大	wěidà	adjective — great, mighty, outstanding	TOCFL 4
偏偏	piānpiān	adverb — contrary to expectation; just so, deliberately, as luck would have it	TOCFL 5
偏向	piānxiàng	verb — to lean toward, to be inclined to, to favour one side; noun — a tendency, a bias	TOCFL 4
偏差	piānchā	noun — deviation; a gap from the correct value or course; bias	TOCFL 5
偏食	piānshí	verb/noun — to be a picky eater, to eat a one-sided diet; (astronomy) a partial eclipse	TOCFL 4
做事	zuòshì	verb — to do work, to handle affairs; to hold a job	TOCFL 3
做人	zuòrén	verb — to conduct oneself, to behave as a person should; to get along with others	TOCFL 3
做出	zuòchū	verb — to make, produce, or come up with (a decision, result, action)	TOCFL 4
做到	zuòdào	verb — to accomplish; to manage to do; to live up to	TOCFL 3
做夢	zuòmèng	verb — to dream (in sleep); to daydream, to fantasize wishfully	TOCFL 3
做好	zuòhǎo	verb — to finish doing well; to get ready	TOCFL 1
做客	zuòkè	verb — to be a guest, to visit someone's home as a guest	TOCFL 4
做法	zuòfǎ	noun — a way of doing something; a method	TOCFL 3
做證	zuòzhèng	verb — to testify; to bear witness; to serve as evidence	TOCFL 5
停止	tíngzhǐ	verb — to stop, cease, halt	TOCFL 4
停滯	tíngzhì	verb — to stagnate; to be held up, come to a standstill	TOCFL 5
停留	tíngliú	verb — to stay, stop over, remain (somewhere for a while)	TOCFL 5
停車場	tíngchēchǎng	noun — a parking lot, car park	TOCFL 2
停頓	tíngdùn	verb/noun — to pause; a break, halt (in speech, action, progress)	TOCFL 5
健全	jiànquán	adjective — sound, robust, well-developed (a system, a body, a mind); verb — to perfect, to strengthen	TOCFL 4
健壯	jiànzhuàng	adjective — strong and healthy, robust, sturdy	TOCFL 5
健康	jiànkāng	noun/adj — health; healthy	TOCFL 2
健身	jiànshēn	verb — to work out, keep fit; noun — fitness training	TOCFL 5
健身房	jiànshēnfáng	noun — a gym, a fitness center	TOCFL 5
偵察	zhēnchá	verb — to scout, reconnoiter; to spy out the enemy or a situation	TOCFL 7
偵探	zhēntàn	noun — a detective; verb — to investigate, to do detective work	TOCFL 4
偶然	ǒurán	adjective/adverb — by chance, accidental, unexpected; occasionally	TOCFL 4
偶爾	ǒuěr	adverb — occasionally, once in a while, now and then	TOCFL 4
偶而	ǒuér	adverb — occasionally, once in a while, now and then	TOCFL 4
偷偷	tōutōu	adverb — secretly, stealthily, on the sly	TOCFL 4
偷懶	tōulǎn	verb — to slack off, to goof off, to dodge work	TOCFL 5
偷渡	tōudù	verb — to cross a border illegally, to smuggle oneself across	TOCFL 5
傍晚	bàngwǎn	noun — dusk, toward evening, around nightfall	TOCFL 4
備案	bèiàn	verb — to file for the record, to put on record; noun — a filing on record	TOCFL 4
傢伙	jiāhuo	noun — a fellow, a guy (often dismissive); a tool, a thing	TOCFL 5
催眠	cuīmián	verb — to hypnotize; to lull to sleep; noun — hypnosis	TOCFL 5
傳來	chuánlái	verb — to come through; to reach the ear or eye from a distance (a sound, news, a smell)	TOCFL 4
傳單	chuándān	noun — a flyer, leaflet, handbill	TOCFL 4
傳奇	chuánqí	noun — a legend; adj — legendary	TOCFL 5
傳授	chuánshòu	verb — to pass on (knowledge or skill), to impart, to teach	TOCFL 5
傳播	chuánbō	verb — to spread; to disseminate; to broadcast	TOCFL 5
傳染	chuánrǎn	verb — to infect, to be contagious; (of a disease) to spread from one to another	TOCFL 4
傳真	chuánzhēn	noun — a fax; verb — to send a fax	TOCFL 2
傳神	chuánshén	adjective — vivid, lifelike (of a portrait, description, performance)	TOCFL 5
傳統	chuántǒng	noun — tradition; heritage; convention; what is handed down	TOCFL 3
傳說	chuánshuō	noun — legend; a story passed down. verb — it is said	TOCFL 4
傳送	chuánsòng	verb — to transmit, convey, send (a signal, file, or message) along	TOCFL 4
傳達	chuándá	verb — to convey, communicate, pass on (a message, order, or feeling)	TOCFL 4
傳遞	chuándì	verb — to pass along, to relay, to convey (a message, an object, a signal)	TOCFL 5
傷亡	shāngwáng	noun — casualties (the injured and the dead); verb — to be killed or wounded	TOCFL 5
傷口	shāngkǒu	noun — a wound, a cut (the open place on the body)	TOCFL 5
傷害	shānghài	verb — to harm, to hurt, to injure; noun — harm, damage	TOCFL 3
傷心	shāngxīn	adjective — heartbroken, sad, grieved	TOCFL 2
傷腦筋	shāng nǎojīn	verb phrase / adjective — to be a headache; to rack one's brains; troublesome, vexing	TOCFL 4
傻瓜	shǎguā	noun — a fool, a dummy, a silly thing (often affectionate)	TOCFL 5
傾向	qīngxiàng	noun — a tendency, an inclination; verb — to incline toward, to lean toward	TOCFL 6
僅僅	jǐnjǐn	adverb — merely; only	TOCFL 5
像是	xiàngshì	verb — to seem like, to look as if	TOCFL 1
僱用	gùyòng	verb — to employ, to hire (someone for work)	TOCFL 5
價值	jiàzhí	noun — value; worth	TOCFL 4
價格	jiàgé	noun — price; the price of something	TOCFL 3
價錢	jiàqián	noun — price, the cost of something	TOCFL 3
儀器	yíqì	noun — an instrument, apparatus (scientific or measuring device)	TOCFL 4
儀式	yíshì	noun — a ceremony; a ritual	TOCFL 6
儀表	yíbiǎo	noun — bearing, deportment (a person's appearance and manner); a gauge, a meter (instrument)	TOCFL 5
儒家	rújiā	noun — Confucianism, the Confucian school of thought	TOCFL 5
儘快	jǐnkuài	adverb — as soon as possible, as quickly as one can	TOCFL 5
儘管	jǐnguǎn	conjunction — even though, despite; adverb — go ahead and (do something freely)	TOCFL 3
儘量	jǐnliàng	adverb — to the greatest extent; as much as possible	TOCFL 5
優先	yōuxiān	adj/adv — having priority, taking precedence, first in line	TOCFL 5
優勢	yōushì	noun — advantage; the upper hand	TOCFL 6
優待	yōudài	verb — to give preferential treatment; noun — special favor, a discount	TOCFL 5
優惠	yōuhuì	noun — a special offer, discount, preferential terms; adjective — preferential, favorable	TOCFL 4
優異	yōuyì	adjective — outstanding, excellent, exceptional	TOCFL 5
優秀	yōuxiù	adjective — outstanding, excellent	TOCFL 5
優美	yōuměi	adjective — graceful, elegant, exquisite (of scenery, music, movement)	TOCFL 4
優良	yōuliáng	adjective — excellent; of fine quality	TOCFL 6
優質	yōuzhì	adjective — high-quality, premium	TOCFL ?
優越	yōuyuè	adjective — superior, advantageous; (of conditions, position) markedly better than others	TOCFL 4
優點	yōudiǎn	noun — strong point, merit, advantage	TOCFL 4
儲備	chǔbèi	verb — to store up, stockpile; noun — a reserve, stockpile	TOCFL 6
儲存	chǔcún	verb — to store; to save up; noun — storage	TOCFL 5
儲蓄	chúxù	verb — to save up, deposit; noun — savings	TOCFL 4
儲量	chǔliàng	noun — reserves, the stored amount (of oil, ore, water)	TOCFL ?
允許	yǔnxǔ	verb — to allow; to permit	TOCFL 5
元年	yuánnián	noun — the first year of a reign or era	TOCFL 1
元旦	Yuándàn	noun — New Year's Day (January 1 on the solar calendar)	TOCFL 4
元氣	yuánqì	noun — vitality, vigor, life-force (the body's basic energy)	TOCFL 5
元素	yuánsù	noun — an element, a basic component (chemical or abstract)	TOCFL 6
元首	yuánshǒu	noun — head of state, the supreme leader of a country	TOCFL 5
兄弟	xiōngdì	noun — brothers; brother (extended: close male companions)	TOCFL 3
充份	chōngfèn	adverb / adjective — fully, amply, sufficiently; to a sufficient degree	TOCFL 4
充分	chōngfèn	adverb/adjective — fully; sufficiently; to a sufficient degree	TOCFL 4
充實	chōngshí	adjective — full, rich, well-filled (of a life, a day); verb — to enrich, to strengthen	TOCFL 3
充斥	chōngchì	verb — to flood, to be rife with, to overrun (usually of something unwanted)	TOCFL 5
充滿	chōngmǎn	verb — to be full of; to brim with	TOCFL 4
充裕	chōngyù	adjective — ample, abundant, plentiful (of time, money, resources)	TOCFL 5
充足	chōngzú	adjective — sufficient, ample, plentiful	TOCFL 5
先天	xiāntiān	adjective — innate, inborn, congenital (present from birth)	TOCFL 5
先後	xiānhòu	noun — order, sequence (which comes first, which after); adv — one after another, successively	TOCFL 5
先生	xiānshēng	noun — Mr.; sir; teacher; gentleman	TOCFL 2
先進	xiānjìn	adjective — advanced; cutting-edge; ahead of the times	TOCFL 5
先驅	xiānqū	noun — a pioneer, a forerunner, a trailblazer	TOCFL 5
光亮	guāngliàng	adjective — bright, shiny, glossy; noun — brightness, a gleam of light	TOCFL 4
光明	guāngmíng	noun — light, brightness; adjective — bright; (figurative) promising, upright, full of hope	TOCFL 4
光是	guāngshì	adverb — just, merely, only (singling one thing out, often before listing more)	TOCFL 4
光榮	guāngróng	adjective — glorious; honorable; noun — glory, honor	TOCFL 6
光滑	guānghuá	adjective — smooth, sleek, glossy (of a surface)	TOCFL 5
光緒	guāngxù	proper noun — the Guangxu era (1875–1908) and its Qing emperor	named-entity
光線	guāngxiàn	noun — a ray of light, light (as it falls on a place); lighting	TOCFL 4
光臨	guānglín	verb — (honorific) to grace with one's presence; (of a guest, customer) to come, to visit	TOCFL 4
光芒	guāngmáng	noun — rays of light; radiance	TOCFL 5
光華	guānghuá	noun — bright radiance; splendour	TOCFL 3
光輝	guānghuī	noun — radiance, glory; adj — glorious, brilliant	TOCFL 5
光顧	guānggù	verb — to patronize (a shop); to honor with one's custom	TOCFL 5
克制	kèzhì	verb — to restrain oneself, hold back; noun — restraint	TOCFL 5
克服	kèfú	verb — to overcome, to conquer (a difficulty, a fear, a weakness)	TOCFL 3
兌現	duìxiàn	verb — to cash (a cheque); to honor (a promise), make good on	TOCFL 5
免得	miǎnde	conjunction — so as to avoid; lest; to keep (something bad) from happening	TOCFL 4
免疫	miǎnyì	verb/noun — to be immune; immunity (the body's resistance to disease)	TOCFL 6
免稅	miǎnshuì	verb — to exempt from tax; adj — duty-free, tax-exempt	TOCFL 5
免費	miǎnfèi	adjective/adverb — free of charge, for free	TOCFL 3
兒女	érnǚ	noun — sons and daughters, one's children	TOCFL 5
兒子	érzi	noun — son	TOCFL 2
兒童	értóng	noun — child, children	TOCFL 4
入世	rùshì	verb — to engage with worldly affairs; (of a country) to join the WTO	TOCFL 5
入侵	rùqīn	verb — to invade, to intrude (by force)	TOCFL 6
入口	rùkǒu	noun — an entrance, a way in; verb — to import (goods entering a country)	TOCFL 2
入境	rùjìng	verb — to enter a country, to cross into a territory (at a border or customs)	TOCFL 4
入學	rùxué	verb — to enroll in school, to start school, to be admitted to a school	TOCFL 4
入超	rùchāo	noun — trade deficit, an excess of imports over exports	TOCFL 5
內在	nèizài	adjective — inner, intrinsic, inherent; noun — the inner self	TOCFL 5
內地	nèidì	noun — the interior, inland regions; the Chinese mainland (from Hong Kong/Taiwan usage)	TOCFL 6
內容	nèiróng	noun — content; substance; what is contained	TOCFL 3
內心	nèixīn	noun — one's inner heart; what a person feels inside	TOCFL 4
內戰	nèizhàn	noun — civil war, internal conflict	TOCFL 5
內政	nèizhèng	noun — internal affairs, domestic politics (of a state)	TOCFL 5
內河	nèihé	noun — inland river, a river within a country's interior	TOCFL 5
內涵	nèihán	noun — connotation, intrinsic meaning; substance or depth (of a person)	TOCFL 5
內科	nèikē	noun — internal medicine (the hospital department, and its field, treating illness without surgery)	TOCFL 4
內行	nèiháng	adjective — expert, knowing the ropes; noun — an insider, someone skilled in a trade	TOCFL 4
內衣	nèiyī	noun — underwear, undergarment	TOCFL 2
內部	nèibù	noun — interior; inside; internal (structure or affairs)	TOCFL 4
內銷	nèixiāo	verb/noun — to sell on the domestic market; domestic sales	TOCFL 5
內閣	nèigé	noun — a cabinet; the senior ministers of a government	TOCFL 6
全世界	quánshìjiè	noun — the whole world; the entire planet	TOCFL 2
全力	quánlì	noun/adv — one's full strength; with all one's might, all-out	TOCFL 5
全國	quánguó	noun — the whole country; adjective — nationwide	TOCFL 3
全家	quánjiā	noun — the whole family, the entire household	TOCFL 4
全年	quánnián	noun/adv — the whole year, all year round	TOCFL 2
全球	quánqiú	noun/adjective — the whole world; global	TOCFL 4
全盤	quánpán	adj/adv — overall, wholesale, across the board	TOCFL 5
全身	quánshēn	noun — the whole body; head to toe	TOCFL 4
全部	quánbù	noun / determiner — all of it, the whole, the entirety	TOCFL 1
全都	quándōu	adverb — all of them; every one, without exception	TOCFL 2
全長	quáncháng	noun — overall length; total length (of a route, structure, film)	TOCFL 2
全面	quánmiàn	adjective / adverb — comprehensive, all-round; across the board, in every aspect	TOCFL 4
全體	quántǐ	noun — the whole body, the entire group, all of them	TOCFL 5
兩側	liǎngcè	noun — both sides; the two flanks	TOCFL 6
兩口子	liǎngkǒuzi	noun — a married couple, husband and wife (colloquial)	TOCFL 5
兩天	liǎngtiān	noun phrase — two days	TOCFL 1
兩岸	liǎngàn	noun — both banks of a river; the two shores, esp. mainland China and Taiwan	TOCFL 4
兩年	liǎngnián	noun phrase — two years	TOCFL 1
兩極	liǎngjí	noun — the two poles (of the earth, a magnet); the two extremes	TOCFL 5
兩者	liǎngzhě	pronoun — the two; both (of them)	TOCFL 1
兩隻	liǎngzhī	phrase — two (of animals or one of a pair)	TOCFL 2
八卦	bāguà	noun — the Eight Trigrams (of the I Ching); gossip, gossipy	TOCFL 5
八字	bāzì	noun — the Eight Characters: a person's birth-time horoscope chart	TOCFL 5
公主	gōngzhǔ	noun — a princess	TOCFL 5
公事	gōngshì	noun — official business, public affairs (vs. private matters)	TOCFL 5
公佈	gōngbù	verb — to announce publicly, to make public	TOCFL 5
公債	gōngzhài	noun — government bond, public debt	TOCFL 5
公元	gōngyuán	noun — Common Era (CE); AD — the Gregorian calendar era in international use	TOCFL 4
公元前	gōngyuánqián	noun — before the Common Era; BC	TOCFL 6
公克	gōngkè	measure word/noun — gram (g), the metric unit of mass	TOCFL 3
公公	gōnggong	noun — a husband's father, father-in-law; (also) an old man; (historically) a palace eunuch	TOCFL 4
公共	gōnggòng	adjective — public, communal, shared	TOCFL 4
公共汽車	gōnggòng qìchē	noun — a (public) bus	TOCFL 1
公分	gōngfēn	measure word/noun — centimetre (cm), the metric unit of length	TOCFL 3
公務	gōngwù	noun — official duties, public service business	TOCFL 5
公務員	gōngwùyuán	noun — civil servant, government employee	TOCFL 5
公司	gōngsī	noun — company, firm, corporation	TOCFL 2
公告	gōnggào	noun — a public notice, official announcement; verb — to announce publicly	TOCFL 6
公園	gōngyuán	noun — a public park	TOCFL 1
公安	gōng'ān	noun — public security; the police (in mainland China)	TOCFL 6
公寓	gōngyù	noun — apartment, flat (a unit in a shared, multi-household building)	TOCFL 3
公尺	gōngchǐ	measure word/noun — metre (m), the metric unit of length	TOCFL 3
公布	gōngbù	verb — to announce publicly, to make known; to promulgate (results, a law)	TOCFL 4
公平	gōngpíng	adjective — fair, just, even-handed; noun — fairness	TOCFL 4
公式	gōngshì	noun — a formula (in mathematics, science); a set pattern or routine	TOCFL 4
公文	gōngwén	noun — an official document, government paperwork	TOCFL 5
公斤	gōngjīn	noun — kilogram	TOCFL 4
公會	gōnghuì	noun — a guild, trade association, professional body	TOCFL 5
公民	gōngmín	noun — citizen; a person with recognized membership in a state	TOCFL 4
公用	gōngyòng	adjective — for public or communal use, shared (a phone, a facility)	TOCFL 4
公益	gōngyì	noun — public welfare, the public good, charity	TOCFL 5
公眾	gōngzhòng	noun — the public, the general public	TOCFL 5
公立	gōnglì	adjective — public, state-run, government-established (a school, a hospital)	TOCFL 4
公認	gōngrèn	verb — to be generally acknowledged, universally recognized	TOCFL 5
公費	gōngfèi	noun/adj — public expense; at government expense, publicly funded	TOCFL 5
公路	gōnglù	noun — highway; road; public road	TOCFL 3
公車	gōngchē	noun — a bus (public transit)	TOCFL 1
公里	gōnglǐ	measure word/noun — kilometre (km), the metric unit of distance	TOCFL 3
公開	gōngkāi	verb — to make public; adj — open, not secret	TOCFL 4
共同	gòngtóng	adjective/adverb — common, shared; together, jointly	TOCFL 3
共和	gònghé	noun — republic; republican government (no monarch; power held in common)	TOCFL 6
共和國	gònghéguó	noun — a republic (a state without a monarch)	TOCFL 1
共產	gòngchǎn	noun/attr — communism; communal ownership of property	TOCFL 5
共產黨	gòngchǎndǎng	noun — a communist party	TOCFL 1
共鳴	gòngmíng	noun/verb — resonance; to resonate, strike a chord	TOCFL 5
兵刃	bīngrèn	noun — a blade; weapons (with cutting edges)	TOCFL 5
兵力	bīnglì	noun — military strength; troop numbers	TOCFL 5
其中	qízhōng	pronoun/adverb — among them, within it, of which	TOCFL 2
其他	qítā	pronoun — other; the rest; others (things or people not mentioned)	TOCFL 1
其它	qítā	pronoun/determiner — other (things); the rest; others (non-human referent)	TOCFL 3
其實	qíshí	adverb — actually; in fact; as a matter of fact	TOCFL 3
其次	qícì	adv/pronoun — secondly, next; second in order, of lesser importance	TOCFL 5
其餘	qíyú	noun/pronoun — the rest; the remainder; the others	TOCFL 5
具備	jùbèi	verb — to possess, to have, to be equipped with	TOCFL 5
具有	jùyǒu	verb — to possess; to have; to be endowed with	TOCFL 3
具體	jùtǐ	adjective — concrete; specific; tangible	TOCFL 4
典型	diǎnxíng	adjective — typical; noun — a typical example	TOCFL 4
典禮	diǎnlǐ	noun — a ceremony, a formal rite (graduation, wedding, opening)	TOCFL 4
典雅	diǎnyǎ	adjective — elegant and refined, in good classical taste	TOCFL 5
兼職	jiānzhí	noun/verb — a part-time job; to hold a second post alongside one's main one	TOCFL 5
再三	zàisān	adverb — over and over, repeatedly, time and again	TOCFL 4
再也	zàiyě	adverb — (not) ever again; (not) any more [used with a negative]	TOCFL 1
再度	zàidù	adverb — once again, for a second time, anew	TOCFL 5
再次	zàicì	adverb — once more; a second time; again	TOCFL 2
再生	zàishēng	verb/attr — to be reborn, regenerate; recycled, renewable	TOCFL 5
再見	zàijiàn	interjection — goodbye; literally "see (you) again"	TOCFL 1
再說	zàishuō	verb — to say again; adverb — what's more; we'll talk about it later	TOCFL 1
冒險	màoxiǎn	verb/noun — to take a risk, venture; an adventure	TOCFL 5
冠軍	guānjūn	noun — champion; first place	TOCFL 5
冤枉	yuānwang	verb — to wrong someone, to accuse falsely; adjective — wronged, unjust; not worth it (effort, money)	TOCFL 4
冥想	míngxiǎng	verb/noun — to meditate; deep, quiet contemplation	TOCFL 5
冬天	dōngtiān	noun — winter; the cold season	TOCFL 1
冬季	dōngjì	noun — winter, the winter season	TOCFL 4
冰塊	bīngkuài	noun — an ice cube, a piece of ice	TOCFL 2
冰塊兒	bīngkuàir	noun — an ice cube, a piece of ice (colloquial, with -r ending)	TOCFL 2
冰淇淋	bīngqílín	noun — ice cream	TOCFL 1
冰箱	bīngxiāng	noun — refrigerator, fridge	TOCFL 1
冷凍	lěngdòng	verb/attr — to freeze (food etc.); frozen, kept frozen	TOCFL 5
冷氣	lěngqì	noun — air conditioning; cold air, an air conditioner	TOCFL 1
冷汗	lěnghàn	noun — cold sweat (from fear, shock, or illness)	TOCFL 5
冷淡	lěngdàn	adjective — cold, indifferent, unenthusiastic (toward a person); verb — to treat coldly, to snub	TOCFL 3
冷清	lěngqīng	adjective — deserted and quiet; cheerless, lonely (of a place)	TOCFL 5
冷笑	lěngxiào	verb — to sneer, to laugh coldly; noun — a cold, mocking laugh	TOCFL 5
冷門	lěngmén	adjective — unpopular, little sought-after, off the beaten track; noun — a dark horse, an unexpected result	TOCFL 4
冷靜	lěngjìng	adjective — calm, cool-headed, composed; verb — to calm down	TOCFL 4
冷飲	lěngyǐn	noun — a cold drink, chilled beverage	TOCFL 4
准考証	zhǔnkǎozhèng	noun — an admission ticket for an exam; the card permitting one to sit a test	TOCFL 4
准考證	zhǔnkǎozhèng	noun — an admission ticket for an exam; the card permitting one to sit a test	TOCFL 4
准許	zhǔnxǔ	verb — to permit, grant permission; to approve	TOCFL 5
凋零	diāolíng	verb — to wither and fall (of flowers, leaves); to decline, dwindle away	TOCFL 5
凌晨	língchén	noun — the small hours, the dead of night just before dawn (roughly 1–5 a.m.)	TOCFL 4
凍結	dòngjié	verb — to freeze (liquid); to freeze (funds, prices, a plan) so they cannot move	TOCFL 5
凝固	nínggù	verb — to solidify, congeal; to set hard from a liquid	TOCFL 5
凝結	níngjié	verb — to condense, congeal; (vapour to liquid, liquid to solid) to gather and set	TOCFL 5
凝聚	níngjù	verb — to condense, draw together; to gather (people, strength, feeling) into one	TOCFL 5
凝視	níngshì	verb — to gaze fixedly, stare intently at	TOCFL 5
凡是	fánshì	conj — every; whatever; in all cases where (凡是…都…, "any X at all…")	TOCFL 6
出事	chūshì	verb — to have an accident, for something to go wrong, for trouble to occur	TOCFL 4
出任	chūrèn	verb — to take up (an official post), to assume (an office)	TOCFL 6
出來	chūlái	verb — to come out; directional complement indicating outward motion toward speaker	TOCFL 1
出入	chūrù	verb — to go in and out; noun — discrepancy, divergence	TOCFL 6
出力	chūlì	verb — to put in effort, exert oneself, pitch in	TOCFL 5
出口	chūkǒu	noun — exit; outlet; (verb/noun) to export; exports	TOCFL 3
出名	chūmíng	adj/verb — famous, well-known; to become famous	TOCFL 5
出品	chūpǐn	verb/noun — to produce, put out (a product, film); a production, the goods produced	TOCFL 5
出售	chūshòu	verb — to sell; to put up for sale (formal, of goods or property)	TOCFL 6
出土	chūtǔ	verb — to be unearthed, excavated (of relics); (of a seedling) to break the soil	TOCFL 5
出境	chūjìng	verb — to leave the country, to exit a territory (through customs)	TOCFL 4
出局	chūjú	verb — to be out, eliminated (in sport or a contest); to be knocked out of the game	TOCFL 5
出差	chūchāi	verb — to go on a business trip; to be away on an assignment	TOCFL 3
出席	chūxí	verb — to attend, to be present (at a meeting or event)	TOCFL 5
出息	chūxí	noun — promise, prospects; what one will amount to (often 有出息 / 沒出息)	TOCFL 5
出手	chūshǒu	verb — to make a move, take action; to part with (money, goods); to show one's skill	TOCFL 5
出於	chūyú	preposition — out of; stemming from (a motive or cause)	TOCFL 6
出版	chūbǎn	verb — to publish; to bring out (a book)	TOCFL 4
出現	chūxiàn	verb — to appear; to emerge; to occur	TOCFL 2
出生	chūshēng	verb — to be born	TOCFL 3
出產	chūchǎn	verb — to produce, to yield (a region's goods, crops); noun — produce, products	TOCFL 4
出發	chūfā	verb — to set out; to depart; to start from	TOCFL 4
出發點	chūfādiǎn	noun — starting point; the motive or premise one sets out from	TOCFL 5
出示	chūshì	verb — to produce and show (a document, ticket, ID) for inspection	TOCFL 5
出租	chūzū	verb — to rent out, to let, to hire out (to give the use of something for rent)	TOCFL 3
出色	chūsè	adjective — outstanding, excellent, remarkable	TOCFL 5
出血	chūxuè	verb — to bleed, to hemorrhage; (figurative) to fork out a painful sum	TOCFL 5
出賣	chūmài	verb — to sell off; to betray, sell out (a person, a cause)	TOCFL 5
出超	chūchāo	noun — trade surplus (exports exceed imports)	TOCFL 5
出路	chūlù	noun — a way out; prospects, future (for a career or a product)	TOCFL 5
出身	chūshēn	noun — one's background or origins; verb — to come from (a class, family, or school)	TOCFL 5
出錯	chūcuò	verb — to go wrong, to make a mistake (of a process or system)	TOCFL 5
出門	chūmén	verb — to go out, to leave the house; to set off on a trip	TOCFL 2
出院	chūyuàn	verb — to be discharged from hospital, to leave the hospital	TOCFL 4
出面	chūmiàn	verb — to step forward in person, to act openly (to handle or mediate something)	TOCFL 5
出頭	chūtóu	verb — to get ahead, rise out of hardship; to come forward; (after a number) a little over, odd	TOCFL 5
出馬	chūmǎ	verb — to take the field, to take on a task in person (often of a capable figure)	TOCFL 5
函式	hánshì	noun — function (in programming): a named block of code that takes input and returns a result	TOCFL ?
分享	fēnxiǎng	verb — to share (with others)	TOCFL 4
分佈	fēnbù	verb — to be distributed; to spread across an area	TOCFL 5
分別	fēnbié	adverb — separately; respectively; verb — to part; to distinguish	TOCFL 3
分割	fēngē	verb — to cut apart, to divide up, to partition	TOCFL 5
分化	fēnhuà	verb — to split into differing parts, to diverge; (biology) to differentiate; to break (an opposing group) apart	TOCFL 5
分子	fēnzǐ	noun — a molecule; a member of a group	TOCFL 6
分家	fēnjiā	verb — to divide up the household (split property and live separately); to part ways, hive off	TOCFL 5
分寸	fēncùn	noun — a sense of proportion, the right measure (in speech or conduct)	TOCFL 5
分工	fēngōng	verb — to divide up the work, to split tasks; noun — division of labour	TOCFL 4
分布	fēnbù	verb — to be distributed, to be spread out (over an area); noun — a distribution	TOCFL 4
分成	fēnchéng	verb — to divide into; to split up into (parts)	TOCFL 4
分手	fēnshǒu	verb — to break up (a couple); to part ways, to say goodbye	TOCFL 4
分擔	fēndān	verb — to share (a burden, a cost, a responsibility)	TOCFL 5
分散	fēnsàn	verb — to scatter, to disperse; to divert (attention, risk)	TOCFL 4
分數	fēnshù	noun — a score, marks (on a test); a fraction (in mathematics)	TOCFL 4
分明	fēnmíng	adjective — clear, distinct; adverb — clearly, plainly (often despite expectation)	TOCFL 5
分析	fēnxī	verb/noun — to analyze; analysis; to break down and examine	TOCFL 4
分泌	fēnmì	verb — to secrete (of glands, cells — to give off a fluid)	TOCFL 5
分發	fēnfā	verb — to hand out, distribute; to assign (a graduate or recruit to a post)	TOCFL 5
分級	fēnjí	verb — to grade, to classify by rank or level (films, products, students)	TOCFL 5
分裂	fēnliè	verb — to split; to break apart; to divide (a group, a country, a cell)	TOCFL 5
分解	fēnjiě	verb — to break down (into parts); (chemistry) to decompose; to resolve into steps	TOCFL 5
分貝	fēnbèi	noun — decibel (dB), unit of sound level	TOCFL 5
分辨	fēnbiàn	verb — to tell apart, to distinguish (one thing from another)	TOCFL 5
分配	fēnpèi	verb — to distribute, to allocate, to assign	TOCFL 5
分量	fènliàng	noun — weight, amount, heft; figuratively, the weight (importance) of words or a person	TOCFL 5
分鐘	fēnzhōng	noun — minute (unit of time, 1/60 of an hour)	TOCFL 1
分開	fēnkāi	verb — to separate, to part, to split up; to do (something) separately	TOCFL 3
分離	fēnlí	verb — to separate; to part; to come apart	TOCFL 5
分類	fēnlèi	verb — to classify; noun — classification	TOCFL 5
切實	qièshí	adjective — practical, realistic, down-to-earth; adv — earnestly, concretely	TOCFL 6
切磋	qiēcuō	verb — to compare notes, to learn from one another (through practice and discussion)	unknown
刊物	kānwù	noun — a publication (magazine, journal, periodical)	TOCFL 5
刊登	kāndēng	verb — to publish, to carry (an article, an ad) in print	TOCFL 5
刑事	xíngshì	adjective — criminal (relating to crime and punishment, as opposed to civil)	TOCFL 5
刑部	xíngbù	proper noun — the Ministry of Justice (刑部) of imperial China, one of the Six Ministries, in charge of law and punishment	named-entity
划不來	huábùlái	phrase — not worth it, a bad deal (the cost outweighs the gain)	TOCFL 5
划得來	huádelái	phrase — worth it, a good deal (the gain outweighs the cost)	TOCFL 5
列入	lièrù	verb — to add to a list; to include in	TOCFL 6
列國	lièguó	noun — the various states, the many nations (esp. the rival states of ancient China)	TOCFL 5
列為	lièwéi	verb — to classify as; to list as	TOCFL 6
列車	lièchē	noun — a train (a coupled line of railway cars)	TOCFL 5
初中	chūzhōng	noun — junior high school, lower middle school	TOCFL 4
初期	chūqī	noun — the early period; the initial phase	TOCFL 4
初步	chūbù	adjective — initial, preliminary, first-stage	TOCFL 5
初級	chūjí	adjective — elementary, beginner-level, introductory (a course, a class)	TOCFL 4
判斷	pànduàn	verb — to judge, to determine; noun — judgment	TOCFL 5
別人	biérén	pronoun/noun — other people; others; someone else	TOCFL 3
別墅	biéshù	noun — a villa, a country house (a second home away from one's main residence)	TOCFL 5
別的	biéde	determiner / pronoun — other, another, something else (別的事 other matters)	TOCFL 2
利害	lìhài	noun — gains and losses; what is at stake; one's interests	TOCFL 6
利弊	lìbì	noun — pros and cons, advantages and disadvantages	TOCFL 5
利息	lìxí	noun — interest (on a loan or savings), the money earned or owed on capital	TOCFL 4
利潤	lìrùn	noun — profit; margin	TOCFL 5
利率	lìlǜ	noun — interest rate	TOCFL 5
利用	lìyòng	verb — to use; to utilize; to make use of; to exploit	TOCFL 4
利益	lìyì	noun — benefit; interest; profit; advantage	TOCFL 4
到來	dàolái	verb — to arrive; to come (of a time, event, season)	TOCFL 3
到底	dàodǐ	adverb — after all, in the end; to the very bottom	TOCFL 4
到期	dàoqī	verb — to fall due, expire, reach the deadline	TOCFL 4
到處	dàochù	adverb — everywhere; all over	TOCFL 3
到達	dàodá	verb — to arrive; to reach (a place)	TOCFL 4
到頭來	dàotóulái	adverb — in the end, after all; when it comes down to it	TOCFL 5
制定	zhìdìng	verb — to formulate; to draw up; to establish (a plan, law, or policy)	TOCFL 5
制度	zhìdù	noun — system; institution; regime	TOCFL 3
制止	zhìzhǐ	verb — to check, curb, put a stop to	TOCFL 4
制裁	zhìcái	verb/noun — to sanction, to punish (a wrongdoer, a state); sanctions	TOCFL 5
制訂	zhìdìng	verb — to draw up, formulate (a plan, rules)	TOCFL 4
刷卡	shuākǎ	verb — to swipe a card (to pay by card, or to tap a card to enter)	TOCFL 2
刷牙	shuāyá	verb — to brush one's teeth	TOCFL 3
刺殺	cìshā	verb — to assassinate; to kill by stabbing	TOCFL 5
刺激	cìjī	noun — a stimulus; verb — to stimulate; adj — thrilling	TOCFL 4
刻劃	kèhuà	verb — to depict, to portray (a character, a scene) in fine detail; to carve and mark	TOCFL 5
刻意	kèyì	adverb — deliberately, on purpose, painstakingly	TOCFL 5
刻畫	kèhuà	verb — to depict, to portray (a character, a scene) in fine detail; to carve and draw	TOCFL 5
刻苦	kèkǔ	adjective — hardworking and uncomplaining; willing to endure hardship	TOCFL 5
刻薄	kèbó	adjective — harsh and unkind; mean, cutting (in word or treatment)	TOCFL 5
削弱	xuēruò	verb — to weaken, to cut down (strength, power, influence)	TOCFL 5
削減	xuējiǎn	verb — to cut down, slash, reduce	TOCFL 4
前來	qiánlái	verb — to come (here, toward the speaker); to come over	TOCFL 1
前天	qiántiān	noun — the day before yesterday	TOCFL 1
前年	qiánnián	noun — the year before last	TOCFL 1
前往	qiánwǎng	verb — to head for, to proceed to (a place)	TOCFL 5
前後	qiánhòu	noun — the time around; roughly; front and back	TOCFL 5
前提	qiántí	noun — a premise; a precondition	TOCFL 6
前方	qiánfāng	noun — the area ahead, the front; (in war) the front line	TOCFL 4
前景	qiánjǐng	noun — prospects, outlook; the foreground (of a scene)	TOCFL 5
前科	qiánkē	noun — a prior criminal record, previous conviction	TOCFL 5
前程	qiánchéng	noun — one's future, prospects (esp. in career)	TOCFL 5
前者	qiánzhě	noun — the former (the first of two things just mentioned)	TOCFL 6
前輩	qiánbèi	noun — a senior; someone of an earlier generation in one's field	TOCFL 5
前途	qiántú	noun — one's prospects, future, the road ahead	TOCFL 5
前進	qiánjìn	verb — to advance; to go forward; to push ahead	TOCFL 4
前院	qiányuàn	noun — front yard, forecourt	TOCFL 4
前面	qiánmiàn	noun — the front; ahead; the part before	TOCFL 1
前頭	qiántou	noun — the front, ahead, the place in front	TOCFL 4
前額葉	qián'éyè	noun — the prefrontal cortex	anatomy term
剎車	shāchē	verb/noun — to brake, to stop a vehicle; the brake	TOCFL 5
剔除	tīchú	verb — to remove, to weed out, to strike off (the unwanted)	TOCFL 5
剛剛	gānggāng	adverb — just now; a moment ago	TOCFL 2
剛好	gānghǎo	adverb — exactly, just right; as it happens, by coincidence	TOCFL 2
剛強	gāngqiáng	adjective — firm and strong, unyielding (of character)	TOCFL 5
剛才	gāngcái	noun/adv — just now, a moment ago	TOCFL 3
剝削	bōxuē	verb/noun — to exploit, to bleed dry (of labour, the poor); exploitation	TOCFL 5
剩下	shèngxià	verb — to be left over; to remain	TOCFL 4
剪刀	jiǎndāo	noun — scissors, shears	TOCFL 4
創作	chuàngzuò	verb/noun — to create (artistic or literary work); creative work; a piece	TOCFL 4
創傷	chuāngshāng	noun — a wound; trauma (physical or emotional)	TOCFL 5
創新	chuàngxīn	verb — to innovate; noun — innovation	TOCFL 4
創業	chuàngyè	verb — to start a business, to found an enterprise	TOCFL 5
創立	chuànglì	verb — to found, to establish (an organization, a school, a theory)	TOCFL 5
創辦	chuàngbàn	verb — to found; to establish; to set up (a school, company, paper)	TOCFL 5
創造	chuàngzào	verb — to create; to bring into being; noun — creation	TOCFL 4
劃分	huàfēn	verb — to divide up; to demarcate; to partition	TOCFL 6
劃時代	huàshídài	adjective — epoch-making, ground-breaking	TOCFL 5
劇場	jùchǎng	noun — theater, playhouse (the venue for staged drama)	TOCFL 4
劇情	jùqíng	noun — the plot, the storyline (of a play, film, or TV drama)	TOCFL 3
劇本	jùběn	noun — a script, a screenplay (the written text of a play or film)	TOCFL 3
劇烈	jùliè	adjective — violent, severe, intense (of pain, change, exercise)	TOCFL 4
劇院	jùyuàn	noun — theater, opera house (the building)	TOCFL 4
劍法	jiànfǎ	noun — swordsmanship; sword technique	TOCFL 5
劑量	jìliàng	noun — dosage, the prescribed amount (of a drug)	TOCFL 5
力學	lìxué	noun — mechanics (the branch of physics dealing with force and motion)	TOCFL 5
力氣	lìqì	noun — physical strength, muscle power	TOCFL 4
力求	lìqiú	verb — to strive for, to do one's utmost to achieve	TOCFL 5
力行	lìxíng	verb — to put into practice with all one's effort; to act on (a principle)	TOCFL 5
力量	lìliàng	noun — strength; force; power	TOCFL 3
功利	gōnglì	noun/adjective — material gain; utilitarian, mercenary (concerned only with profit)	TOCFL 5
功勞	gōngláo	noun — credit, merit (earned by effort or service)	TOCFL 5
功夫	gōngfu	noun — skill from training; martial arts; time and effort spent	TOCFL 4
功能	gōngnéng	noun — function; capability; feature; what something can do	TOCFL 4
功課	gōngkè	noun — schoolwork, homework; a lesson or assigned task	TOCFL 1
加上	jiāshàng	verb — to add on; plus; on top of that	TOCFL 3
加以	jiāyǐ	verb — to apply (an action to something already named); to deal with	TOCFL 6
加入	jiārù	verb — to join; to add into	TOCFL 4
加大	jiādà	verb — to enlarge, increase, intensify	TOCFL 5
加工	jiāgōng	verb — to process; to work raw material into a finished product	TOCFL 5
加強	jiāqiáng	verb — to strengthen, to reinforce, to step up (efforts, security, ability)	TOCFL 3
加快	jiākuài	verb — to speed up, to accelerate	TOCFL 2
加拿大	jiānádà	proper noun — Canada, a country in North America	named-entity
加油	jiāyóu	verb — to refuel, to add fuel; interjection — come on! keep it up! (cheer)	TOCFL 2
加班	jiābān	verb — to work overtime	TOCFL 2
加緊	jiājǐn	verb — to step up, to intensify (effort, pace)	TOCFL 5
加薪	jiāxīn	verb — to raise someone's salary; to get a pay rise	TOCFL 5
加速	jiāsù	verb — to speed up; to accelerate	TOCFL 5
加重	jiāzhòng	verb — to make heavier; to aggravate, intensify (a burden, illness, penalty)	TOCFL 5
助手	zhùshǒu	noun — an assistant; a helper; a right-hand person	TOCFL 5
助教	zhùjiào	noun — a teaching assistant; (in universities) a junior teaching post	TOCFL 5
助理	zhùlǐ	noun — assistant; verb — to assist (in managing)	TOCFL 5
努力	nǔlì	verb/noun — to strive; to work hard; effort; diligence	TOCFL 2
勁兒	jìnr	noun (colloquial) — strength, energy, oomph; spirit, knack; (with 個/股) a streak, a mood	TOCFL 5
勇敢	yǒnggǎn	adjective — brave, courageous	TOCFL 3
勇氣	yǒngqì	noun — courage, nerve, bravery	TOCFL 4
勉強	miǎnqiǎng	verb — to force, push (oneself or another); adjective/adverb — reluctant, with difficulty, barely	TOCFL 4
勒索	lèsuǒ	verb — to extort, blackmail; to squeeze money or goods out of someone by threat	TOCFL 5
動不動	dòngbùdòng	adverb — at the slightest provocation, easily, all too readily (usually before something unwanted)	TOCFL 4
動亂	dòngluàn	noun — turmoil, unrest, upheaval (social or political)	TOCFL 5
動人	dòngrén	adjective — moving, touching, stirring (of a story, voice, scene)	TOCFL 4
動作	dòngzuò	noun — movement; motion; an action (of the body)	TOCFL 4
動力	dònglì	noun — driving force; motive power; motivation	TOCFL 5
動向	dòngxiàng	noun — a trend, the direction something is moving in; the way things are headed	TOCFL 5
動員	dòngyuán	verb — to mobilize; to rally people or resources into action	TOCFL 5
動態	dòngtài	noun — movement; the state of changing; current developments	TOCFL 6
動手	dòngshǒu	verb — to get to work; to start doing; to raise a hand against	TOCFL 5
動機	dòngjī	noun — a motive; the inner reason that sets an action going	TOCFL 5
動物	dòngwù	noun — animal	TOCFL 2
動物園	dòngwùyuán	noun — a zoo	TOCFL 3
動產	dòngchǎn	noun (law) — movable property; chattels (as opposed to 不動產, real estate)	TOCFL 5
動脈	dòngmài	noun — an artery; the vessel that carries blood out from the heart	TOCFL 5
動詞	dòngcí	noun — verb (grammatical part of speech)	TOCFL 4
動身	dòngshēn	verb — to set off, set out, start a journey	TOCFL 4
動靜	dòngjìng	noun — sign of activity; what is going on; movement or the lack of it	TOCFL 5
務實	wùshí	adj/verb — pragmatic, down-to-earth; to deal with concrete realities rather than empty talk	TOCFL 5
勝利	shènglì	verb — to win; to be victorious; noun — victory	TOCFL 3
勝地	shèngdì	noun — a scenic spot; a famous beauty-spot or resort worth visiting	TOCFL 5
勞力	láolì	noun — physical labor, manpower, a workforce	TOCFL 4
勞動	láodòng	verb/noun — to labor; physical work; labor (as a category)	TOCFL 4
勞動力	láodònglì	noun — labor; the workforce; labor power	TOCFL 3
勞動者	láodòngzhě	noun — a worker, a laborer; one who does physical or productive work	TOCFL 5
勞工	láogōng	noun — worker, laborer; labor (as in labor rights)	TOCFL 4
勞改	láogǎi	noun/verb — reform through labor; the PRC penal system of remoulding prisoners by forced work (clipped from 勞動改造)	TOCFL 5
勞累	láolèi	adjective — worn out, fatigued from hard work; verb — to tire oneself out	TOCFL 5
募集	mùjí	verb — to raise, to collect (funds, donations, recruits) by putting out a call	TOCFL 5
勢力	shìlì	noun — power, influence (of a group or faction)	TOCFL 5
勢必	shìbì	adverb — is bound to, will inevitably; the way things stand, it must happen	TOCFL 5
勤勞	qínláo	adjective — hardworking, diligent, industrious	TOCFL 4
勤奮	qínfèn	adjective — diligent, industrious, hardworking	TOCFL 5
勸告	quàngào	verb/noun — to advise, urge, counsel; a piece of advice	TOCFL 5
勸導	quàndǎo	verb — to advise and guide; to talk someone round patiently toward the right course	TOCFL 5
勾結	gōujié	verb — to collude, conspire; to band together for something underhand	TOCFL 5
包含	bāohán	verb — to contain, to include, to hold within	TOCFL 4
包圍	bāowéi	verb — to surround, encircle; to close in on from all sides	TOCFL 5
包子	bāozi	noun — a steamed stuffed bun (baozi)	TOCFL 1
包括	bāokuò	verb — to include; to contain; to encompass	TOCFL 2
包袱	bāofú	noun — a cloth-wrapped bundle; figuratively a burden or hang-up one carries; (in crosstalk) the punchline	TOCFL 5
包裝	bāozhuāng	verb — to wrap, package; noun — packaging, wrapping	TOCFL 4
包裹	bāoguǒ	noun — a parcel, package (sent by post); verb — to wrap up, bind up	TOCFL 4
匆忙	cōngmáng	adj/adv — hurried, in a rush; hastily, in a great hurry	TOCFL 5
化妝	huàzhuāng	verb — to put on makeup, apply cosmetics	TOCFL 4
化妝品	huàzhuāngpǐn	noun — cosmetics, makeup products	TOCFL 3
化學	huàxué	noun — chemistry	TOCFL 5
化工	huàgōng	noun — chemical engineering, the chemical industry	TOCFL 6
化石	huàshí	noun — a fossil; the stone-turned remains of an ancient living thing	TOCFL 5
化裝	huàzhuāng	verb — to disguise oneself, dress up in costume, masquerade	TOCFL 4
北京	Běijīng	proper noun — Beijing, capital of the People's Republic of China	TOCFL 2
北京市	Běijīngshì	proper noun — the Beijing municipality, capital of the People's Republic of China	TOCFL 3
北方	běifāng	noun — the north; the northern part of a country	TOCFL 3
北部	běibù	noun — the northern part, the north	TOCFL 2
匯款	huìkuǎn	verb — to remit money, wire funds; noun — a remittance	TOCFL 4
匯票	huìpiào	noun — a money order; a bank draft or bill of exchange	TOCFL 5
匾額	biǎn'é	noun — a horizontal inscribed board, a plaque (hung over a door or hall)	TOCFL 5
區分	qūfēn	verb — to distinguish, to tell apart; noun — distinction	TOCFL 5
區別	qūbié	noun — difference; distinction; verb — to tell apart	TOCFL 5
區域	qūyù	noun — area; region; zone; district	TOCFL 4
區域性	qūyùxìng	adjective — regional; local in scope	TOCFL 5
十五	shíwǔ	number — fifteen	TOCFL 1
十八	shíbā	number — eighteen (18)	TOCFL 1
十分	shífēn	adverb — fully, completely, very (literally "ten parts out of ten")	TOCFL 3
十堰	Shíyàn	proper noun — Shiyan, a city in northwestern Hubei	TOCFL 7
十堰市	Shíyànshì	proper noun — Shiyan, a prefecture-level city in northwestern Hubei, home to the Wudang Mountains	TOCFL 7
十字路口	shízì lùkǒu	noun — a crossroads, an intersection	TOCFL 1
十足	shízú	adjective — full, complete, one hundred percent; through and through	TOCFL 5
千萬	qiānwàn	number — ten million; adverb — by all means, be sure to (千萬別忘記)	TOCFL 4
升值	shēngzhí	verb — to appreciate, rise in value (of a currency, asset)	TOCFL 5
升學	shēngxué	verb — to go on to a higher school; to advance to the next stage of education (e.g. from junior to senior high, or on to university)	TOCFL 4
升級	shēngjí	verb — to upgrade; to level up; to escalate	TOCFL 4
升遷	shēngqiān	verb — to be promoted, advance to a higher post	TOCFL 5
升高	shēnggāo	verb — to rise, go up; to raise (temperature, level, status)	TOCFL 4
午門	Wǔmén	proper noun — the Meridian Gate, the grand southern gate and main entrance of the Forbidden City, Beijing	TOCFL 6
半夜	bànyè	noun — midnight, the middle of the night	TOCFL 2
半天	bàntiān	noun — half a day; (colloquial) a long while	TOCFL 4
半導體	bàndǎotǐ	noun — a semiconductor	TOCFL 5
半島	bàndǎo	noun — a peninsula	TOCFL 5
半數	bànshù	noun — half the number; half (of a group); fifty percent of a total	TOCFL 4
半路	bànlù	noun/adverb — halfway along a journey; midway; partway through (an undertaking)	TOCFL 4
卓越	zhuóyuè	adjective — outstanding, excellent, far above the rest	TOCFL 5
協助	xiézhù	verb — to assist, to help out; noun — assistance	TOCFL 4
協商	xiéshāng	verb — to negotiate, confer, work out together	TOCFL 5
協定	xiédìng	noun — an agreement; an accord; a pact	TOCFL 6
協會	xiéhuì	noun — an association, a society	TOCFL 5
協調	xiétiáo	verb — to coordinate, to bring into harmony; adj — well-matched, in tune	TOCFL 5
協議	xiéyì	noun — agreement; an accord reached together	TOCFL 6
協辦	xiébàn	verb — to co-organize, help handle, assist in running (an event, affair)	TOCFL 5
南京	Nánjīng	proper noun — Nanjing, a major city in eastern China, capital of Jiangsu	TOCFL 3
南京市	nánjīngshì	proper noun — Nanjing City, capital of Jiangsu Province in eastern China	named-entity
南北	nánběi	noun — north and south; the two opposite directions	TOCFL 2
南宋	Nánsòng	proper noun — the Southern Song (1127–1279), the dynasty's southern phase after the Jin took the north	named-entity
南方	nánfāng	noun — the south	TOCFL 3
南極洲	Nánjízhōu	proper noun — Antarctica, the continent around the South Pole	named-entity
南海	nánhǎi	proper noun — the South Sea; the South China Sea south of mainland China	named-entity
南路	nánlù	noun — the southern road; a road running south	TOCFL 2
南部	nánbù	noun — the southern part, the south (of a region)	TOCFL 2
博士	bóshì	noun — a doctorate; a PhD holder	TOCFL 4
博物館	bówùguǎn	noun — museum	TOCFL 4
博覽會	bólǎnhuì	noun — exposition, exhibition, fair; expo	TOCFL 5
占據	zhànjù	verb — to occupy, take up, hold (a place, space, position)	TOCFL 5
占有	zhànyǒu	verb — to occupy, possess; to hold (a share, a position)	TOCFL 4
占領	zhànlǐng	verb — to seize and occupy, take over (territory, a market)	TOCFL 5
卡車	kǎchē	noun — a truck, a lorry	TOCFL 3
卡通	kǎtōng	noun — cartoon; animated film or drawing	TOCFL 4
印刷	yìnshuā	verb — to print; noun — printing	TOCFL 5
印度	Yìndù	proper noun — India, the country in South Asia	TOCFL 3
印章	yìnzhāng	noun — a seal; a stamp (carved name-block pressed in red ink)	TOCFL 4
印證	yìnzhèng	verb — to confirm, corroborate, bear out (one thing against another); noun — confirmation	TOCFL 5
印象	yìnxiàng	noun — an impression; the mark a person or thing leaves in the mind	TOCFL 4
危害	wéihài	verb — to endanger, harm, jeopardize; noun — a hazard, harm	TOCFL 5
危機	wēijī	noun — crisis	TOCFL 4
危險	wēixiǎn	noun — danger; adjective — dangerous	TOCFL 3
即使	jíshǐ	conjunction — even if; even though; even supposing	TOCFL 4
即便	jíbiàn	conjunction — even if; even though	TOCFL 6
即將	jíjiāng	adverb — about to, on the verge of	TOCFL 6
即日	jírì	adverb — this very day; from today on; within a day or two	TOCFL 5
即時	jíshí	adj/adv — real-time, immediate; at once, without delay	TOCFL 5
卻說	quèshuō	verb-phrase — "now, it is told that …"; a classic-novel narrator's opener that picks the story back up	TOCFL 4
原住民	yuánzhùmín	noun — indigenous people, aborigines (the original inhabitants of a land)	TOCFL 5
原來	yuánlái	adverb — originally; formerly; so that's how it is (exclamatory realization)	TOCFL 3
原先	yuánxiān	adverb — originally; at first; formerly	TOCFL 4
原則	yuánzé	noun — principle; rule; standard one operates by	TOCFL 5
原則上	yuánzéshàng	adverb — in principle; as a general rule (with the implication of possible exceptions in practice)	TOCFL 4
原名	yuánmíng	noun — original name; former name (before a change)	TOCFL 4
原因	yuányīn	noun — reason; cause; the underlying factor	TOCFL 3
原始	yuánshǐ	adjective — original; primitive	TOCFL 5
原子	yuánzǐ	noun — an atom; the smallest unit of an element	TOCFL 3
原子彈	yuánzǐdàn	noun — an atomic bomb	TOCFL 5
原子筆	yuánzǐbǐ	noun — ballpoint pen	TOCFL 4
原形	yuánxíng	noun — the true/original form, one's real shape (esp. as exposed)	TOCFL 5
原料	yuánliào	noun — raw material, feedstock	TOCFL 5
原有	yuányǒu	adjective — original, pre-existing, already there from the start	TOCFL 5
原本	yuánběn	adverb — originally, at first; noun — the original version	TOCFL 4
原狀	yuánzhuàng	noun — the original state, the way it was before (esp. of restoring)	TOCFL 5
原理	yuánlǐ	noun — principle; underlying theory	TOCFL 6
原種	yuánzhǒng	noun — original breeding stock; the parent strain a variety is bred from	TOCFL ?
原諒	yuánliàng	verb — to forgive, to pardon, to excuse	TOCFL 3
原野	yuányě	noun — open country, wilderness, the wild plains	TOCFL 5
厭惡	yànwù	verb — to detest; to loathe; to find repugnant	TOCFL 4
厲害	lìhài	adjective — fierce, severe; impressive, formidable	TOCFL 4
去世	qùshì	verb — to pass away, to die (a gentle, respectful term, of a person)	TOCFL 3
去年	qùnián	noun — last year	TOCFL 1
參加	cānjiā	verb — to participate in; to join; to attend	TOCFL 2
參考	cānkǎo	verb — to consult, to refer to; noun — reference	TOCFL 4
參與	cānyù	verb — to participate (in); to take part (in)	TOCFL 4
參觀	cānguān	verb — to visit and look around (a place, an exhibition)	TOCFL 3
參謀	cānmóu	noun — a staff officer, adviser; verb — to advise, help plan	TOCFL 5
又名	yòumíng	verb — to be also called, also known as (aka)	TOCFL 2
及早	jízǎo	adverb — as early as possible, while there is still time, at the first chance	TOCFL 5
及時	jíshí	adverb/adjective — in time; timely; without delay	TOCFL 6
及格	jígé	verb — to pass (a test); to reach the required standard	TOCFL 4
友好	yǒuhǎo	adjective — friendly, amicable	TOCFL 5
友愛	yǒu'ài	noun — friendly affection, fellowship; adj — affectionate (esp. between friends or siblings)	TOCFL 5
友誼	yǒuyì	noun — friendship, the bond between friends	TOCFL 3
反之	fǎnzhī	conj — conversely, on the contrary; the other way around	TOCFL 5
反動	fǎndòng	adjective — reactionary; noun — reactionary forces (opposing progress or revolution)	TOCFL 6
反問	fǎnwèn	verb — to ask back; to retort with a question; to counter-question	TOCFL 4
反射	fǎnshè	verb/noun — to reflect (light, sound); a reflex (automatic bodily response)	TOCFL 5
反對	fǎnduì	verb — to oppose; to object to; to be against	TOCFL 4
反應	fǎnyìng	verb/noun — to react; reaction; response	TOCFL 3
反抗	fǎnkàng	verb — to resist, to revolt against	TOCFL 5
反擊	fǎnjí	verb/noun — to counterattack, strike back; a counterattack	TOCFL 5
反映	fǎnyìng	verb — to reflect; to mirror; to represent; to report (a situation upward)	TOCFL 4
反正	fǎnzhèng	adverb — anyway; in any case (the outcome holds either way)	TOCFL 4
反省	fǎnxǐng	verb — to reflect on oneself, examine one's own conduct, do some soul-searching	TOCFL 5
反而	fǎn'ér	adverb — on the contrary; instead (against expectation)	TOCFL 5
反覆	fǎnfù	verb/adv — to do over and over, repeatedly; to go back on one's word	TOCFL 6
反面	fǎnmiàn	noun — the reverse side; the back; the negative aspect (of a thing)	TOCFL 4
反革命	fǎngémìng	noun — a counter-revolutionary; adj — counter-revolutionary	TOCFL 7
叔叔	shúshu	noun — father's younger brother; uncle (a man of a similar generation)	TOCFL 2
取代	qǔdài	verb — to replace; to take the place of	TOCFL 5
取出	qǔchū	verb — to take out; to withdraw	TOCFL 4
取得	qǔdé	verb — to obtain; to acquire; to achieve (a result or qualification)	TOCFL 4
取悅	qǔyuè	verb — to please someone, to curry favour, to ingratiate oneself	TOCFL 5
取材	qǔcái	verb — to draw on as source material; to base a work on (取材自 — drawn from)	TOCFL 5
取樣	qǔyàng	verb — to sample, to take a sample (for testing, survey, or analysis)	TOCFL 5
取消	qǔxiāo	verb — to cancel; to call off; to abolish	TOCFL 5
取笑	qǔxiào	verb — to make fun of; to tease; to mock	TOCFL 4
取締	qǔdì	verb — to ban, to outlaw, to crack down on (by authority)	TOCFL 5
受不了	shòubuliǎo	phrase — cannot stand it; cannot bear it; unable to endure	TOCFL 4
受傷	shòushāng	verb — to be injured, to get hurt	TOCFL 4
受到	shòudào	verb — to receive; to be subjected to; to come in for (treatment, influence)	TOCFL 4
受害	shòuhài	verb — to be harmed, to suffer injury or loss; to fall victim	TOCFL 5
受得了	shòudeliǎo	verb phrase — to be able to bear / stand / endure (it); can take it (the negative 受不了 is far commoner)	TOCFL 3
受訓	shòuxùn	verb — to undergo training, to receive instruction or drill	TOCFL 5
口吻	kǒuwěn	noun — tone of voice, manner of speaking; the slant a speaker takes	TOCFL 5
口味	kǒuwèi	noun — taste; flavour; one's taste in food	TOCFL 4
口徑	kǒujìng	noun — calibre, bore (of a gun, pipe); figuratively, an agreed line or stance	TOCFL 7
口才	kǒucái	noun — eloquence; a gift for speaking; verbal skill	TOCFL 4
口氣	kǒuqì	noun — tone of voice; the manner or attitude in one's speech	TOCFL 4
口水	kǒushuǐ	noun — saliva; spit	TOCFL 4
口紅	kǒuhóng	noun — lipstick	TOCFL 4
口號	kǒuhào	noun — a slogan; a chanted rallying phrase	TOCFL 4
口袋	kǒudài	noun — a pocket; a small bag	TOCFL 2
口試	kǒushì	noun — an oral exam; a viva	TOCFL 4
口語	kǒuyǔ	noun — spoken language; colloquial speech (as opposed to written)	TOCFL 4
口音	kǒuyīn	noun — accent; the way one's speech sounds (regional or foreign)	TOCFL 4
口頭	kǒutóu	adjective — spoken, oral, verbal (口頭報告 — an oral report; opposed to 書面 written)	TOCFL 5
古人	gǔrén	noun — people of ancient times, the ancients	TOCFL 3
古代	gǔdài	noun — ancient times; antiquity; the ancient era	TOCFL 3
古典	gǔdiǎn	adjective — classical (古典音樂); noun — classical antiquity, the canon	TOCFL 4
古墓	gǔmù	noun — an ancient tomb; an old grave	TOCFL 6
古怪	gǔguài	adjective — odd, eccentric, peculiar; strange in a hard-to-place way	TOCFL 5
古物	gǔwù	noun — an antiquity, an ancient artefact, a relic	TOCFL 5
古籍	gǔjí	noun — an ancient book or classical text; old written records	TOCFL 5
古老	gǔlǎo	adjective — ancient, age-old, going far back	TOCFL 5
古蹟	gǔjī	noun — a historic site; a monument, a relic of the past	TOCFL 5
句子	jùzi	noun — a sentence	TOCFL 1
另外	lìngwài	adjective — other, another; adverb — besides, in addition	TOCFL 2
只不過	zhǐbùguò	adverb — only, merely, nothing more than	TOCFL 1
只好	zhǐhǎo	adverb — have no choice but to, can only	TOCFL 3
只得	zhǐdé	verb — to have no choice but to; can only (do)	TOCFL 5
只怕	zhǐpà	adverb — I'm afraid (that); probably; likely	TOCFL 1
只是	zhǐshì	adverb — merely, only; conjunction — it's just that	TOCFL 4
只有	zhǐyǒu	adverb — only; only if, only when	TOCFL 1
只能	zhǐnéng	verb phrase — can only; have no choice but to	TOCFL 1
只要	zhǐyào	conjunction — so long as, provided that; verb phrase — to only need	TOCFL 2
只見	zhǐjiàn	verb phrase — all one could see was; and then appeared	TOCFL 5
叫做	jiàozuò	verb — to be called, to be named (X is called Y)	TOCFL 3
叫喊	jiàohǎn	verb — to shout; to yell; to cry out loudly	TOCFL 4
叫好	jiàohǎo	verb — to shout approval, to cheer, to applaud aloud	TOCFL 5
召開	zhàokāi	verb — to convene; to call (a meeting) into session	TOCFL 4
召集	zhàojí	verb — to call together, to convene (a meeting, people)	TOCFL 5
可不是	kěbúshì	expression — exactly so; isn't that the truth; you bet (emphatic agreement)	TOCFL 4
可以	kěyǐ	modal — can, may; to be permissible	TOCFL 1
可喜	kěxǐ	adjective — gratifying; heartening; cause for joy	TOCFL 4
可怕	kěpà	adjective — frightening; terrifying; dreadful	TOCFL 3
可惜	kěxī	adjective — a pity; regrettable	TOCFL 3
可惡	kěwù	adjective/interjection — hateful, detestable, damnable; "How infuriating!"	TOCFL 3
可愛	kě'ài	adjective — cute, lovable, endearing	TOCFL 1
可憐	kělián	adjective — pitiful, pitiable; verb — to pity	TOCFL 4
可是	kěshì	conjunction — but, however, yet	TOCFL 1
可望	kěwàng	verb — to be expected to, to stand a good chance of (可望成功 — likely to succeed)	TOCFL 5
可樂	kělè	noun — cola, the fizzy soft drink	TOCFL 2
可用	kěyòng	adjective — usable, available, can be used	TOCFL 4
可笑	kěxiào	adjective — laughable; ridiculous; absurd	TOCFL 4
可能	kěnéng	adjective/adverb — possible; may, might; noun — possibility	TOCFL 2
可行	kěxíng	adjective — feasible, workable, practicable	TOCFL 5
可見	kějiàn	verb/conj — can be seen; thus it is clear that	TOCFL 5
可觀	kěguān	adjective — considerable, substantial, impressive (of an amount or sight worth noting)	TOCFL 5
可靠	kěkào	adjective — reliable, dependable, trustworthy	TOCFL 3
台灣	Táiwān	proper noun — Taiwan, the island and the state governing it, off the southeast coast of mainland China	named-entity
台階	táijiē	noun — a step, a flight of stairs; figuratively a way to save face (給個台階下 — give someone an out)	TOCFL 5
史料	shǐliào	noun — historical materials, source records used to study the past	TOCFL 5
右手	yòushǒu	noun — the right hand	TOCFL 1
司令	sīlìng	noun — a commander, a commanding officer	TOCFL 7
司機	sījī	noun — a driver (of a car, bus, train)	TOCFL 1
司法	sīfǎ	noun — the judiciary; the administration of justice	TOCFL 6
吃力	chīlì	adjective — strenuous, taxing; to be a strain (爬得很吃力 — a hard climb)	TOCFL 5
吃喝玩樂	chīhēwánlè	idiom (set phrase) — to eat, drink, and be merry; a life of pleasure and indulgence	TOCFL 3
吃苦	chīkǔ	verb — to bear hardship, to endure suffering (吃苦耐勞 — to take pain and toil)	TOCFL 5
吃虧	chīkuī	verb — to lose out; to come off worse; to suffer a loss or disadvantage	TOCFL 4
吃飯	chīfàn	verb — to eat; to have a meal	TOCFL 1
吃驚	chījīng	verb — to be startled, to be taken aback, to be shocked	TOCFL 5
各位	gèwèi	pronoun — everyone (polite address to a group), ladies and gentlemen	TOCFL 2
各個	gègè	determiner — each one, every single one	TOCFL 2
各國	gèguó	noun — the various countries; each nation	TOCFL 2
各地	gèdì	noun — various places; all parts (of a country or region); everywhere	TOCFL 3
各式各樣	gèshìgèyàng	idiom (set phrase) — all kinds of, every sort of, of every description	TOCFL 3
各界	gèjiè	noun — all circles, every sector of society; people from all walks of life	TOCFL 5
各省	gèshěng	noun — each province; the various provinces	TOCFL 4
各自	gèzì	pronoun/adverb — each one's own; respectively	TOCFL 4
各行各業	gèhánggèyè	phrase — all walks of life; every trade and profession	TOCFL 4
各部	gèbù	noun — the various departments; each ministry	TOCFL 2
各項	gèxiàng	determiner — each item; the various (items, tasks)	TOCFL 5
各類	gèlèi	noun/adj — every kind; all sorts of	TOCFL 3
合不來	hébulái	phrase — to not get along; to be incompatible (with someone)	TOCFL 4
合乎	héhū	verb — to conform to; to accord with; to be in keeping with	TOCFL 4
合作	hézuò	verb/noun — to cooperate; cooperation; to work together	TOCFL 3
合併	hébìng	verb — to merge; to combine (companies, units) into one	TOCFL 6
合同	hétóng	noun — a contract; an agreement	TOCFL 6
合唱	héchàng	verb — to sing together, sing in chorus; noun — a chorus, choral performance	TOCFL 3
合得來	hédelái	phrase — to get along well; to be compatible (with someone)	TOCFL 4
合意	héyì	adjective — to one's liking, agreeable, satisfactory	TOCFL 5
合成	héchéng	verb — to compound, synthesize, combine into a whole	TOCFL 5
合格	hégé	verb/adjective — to qualify; up to standard; meeting the requirement	TOCFL 4
合法	héfǎ	adjective — legal; lawful; legitimate	TOCFL 5
合理	hélǐ	adjective — reasonable; rational; makes sense	TOCFL 4
合算	hésuàn	adjective/verb — worthwhile; a good deal; to be worth it (cost vs. gain)	TOCFL 4
合約	héyuē	noun — a contract; an agreement	TOCFL 4
合適	héshì	adjective — suitable; fitting; appropriate	TOCFL 3
吉他	jítā	noun — a guitar	TOCFL 2
吉利	jílì	adjective — lucky, auspicious; bringing good fortune	TOCFL 5
吉祥	jíxiáng	adjective — auspicious, propitious; a good omen	TOCFL 5
吊橋	diàoqiáo	noun — a suspension bridge; a drawbridge	TOCFL 5
同一	tóngyī	adjective — the same, one and the same	TOCFL 1
同事	tóngshì	noun — colleague, coworker	TOCFL 3
同伴	tóngbàn	noun — a companion, a fellow, a partner (one you go along with)	TOCFL 5
同化	tónghuà	verb — to assimilate; to make (or become) the same as the surrounding group	TOCFL 5
同學	tóngxué	noun — classmate; schoolmate; fellow student	TOCFL 1
同年	tóngnián	noun — the same year	TOCFL 5
同心	tóngxīn	verb — to be of one mind, to share one purpose (同心協力 — to pull together); concentric (同心圓)	TOCFL 5
同志	tóngzhì	noun — comrade; person with the same aspiration; (Taiwan colloquial) gay person	TOCFL 4
同性戀	tóngxìngliàn	noun — homosexuality; a homosexual person	TOCFL 5
同情	tóngqíng	verb — to sympathize with, feel for; noun — sympathy, compassion	TOCFL 3
同意	tóngyì	verb — to agree; to consent	TOCFL 3
同時	tóngshí	conjunction/adverb — at the same time; simultaneously	TOCFL 2
同業	tóngyè	noun — the same trade or industry; a peer in one's line of work	TOCFL 5
同樣	tóngyàng	adjective/adverb — the same; likewise; equally; in the same way	TOCFL 3
同比	tóngbǐ	adjective/adv — year-on-year (compared with the same period last year)	TOCFL 7
同胞	tóngbāo	noun — fellow countryman; compatriot; (literally) born of the same parents	TOCFL 4
同鄉	tóngxiāng	noun — someone from the same hometown or home region	TOCFL 5
名下	míngxià	noun — under someone's name; in someone's account or ownership	TOCFL 5
名勝	míngshèng	noun — a scenic spot, a famous place worth visiting	TOCFL 5
名叫	míngjiào	verb — to be named, to be called (by the name of)	TOCFL 4
名單	míngdān	noun — a name list, a roster	TOCFL 5
名城	míngchéng	noun — a famous city	TOCFL 3
名堂	míngtáng	noun — a result to show for something; a trick, a gimmick, a knack; a variety of things going on	TOCFL 5
名字	míngzì	noun — name, given name	TOCFL 1
名氣	míngqì	noun — fame, reputation, renown	TOCFL 5
名為	míngwéi	verb — to be named, to go by the name of	TOCFL 6
名片	míngpiàn	noun — a business card; a name card	TOCFL 4
名牌	míngpái	noun — a famous brand; a brand-name product	TOCFL 4
名稱	míngchēng	noun — name, designation (of a thing)	TOCFL 4
名聲	míngshēng	noun — reputation, the name one is known by (good or bad)	TOCFL 5
名號	mínghào	noun — a name and title; the name one goes by, a designation	TOCFL 5
名詞	míngcí	noun — a noun (the part of speech); a term, a name for something	TOCFL 3
名額	míng'é	noun — a fixed number of places, a quota of openings	TOCFL 5
吏部	lìbù	proper noun — the Ministry of Personnel in imperial China, in charge of appointing and evaluating officials	named-entity
向來	xiànglái	adverb — always; all along; consistently up to now	TOCFL 4
向前	xiàngqián	verb phrase — to move forward; toward the front	TOCFL 2
君主	jūnzhǔ	noun — monarch; sovereign ruler	TOCFL 6
吞吞吐吐	tūntūntǔtǔ	idiom — to speak haltingly, to hem and haw, to hold something back	TOCFL 5
否則	fǒuzé	conjunction — otherwise, or else	TOCFL 4
否定	fǒudìng	verb — to negate; to deny; to repudiate	TOCFL 4
否決	fǒujué	verb — to veto, to reject, to vote down (a proposal, a motion)	TOCFL 5
否認	fǒurèn	verb — to deny; to disavow; to refuse to acknowledge	TOCFL 4
吩咐	fēnfù	verb — to tell someone to do something; to instruct	TOCFL 5
含有	hányǒu	verb — to contain; to have within it	TOCFL 5
含量	hánliàng	noun — content, the amount of a substance contained in something	TOCFL 5
吭聲	kēngshēng	verb — to utter a sound, to speak up (almost always in the negative: not to make a peep)	TOCFL 5
吳三桂	wúsānguì	proper noun — Wu Sangui, a Ming general who opened the pass to the Manchus	named-entity
吵嘴	chǎozuǐ	verb — to quarrel, to bicker, to have a spat	TOCFL 5
吵架	chǎojià	verb — to quarrel, have an argument	TOCFL 3
吵鬧	chǎonào	verb/adjective — to make a racket; to squabble noisily; rowdy, clamorous	TOCFL 4
吸取	xīqǔ	verb — to absorb, draw in, take in (nutrients, lessons, experience, energy)	TOCFL 4
吸引	xīyǐn	verb — to attract, draw toward	TOCFL 4
吸收	xīshōu	verb — to absorb, to take in (nutrients, knowledge, members)	TOCFL 4
吸毒	xīdú	verb — to take drugs, use narcotics	TOCFL 3
吸菸	xīyān	verb — to smoke (tobacco)	TOCFL 4
吸食	xīshí	verb — to take in by inhaling or sucking (esp. drugs)	TOCFL 4
吹牛	chuīniú	verb — to brag, to talk big, to boast	TOCFL 5
呈獻	chéngxiàn	verb — to present, to offer up (respectfully, to someone honored)	TOCFL 5
呈現	chéngxiàn	verb — to present, show, display, appear (a state, pattern, image)	TOCFL 4
告別	gàobié	verb — to bid farewell, to take leave of, to say goodbye	TOCFL 5
告狀	gàozhuàng	verb — to file a lawsuit; to tattle, to complain to someone in authority	TOCFL 5
告訴	gàosù	verb — to tell; to inform	TOCFL 2
告辭	gàocí	verb — to take one's leave, say goodbye (before departing)	TOCFL 4
周到	zhōudào	adjective — thoughtful, considerate, attentive to every detail	TOCFL 4
周圍	zhōuwéi	noun — the surroundings; all around	TOCFL 4
周密	zhōumì	adjective — thorough and careful, tight, well thought out (a plan, arrangement)	TOCFL 5
周恩來	Zhōu Ēnlái	name — Zhou Enlai (1898–1976), the first Premier of the People's Republic of China	TOCFL 6
周末	zhōumò	noun — the weekend	TOCFL 1
周詳	zhōuxiáng	adjective — thorough and detailed, comprehensive (consideration, a plan)	TOCFL 5
周轉	zhōuzhuǎn	verb — to turn over funds, to keep money circulating; noun — cash flow	TOCFL 5
周遊	zhōuyóu	verb — to travel all around, to journey throughout (places, the world)	TOCFL 5
周邊	zhōubiān	noun — the surrounding area, the periphery; peripheral, surrounding (region, products)	TOCFL 5
味兒	wèir	noun — a smell, a taste, a flavour (colloquial)	TOCFL 2
味精	wèijīng	noun — monosodium glutamate (MSG), a flavour-enhancing seasoning	TOCFL 4
味道	wèidào	noun — taste; flavor; smell	TOCFL 2
呼吸	hūxī	verb — to breathe; noun — breathing, respiration	TOCFL 4
呼籲	hūyù	verb — to call on, to appeal (publicly); noun — appeal, call	TOCFL 6
命中	mìngzhòng	verb — to hit the target, to strike the mark	TOCFL 5
命令	mìnglìng	noun/verb — command; order; to command; to order	TOCFL 4
命名	mìngmíng	verb — to name; to give a name to	TOCFL 5
命運	mìngyùn	noun — fate, destiny	TOCFL 4
和好	héhǎo	verb — to make up, become reconciled (after a quarrel)	TOCFL 4
和尚	héshàng	noun — a Buddhist monk	TOCFL 6
和平	hépíng	noun/adjective — peace; peaceful; absence of war or conflict	TOCFL 4
和氣	héqì	adjective — gentle, amiable, good-natured; noun — harmony, goodwill	TOCFL 4
和睦	hémù	adjective — harmonious, on good terms, getting along well (family, neighbors)	TOCFL 5
和解	héjiě	verb — to reconcile, to settle a dispute, to make peace	TOCFL 5
和諧	héxié	adjective — harmonious, in accord, well-matched (relations, sound, society)	TOCFL 5
咖啡	kāfēi	noun — coffee	TOCFL 1
咱們	zánmen	pronoun — we, us (inclusive — speaker plus the person spoken to)	TOCFL 4
咳嗽	késòu	verb/noun — to cough; a cough	TOCFL 4
品味	pǐnwèi	noun — taste, discernment (in aesthetics, style); verb — to savor, to appreciate carefully	TOCFL 5
品德	pǐndé	noun — moral character, virtue	TOCFL 6
品牌	pǐnpái	noun — brand	TOCFL 4
品種	pǐnzhǒng	noun — variety, breed, kind	TOCFL 5
品質	pǐnzhí	noun — quality (of a product, work, or a person's character)	TOCFL 3
哈哈	hāhā	interjection — ha-ha, the sound of laughing out loud	TOCFL 4
哎呀	āiyā	interjection — oh!, ah!, oops! (surprise, dismay, or mild complaint)	TOCFL 4
哎喲	āiyō	interjection — ouch!, oh!, ow! (surprise, pain, or astonishment)	TOCFL 4
員工	yuángōng	noun — staff; employee	TOCFL 4
哥哥	gēge	noun — older brother	TOCFL 1
哪些	nǎxiē	pronoun — which ones; which (of several)	TOCFL 2
哪個	nǎge	pron — which one	TOCFL 1
哪兒	nǎr	pronoun — where; which place	TOCFL 1
哪怕	nǎpà	conjunction — even if, even though, no matter (introduces an extreme supposition)	TOCFL 4
哪裏	nǎlǐ	pronoun — where; (in reply to thanks) "not at all, you're too kind"	TOCFL 1
哪裡	nǎlǐ	pronoun — where; where? (also: not at all — polite self-deprecation)	TOCFL 1
哲學	zhéxué	noun — philosophy	TOCFL 4
哺乳動物	bǔrǔ dòngwù	noun — a mammal	TOCFL 5
唐代	tángdài	proper noun — the Tang dynasty (618–907), a golden age of Chinese poetry and power	named-entity
售貨員	shòuhuòyuán	noun — a shop assistant, salesclerk	TOCFL 5
唯一	wéiyī	adjective — the only; the sole	TOCFL 5
唱歌	chànggē	verb — to sing (a song)	TOCFL 1
唱腔	chàngqiāng	noun — the singing style of an opera or its singer; the melodic vocal line	TOCFL 5
唸書	niànshū	verb — to study; to read aloud; to attend school	TOCFL 2
商人	shāngrén	noun — a merchant; a trader; a businessperson	TOCFL 3
商品	shāngpǐn	noun — commodity; goods; merchandise	TOCFL 3
商城	shāngchéng	noun — a shopping mall; a commercial marketplace (often in shop names)	TOCFL 4
商場	shāngchǎng	noun — shopping mall, marketplace; the business world, commercial arena	TOCFL 4
商店	shāngdiàn	noun — a shop, a store	TOCFL 1
商業	shāngyè	noun/adjective — commerce; business; commercial	TOCFL 4
商榷	shāngquè	verb — to discuss and weigh (a point) carefully, deliberate over	TOCFL 5
商標	shāngbiāo	noun — trademark, brand mark, logo	TOCFL 4
商討	shāngtǎo	verb — to discuss and deliberate together, talk a matter over	TOCFL 5
商量	shāngliang	verb — to talk over, to discuss and decide together	TOCFL 4
問世	wènshì	verb — (of a book, product, work) to be published, come out, appear before the public	TOCFL 5
問候	wènhòu	verb — to send regards, ask after someone's wellbeing; noun — greetings, regards	TOCFL 3
問好	wènhǎo	verb — to say hello, send one's regards to someone	TOCFL 3
問題	wèntí	noun — question; problem, issue	TOCFL 2
啟事	qǐshì	noun — a public notice, announcement (posted to tell people something)	TOCFL 5
啟發	qǐfā	verb — to enlighten, inspire, draw out (someone's thinking); noun — inspiration	TOCFL 5
啟示	qǐshì	noun — an insight, revelation, lesson drawn from something — verb — to reveal, enlighten	TOCFL 5
啤酒	píjiǔ	noun — beer	TOCFL 1
善於	shànyú	verb — to be good at, be adept at (doing something)	TOCFL 4
喇叭	lǎbā	noun — horn, trumpet; loudspeaker, car horn	TOCFL 4
喉嚨	hóulóng	noun — throat, gullet	TOCFL 4
喜劇	xǐjù	noun — comedy (a funny play, film, or genre)	TOCFL 4
喜悅	xǐyuè	noun — joy, gladness — adjective — joyful, delighted	TOCFL 5
喜愛	xǐ'ài	verb — to like, be fond of, take delight in	TOCFL 3
喜歡	xǐhuān	verb — to like; to be fond of	TOCFL 2
喜氣	xǐqì	noun — a festive, joyful air; an atmosphere of celebration	TOCFL 5
喜酒	xǐjiǔ	noun — wedding banquet (the celebratory feast and its wine)	TOCFL 4
喝道	hèdào	verb — to shout to clear the way (for an official's procession)	TOCFL 4
喪事	sāngshì	noun — funeral arrangements, the affairs surrounding a death	TOCFL 5
喪失	sàngshī	verb — to lose, forfeit (a faculty, right, hope, or ability)	TOCFL 4
喪生	sàngshēng	verb — to lose one's life, be killed (in an accident or disaster)	TOCFL 5
單位	dānwèi	noun — unit (of measurement); work unit; organization; institution	TOCFL 3
單價	dānjià	noun — the unit price (the price of one item)	TOCFL 5
單據	dānjù	noun — a receipt or voucher; a slip kept as proof of a transaction	TOCFL 5
單獨	dāndú	adv/adj — alone; on one's own; by oneself	TOCFL 5
單純	dānchún	adjective — simple, uncomplicated; (of a person) innocent, naive; adverb — merely, purely	TOCFL 3
單行道	dānxíngdào	noun — a one-way street	TOCFL 5
單親	dānqīn	adjective — single-parent (raised by one parent)	TOCFL 5
單調	dāndiào	adjective — monotonous, dull, lacking variety	TOCFL 4
單身	dānshēn	noun / adjective — single, unmarried; being on one's own	TOCFL 3
嗓子	sǎngzi	noun — the throat; the voice (especially the singing voice)	TOCFL 5
嗜好	shìhào	noun — a hobby, a habitual liking (often for something indulgent)	TOCFL 5
嘀咕	dígu	verb — to mutter under one's breath; to fret or wonder uneasily to oneself	TOCFL 5
嘉靖	Jiājìng	proper noun — Jiajing, reign-name of the 12th Ming emperor (era 1522–1567); the words mean "admirable peace"	TOCFL 7
嘗試	chángshì	verb — to try, attempt, give something a go; noun — an attempt	TOCFL 3
嘮叨	láodāo	verb — to nag, harp on, chatter on repetitively	TOCFL 4
嘴唇	zuǐchún	noun — the lips	TOCFL 4
嘴巴	zuǐba	noun — the mouth	TOCFL 1
嘴脣	zuǐchún	noun — lips	TOCFL 5
嘴裡	zuǐlǐ	noun phrase — in the mouth; inside one's mouth	TOCFL 1
器官	qìguān	noun — an organ (of the body)	TOCFL 5
器材	qìcái	noun — equipment, gear, apparatus (and the materials for it)	TOCFL 4
噪音	zàoyīn	noun — noise, an unpleasant or unwanted sound	TOCFL 3
噴漆	pēnqī	noun — spray paint, lacquer finish; verb — to spray-paint	TOCFL 5
嚇一跳	xià yí tiào	phrase — to be startled, give a start, jump with fright	TOCFL 3
嚐試	chángshì	verb — to try, attempt, give something a go; noun — an attempt	TOCFL 3
嚮導	xiàngdǎo	noun — a guide (who leads the way); verb — to guide, lead the way	TOCFL 5
嚮往	xiàngwǎng	verb — to yearn for, long for (a place, a life, an ideal)	TOCFL 5
嚴厲	yánlì	adjective — stern, severe, harsh (of discipline, criticism, punishment)	TOCFL 6
嚴密	yánmì	adjective — tight, airtight, leaving no gap (of security, reasoning, a plan)	TOCFL 5
嚴峻	yánjùn	adjective — grim, severe (a situation, test, or challenge)	TOCFL 6
嚴格	yángé	adjective — strict, rigorous	TOCFL 4
嚴禁	yánjìn	verb — to strictly forbid, prohibit absolutely	TOCFL 5
嚴肅	yánsù	adjective — solemn, serious, stern (a manner, atmosphere, or topic)	TOCFL 4
嚴重	yánzhòng	adjective — serious; severe; grave	TOCFL 4
囉唆	luōsuo	adjective — long-winded, wordy; (of a task) fiddly and troublesome — verb — to nag, go on and on	TOCFL 5
囉嗦	luōsuo	adjective — long-winded, wordy; (of a task) fiddly and troublesome — verb — to nag, go on and on	TOCFL 5
囊括	nángkuò	verb — to sweep up the lot, take in everything (all the prizes, the whole market)	TOCFL 5
囑咐	zhǔfù	verb — to enjoin, urge, tell someone earnestly to (do or remember something)	TOCFL 5
四周	sìzhōu	noun — the surroundings, all around, on every side	TOCFL 4
四季	sìjì	noun — the four seasons (spring, summer, autumn, winter)	TOCFL 4
四川	Sìchuān	proper noun — Sichuan, a large province in southwest China, famed for its spicy cuisine and the Chengdu basin	TOCFL 4
四年	sìnián	noun — four years	TOCFL 1
四方	sìfāng	noun — the four directions, all around, everywhere; adjective — square	TOCFL 4
四處	sìchù	adverb/noun — everywhere, all around, in all directions	TOCFL 4
回信	huíxìn	verb — to write back, to reply; noun — a reply letter	TOCFL 2
回到	huídào	verb — to return to, to get back to	TOCFL 2
回升	huíshēng	verb — to rise again, to rebound (of a figure that had fallen)	TOCFL 5
回去	huíqù	verb — to go back, return (away from speaker)	TOCFL 2
回合	huíhé	noun — a round, a bout (of fighting, a game, or negotiation)	TOCFL 5
回國	huíguó	verb — to return to one's home country	TOCFL 2
回家	huíjiā	verb — to go home; to return home	TOCFL 2
回想	huíxiǎng	verb — to recall, think back on, look back over	TOCFL 3
回憶	huíyì	verb — to recall, look back on; noun — a memory, recollection	TOCFL 4
回收	huíshōu	verb — to recycle, reclaim, take back (waste, materials, capital)	TOCFL 4
回教	huíjiào	noun — Islam (the Muslim religion)	TOCFL 4
回族	huízú	proper noun — the Hui, a Muslim ethnic group of China	named-entity
回答	huídá	verb — to answer; to reply; noun — an answer; a reply	TOCFL 3
回絕	huíjué	verb — to refuse, to turn down flatly	TOCFL 5
回電	huídiàn	verb — to call back, return a phone call; noun — a return call or reply telegram	TOCFL 4
回響	huíxiǎng	noun — repercussions; an echo, a public response	TOCFL 5
回頭	huítóu	verb — to turn one's head; adverb — later; in a while	TOCFL 4
因果	yīnguǒ	noun — cause and effect; (Buddhism) karma, the chain of consequence	TOCFL 5
因此	yīncǐ	conjunction — therefore; thus; consequently	TOCFL 2
因為	yīnwèi	conjunction — because, since	TOCFL 1
因素	yīnsù	noun — factor; element; component (in a cause or situation)	TOCFL 4
因而	yīn'ér	conjunction — thus, therefore; as a result	TOCFL 5
困境	kùnjìng	noun — a predicament, a difficult situation with no easy way out	TOCFL 5
困擾	kùnrǎo	verb — to trouble, to perplex; noun — a nagging worry	TOCFL 5
困難	kùnnán	noun/adjective — difficulty; hardship; difficult; hard	TOCFL 3
固執	gùzhí	adjective — stubborn, obstinate; verb — to cling rigidly to one's view	TOCFL 5
固定	gùdìng	verb — to fix in place; adj — fixed, set, regular	TOCFL 4
固有	gùyǒu	adjective — inherent, intrinsic, belonging to a thing from the start	TOCFL 5
固然	gùrán	conjunction — admittedly, it is true that … (granting a point before a turn)	TOCFL 5
固體	gùtǐ	noun — a solid (state of matter)	TOCFL 5
圈子	quānzi	noun — a circle, a loop; a social circle, the set of people one moves among	TOCFL 5
國中	guózhōng	noun — junior high school (Taiwan, grades 7–9); short for 國民中學	TOCFL 4
國內	guónèi	noun — within the country, domestic	TOCFL 3
國內外	guónèiwài	noun/adj — domestic and foreign; both inside and outside the country	TOCFL 3
國務院	guówùyuàn	proper noun — the State Council, the chief administrative organ of the People's Republic of China	TOCFL 6
國君	guójūn	noun — the ruler of a state, a sovereign, a monarch	TOCFL 5
國土	guótǔ	noun — national territory, the land of a country	TOCFL 6
國境	guójìng	noun — a national border, the boundary of a country	TOCFL 5
國外	guówài	noun — abroad; overseas; outside the country	TOCFL 4
國家	guójiā	noun — country, nation, state	TOCFL 1
國家級	guójiājí	adjective — national-level; at the level of the state	TOCFL 4
國小	guóxiǎo	noun — elementary school (Taiwan), clipped from 國民小學	TOCFL 2
國旗	guóqí	noun — national flag	TOCFL 4
國會	guóhuì	noun — parliament, congress, national legislature	TOCFL 4
國有	guóyǒu	adjective — state-owned, owned by the nation	TOCFL 1
國民	guómín	noun — a citizen; a national; the people of a country	TOCFL 5
國民黨	Guómíndǎng	proper noun — the Kuomintang (KMT), the Chinese Nationalist Party	TOCFL 6
國營	guóyíng	adjective — state-run, state-operated	TOCFL 5
國王	guówáng	noun — a king	TOCFL 5
國產	guóchǎn	adjective — domestically produced, home-grown, made in one's own country	TOCFL 5
國立	guólì	adjective — national, state-established (run by the central government)	TOCFL 4
國籍	guójí	noun — nationality, citizenship	TOCFL 4
國語	guóyǔ	noun — the national language; Mandarin (as called in Taiwan); a country's official spoken language	TOCFL 3
國防	guófáng	noun — national defense	TOCFL 6
國防部	guófángbù	proper noun — the Ministry of National Defense	TOCFL 6
國際	guójì	noun/adjective — international	TOCFL 3
圍巾	wéijīn	noun — a scarf, a muffler	TOCFL 5
圍牆	wéiqiáng	noun — an enclosing wall, a boundary wall around a property	TOCFL 5
圍繞	wéirào	verb — to surround; to revolve around; to centre on	TOCFL 5
園林	yuánlín	noun — gardens; a landscaped garden, parkland	TOCFL 6
圓形	yuánxíng	noun/adjective — circular shape, round form; round, circular	TOCFL 4
圓滿	yuánmǎn	adjective — satisfactory, complete, perfectly rounded-off (an outcome, ending, marriage)	TOCFL 4
圖冊	túcè	noun — a book of pictures or maps; an album, an atlas	TOCFL 5
圖書	túshū	noun — books, library holdings (books and printed materials collectively)	TOCFL 4
圖書館	túshūguǎn	noun — a library	TOCFL 1
圖案	túàn	noun — design, pattern (a worked-out picture or motif)	TOCFL 5
圖片	túpiàn	noun — picture; image; photo; illustration	TOCFL 3
圖畫	túhuà	noun — a picture, a drawing, a painting; pictorial art	TOCFL 4
圖章	túzhāng	noun — a seal, a stamp (the carved chop pressed in ink to mark or sign)	TOCFL 4
圖表	túbiǎo	noun — a chart, a diagram, a graph (a table laid out visually)	TOCFL 5
圖騰	túténg	noun — a totem; an emblem a clan takes as its sacred symbol and ancestor	TOCFL 5
團員	tuányuán	noun — a member of a group, troupe, or delegation	TOCFL 5
團圓	tuányuán	verb — (of family) to reunite, gather together; adjective — reunited, whole again	TOCFL 3
團結	tuánjié	verb — to unite; to band together; adjective — united	TOCFL 5
團聚	tuánjù	verb — to reunite, to gather together (esp. family after time apart)	TOCFL 5
團體	tuántǐ	noun — group, organization, team	TOCFL 4
土司	tǔsī	noun — a hereditary local chieftain in old China's frontier regions; also (loanword) sliced toast bread	TOCFL 4
土地	tǔdì	noun — land; earth; ground; territory	TOCFL 3
土壤	tǔrǎng	noun — soil; earth (for growing)	TOCFL 6
在世	zàishì	verb — to be alive, to be living (in this world)	TOCFL 5
在乎	zàihu	verb — to care about, to mind, to take to heart (usually negated: 不在乎 = not to care)	TOCFL 4
在內	zàinèi	phrase — included; counted in; within (used after a noun: "X 在內" = including X)	TOCFL 3
在場	zàichǎng	verb — to be present, to be on the scene (when something happens)	TOCFL 5
在座	zàizuò	verb — to be present (seated, as at a gathering); those present	TOCFL 5
在意	zàiyì	verb — to mind, care about, take to heart (usually in the negative — 不在意)	TOCFL 3
在於	zàiyú	verb — to lie in, to rest on, to consist in (the key point)	TOCFL 6
地上	dìshàng	noun — on the ground, on the floor	TOCFL 1
地下	dìxià	noun — underground; adjective — below the surface	TOCFL 1
地下水	dìxiàshuǐ	noun — groundwater (water held underground)	TOCFL 5
地中海	Dìzhōnghǎi	proper noun — the Mediterranean, the sea enclosed by Europe, Africa, and Asia	named-entity
地主	dìzhǔ	noun — a landlord, a landowner; (also) a local host	TOCFL 5
地位	dìwèi	noun — status; position; standing; rank	TOCFL 4
地勢	dìshì	noun — the lay of the land; terrain; physical relief	TOCFL 6
地區	dìqū	noun — area, region, district	TOCFL 3
地圖	dìtú	noun — a map	TOCFL 2
地址	dìzhǐ	noun — an address	TOCFL 2
地域	dìyù	noun — a region, a district, a geographical area	TOCFL 5
地帶	dìdài	noun — zone; belt; region (a stretch of land with a shared trait)	TOCFL 5
地形	dìxíng	noun — terrain, the lie of the land, topography	TOCFL 3
地攤	dìtān	noun — a street stall, goods laid out on the ground for sale	TOCFL 3
地方	dìfāng	noun — place, location; local area	TOCFL 1
地方性	dìfāngxìng	adjective — local; regional; particular to one place	TOCFL 3
地板	dìbǎn	noun — floor, flooring	TOCFL 3
地步	dìbù	noun — an extent, a point, a state (usually a bad one reached)	TOCFL 5
地毯	dìtǎn	noun — a carpet, a rug	TOCFL 4
地獄	dìyù	noun — hell; the underworld of punishment	TOCFL 5
地球	dìqiú	noun — the Earth (the planet)	TOCFL 4
地理	dìlǐ	noun — geography; the physical and human features of a place	TOCFL 4
地租	dìzū	noun — land rent, ground rent (paid to a landlord for use of land)	TOCFL 7
地處	dìchǔ	verb — to be located at, to be situated in (of a place)	TOCFL 6
地表	dìbiǎo	noun — the earth's surface; the surface of the ground	TOCFL 5
地質	dìzhì	noun — geology; the makeup of the earth's crust	TOCFL 5
地鐵	dìtiě	noun — the subway, the underground railway	TOCFL 2
地震	dìzhèn	noun — an earthquake	TOCFL 4
地面	dìmiàn	noun — the ground, the floor surface	TOCFL 4
地點	dìdiǎn	noun — a location; a place; a spot	TOCFL 3
均勻	jūnyún	adjective — even, uniform; evenly distributed	TOCFL 5
均衡	jūnhéng	adjective — balanced, in equilibrium; noun — balance	TOCFL 5
坐下	zuòxià	verb — to sit down	TOCFL 1
坐牢	zuòláo	verb — to be in prison; to serve time	TOCFL 5
坐鎮	zuòzhèn	verb — to oversee in person; to be in command on the spot	TOCFL 5
坦克	tǎnkè	noun — a tank (armoured vehicle)	TOCFL ?
坦然	tǎnrán	adjective — calm and untroubled; at ease, with a clear conscience	TOCFL 5
垂直	chuízhí	adjective — vertical; perpendicular	TOCFL 5
垃圾	lèsè	noun — rubbish, garbage, trash	TOCFL 2
型別	xíngbié	noun — type; kind; category	TOCFL 1
型態	xíngtài	noun — form, type, configuration; the shape something takes	TOCFL 5
埃及	Āijí	proper noun — Egypt, the country in northeast Africa	named-entity
埋伏	máifú	verb — to lie in ambush; noun — an ambush	TOCFL 5
城中	chéngzhōng	noun/locative — in the city, inside the town	TOCFL 3
城內	chéngnèi	noun/adv — inside the city; within the city walls	TOCFL 3
城市	chéngshì	noun — city; town	TOCFL 2
城樓	chénglóu	noun — a tower built over a city gate	TOCFL 3
城牆	chéngqiáng	noun — a city wall	TOCFL 6
城裡	chénglǐ	noun — inside the city, in town (as opposed to the countryside)	TOCFL 3
城邦	chéngbāng	noun — city-state	TOCFL 6
城鄉	chéngxiāng	noun — town and country; urban and rural together	TOCFL 5
城鎮	chéngzhèn	noun — towns; towns and cities	TOCFL 5
城門	chéngmén	noun — a city gate; the gate in a city wall	TOCFL 3
執政	zhízhèng	verb — to hold power; to be in government	TOCFL 6
執照	zhízhào	noun — a licence; a permit (to drive, practise, operate)	TOCFL 5
執著	zhízhuó	adjective — persistent, single-minded; unable to let go; noun — attachment	TOCFL 5
執行	zhíxíng	verb — to execute; to carry out; to implement (an order, plan, or sentence)	TOCFL 5
培育	péiyù	verb — to cultivate, nurture, raise (plants, talent, the young)	TOCFL 5
培訓	péixùn	verb — to train; noun — training	TOCFL 6
培養	péiyǎng	verb — to cultivate; to foster; to grow (cells, talent, habits)	TOCFL 5
基因	jīyīn	noun — gene	TOCFL 5
基地	jīdì	noun — base; installation; headquarters; home base	TOCFL 5
基層	jīcéng	noun — the grassroots; the base level of an organization	TOCFL 6
基本	jīběn	adjective/adverb — basic; fundamental; essentially; for the most part	TOCFL 2
基本上	jīběnshàng	adverb — basically, by and large	TOCFL 1
基督	Jīdū	proper noun — Christ; Jesus as the Messiah of Christianity	named-entity
基督教	jīdūjiào	proper noun — Christianity	TOCFL 5
基礎	jīchǔ	noun — foundation; basis; groundwork	TOCFL 3
基金	jījīn	noun — a fund; an endowment	TOCFL 5
堂堂	tángtáng	adjective — dignified, imposing; grand and upright (often 堂堂正正)	TOCFL 5
堅信	jiānxìn	verb — to firmly believe; to be convinced of	TOCFL 5
堅固	jiāngù	adjective — sturdy, solid, firmly built; not easily broken	TOCFL 5
堅定	jiāndìng	adjective — firm, resolute, unshakable; verb — to firm up, strengthen (a resolve)	TOCFL 5
堅強	jiānqiáng	adjective — strong, staunch, resilient (of will or character)	TOCFL 3
堅忍	jiānrěn	adjective — steadfast and enduring; able to bear hardship without giving up	TOCFL 5
堅持	jiānchí	verb — to persist; to insist; to stand firm	TOCFL 4
堅決	jiānjué	adjective — resolute, firm; adv — resolutely	TOCFL 5
堅硬	jiānyìng	adjective — hard, rigid; firm to the touch	TOCFL 5
堆積	duījī	verb — to pile up, accumulate; to amass in a heap	TOCFL 5
報仇	bàochóu	verb — to take revenge, to avenge a wrong	TOCFL 4
報價	bàojià	verb — to quote a price; noun — a quotation, a quoted price	TOCFL 5
報刊	bàokān	noun — the press; newspapers and periodicals (collectively)	TOCFL 5
報到	bàodào	verb — to report (for duty), to check in, to register one's arrival	TOCFL 4
報名	bàomíng	verb — to sign up, enrol, register (for a class, event, exam)	TOCFL 3
報告	bàogào	noun — report; a formal account; verb — to report; to inform	TOCFL 3
報導	bàodǎo	verb/noun — to report (news); a news report, coverage	TOCFL 4
報復	bàofù	verb — to retaliate, take revenge; noun — retaliation	TOCFL 5
報應	bàoyìng	noun — retribution; the deserved consequence of one's deeds (karma)	TOCFL 5
報案	bào'àn	verb — to report a crime or incident (to the police)	TOCFL 5
報社	bàoshè	noun — a newspaper office, a press (the organization that publishes a paper)	TOCFL 4
報章	bàozhāng	noun — newspapers; the print press (often 報章雜誌)	TOCFL 5
報答	bàodá	verb — to repay (kindness), to requite, to return a favor	TOCFL 4
報紙	bàozhǐ	noun — newspaper	TOCFL 2
報表	bàobiǎo	noun — a report form; a statement or tabular report (financial, statistical)	TOCFL 5
報警	bàojǐng	verb — to call the police, to report (an emergency) to the authorities	TOCFL 4
報道	bàodào	verb — to report (news); noun — a news report	TOCFL 4
報酬	bàochóu	noun — payment, reward, remuneration for work done	TOCFL 5
報關	bàoguān	verb — to declare goods at customs; to clear customs	TOCFL 5
場合	chǎnghé	noun — occasion, setting, situation	TOCFL 5
場地	chǎngdì	noun — a venue, a site, grounds (a space set aside for an activity)	TOCFL 4
場所	chǎngsuǒ	noun — place, venue, premises	TOCFL 5
場次	chǎngcì	noun — a showing, a session (of a film, performance, or event); the run-number of a scheduled showing	TOCFL 5
場面	chǎngmiàn	noun — a scene, a spectacle; the look and scale of an occasion	TOCFL 5
堵塞	dǔsè	verb — to block up, to clog; noun — a blockage (of a pipe, road, passage)	TOCFL 5
塑膠	sùjiāo	noun — plastic (the material)	TOCFL 4
塞車	sāichē	verb/noun — to be in a traffic jam; a traffic jam, congestion	TOCFL 4
塵土	chéntǔ	noun — dust, dust and dirt	TOCFL 5
境內	jìngnèi	noun — within the borders; inside the territory	TOCFL 3
境地	jìngdì	noun — a plight, a situation one has come to; a state, a stage reached	TOCFL 5
增值	zēngzhí	verb — to rise in value, to appreciate; noun — added value, value gained	TOCFL 5
增加	zēngjiā	verb — to increase, add to, raise	TOCFL 3
增加值	zēngjiāzhí	noun — added value, value added (an economics term)	TOCFL 7
增強	zēngqiáng	verb — to strengthen, to enhance, to reinforce	TOCFL 4
增進	zēngjìn	verb — to enhance, to promote, to advance (health, understanding, relations)	TOCFL 5
增長	zēngzhǎng	verb/noun — to increase; to grow; growth	TOCFL 3
墨西哥	Mòxīgē	proper noun — Mexico, the country in southern North America	TOCFL 3
墮胎	duòtāi	verb — to abort a pregnancy, to have an abortion	TOCFL 5
墳墓	fénmù	noun — a grave, a tomb	TOCFL 5
壓制	yāzhì	verb — to suppress, to hold down, to keep under control	TOCFL 5
壓力	yālì	noun — pressure, stress	TOCFL 4
壓歲錢	yāsuìqián	noun — New Year's money, the red-envelope cash given to children at Lunar New Year	TOCFL 5
壓縮	yāsuō	verb — to compress, to squeeze down (a gas, a file, a budget, a schedule)	TOCFL 5
壓迫	yāpò	verb/noun — to oppress, to press down on; oppression	TOCFL 4
壞處	huàichù	noun — a drawback, a downside, a harmful aspect	TOCFL 2
壞蛋	huàidàn	noun — a bad egg, a scoundrel, a villain (insult for a bad person)	TOCFL 4
壟斷	lǒngduàn	verb — to monopolize, to corner (a market, a resource); noun — a monopoly	TOCFL 5
士兵	shìbīng	noun — soldier; the rank-and-file troops	TOCFL 5
壯觀	zhuàngguān	adjective — magnificent, spectacular, grand to behold	TOCFL 5
壯麗	zhuànglì	adjective — magnificent and beautiful, majestic (of scenery, a building, a vista)	TOCFL 5
壽命	shòumìng	noun — lifespan, life expectancy (how long a person, animal, or thing lasts)	TOCFL 4
壽星	shòuxīng	noun — the birthday person, the one whose birthday it is; the god of longevity	TOCFL 5
夏天	xiàtiān	noun — summer, the summer season	TOCFL 2
外交	wàijiāo	noun — diplomacy, foreign affairs	TOCFL 5
外公	wàigōng	noun — maternal grandfather, mother's father	TOCFL 2
外出	wàichū	verb — to go out, to leave (the house, one's hometown)	TOCFL 4
外力	wàilì	noun — an external force; outside intervention or pressure	TOCFL 5
外包	wàibāo	verb — to outsource	C2
外匯	wàihuì	noun — foreign exchange, foreign currency	TOCFL 4
外國	wàiguó	noun — foreign country; overseas	TOCFL 2
外在	wàizài	adjective — external, outward, lying outside oneself	TOCFL 5
外地	wàidì	noun — another place, out of town, a region other than where one is	TOCFL 4
外套	wàitào	noun — a coat, an outer jacket	TOCFL 1
外婆	wàipó	noun — maternal grandmother, mother's mother	TOCFL 2
外文	wàiwén	noun — a foreign language (esp. its written form), foreign text	TOCFL 3
外界	wàijiè	noun — the outside world, outsiders, external parties	TOCFL 4
外祖母	wàizǔmǔ	noun — maternal grandmother (one's mother's mother)	TOCFL 3
外祖父	wàizǔfù	noun — maternal grandfather (one's mother's father)	TOCFL 3
外科	wàikē	noun — surgery, the surgical department (medicine treating by operation)	TOCFL 4
外線	wàixiàn	noun — an outside line (phone); the outer lane or perimeter (basketball, tactics)	TOCFL 5
外號	wàihào	noun — a nickname, a byname (one others give you, not your real name)	TOCFL 5
外行	wàiháng	noun/adj — a layman, an amateur; not in one's line, inexpert	TOCFL 4
外表	wàibiǎo	noun — outward appearance, exterior, looks	TOCFL 4
外觀	wàiguān	noun — external appearance, the look of a thing's outside (often of objects, buildings)	TOCFL 4
外語	wàiyǔ	noun — a foreign language (esp. spoken)	TOCFL 3
外貿	wàimào	noun — foreign trade; commerce with other countries	TOCFL 5
外資	wàizī	noun — foreign capital; foreign investment	TOCFL 6
外遇	wàiyù	noun — an extramarital affair; verb — to have an affair outside one's marriage	TOCFL 5
外邊	wàibiān	noun — outside; the outer side, out of doors	TOCFL 3
外部	wàibù	noun/adj — the outside, the exterior; external	TOCFL 4
外銷	wàixiāo	verb — to export, to sell abroad; noun — export sales	TOCFL 5
外面	wàimiàn	noun — outside, the exterior; out (of doors)	TOCFL 1
外頭	wàitóu	noun — outside, the outdoors	TOCFL 1
多個	duōgè	determiner — several; multiple (more than one)	TOCFL 1
多元	duōyuán	adjective — diverse, plural, multi-element (cultures, values, sources)	TOCFL 5
多半	duōbàn	adv/noun — mostly, most likely, more often than not; the greater part	TOCFL 4
多半兒	duōbànr	adv/noun — mostly, most likely, more often than not (colloquial 兒化 form)	TOCFL 4
多多	duōduō	adverb — as much as possible, a lot, plenty (often in polite requests: 多多指教)	TOCFL 4
多多少少	duōduōshǎoshǎo	adverb — more or less; to some extent, somewhat	TOCFL 3
多媒體	duōméitǐ	noun — multimedia (text, sound, image, and video combined)	TOCFL 5
多寡	duōguǎ	noun — the amount, how much or how little; the quantity (whether many or few)	TOCFL 5
多少	duōshǎo	pronoun — how many, how much; (some) amount	TOCFL 1
多數	duōshù	noun — the majority; most (of)	TOCFL 4
多次	duōcì	adverb — many times, repeatedly	TOCFL 2
多虧	duōkuī	adverb — thanks to, luckily because of; it's a good thing that …	TOCFL 5
多謝	duōxiè	verb — many thanks, thanks a lot	TOCFL 4
多麼	duōme	adverb — how…, so… (in exclamations: how lovely! so big!)	TOCFL 3
夜市	yèshì	noun — a night market	TOCFL 2
夜晚	yèwǎn	noun — night, nighttime	TOCFL 2
夜景	yèjǐng	noun — night scene, night view (lights of a city or place after dark)	TOCFL 4
夜裡	yèlǐ	noun — during the night, at night	TOCFL 3
夢到	mèngdào	verb — to dream of, to see (someone/something) in a dream	TOCFL 4
夢想	mèngxiǎng	noun/verb — a dream, an aspiration; to dream of, to long for	TOCFL 4
夢見	mèngjiàn	verb — to dream of, to see (something or someone) in a dream	TOCFL 5
夥伴	huǒbàn	noun — a partner, a companion, a teammate	TOCFL 5
大事	dàshì	noun — a big deal; an important matter	TOCFL 1
大人	dàrén	noun — an adult, a grown-up; (historical) sir, your honour	TOCFL 2
大使	dàshǐ	noun — an ambassador	TOCFL 5
大便	dàbiàn	noun/verb — stool, faeces; to defecate	TOCFL 4
大典	dàdiǎn	noun — a grand ceremony; a major formal rite	TOCFL 6
大別山	Dàbiéshān	proper noun — the Dabie Mountains, a range straddling Hubei, Henan and Anhui in central China	named-entity
大力	dàlì	adverb — vigorously, with great effort	TOCFL 6
大半	dàbàn	noun/adv — the greater part, most of; for the most part, probably	TOCFL 4
大叫	dàjiào	verb — to shout, to cry out loudly	TOCFL 1
大哥	dàgē	noun — eldest brother; big brother (also a respectful term for an older man)	TOCFL 1
大地	dàdì	noun — the earth, the land, the broad ground (often poetic: the whole land)	TOCFL 4
大型	dàxíng	adjective — large-scale; full-size; grand	TOCFL 4
大多	dàduō	adverb — mostly; for the most part	TOCFL 1
大多數	dàduōshù	noun — the majority; most of them	TOCFL 3
大大	dàdà	adverb — greatly, by a wide margin	TOCFL 1
大夫	dàifu	noun — doctor (a colloquial word for a physician)	TOCFL 4
大嫂	dàsǎo	noun — eldest brother's wife; also a polite term for an older married woman	TOCFL 4
大學	dàxué	noun — university; college	TOCFL 1
大學士	dàxuéshì	noun — Grand Secretary, the highest-ranking scholar-official of the Ming and Qing court	named-entity
大學生	dàxuéshēng	noun — university student; college student	TOCFL 3
大家	dàjiā	pronoun — everyone; all of us; everybody	TOCFL 1
大小	dàxiǎo	noun — size; how big or small	TOCFL 4
大師	dàshī	noun — a master; a great expert in an art or craft	TOCFL 5
大廳	dàtīng	noun — hall, lobby, large reception room	TOCFL 4
大意	dàyì	noun — the gist, main idea; (dàyi) careless, negligent	TOCFL 4
大戰	dàzhàn	noun — a great war, a major battle; verb — to fight a great battle	TOCFL 5
大批	dàpī	adjective — a large batch of, large numbers of	TOCFL 5
大方	dàfāng	adjective — generous, free with money; unaffected, in good taste	TOCFL 3
大會	dàhuì	noun — a general assembly, a mass meeting or congress	TOCFL 3
大有	dàyǒu	verb — to have a great deal of, to abound in (大有人在 = there are plenty of such people)	TOCFL 4
大概	dàgài	adverb — probably, roughly; adj/noun — a general idea, the gist	TOCFL 3
大樓	dàlóu	noun — a large multi-storey building, a tower block	TOCFL 1
大橋	dàqiáo	noun — a large bridge	TOCFL 4
大氣	dàqì	noun — the atmosphere; adjective — grand, generous in manner	TOCFL 6
大洋洲	Dàyángzhōu	proper noun — Oceania, the continent of Australia and the Pacific islands	named-entity
大清	dàqīng	proper noun — the Great Qing, the formal name of the Qing dynasty (1636–1912), China's last imperial dynasty, ruled by the Manchus	named-entity
大清早	dàqīngzǎo	noun — the early morning, first thing in the morning, the crack of dawn	TOCFL 4
大片	dàpiàn	noun — a blockbuster film; a big-budget movie	TOCFL 4
大眾	dàzhòng	noun/adj — the masses, the general public; popular, for everyone	TOCFL 4
大米	dàmǐ	noun — (uncooked) rice; husked rice grains	TOCFL 3
大約	dàyuē	adverb — approximately; about; roughly	TOCFL 4
大綱	dàgāng	noun — an outline	TOCFL 6
大聲	dàshēng	adjective, adverb — loud, loudly	TOCFL 1
大腦	dànǎo	noun — the brain; figuratively the mind, the thinking center	TOCFL 4
大腿	dàtuǐ	noun — the thigh, the upper leg	TOCFL 4
大膽	dàdǎn	adjective — bold, daring, audacious	TOCFL 4
大臣	dàchén	noun — high official, minister (of a ruler)	TOCFL 7
大自然	dàzìrán	noun — nature, the natural world	TOCFL 4
大致	dàzhì	adverb — roughly; on the whole; broadly speaking	TOCFL 5
大街	dàjiē	noun — a main street, the high street	TOCFL 2
大衣	dàyī	noun — an overcoat, a topcoat	TOCFL 1
大規模	dàguīmó	adjective — large-scale; on a big scale	TOCFL 1
大象	dàxiàng	noun — elephant	TOCFL 4
大軍	dàjūn	noun — a large army, a great force of troops	TOCFL 5
大道	dàdào	noun — main road; grand avenue; the great Way	TOCFL 3
大選	dàxuǎn	noun — a general election	TOCFL 5
大部分	dàbùfèn	noun — the greater part; most of	TOCFL 2
大都	dàdōu	adverb — for the most part, mostly, by and large	TOCFL 1
大量	dàliàng	adjective/adverb — a large quantity (of), in large amounts	TOCFL 4
大門	dàmén	noun — front gate; main entrance	TOCFL 2
大陸	dàlù	noun — mainland; continent; (in Taiwan usage) mainland China	TOCFL 3
大隊	dàduì	noun — a large body of troops or people; a brigade	TOCFL 5
天上	tiānshàng	noun — in the sky, up in the heavens; aloft	TOCFL 3
天下	tiānxià	noun — the world; all under heaven; the realm	TOCFL 5
天主教	tiānzhǔjiào	noun — Catholicism, the Catholic Church	TOCFL 4
天地	tiāndì	noun — heaven and earth; the world; a realm of one's own	TOCFL 6
天堂	tiāntáng	noun — heaven, paradise	TOCFL 5
天天	tiāntiān	adverb — every day, day after day	TOCFL 1
天安門	Tiān'ānmén	proper noun — the gate on the north side of Tiananmen Square, Beijing	TOCFL 4
天性	tiānxìng	noun — innate nature; one's inborn disposition	TOCFL 5
天才	tiāncái	noun — a genius; innate talent, natural gift	TOCFL 4
天敵	tiāndí	noun — a natural enemy; a predator a species is born to fear	TOCFL 5
天文	tiānwén	noun — astronomy; (attributive) astronomical	TOCFL 4
天氣	tiānqì	noun — weather	TOCFL 1
天災	tiānzāi	noun — a natural disaster	TOCFL 5
天然	tiānrán	adjective — natural; occurring in nature, not man-made	TOCFL 5
天然氣	tiānránqì	noun — natural gas	TOCFL 5
天真	tiānzhēn	adjective — innocent, naive, artless	TOCFL 4
天空	tiānkōng	noun — the sky	TOCFL 4
天門	tiānmén	noun — the gate of heaven; a palace's outer gate	TOCFL 1
天門市	Tiānménshì	proper noun — Tianmen, a county-level city in central Hubei, China, on the Jianghan Plain	named-entity
太原	Tàiyuán	proper noun — Taiyuan, capital of Shanxi province in north China	TOCFL 6
太后	tàihòu	noun — empress dowager, the reigning emperor's mother	TOCFL 7
太太	tàitai	noun — wife; Mrs.; married woman (polite)	TOCFL 1
太子	tàizǐ	noun — the crown prince; the heir to the throne	TOCFL 7
太平	tàipíng	adjective — peaceful, tranquil; (of times) free of trouble	TOCFL 5
太平洋	Tàipíngyáng	proper noun — the Pacific Ocean, the largest ocean on Earth	named-entity
太廟	tàimiào	noun — the imperial ancestral temple	TOCFL 5
太極拳	tàijíquán	noun — tai chi, taijiquan (a slow-moving Chinese martial art)	TOCFL 4
太監	tàijiān	noun — a eunuch (palace official)	TOCFL 7
太空	tàikōng	noun — outer space; the cosmos beyond the sky	TOCFL 5
太陽	tàiyáng	noun — the sun	TOCFL 3
夫人	fūrén	noun — Mrs.; Madame; wife (formal/honorific, especially of a dignitary)	TOCFL 4
夫妻	fūqī	noun — husband and wife; a married couple	TOCFL 3
夫婦	fūfù	noun — a married couple; husband and wife	TOCFL 4
央求	yāngqiú	verb — to plead, to beg earnestly	TOCFL 5
失事	shīshì	verb — to have an accident (esp. of a plane, ship, or vehicle)	TOCFL 5
失去	shīqù	verb — to lose, to be deprived of	TOCFL 5
失戀	shīliàn	verb — to be jilted, to suffer a broken heart; to lose one's love	TOCFL 3
失手	shīshǒu	verb — to lose one's grip; to do harm by accident	TOCFL 5
失掉	shīdiào	verb — to lose, to miss out on (something one had)	TOCFL 4
失敗	shībài	verb — to fail; to lose; noun — failure, defeat	TOCFL 4
失明	shīmíng	verb — to go blind, to lose one's sight	TOCFL 5
失望	shīwàng	verb — to be disappointed, to lose hope; adj — disappointed	TOCFL 4
失業	shīyè	verb — to lose one's job; noun — unemployment	TOCFL 5
失眠	shīmián	verb — to lie awake; noun — insomnia	TOCFL 6
失落	shīluò	verb — to lose, to mislay; adj — let-down, dispirited	TOCFL 5
失蹤	shīzōng	verb — to go missing, to disappear without trace	TOCFL 5
失靈	shīlíng	verb — to malfunction, to stop working properly	TOCFL 5
夾雜	jiāzá	verb — to be mixed in, to be interspersed with	TOCFL 5
奇妙	qímiào	adjective — marvellous, wonderful, full of wonder	TOCFL 5
奇怪	qíguài	adjective — strange; odd; surprising	TOCFL 2
奇異	qíyì	adjective — strange, peculiar, out of the ordinary	TOCFL 5
奇觀	qíguān	noun — a marvellous sight, a spectacle, a wonder	TOCFL 5
奇蹟	qíjī	noun — a miracle, a wonder	TOCFL 5
奉獻	fèngxiàn	verb — to devote, to dedicate, to give of oneself; noun — an offering	TOCFL 5
奉養	fèngyǎng	verb — to support and care for (one's elders)	TOCFL 5
契機	qìjī	noun — a turning point; the moment that sets a change in motion	TOCFL 5
奔跑	bēnpǎo	verb — to run, to dash, to gallop	TOCFL 4
奔騰	bēnténg	verb — to gallop, to surge, to rush forward (of horses or water)	TOCFL 5
套房	tàofáng	noun — a suite; a self-contained room with its own bathroom	TOCFL 5
套裝	tàozhuāng	noun — a matched outfit, a suit (of clothes); a packaged set	TOCFL 5
奠定	diàndìng	verb — to lay (a foundation), to establish firmly	TOCFL 5
奢侈	shēchǐ	adjective — extravagant, lavish, given to excess	TOCFL 5
奢望	shēwàng	noun/verb — an extravagant hope; to hope beyond reason	TOCFL 5
奧妙	àomiào	adj/noun — subtle and profound; the deep cleverness of a thing	TOCFL 5
奧運會	Àoyùnhuì	proper noun — the Olympic Games (short for 奧林匹克運動會)	TOCFL 4
奪取	duóqǔ	verb — to seize; to capture; to wrest by force	TOCFL 6
奪得	duódé	verb — to win, to carry off (a title, medal, prize)	TOCFL 6
奪魁	duókuí	verb — to seize first place, take the championship	TOCFL 5
奮鬥	fèndòu	verb — to struggle, to strive, to fight for a goal	TOCFL 4
女人	nǚrén	noun — woman; adult female	TOCFL 2
女兒	nǚ'ér	noun — daughter	TOCFL 1
女士	nǚshì	noun — a lady, madam; a polite term of address for a woman	TOCFL 3
女子	nǚzǐ	noun — woman; female	TOCFL 4
女性	nǚxìng	noun — woman, the female sex; attributive — female	TOCFL 4
女方	nǚfāng	noun — the woman's side (in a marriage, match, or dispute)	TOCFL 5
女生	nǚshēng	noun — a girl; a female student	TOCFL 1
奴隸	núlì	noun — slave, a person owned and forced to labor	TOCFL 5
奶奶	nǎinai	noun — grandmother (father's mother); a way to address an old woman	TOCFL 2
奶粉	nǎifěn	noun — milk powder, powdered milk	TOCFL 4
奶茶	nǎichá	noun — milk tea	TOCFL 2
她們	tāmen	pronoun — they; them (female)	TOCFL 1
好了	hǎole	phrase — all right!, that's enough; (it's) ready, done	TOCFL 3
好像	hǎoxiàng	adverb — seemingly; as if; it looks like	TOCFL 2
好受	hǎoshòu	adjective — comfortable to bear, easy to take (usually negated: 不好受)	TOCFL 5
好吃	hǎochī	adjective — tasty; delicious (of food)	TOCFL 1
好在	hǎozài	adverb — fortunately, luckily, it's a good thing that…	TOCFL 4
好奇	hàoqí	adjective — curious, inquisitive	TOCFL 4
好好	hǎohǎo	adverb — properly, thoroughly, all-out (do something the way it should be done)	TOCFL ?
好好兒	hǎohāor	adverb — properly, all-out; in good order: do it well, do it right	TOCFL 3
好客	hàokè	adjective — hospitable, fond of having guests	TOCFL 4
好手	hǎoshǒu	noun — a skilled hand, an expert, a crack performer	TOCFL 5
好比	hǎobǐ	verb — to be just like; can be compared to (introduces an analogy)	TOCFL 5
好處	hǎochù	noun — benefit, advantage; the good that comes of something	TOCFL 2
如下	rúxià	adverb/phrase — as follows; as below	TOCFL 1
如今	rújīn	noun/adverb — nowadays, now, at the present time	TOCFL 4
如何	rúhé	pronoun/adverb — how; in what way; what about	TOCFL 2
如同	rútóng	verb/conj — to be like; just as; as if	TOCFL 5
如意	rúyì	verb — to go as one wishes, to turn out as hoped; adjective — satisfying, just right	TOCFL 3
如果	rúguǒ	conjunction — if, in the case that	TOCFL 2
如果說	rúguǒshuō	conjunction — if (one were to say), supposing that…	TOCFL 4
如此	rúcǐ	phrase — like this, so, in this way; thus	TOCFL 3
妥協	tuǒxié	verb — to compromise, to make concessions; to come to terms	TOCFL 4
妥善	tuǒshàn	adjective/adverb — proper, appropriate; properly, well (handled)	TOCFL 4
妥當	tuǒdàng	adjective — proper, appropriate, secure (well arranged)	TOCFL 4
妨礙	fáng'ài	verb — to hinder, obstruct, get in the way of	TOCFL 5
妳們	nǐmen	pronoun — you (plural), addressed to a group of females	TOCFL 1
妹妹	mèimei	noun — younger sister	TOCFL 1
妻子	qīzi	noun — wife	TOCFL 4
姊妹	zǐmèi	noun — sisters; (figuratively) closely linked counterparts, as in sister cities	TOCFL 3
姊姊	jiějie	noun — older sister	TOCFL 1
始建	shǐjiàn	verb — was first built; construction began (used of dates: 始建於 first built in)	TOCFL ?
始終	shǐzhōng	adverb — from start to finish, all along, throughout	TOCFL 5
姐姐	jiějie	noun — older sister	TOCFL 1
姑丈	gūzhàng	noun — uncle by marriage (husband of one's father's sister)	TOCFL 4
姑姑	gūgū	noun — father's sister; aunt (paternal)	TOCFL 3
姑娘	gūniáng	noun — young woman; girl	TOCFL 3
姓名	xìngmíng	noun — full name (family name plus given name)	TOCFL 1
委員	wěiyuán	noun — committee member; commissioner; delegate	TOCFL 5
委員會	wěiyuánhuì	noun — committee; commission; council	TOCFL 4
委員長	wěiyuánzhǎng	noun — committee chairman, the head of a committee	TOCFL 6
委屈	wěiqu	noun/adjective/verb — to feel wronged; a grievance; to put (someone) in an unfair position	TOCFL 4
委託	wěituō	verb — to entrust, to commission (someone to act for you)	TOCFL 6
姿勢	zīshì	noun — posture, stance, position	TOCFL 5
姿態	zītài	noun — posture, bearing; pose, attitude	TOCFL 5
威力	wēilì	noun — overwhelming power, might (of a weapon, storm, force)	TOCFL 5
威脅	wēixié	verb — to threaten; noun — a threat	TOCFL 5
威風	wēifēng	noun/adj — an imposing air, impressive bearing; commanding, impressive	TOCFL 5
娃娃	wáwa	noun — a baby, a small child; a doll	TOCFL 3
娘家	niángjia	noun — a married woman's parents' home, her natal family	TOCFL 5
娛樂	yúlè	noun/verb — entertainment, amusement; to entertain, to have fun	TOCFL 4
婆婆	pópo	noun — husband's mother, mother-in-law; (colloquial) an old woman, granny	TOCFL 5
婆家	pójia	noun — a married woman's husband's family, her in-laws' home	TOCFL 5
婚姻	hūnyīn	noun — marriage; matrimony	TOCFL 4
婚禮	hūnlǐ	noun — a wedding, a marriage ceremony	TOCFL 3
婦人	fùrén	noun — a (married, adult) woman	TOCFL 5
婦女	fùnǚ	noun — women, womenfolk (as a group)	TOCFL 4
媒體	méitǐ	noun — the media, a medium of communication	TOCFL 4
媳婦	xífù	noun — daughter-in-law; (colloquial, northern) wife	TOCFL 5
媽媽	māma	noun — mom; mama	TOCFL 1
嫂子	sǎozi	noun — elder brother's wife; (form of address) sister-in-law, ma'am	TOCFL 5
嫉妒	jídù	verb — to envy, to be jealous of	TOCFL 4
嫌疑	xiányí	noun — suspicion (of wrongdoing); the appearance of being guilty	TOCFL 5
嬰兒	yīng'ér	noun — baby, infant	TOCFL 4
子女	zǐnǚ	noun — sons and daughters; one's children	TOCFL 4
子孫	zǐsūn	noun — children and grandchildren; descendants, posterity	TOCFL 5
子弟	zǐdì	noun — sons and younger brothers; the young of a family or group	TOCFL 5
子彈	zǐdàn	noun — a bullet, a cartridge	TOCFL 5
孕婦	yùnfù	noun — a pregnant woman	TOCFL 5
字典	zìdiǎn	noun — a dictionary (organized by single characters)	TOCFL 1
字幕	zìmù	noun — subtitles, captions (on screen)	TOCFL 4
字形	zìxíng	noun — the shape of a written character; the form of a glyph	TOCFL 5
字樣	zìyàng	noun — words/wording printed or marked on something; a sample of writing	TOCFL 5
字母	zìmǔ	noun — letter (of an alphabet); alphabet letters	TOCFL 4
字眼	zìyǎn	noun — a (chosen, telling) word; the wording one picks	TOCFL 5
字眼兒	zìyǎnr	noun — a (chosen, telling) word; the wording one picks (colloquial, erhua)	TOCFL 5
字體	zìtǐ	noun — a typeface, font; a style of script; one's handwriting	TOCFL 5
存在	cúnzài	verb — to exist; noun — existence; being	TOCFL 4
存款	cúnkuǎn	noun/verb — savings, bank deposit; to deposit money	TOCFL 4
存貨	cúnhuò	noun — goods in stock, inventory; verb — to stock goods	TOCFL 5
孝子	xiàozǐ	noun — a filial son, a son devoted to his parents	TOCFL 5
孝感	xiàogǎn	proper noun — Xiaogan, a prefecture-level city in Hubei province, northwest of Wuhan	named-entity
孝順	xiàoshùn	verb — to honor and obey one's parents; adjective — dutiful, filial	TOCFL 3
季度	jìdù	noun — a quarter of the year (three months)	TOCFL 3
季節	jìjié	noun — season	TOCFL 3
季風	jìfēng	noun — a monsoon, a seasonal wind	TOCFL 5
孤兒	gū'ér	noun — an orphan	TOCFL 5
孤單	gūdān	adjective — lonely, alone; solitary	TOCFL 4
孤獨	gūdú	adjective — lonely, solitary; noun — solitude	TOCFL 5
孤立	gūlì	adjective — isolated; verb — to isolate, to cut off	TOCFL 5
孩子	háizi	noun — child; children	TOCFL 2
孫中山	Sūn Zhōngshān	proper noun — Sun Yat-sen, founding leader of the 1911 revolution and first provisional president of the Republic of China	named-entity
孫女	sūnnǚ	noun — a granddaughter, a son's daughter	TOCFL 2
孫子	sūnzi	noun — a grandson; (broadly) a grandchild	TOCFL 2
學位	xuéwèi	noun — academic degree (a qualification from a university)	TOCFL 4
學分	xuéfēn	noun — (academic) credit, course unit	TOCFL 5
學制	xuézhì	noun — education system; the structure of schooling (grades, years, levels)	TOCFL 5
學員	xuéyuán	noun — trainee, course participant, student (in a training program)	TOCFL 5
學問	xuéwèn	noun — learning, knowledge; the body of what one has studied	TOCFL 3
學年	xuénián	noun — academic year, school year	TOCFL 5
學徒	xuétú	noun — apprentice; one learning a trade under a master	TOCFL 5
學會	xuéhuì	verb — to learn (and master); noun — a learned society, an academic association	TOCFL 4
學期	xuéqí	noun — a school term, a semester	TOCFL 2
學校	xuéxiào	noun — school; educational institution	TOCFL 1
學業	xuéyè	noun — studies, schoolwork, academic work	TOCFL 4
學歷	xuélì	noun — educational background, academic credentials	TOCFL 4
學生	xuéshēng	noun — student; a person enrolled in school	TOCFL 1
學科	xuékē	noun — a discipline; a school subject	TOCFL 5
學習	xuéxí	verb — to study; to learn; to practice	TOCFL 2
學者	xuézhě	noun — a scholar, an academic	TOCFL 4
學術	xuéshù	noun — scholarship; academic learning	TOCFL 5
學說	xuéshuō	noun — a theory; a doctrine; a body of teaching	TOCFL 6
學識	xuéshì	noun — knowledge, learning, erudition	TOCFL 5
學費	xuéfèi	noun — tuition, school fees	TOCFL 3
學院	xuéyuàn	noun — college; academy; institute	TOCFL 3
它們	tāmen	pronoun — they, them (for things or animals)	TOCFL 1
宇宙	yǔzhòu	noun — the universe; the cosmos	TOCFL 5
守護	shǒuhù	verb — to guard, to watch over, to protect	TOCFL 5
安全	ānquán	adjective/noun — safe; safety; security	TOCFL 2
安定	āndìng	adjective — stable, settled; verb — to stabilize, settle (down)	TOCFL 5
安寧	ānníng	adj/noun — peaceful, undisturbed; peace, tranquility	TOCFL 5
安徽	ānhuī	proper noun — Anhui, a province in eastern China	named-entity
安心	ānxīn	verb — to set one's mind at ease; adjective — at ease, free of worry	TOCFL 3
安慰	ānwèi	verb/noun — to comfort, to console; comfort, consolation	TOCFL 4
安排	ānpái	verb/noun — to arrange; to plan; to schedule; arrangement	TOCFL 4
安撫	ānfǔ	verb — to soothe, to calm, to pacify	TOCFL 5
安置	ānzhì	verb — to settle (someone), to find a place for, to arrange, to install	TOCFL 5
安裝	ānzhuāng	verb — to install, to set up, to fit (a device, software)	TOCFL 6
安詳	ānxiáng	adjective — serene, composed, unhurried (of manner or expression)	TOCFL 5
安靜	ānjìng	adjective — quiet, still; calm and undisturbed	TOCFL 3
安頓	āndùn	verb — to settle (someone) in, to get settled, to arrange comfortably	TOCFL 5
宋代	sòngdài	proper noun — the Song dynasty (960–1279), a Chinese imperial era	named-entity
宋江	Sòngjiāng	proper noun — Song Jiang, the chief of the 108 outlaws in the classic novel Water Margin	named-entity
完備	wánbèi	adjective — complete, fully equipped, leaving nothing missing	TOCFL 5
完全	wánquán	adverb — completely, entirely; adjective — complete, whole	TOCFL 2
完善	wánshàn	verb/adjective — to improve; to perfect; complete and well-designed	TOCFL 5
完成	wánchéng	verb — to complete; to finish; to accomplish	TOCFL 3
完整	wánzhěng	adjective — complete, whole, intact	TOCFL 4
完畢	wánbì	verb — to finish, to complete; to be done, over	TOCFL 4
完美	wánměi	adjective — perfect, flawless	TOCFL 4
宏偉	hóngwěi	adjective — grand, magnificent, imposing (of buildings, plans, scale)	TOCFL 5
宗教	zōngjiào	noun — religion	TOCFL 4
宗旨	zōngzhǐ	noun — aim, purpose; guiding tenet	TOCFL 5
官兵	guānbīng	noun — officers and soldiers; the troops	TOCFL 6
官司	guānsi	noun — a lawsuit, litigation; a legal dispute	TOCFL 5
官吏	guānlì	noun — officials, officialdom (government office-holders as a group)	TOCFL 7
官員	guānyuán	noun — official; government officer; functionary	TOCFL 4
官家	guānjiā	noun — the imperial court, the throne (a Song-era term of address for the emperor); the government, the authorities	TOCFL 6
官方	guānfāng	noun/adjective — official, governmental; the authorities	TOCFL 4
官軍	guānjūn	noun — government troops, the official army (against rebels or bandits)	TOCFL 6
定期	dìngqī	adjective/adverb — regular, periodic; at fixed intervals	TOCFL 4
定義	dìngyì	noun — a definition; verb — to define	TOCFL 5
定額	dìng'é	noun — a fixed amount, a quota; adj — fixed in quantity	TOCFL 5
宜昌市	Yíchāngshì	proper noun — Yichang, a city in western Hubei, China, on the Yangtze near the Three Gorges Dam	named-entity
客人	kèrén	noun — a guest, a visitor; a customer	TOCFL 2
客廳	kètīng	noun — living room, the room where guests are received	TOCFL 1
客戶	kèhù	noun — client; customer (of a business)	TOCFL 4
客房	kèfáng	noun — guest room; (hotel) guest room	TOCFL 4
客機	kèjī	noun — passenger plane, airliner	TOCFL 5
客氣	kèqi	adjective — polite, courteous; verb — to stand on ceremony, to decline politely	TOCFL 1
客滿	kèmǎn	verb/adjective — fully booked, sold out, no seats left	TOCFL 2
客觀	kèguān	adjective — objective, judging by the facts rather than one's own feelings; noun — objectivity	TOCFL 5
宣佈	xuānbù	verb — to announce; to declare; to proclaim	TOCFL 3
宣傳	xuānchuán	verb — to publicize, to promote; noun — publicity, propaganda	TOCFL 5
宣告	xuāngào	verb — to declare; to proclaim formally	TOCFL 6
宣布	xuānbù	verb — to announce, declare, proclaim (a decision, result, news) publicly	TOCFL 4
宣揚	xuānyáng	verb — to publicize, to spread, to make widely known	TOCFL 5
宣示	xuānshì	verb — to declare openly, to proclaim (a stance, sovereignty, intent)	TOCFL 5
宣稱	xuānchēng	verb — to claim, to assert, to profess (often a claim not yet proven)	TOCFL 5
宣言	xuānyán	noun — a declaration, a manifesto	TOCFL 6
宣誓	xuānshì	verb — to take an oath, to swear (an oath of office, loyalty)	TOCFL 5
室友	shìyǒu	noun — a roommate, a flatmate	TOCFL 2
宮中	gōngzhōng	noun phrase — inside the palace; within the imperial court	TOCFL 3
宮女	gōngnǚ	noun — palace maid, lady-in-waiting (a woman serving in the imperial palace)	TOCFL 1
宮廷	gōngtíng	noun — the (royal) court; the palace as a seat of power	TOCFL 7
宮殿	gōngdiàn	noun — a palace; a grand royal hall complex	TOCFL 7
害怕	hàipà	verb — to be afraid; to fear	TOCFL 3
害羞	hàixiū	adjective — shy, bashful; verb — to feel shy	TOCFL 2
害處	hàichù	noun — harm, drawback, the bad effect (of something)	TOCFL 4
害蟲	hàichóng	noun — a pest, a harmful insect	TOCFL 5
宴會	yànhuì	noun — banquet, feast, formal dinner party	TOCFL 4
宵夜	xiāoyè	noun — late-night snack, a meal eaten late at night	TOCFL 4
家事	jiāshì	noun — housework, household chores; family affairs	TOCFL 4
家人	jiārén	noun — family members, the people of one's household	TOCFL 1
家具	jiājù	noun — furniture	TOCFL 1
家家戶戶	jiājiāhùhù	noun phrase — every household, each and every family	TOCFL 5
家屬	jiāshǔ	noun — family members, next of kin, dependents	TOCFL 5
家庭	jiātíng	noun — family; household	TOCFL 2
家族	jiāzú	noun — a clan, an extended family	TOCFL 5
家裡	jiālǐ	place word — inside the home; at home; in the house	TOCFL 1
家鄉	jiāxiāng	noun — one's hometown, native place	TOCFL 3
家長	jiāzhǎng	noun — parent; guardian; head of a household	TOCFL 4
家電	jiādiàn	noun — home appliances, household electrical goods	TOCFL 4
容器	róngqì	noun — a container, a vessel	TOCFL 5
容易	róngyì	adjective — easy; simple; not difficult	TOCFL 2
容納	róngnà	verb — to hold, to contain; to accommodate (people, ideas)	TOCFL 5
容許	róngxǔ	verb — to permit, to allow	TOCFL 5
容量	róngliàng	noun — capacity; the amount a container or system can hold	TOCFL 5
宿舍	sùshè	noun — dormitory, a residence for students or staff	TOCFL 1
寂寞	jìmò	adjective — lonely, lonesome; noun — loneliness	TOCFL 4
密切	mìqiè	adjective — close; intimate; tight (of relations)	TOCFL 5
密度	mìdù	noun — density (how tightly packed something is per unit of space)	TOCFL 6
密集	mìjí	adjective — dense, closely packed, concentrated	TOCFL 5
富有	fùyǒu	adjective — wealthy, rich; verb — to be rich in (something)	TOCFL 5
富裕	fùyù	adjective — wealthy, affluent, well-off	TOCFL 4
富貴	fùguì	noun — wealth and rank; adjective — rich and honoured	TOCFL 5
寒假	hánjià	noun — winter vacation, the winter school holiday	TOCFL 2
寒冷	hánlěng	adjective — cold, frigid (of weather)	TOCFL 4
寓言	yùyán	noun — a fable; a short story that lodges a lesson	TOCFL 5
察覺	chájué	verb — to notice, to become aware of	TOCFL 5
寡婦	guǎfù	noun — a widow	TOCFL 5
寡頭	guǎtóu	noun — oligarch; oligarchy	TOCFL 6
寢室	qǐnshì	noun — bedroom, dormitory room, sleeping quarters	TOCFL 4
實例	shílì	noun — a concrete example, a real-life case	TOCFL 5
實力	shílì	noun — actual strength; real ability	TOCFL 5
實在	shízài	adverb/adjective — really; truly; genuine; solid; down-to-earth	TOCFL 3
實地	shídì	adverb — on site, at the actual place; in person	TOCFL 5
實施	shíshī	verb — to implement; to put into practice; to carry out	TOCFL 5
實況	shíkuàng	noun — the actual situation; live coverage of an event as it happens	TOCFL 5
實現	shíxiàn	verb — to realize; to achieve; to fulfill; to make real	TOCFL 4
實用	shíyòng	adjective — practical, useful, functional (serving a real need)	TOCFL 4
實習	shíxí	verb — to do an internship, to train on the job; noun — practical training	TOCFL 5
實行	shíxíng	verb — to put into practice, to carry out, to implement	TOCFL 3
實話	shíhuà	noun — the truth, honest words	TOCFL 3
實證	shízhèng	noun — empirical evidence, proof from fact; adjective — empirical	TOCFL 5
實質	shízhì	noun — substance, essence; adjective — substantive, real (as opposed to nominal)	TOCFL 5
實踐	shíjiàn	verb — to put into practice, to carry out; noun — practice	TOCFL 5
實際	shíjì	adjective/noun — actual; practical; real; in practice	TOCFL 4
實際上	shíjìshàng	adverb — actually; in reality; in practice	TOCFL 5
實驗	shíyàn	noun — an experiment; verb — to test for real	TOCFL 5
實驗室	shíyànshì	noun — laboratory; a room for experiments	TOCFL 5
寧可	nìngkě	adverb — would rather, prefer (to do one thing over another)	TOCFL 4
寧願	nìngyuàn	adverb — would rather, would prefer (to accept one option over another)	TOCFL 4
審判	shěnpàn	verb — to try (in court); to judge; noun — trial; judgment	TOCFL 6
審慎	shěnshèn	adjective — prudent, careful and deliberate	TOCFL 5
審查	shěnchá	verb — to examine and review, to vet, to censor; noun — review, scrutiny	TOCFL 6
審核	shěnhé	verb — to review and approve, to vet (an application, a document, a budget)	TOCFL 5
審計長	shěnjìzhǎng	noun — auditor-general, the chief of a national audit office	TOCFL 6
審議	shěnyì	verb — to deliberate, to review and discuss (a proposal, a bill)	TOCFL 7
寫作	xiězuò	verb — to write (compose), to do creative writing; noun — writing, composition	TOCFL 4
寫實	xiěshí	adjective — realistic, true to life (in art and writing); verb — to depict reality faithfully	TOCFL 5
寬度	kuāndù	noun — width, breadth (the measurement across)	TOCFL 4
寬廣	kuānguǎng	adjective — broad and wide; expansive (of space, view, mind)	TOCFL 5
寬闊	kuānkuò	adjective — broad and open, wide and spacious	TOCFL 5
寵愛	chǒng'ài	verb — to dote on, to favour and indulge	TOCFL 5
寵物	chǒngwù	noun — a pet	TOCFL 5
寶寶	bǎobao	noun — baby, little darling (affectionate term for an infant)	TOCFL 4
寶玉	bǎoyù	noun — precious jade; a treasured gem	TOCFL 5
寶石	bǎoshí	noun — a gem, a precious stone	TOCFL 5
寶貝	bǎobèi	noun — a treasure, a precious thing; a darling, a term of endearment for a child or loved one	TOCFL 3
寶貴	bǎoguì	adjective — precious, valuable; verb — to value, to treasure	TOCFL 3
寺廟	sìmiào	noun — a temple; a place of worship	TOCFL 3
封建	fēngjiàn	adjective/noun — feudal; feudalism	TOCFL 5
封條	fēngtiáo	noun — a paper seal; a strip pasted across a door or container to mark it closed off	TOCFL 5
封鎖	fēngsuǒ	verb — to blockade, to seal off; noun — a blockade	TOCFL 6
封閉	fēngbì	verb — to seal off, to close up; adjective — closed, shut off from outside	TOCFL 5
射手	shèshǒu	noun — a shooter, a marksman; (sports) a goal-scorer; Sagittarius	TOCFL 5
射擊	shèjī	verb — to shoot; to fire (a weapon); noun — shooting (the sport)	TOCFL 6
射線	shèxiàn	noun — a ray (of radiation); a ray (in geometry, a half-line from a point)	TOCFL 7
將來	jiānglái	noun — the future; time to come; adverb — in the future	TOCFL 4
將士	jiāngshì	noun — officers and soldiers; military men (the generals and the ranks)	TOCFL 7
將要	jiāngyào	adverb — about to, going to, will (soon) — marks imminent action	TOCFL 4
將軍	jiāngjūn	noun — a general (military commander)	TOCFL 6
將領	jiànglǐng	noun — a (military) general; a commanding officer	TOCFL 6
專人	zhuānrén	noun — a designated person, a dedicated staff member (assigned to handle one matter)	TOCFL 4
專利	zhuānlì	noun — patent; an exclusive right (to an invention)	TOCFL 4
專制	zhuānzhì	noun — autocracy, despotism; adj — autocratic	TOCFL 6
專員	zhuānyuán	noun — a specialist staff member; a commissioner or officer in charge of one area	TOCFL 5
專家	zhuānjiā	noun — expert; specialist	TOCFL 4
專心	zhuānxīn	verb — to concentrate, to focus the mind; adjective — attentive, single-minded	TOCFL 3
專案	zhuān'àn	noun — project; dedicated case; specific plan or task	TOCFL 4
專業	zhuānyè	noun — specialization; major; professional field; adjective — professional; specialized	TOCFL 3
專櫃	zhuānguì	noun — a brand counter; a dedicated retail booth for one brand (typically in a department store)	TOCFL 5
專注	zhuānzhù	adjective — focused; verb — to give one thing your whole mind	TOCFL 5
專門	zhuānmén	adjective/adverb — specialized; specifically; exclusively; for a special purpose	TOCFL 3
專題	zhuāntí	noun — a special topic; a dedicated feature or report on one subject	TOCFL 6
尊嚴	zūnyán	noun — dignity, honor	TOCFL 5
尊敬	zūnjìng	verb — to respect, to hold in honor; noun — respect, esteem	TOCFL 3
尊重	zūnzhòng	verb — to respect, to value; noun — respect	TOCFL 5
尋常	xúncháng	adjective — ordinary, usual, common	TOCFL 6
尋思	xúnsi	verb — to ponder, turn over in one's mind	TOCFL 5
尋找	xúnzhǎo	verb — to look for; to search for; to seek	TOCFL 5
對不起	duìbuqǐ	phrase — sorry, excuse me; to let someone down, to wrong someone	TOCFL 1
對了	duìle	phrase — that's right!, correct; (as an aside) oh, by the way	TOCFL 3
對付	duìfù	verb — to deal with; to cope with; to handle (a problem or person)	TOCFL 5
對外	duìwài	adjective — outward-facing, external, toward the outside world	TOCFL 1
對岸	duì'àn	noun — the opposite bank, the far shore (across a river or strait)	TOCFL 4
對峙	duìzhì	verb — to confront, to stand off against each other; (of forces) to face each other in deadlock	TOCFL 5
對待	duìdài	verb — to treat, to deal with (a person, a matter) in a certain way	TOCFL 4
對手	duìshǒu	noun — opponent, rival; a match (someone of equal skill)	TOCFL 4
對抗	duìkàng	verb — to resist, oppose, stand against; to confront, pit against	TOCFL 4
對方	duìfāng	noun — the other party; the opposite side; one's counterpart	TOCFL 4
對於	duìyú	preposition — regarding, with respect to, as for (introduces the thing concerned)	TOCFL 4
對比	duìbǐ	verb — to contrast, to set side by side; noun — a contrast, the ratio between two things	TOCFL 5
對照	duìzhào	verb — to set side by side and compare; noun — a contrast	TOCFL 5
對立	duìlì	verb — to oppose, be set against; adj — opposing, antagonistic	TOCFL 5
對策	duìcè	noun — countermeasure, a plan to deal with a situation or threat	TOCFL 4
對話	duìhuà	noun — a dialogue, a conversation; verb — to talk together, to hold talks	TOCFL 3
對象	duìxiàng	noun — the target or object of an action; a steady boyfriend or girlfriend, a marriage prospect	TOCFL 3
對面	duìmiàn	noun — the opposite side, the place directly across	TOCFL 1
導師	dǎoshī	noun — a mentor, tutor, supervising teacher	TOCFL 5
導彈	dǎodàn	noun — missile; guided projectile	TOCFL 6
導演	dǎoyǎn	noun — a director (of film, theater); verb — to direct	TOCFL 4
導致	dǎozhì	verb — to lead to; to cause; to result in	TOCFL 4
導遊	dǎoyóu	noun — tour guide; verb — to guide tourists around	TOCFL 4
小伙子	xiǎohuǒzi	noun — a young man, a lad	TOCFL 5
小便	xiǎobiàn	verb — to urinate, pass water; noun — urine	TOCFL 4
小偷	xiǎotōu	noun — a thief, a petty robber	TOCFL 3
小吃	xiǎochī	noun — a snack, a small local dish; street food	TOCFL 1
小夥子	xiǎohuǒzi	noun — a young man, a lad	TOCFL 5
小姐	xiǎojiě	noun — miss; young lady; a form of address for a young woman	TOCFL 1
小子	xiǎozi	noun — kid; young fellow; brat (often teasing or scolding)	TOCFL 5
小孩	xiǎohái	noun — a child, a kid	TOCFL 1
小學	xiǎoxué	noun — primary school; elementary school	TOCFL 2
小小的	xiǎoxiǎode	adjective — tiny; teeny; little (the doubled, softened form of 小)	TOCFL 1
小心	xiǎoxīn	verb/adjective — to be careful; cautious	TOCFL 2
小時	xiǎoshí	noun — hour (unit of time, 60 minutes)	TOCFL 2
小朋友	xiǎopéngyǒu	noun — a (young) child; a friendly term adults use to address children	TOCFL 1
小氣	xiǎoqì	adjective — stingy, miserly; petty, mean-spirited	TOCFL 4
小組	xiǎozǔ	noun — a small group; a team	TOCFL 5
小腿	xiǎotuǐ	noun — the lower leg, the calf (below the knee)	TOCFL 4
小說	xiǎoshuō	noun — novel, fiction	TOCFL 4
小販	xiǎofàn	noun — street vendor, peddler, small-scale trader	TOCFL 4
小費	xiǎofèi	noun — a tip, a gratuity	TOCFL 2
小麥	xiǎomài	noun — wheat (the grain crop)	TOCFL 4
少女	shàonǚ	noun — a young girl; a maiden	TOCFL 4
少年	shàonián	noun — a youth, an adolescent boy (roughly ten to teens)	TOCFL 4
少數	shǎoshù	noun — a small number, a minority	TOCFL 4
尖椒	jiānjiāo	noun — pointed chili pepper (the long tapering kind used in cooking)	TOCFL 6
尖端	jiānduān	noun — the pointed tip; adj — cutting-edge, most advanced	TOCFL 5
尖銳	jiānruì	adjective — sharp, pointed; (of sound) shrill, piercing; (of conflict) acute, intense	TOCFL 4
尚書	shàngshū	noun — a minister, head of a ministry (in imperial China); also the classic "Book of Documents"	TOCFL 6
尚未	shàngwèi	adverb — not yet; still has not	TOCFL 6
尤其	yóuqí	adverb — especially; in particular; above all	TOCFL 4
就是	jiùshì	phrase — that is; exactly; (it) is precisely; agreeing emphatically	TOCFL 3
就是說	jiùshìshuō	phrase — that is to say, in other words, which means (introduces a restatement)	TOCFL 4
就業	jiùyè	verb — to take up a job; to find employment	TOCFL 5
就算	jiùsuàn	conjunction — even if; granting that	TOCFL 4
就緒	jiùxù	verb — to be in order, ready, settled	TOCFL 5
就要	jiùyào	adverb — about to; will soon; on the point of (an event close at hand)	TOCFL 1
尷尬	gāngà	adjective — awkward, embarrassing; caught in a tight spot	TOCFL 5
尺寸	chǐcùn	noun — size, dimensions, measurements	TOCFL 4
尾巴	wěiba	noun — tail (of an animal); the tail end, the very back of something	TOCFL 4
局勢	júshì	noun — the state of affairs, the (political or military) situation	TOCFL 6
局部	júbù	noun — a part, a portion; adj — local, partial	TOCFL 5
局長	júzhǎng	noun — the head of a bureau; a bureau or department director	TOCFL 5
局面	júmiàn	noun — situation; the state of affairs	TOCFL 6
屁股	pìgu	noun — buttocks, bottom, backside; (figuratively) the rear end of a thing	TOCFL 4
居住	jūzhù	verb — to reside; to live (somewhere)	TOCFL 5
居民	jūmín	noun — resident; inhabitant	TOCFL 4
居然	jūrán	adverb — unexpectedly; to one's surprise	TOCFL 4
屆時	jièshí	adverb — when the time comes, at that appointed time	TOCFL 5
屈服	qūfú	verb — to yield, give in, submit	TOCFL 5
屋裡	wūlǐ	noun/locative — inside the house, indoors	TOCFL 2
屍體	shītǐ	noun — a corpse; a dead body	TOCFL 6
展出	zhǎnchū	verb — to put on display, exhibit (works, goods) to the public	TOCFL 4
展望	zhǎnwàng	verb — to look ahead, survey the prospect; noun — an outlook	TOCFL 5
展現	zhǎnxiàn	verb — to show, display, reveal (lay open before the eyes)	TOCFL 5
展示	zhǎnshì	verb — to display, to show, to exhibit	TOCFL 5
展覽	zhǎnlǎn	noun — exhibition, show, display; verb — to exhibit, put on show	TOCFL 4
展開	zhǎnkāi	verb — to unfold; to spread out; to launch; to open up (an activity or plan)	TOCFL 4
履歷	lǚlì	noun — a résumé, CV; one's record of experience	TOCFL 5
履行	lǚxíng	verb — to carry out, fulfil (a duty, promise, contract)	TOCFL 5
屬於	shǔyú	verb — to belong to; to be part of; to be categorized as	TOCFL 4
山區	shānqū	noun — a mountainous area; hill country	TOCFL 4
山地	shāndì	noun — mountainous land; hilly terrain; the highlands	TOCFL 1
山峰	shānfēng	noun — a mountain peak, a summit	TOCFL 5
山脈	shānmài	noun — a mountain range	TOCFL 6
山西	Shānxī	proper noun — Shanxi, a northern Chinese province west of the Taihang Mountains, capital Taiyuan	named-entity
山谷	shāngǔ	noun — a valley, the low ground between mountains	TOCFL 5
岩石	yánshí	noun — rock, stone (geological)	TOCFL 6
峭壁	qiàobì	noun — a cliff, a sheer rock face	TOCFL 5
島嶼	dǎoyǔ	noun — islands, islands and islets (collectively)	TOCFL 5
峽谷	xiágǔ	noun — a gorge, a canyon, a deep narrow valley	TOCFL 5
崇尚	chóngshàng	verb — to esteem, to hold in high regard, to advocate	TOCFL 5
崇拜	chóngbài	verb — to worship, adore, idolize, revere	TOCFL 4
崇禎	Chóngzhēn	proper noun — Chongzhen, reign-name of the last Ming emperor (r. 1627–1644)	TOCFL 7
崇高	chónggāo	adjective — lofty, noble, sublime, exalted (of ideals, character)	TOCFL 4
崗位	gǎngwèi	noun — a post; one's position or station at work	TOCFL 6
崩潰	bēngkuì	verb — to collapse, break down, fall apart (of a system, an army, a mind)	TOCFL 5
嶄新	zhǎnxīn	adjective — brand-new, completely new	TOCFL 5
州長	zhōuzhǎng	noun — state governor (head of a U.S. or similar state)	TOCFL 5
巡撫	xúnfǔ	noun — provincial governor (a Ming and Qing imperial office)	TOCFL 6
巡視	xúnshì	verb — to inspect on rounds, tour and check over	TOCFL 5
巡邏	xúnluó	verb — to patrol, walk a beat keeping watch	TOCFL 5
工人	gōngrén	noun — worker; laborer	TOCFL 2
工作	gōngzuò	verb — to work; noun — work, job	TOCFL 1
工作記憶	gōngzuò jìyì	noun — working memory: holding things in mind while using them	psych term
工具	gōngjù	noun — tool; instrument; the means for doing a job	TOCFL 4
工匠	gōngjiàng	noun — a craftsman, an artisan	TOCFL 6
工地	gōngdì	noun — a construction site, a building site	TOCFL 5
工夫	gōngfu	noun — time and effort spent; the time taken; skill gained through practice	TOCFL 4
工廠	gōngchǎng	noun — a factory, a plant	TOCFL 4
工會	gōnghuì	noun — labor union, trade union (organization of workers)	TOCFL 4
工業	gōngyè	noun — industry; manufacturing	TOCFL 3
工程	gōngchéng	noun — engineering; a project; construction work	TOCFL 4
工藝	gōngyì	noun — craft; craftsmanship; a manufacturing technique	TOCFL 6
工藝品	gōngyìpǐn	noun — a handicraft, an item of craftwork	TOCFL 5
工讀	gōngdú	verb — to work one's way through school; to study and work part-time	TOCFL 5
工資	gōngzī	noun — wages, pay	TOCFL 5
工錢	gōngqián	noun — wages, pay for labor (esp. for manual or hired work)	TOCFL 4
左右	zuǒyòu	noun/adverb — left and right; approximately; around (a number); to influence	TOCFL 2
左手	zuǒshǒu	noun — the left hand; the left side	TOCFL 1
巧克力	qiǎokèlì	noun — chocolate	TOCFL 1
巧合	qiǎohé	noun — a coincidence; adj — coincidental	TOCFL 5
巧妙	qiǎomiào	adjective — clever, ingenious, deftly contrived	TOCFL 4
巨人	jùrén	noun — a giant; a towering figure in a field	TOCFL 5
巨大	jùdà	adjective — enormous; huge; gigantic; immense	TOCFL 4
差一點兒	chàyīdiǎnr	adverb — almost; nearly; came within a hair of (happening)	TOCFL 3
差不多	chàbuduō	adv/adj — almost, about the same, more or less	TOCFL 2
差別	chābié	noun — a difference; a distinction; a gap between two things	TOCFL 4
差異	chāyì	noun — difference, discrepancy	TOCFL 4
差距	chājù	noun — gap, disparity, the distance between two values	TOCFL 4
差錯	chācuò	noun — error, slip-up, mishap (often in "出差錯" go wrong)	TOCFL 4
差額	chā'é	noun — the difference, the margin (between two amounts); a shortfall or balance	TOCFL 5
差點	chàdiǎn	adverb — almost; nearly; came within a hair of (happening)	TOCFL 3
差點兒	chàdiǎnr	adverb — almost; nearly; came within a hair of (happening)	TOCFL 3
已婚	yǐhūn	adjective — married, already wed	TOCFL 4
已有	yǐyǒu	verb — to already have; (there) already exists	TOCFL 3
已知	yǐzhī	adjective — known, already established; (in math) given	TOCFL 4
已經	yǐjīng	adverb — already	TOCFL 2
巴士	bāshì	noun — a bus	TOCFL 2
巴黎	Bālí	proper noun — Paris, the capital of France	TOCFL 4
市區	shìqū	noun — urban area; downtown	TOCFL 3
市場	shìchǎng	noun — market; marketplace; the market (economic)	TOCFL 2
市委	shìwěi	noun — a municipal Party committee, the top Communist Party body governing a Chinese city	named-entity
市容	shìróng	noun — the appearance of a city; how a town's streets and buildings look	TOCFL 5
市政府	shìzhèngfǔ	noun — city government, the municipal government	TOCFL 5
市民	shìmín	noun — a city resident; a citizen of a town	TOCFL 5
市立	shìlì	adjective — municipal, city-run (of a school, hospital, etc.)	TOCFL 4
市長	shìzhǎng	noun — mayor	TOCFL 3
市面	shìmiàn	noun — the market, the marketplace as a whole; the state of trade, business conditions	TOCFL 5
布告	bùgào	noun — public notice, posted announcement; verb — to post a notice	TOCFL 4
布告欄	bùgàolán	noun — bulletin board, notice board	TOCFL 4
希望	xīwàng	verb/noun — to hope; to wish for; hope	TOCFL 2
希臘	xīlà	proper noun — Greece, a country in southeastern Europe	named-entity
帝國	dìguó	noun — empire	TOCFL 6
帝王	dìwáng	noun — emperors and kings; a monarch	TOCFL 7
師傅	shīfù	noun — a master craftsman; a polite term for a skilled worker or driver	TOCFL 5
師母	shīmǔ	noun — teacher's wife (respectful term of address)	TOCFL 4
師父	shīfù	noun — master; sifu; a skilled teacher in a craft or discipline	TOCFL 3
師範	shīfàn	noun — teacher training; a normal school, teachers' college; (classical) a model to be followed	TOCFL 5
席位	xíwèi	noun — a seat (in an assembly, parliament, or formal gathering); a seat one holds	TOCFL 5
帳單	zhàngdān	noun — bill, invoice, statement of charges	TOCFL 4
帳篷	zhàngpéng	noun — a tent	TOCFL 5
帶來	dàilái	verb — to bring; to carry here; to cause (a result)	TOCFL 3
帶動	dàidòng	verb — to drive, spur on, bring along (to set something in motion)	TOCFL 4
帶有	dàiyǒu	verb — to carry; to have something in it (a trace, a quality)	TOCFL 1
帶路	dàilù	verb — to lead the way, guide (someone along a route)	TOCFL 4
帶領	dàilǐng	verb — to lead; to guide a group forward	TOCFL 5
常務	chángwù	adjective — standing, day-to-day (of an executive role or routine duties)	TOCFL 1
常常	chángcháng	adverb — often, frequently	TOCFL 1
常用	chángyòng	adjective — in common use, frequently used, everyday	TOCFL 3
常見	chángjiàn	adjective — common, often seen	TOCFL 4
常識	chángshì	noun — common sense, general knowledge	TOCFL 4
幅度	fúdù	noun — range, extent, amplitude (of a change, swing, or movement)	TOCFL 5
幣值	bìzhí	noun — the value of a currency; the purchasing power of money	TOCFL 5
幫助	bāngzhù	verb/noun — to help; to assist; help, assistance	TOCFL 3
幫忙	bāngmáng	verb — to help out; noun — a hand, a favor	TOCFL 1
干擾	gānrǎo	verb — to disturb, interfere with, jam; noun — interference, a disturbance	TOCFL 5
干涉	gānshè	verb — to interfere, to meddle; noun — interference	TOCFL 6
平凡	píngfán	adjective — ordinary, commonplace, unremarkable	TOCFL 5
平原	píngyuán	noun — plain; flatland; lowland	TOCFL 3
平均	píngjūn	adjective/verb — average; equal; evenly distributed; to average out	TOCFL 4
平安	píng'ān	adjective — safe and sound; at peace; (arriving / staying) without mishap	TOCFL 3
平常	píngcháng	adjective — ordinary, common; adverb — usually, ordinarily	TOCFL 1
平日	píngrì	noun — ordinary days; weekdays; normally	TOCFL 4
平時	píngshí	noun — ordinary times; usually	TOCFL 4
平民	píngmín	noun — civilian; commoner; ordinary person	TOCFL 5
平穩	píngwěn	adjective — steady, stable, smooth (of motion, prices, a situation)	TOCFL 5
平等	píngděng	adjective — equal; on the same footing	TOCFL 4
平臺	píngtái	noun — platform; terrace; (computing) platform	TOCFL 4
平行	píngxíng	adjective — parallel; running side by side at the same level, on an equal footing	TOCFL 5
平衡	pínghéng	noun — balance; equilibrium; verb — to balance	TOCFL 5
平靜	píngjìng	adjective — calm; quiet; tranquil (of water, mood, a scene)	TOCFL 4
平面	píngmiàn	noun — a flat surface; a plane (in geometry)	TOCFL 6
年代	niándài	noun — era; decade; a period of years	TOCFL 4
年均	niánjūn	adjective — annual-average; per-year average [statistics]	TOCFL 6
年年	niánnián	adverb — every year; year after year	TOCFL 3
年底	niándǐ	noun — year-end, the end of the year	TOCFL 3
年度	niándù	noun — a year as a unit of account; annual period (fiscal or academic)	TOCFL 6
年紀	niánjì	noun — age, how old a person is	TOCFL 3
年級	niánjí	noun — a grade, a year of school (e.g. first grade)	TOCFL 1
年輕	niánqīng	adjective — young	TOCFL 2
年輕人	niánqīngrén	noun — a young person, young people	TOCFL 2
年間	niánjiān	noun — during the years of; in the period of (an era or reign)	TOCFL 6
年齡	niánlíng	noun — age (how many years old)	TOCFL 4
幸好	xìnghǎo	adverb — fortunately; luckily; it was a good thing that …	TOCFL 3
幸福	xìngfú	adjective — happy; blessed. noun — happiness; well-being	TOCFL 4
幸虧	xìngkuī	adverb — fortunately; thanks to (some lucky circumstance)	TOCFL 3
幸運	xìngyùn	adjective — lucky; fortunate; noun — good fortune	TOCFL 3
幹什麼	gànshénme	phrase — doing what?; what for?, why (often impatient)	TOCFL 2
幹嘛	gànmá	phrase — what for?, why?; what are you doing? (colloquial)	TOCFL 4
幹線	gànxiàn	noun — trunk line, main artery (of rail, road, pipe)	TOCFL 6
幹部	gànbù	noun — cadre; organizational official; party functionary	TOCFL 5
幻想	huànxiǎng	noun — fantasy, illusion; verb — to fantasize, daydream	TOCFL 4
幻象	huànxiàng	noun — an illusion, a phantom image; something seen that isn't really there	TOCFL 5
幼稚	yòuzhì	adjective — childish, immature, naive (of a person's thinking); young, infant (literal)	TOCFL 5
幽默	yōumò	adjective — humorous; noun — humour, wit	TOCFL 3
幾乎	jīhū	adverb — almost, nearly, all but	TOCFL 4
幾句	jǐjù	noun phrase — a few sentences; a few words	TOCFL 2
幾天	jǐtiān	noun phrase — a few days	TOCFL 1
幾年	jǐnián	phrase — a few years; how many years	TOCFL 1
幾次	jǐcì	noun phrase — a few times; how many times	TOCFL 2
床上	chuángshàng	noun phrase — on the bed	TOCFL 1
床單	chuángdān	noun — bedsheet	TOCFL 4
序幕	xùmù	noun — a prologue; the opening of an event, the prelude to what follows	TOCFL 5
底下	dǐxia	noun — underneath, below, the area beneath	TOCFL 2
底片	dǐpiàn	noun — photographic film, a negative; the strip a picture is developed from	TOCFL 5
店員	diànyuán	noun — a shop assistant, store clerk	TOCFL 2
度過	dùguò	verb — to spend, get through, pass (a period of time)	TOCFL 4
度量衡	dùliànghéng	noun — weights and measures; the system of standards for length, volume, and weight	TOCFL 5
座位	zuòwèi	noun — a seat, a place to sit	TOCFL 2
座右銘	zuòyòumíng	noun — a motto, a maxim one lives by; a guiding saying kept close at hand	TOCFL 5
座談	zuòtán	verb — to hold an informal discussion seated together; noun — a forum, a panel talk	TOCFL 5
庫存	kùcún	noun — stock, inventory; goods held in storage	TOCFL 5
康復	kāngfù	verb — to recover, to recuperate; to return to health after illness	TOCFL 5
康熙	Kāngxī	name — the Kangxi era (1662–1722), the reign of the Qing Kangxi Emperor, the longest in Chinese history	TOCFL 6
廁所	cèsuǒ	noun — toilet, lavatory, restroom	TOCFL 1
廉價	liánjià	adjective — cheap, low-priced; (figurative) worth little, easily given	TOCFL 5
廉潔	liánjié	adjective — honest and incorruptible (especially of officials); upright, taking no bribes	TOCFL 5
廚師	chúshī	noun — a cook; a chef	TOCFL 3
廚房	chúfáng	noun — kitchen	TOCFL 1
廠商	chǎngshāng	noun — manufacturer, firm, supplier (factory and trader together)	TOCFL 4
廢墟	fèixū	noun — ruins; the rubble of a destroyed or abandoned place	TOCFL 5
廢棄	fèiqì	verb — to abandon, discard, scrap (something no longer used); to cast aside	TOCFL 5
廢止	fèizhǐ	verb — to abolish, repeal, annul (a law, rule, or system)	TOCFL 5
廢氣	fèiqì	noun — exhaust, waste gas, emissions	TOCFL 4
廢水	fèishuǐ	noun — wastewater, effluent	TOCFL 4
廢物	fèiwù	noun — waste, trash; (of a person) good-for-nothing	TOCFL 4
廢話	fèihuà	noun — nonsense, idle talk, pointless words	TOCFL 4
廢除	fèichú	verb — to abolish; to repeal (a law, a system, a custom)	TOCFL 6
廣告	guǎnggào	noun — advertisement, advert; an announcement put out to the public	TOCFL 3
廣場	guǎngchǎng	noun — public square; plaza; open public space	TOCFL 2
廣大	guǎngdà	adjective — vast, broad; (of people) numerous	TOCFL 5
廣播	guǎngbō	noun — a broadcast, radio; verb — to broadcast, to air	TOCFL 5
廣泛	guǎngfàn	adjective — widespread; extensive; broad; wide-ranging	TOCFL 5
廣闊	guǎngkuò	adjective — vast, wide, expansive	TOCFL 4
延伸	yánshēn	verb — to extend, to stretch out	TOCFL 6
延續	yánxù	verb — to continue, carry on, prolong (over time)	TOCFL 5
延誤	yánwù	verb — to delay (and so miss or spoil something); noun — a delay that causes loss	TOCFL 5
延遲	yánchí	verb — to delay, postpone, put off; noun — a delay, lag	TOCFL 5
延長	yáncháng	verb — to extend, to prolong, to lengthen	TOCFL 4
建國	jiànguó	verb — to found a nation; to establish a state	TOCFL 1
建成	jiànchéng	verb — to complete construction; to be built	TOCFL 4
建有	jiànyǒu	verb — to have built (there stands, on a site: a hall, bridge, monument)	TOCFL 5
建立	jiànlì	verb — to establish; to found; to build up	TOCFL 2
建築	jiànzhù	noun/verb — architecture; building; a structure; to build	TOCFL 3
建設	jiànshè	verb — to build; to develop; noun — construction; development	TOCFL 3
建議	jiànyì	noun/verb — suggestion; proposal; to suggest; to recommend	TOCFL 4
建造	jiànzào	verb — to build; to construct	TOCFL 5
弄錯	nòngcuò	verb — to get wrong, mix up, make a mistake about	TOCFL 4
式樣	shìyàng	noun — style, pattern, design (of a product)	TOCFL 4
引導	yǐndǎo	verb — to guide; to lead; to show the way	TOCFL 6
引擎	yǐnqíng	noun — an engine, a motor	TOCFL 5
引用	yǐnyòng	verb — to quote; to cite	TOCFL 5
引發	yǐnfā	verb — to trigger, give rise to, set off	TOCFL 4
引起	yǐnqǐ	verb — to cause; to give rise to; to trigger	TOCFL 4
引進	yǐnjìn	verb — to introduce, to bring in (technology, talent, capital from outside)	TOCFL 6
弟兄	dìxiōng	noun — brothers; comrades, the guys (in a group bound like kin)	TOCFL 5
弟子	dìzǐ	noun — a disciple, a pupil	TOCFL 5
弟弟	dìdi	noun — younger brother	TOCFL 1
張貼	zhāngtiē	verb — to post up, to put up (a notice, poster); to post (online)	TOCFL 5
張開	zhāngkāi	verb — to open up, spread, stretch open (mouth, arms, eyes)	TOCFL 4
強人	qiángrén	noun — strong figure, capable powerhouse (esp. 女強人, a high-achieving woman)	TOCFL 4
強勁	qiángjìng	adjective — powerful, forceful, vigorous (a wind, a current, growth, a rival)	TOCFL 5
強壯	qiángzhuàng	adjective — strong and sturdy, robust (of a body, an animal)	TOCFL 5
強大	qiángdà	adjective — powerful, mighty, strong	TOCFL 4
強度	qiángdù	noun — strength, intensity (of a force, material, signal)	TOCFL 4
強權	qiángquán	noun — a great power; might, force used as authority	TOCFL 5
強求	qiǎngqiú	verb — to force, to demand against the grain; to insist on having (what won't come freely)	TOCFL 5
強烈	qiángliè	adjective — strong, intense; powerful in degree	TOCFL 5
強盜	qiángdào	noun — a robber, a bandit (one who takes by force)	TOCFL 3
強調	qiángdiào	verb — to emphasize; to stress; to underscore	TOCFL 4
強迫	qiǎngpò	verb — to force, compel, coerce	TOCFL 4
彈性	tánxìng	noun — elasticity, springiness; flexibility (of rules, a schedule)	TOCFL 5
彌補	míbǔ	verb — to make up for, to make good (a loss, a gap, a mistake)	TOCFL 5
彎曲	wānqū	adjective — bent, curved, winding; verb — to bend, to curve	TOCFL 5
彎腰	wānyāo	verb — to bend at the waist, stoop, bow down	TOCFL 4
彗星	huìxīng	noun — a comet	TOCFL 5
形勢	xíngshì	noun — situation, circumstances, the lay of things	TOCFL 6
形容	xíngróng	verb — to describe; to depict (in words)	TOCFL 3
形式	xíngshì	noun — form, format, outward shape (as opposed to content)	TOCFL 4
形形色色	xíngxíngsèsè	idiom — of all kinds, all manner of, every sort imaginable	TOCFL 5
形態	xíngtài	noun — form, shape, the way something appears	TOCFL 6
形成	xíngchéng	verb — to form; to take shape; to develop into	TOCFL 3
形狀	xíngzhuàng	noun — shape, form (of a thing)	TOCFL 4
形象	xíngxiàng	noun — image; figure; the impression a person or thing gives	TOCFL 5
形體	xíngtǐ	noun — the physical form, the body and its shape	TOCFL 5
彩繪	cǎihuì	noun — colored painting, painted decoration; verb — to paint in colors	TOCFL 6
彩色	cǎisè	adjective/noun — color, multicolored (as opposed to black-and-white)	TOCFL 4
影印	yǐngyìn	verb — to photocopy; noun — photocopy	TOCFL 4
影射	yǐngshè	verb — to insinuate, to allude to (someone, indirectly); to hint at by stand-in	TOCFL 5
影本	yǐngběn	noun — photocopy, duplicate copy (of a document)	TOCFL 4
影片	yǐngpiàn	noun — a film, a movie, a video clip	TOCFL 4
影響	yǐngxiǎng	verb — to influence; to affect; noun — influence; effect; impact	TOCFL 3
彷彿	fǎngfú	adverb — as if, seemingly; verb — to seem like	TOCFL 6
彼此	bǐcǐ	pronoun — each other; one another; both sides	TOCFL 5
往來	wǎnglái	verb — to go back and forth, to come and go; noun — dealings, contact between people	TOCFL 5
往往	wǎngwǎng	adverb — often; frequently; as a rule; habitually	TOCFL 3
待會	dāihuǐ	adverb — in a moment, shortly, later (colloquial)	TOCFL 4
待會兒	dāihuǐr	adverb — in a moment, shortly, later (colloquial, with 兒-suffix)	TOCFL 4
待遇	dàiyù	noun — pay and benefits, treatment (how one is treated or remunerated)	TOCFL 4
很少	hěnshǎo	adverb — seldom; rarely	TOCFL 1
很快	hěnkuài	adv/adj — very fast; very soon	TOCFL 1
律師	lǜshī	noun — lawyer, attorney	TOCFL 4
後代	hòudài	noun — descendants, later generations, posterity	TOCFL 4
後來	hòulái	time word — later; afterwards; subsequently	TOCFL 2
後勤	hòuqín	noun — logistics; rear-area support and supply	TOCFL 6
後天	hòutiān	noun — the day after tomorrow	TOCFL 1
後年	hòunián	noun — the year after next	TOCFL 1
後悔	hòuhuǐ	verb — to regret, to feel remorse; to wish one had acted otherwise	TOCFL 4
後方	hòufāng	noun — the rear, the area behind; the home front (away from battle)	TOCFL 4
後期	hòuqī	noun — the later period, the late stage	TOCFL 1
後果	hòuguǒ	noun — consequence, aftermath (usually bad)	TOCFL 4
後者	hòuzhě	noun — the latter (of two named things)	TOCFL 5
後輩	hòubèi	noun — a junior, someone of a younger generation or later cohort	TOCFL 5
後退	hòutuì	verb — to retreat, to move backward, to fall back	TOCFL 4
後院	hòuyuàn	noun — backyard, the courtyard behind a house	TOCFL 4
後面	hòumiàn	noun — behind; the back; the part that follows	TOCFL 4
後頭	hòutou	noun — behind, the back, the rear (colloquial)	TOCFL 4
徒弟	túdì	noun — an apprentice, a disciple (learning a trade or art from a master)	TOCFL 5
得了	déliǎo	interjection — that's enough!, stop it!; adjective — manageable, all right (something can be handled)	TOCFL 4
得以	déyǐ	verb — to be able to, to get the chance to (often after conditions are met)	TOCFL 6
得分	défēn	verb/noun — to score (points); the score, points earned	TOCFL 4
得到	dédào	verb — to get, to obtain, to receive	TOCFL 2
得名	démíng	verb — to get its name; to be so named (from something)	TOCFL 4
得意	déyì	adjective — pleased with oneself; proud, complacent (after success)	TOCFL 3
得獎	déjiǎng	verb — to win a prize, to receive an award	TOCFL 4
得知	dézhī	verb — to learn of, to find out, to come to know	TOCFL 5
得罪	dézuì	verb — to offend, to give offense to, to affront (someone)	TOCFL 4
從不	cóngbù	adverb — never (has not, as a matter of habit); not ever	TOCFL 3
從事	cóngshì	verb — to engage in; to work in (a field); to take up (an occupation)	TOCFL 4
從來	cónglái	adverb — ever; (with negative) never (up to now)	TOCFL 3
從前	cóngqián	noun — the past, former times; adverb — formerly, once upon a time	TOCFL 1
從容	cōngróng	adjective — calm and unhurried, composed; with time to spare	TOCFL 5
從小	cóngxiǎo	adverb — from childhood, since one was small	TOCFL 4
從此	cóngcǐ	adverb — from this point on; ever since	TOCFL 4
從沒	cóngméi	adverb — never (have/has), never once	TOCFL 4
從而	cóng'ér	conjunction — thereby, thus, and as a result (introduces a consequence)	TOCFL 5
復原	fùyuán	verb — to recover, to return to the original state; to restore	TOCFL 5
復甦	fùsū	verb — to revive, to come back to life; (of an economy) to recover	TOCFL 5
循環	xúnhuán	verb/noun — to circulate, to cycle; a cycle, circulation	TOCFL 4
微小	wēixiǎo	adjective — tiny, minute, very small	TOCFL 5
微弱	wēiruò	adjective — faint and weak (a light, a sound, a pulse, a signal)	TOCFL 5
微微	wēiwēi	adverb — slightly; ever so faintly	TOCFL 4
微笑	wēixiào	verb — to smile (faintly); noun — a smile	TOCFL 4
徵收	zhēngshōu	verb — to levy, to collect (taxes, fees); to requisition (land)	TOCFL 5
徵求	zhēngqiú	verb — to solicit, to seek (opinions, volunteers), to ask for	TOCFL 4
德國	Déguó	proper noun — Germany, the country in central Europe	TOCFL 2
徹底	chèdǐ	adverb/adj — thorough; thoroughly; through and through	TOCFL 5
心事	xīnshì	noun — something weighing on one's mind, a worry or matter one broods over	TOCFL 5
心得	xīndé	noun — what one has learned (from experience); insights, takeaways	TOCFL 3
心思	xīnsi	noun — thoughts, what's on one's mind; the mood or inclination to do something; mental effort	TOCFL 5
心情	xīnqíng	noun — mood; frame of mind	TOCFL 3
心想	xīnxiǎng	verb — to think to oneself; used in narrative to signal internal thought	TOCFL 4
心意	xīnyì	noun — one's heartfelt feeling or intention (especially behind a gift or gesture)	TOCFL 3
心愛	xīn'ài	adjective — beloved, treasured, dearly loved (a person, a possession)	TOCFL 5
心態	xīntài	noun — mentality, frame of mind, the attitude one holds toward things	TOCFL 5
心理	xīnlǐ	noun — psychology; mental state; mind; psychological process	TOCFL 4
心理學	xīnlǐxué	noun — psychology	TOCFL 4
心疼	xīnténg	verb — to feel a pang for, to ache with tenderness; to grudge (waste, spending)	TOCFL 5
心目中	xīnmùzhōng	phrase — in one's mind/eyes, in one's estimation	TOCFL 4
心聲	xīnshēng	noun — heartfelt wishes, one's true inner voice, what one really feels	TOCFL 4
心胸	xīnxiōng	noun — breadth of mind; one's tolerance and outlook	TOCFL 5
心臟	xīnzàng	noun — the heart (the organ)	TOCFL 4
心裡	xīnlǐ	locative — in one's heart; in one's mind; inside oneself	TOCFL 3
心跳	xīntiào	noun/verb — heartbeat; the heart beats	TOCFL 4
心軟	xīnruǎn	adjective — soft-hearted; verb — to relent, to give in to pity	TOCFL 5
心酸	xīnsuān	adjective — grieved, heartsore; pained with sympathy or sorrow	TOCFL 5
心靈	xīnlíng	noun — the mind, the spirit, the soul (the inner mental world)	TOCFL 4
心頭	xīntóu	noun — the heart; the mind, where a feeling sits	TOCFL 6
必備	bìbèi	adjective — essential, indispensable; that must be kept ready	TOCFL 5
必定	bìdìng	adverb — surely, certainly, without fail	TOCFL 5
必然	bìrán	adj/adverb — inevitable; bound to be so	TOCFL 5
必要	bìyào	adjective — necessary, essential; noun — necessity	TOCFL 4
必需	bìxū	verb — to be essential, to be indispensable	TOCFL 5
必須	bìxū	adverb — must; have to; necessarily	TOCFL 2
忌妒	jìdù	verb — to be jealous of, to envy (resentfully)	TOCFL 4
忍不住	rěnbùzhù	verb phrase — cannot hold it back; cannot help (doing something)	TOCFL 4
忍受	rěnshòu	verb — to endure, to bear, to put up with (something painful)	TOCFL 4
忍心	rěnxīn	verb — to have the heart to (do something cruel/hard), to bring oneself to	TOCFL 4
忍痛	rěntòng	verb — to bear the pain; figuratively, to do something reluctantly at real cost	TOCFL 5
忍耐	rěnnài	verb — to endure, to put up with; to hold back (a reaction)	TOCFL 3
志向	zhìxiàng	noun — aspiration, ambition; the direction one's will is set toward	TOCFL 5
志氣	zhìqì	noun — aspiration, drive, ambition (the will to better oneself)	TOCFL 4
志趣	zhìqù	noun — one's aspirations and interests; where will and taste lean	TOCFL 5
志願	zhìyuàn	noun — aspiration; wish for the future; verb — to volunteer	TOCFL 5
忘記	wàngjì	verb — to forget	TOCFL 1
忙碌	mánglù	adjective — busy, occupied, bustling with things to do	TOCFL 4
忠實	zhōngshí	adjective — loyal and true; faithful (to a person, a cause, or the facts)	TOCFL 5
快樂	kuàilè	adjective — happy, joyful; noun — happiness	TOCFL 1
快活	kuàihuó	adjective — happy, carefree, in good spirits	TOCFL 5
快速	kuàisù	adj/adv — fast; rapid; at high speed	TOCFL 4
念書	niànshū	verb — to study, to read aloud, to attend school	TOCFL 2
念頭	niàntou	noun — a thought, an idea, a notion that rises in the mind	TOCFL 5
忽然	hūrán	adverb — suddenly; all of a sudden; unexpectedly	TOCFL 2
忽略	hūlüè	verb — to neglect, to overlook, to fail to notice	TOCFL 4
忽視	hūshì	verb — to disregard, to ignore, to not take seriously	TOCFL 4
怎樣	zěnyàng	pronoun — how; in what way; what is it like; what happened	TOCFL 2
怎麼	zěnme	pronoun — how, in what way; why	TOCFL 1
怎麼樣	zěnmeyàng	pronoun/adverb — how?; how about?; in what way? (asking about state, opinion, or proposal)	TOCFL 1
怎麼辦	zěnmebàn	phrase — what to do?, what should we do?	TOCFL 1
怒氣	nùqì	noun — anger, wrath; the heat of being angry	TOCFL 5
思念	sīniàn	verb — to miss, to long for; noun — longing for someone or somewhere	TOCFL 5
思想	sīxiǎng	noun — thought; thinking; ideology; ideas	TOCFL 4
思潮	sīcháo	noun — a current of thought, an intellectual trend; also the surge of one's own racing thoughts	TOCFL 5
思索	sīsuǒ	verb — to think deeply, to ponder, to turn over in one's mind	TOCFL 4
思維	sīwéi	noun — thinking, thought; the way the mind works	TOCFL 6
思考	sīkǎo	verb — to think over, to reflect; noun — thinking, reflection	TOCFL 4
怠慢	dàimàn	verb — to slight, to treat coldly; a host's set phrase of modesty (怠慢了)	TOCFL 5
急忙	jímáng	adverb — hurriedly; in a rush	TOCFL 4
急救	jíjiù	verb/noun — first aid; emergency rescue given on the spot	TOCFL 5
急診	jízhěn	noun — emergency medical treatment, emergency room visit	TOCFL 4
急躁	jízào	adjective — impatient and irritable; quick to fret and snap	TOCFL 5
性別	xìngbié	noun — sex; gender (male or female)	TOCFL 3
性命	xìngmìng	noun — life (as something that can be lost)	TOCFL 5
性情	xìngqíng	noun — temperament, disposition; a person's inborn cast of feeling	TOCFL 5
性格	xìnggé	noun — character, personality, temperament	TOCFL 4
性能	xìngnéng	noun — performance, capability (of a machine, material, or system)	TOCFL 5
性質	xìngzhì	noun — nature; character; quality; the inherent properties of something	TOCFL 5
怪不得	guàibude	phrase — no wonder, so that's why; also "can't blame (someone)"	TOCFL 4
恍惚	huǎnghū	adjective — dazed, in a trance; absent-minded, mind not quite present	TOCFL 5
恐嚇	kǒnghè	verb — to threaten, to intimidate; to frighten someone into compliance	TOCFL 5
恐怕	kǒngpà	adverb — I'm afraid (that); probably; perhaps (with worry)	TOCFL 4
恐怖	kǒngbù	adjective/noun — terrifying, horrifying; terror, horror	TOCFL 4
恐懼	kǒngjù	noun — fear, dread; verb — to be afraid	TOCFL 6
恢復	huīfù	verb — to recover; to restore; to resume; to return to a former state	TOCFL 3
恨不得	hènbude	phrase — to wish one could (do something at once); to be itching to — literally to resent being unable to	TOCFL 3
恩人	ēnrén	noun — a benefactor; one who has done you a great kindness	TOCFL 5
恩怨	ēnyuàn	noun — the kindnesses and grudges between people; old scores, the whole tangled history	TOCFL 5
恩情	ēnqíng	noun — a debt of kindness; the deep gratitude owed for great favor or love	TOCFL 5
恩愛	ēnài	adjective — loving and devoted, said of a married couple in deep affection	TOCFL 5
恩施	ēnshī	proper noun — Enshi, a Tujia and Miao autonomous prefecture in southwestern Hubei	named-entity
恭喜	gōngxǐ	verb — to congratulate; interjection — congratulations!	TOCFL 3
恭敬	gōngjìng	adjective — respectful, deferential; showing due reverence in manner	TOCFL 5
恭維	gōngwéi	verb — to flatter, to pay compliments (often more polite than sincere)	TOCFL 5
恰好	qiàhǎo	adverb — exactly, just right; as it happens	TOCFL 5
恰恰	qiàqià	adverb — exactly, precisely (often contrary to expectation)	TOCFL 5
恰當	qiàdàng	adjective — appropriate, fitting, apt	TOCFL 5
悄悄	qiāoqiāo	adverb — quietly, stealthily, on the sly (without being noticed)	TOCFL 4
悔恨	huǐhèn	verb/noun — to regret bitterly; deep remorse that turns back on oneself	TOCFL 5
悠久	yōujiǔ	adjective — long-standing, age-old (of history, tradition)	TOCFL 6
悠閒	yōuxián	adjective — leisurely, unhurried, at ease	TOCFL 5
患者	huànzhě	noun — a patient; a sufferer (of an illness)	TOCFL 5
悲劇	bēijù	noun — a tragedy (drama or real misfortune)	TOCFL 4
悲哀	bēiāi	adjective/noun — grieved, sorrowful; grief, sorrow	TOCFL 5
悲痛	bēitòng	adjective/noun — grieved, sorrowful; deep grief	TOCFL 4
悲觀	bēiguān	adjective — pessimistic; taking a hopeless view	TOCFL 5
悶熱	mēnrè	adjective — hot and stuffy, sultry, muggy (heat with no air movement)	TOCFL 4
情人	qíngrén	noun — a lover; a sweetheart; the one you are romantically involved with	TOCFL 3
情侶	qínglǚ	noun — a romantic couple, lovers	TOCFL 5
情報	qíngbào	noun — intelligence; gathered information (often secret)	TOCFL 5
情婦	qíngfù	noun — a mistress (a married man's secret lover)	TOCFL 5
情形	qíngxíng	noun — situation; circumstances; how things stand	TOCFL 3
情操	qíngcāo	noun — moral sentiment; a steady cast of high feeling and character	TOCFL 5
情景	qíngjǐng	noun — a scene, the sight and feel of a moment	TOCFL 5
情書	qíngshū	noun — a love letter	TOCFL 4
情況	qíngkuàng	noun — situation, circumstances, condition	TOCFL 3
情節	qíngjié	noun — plot; the sequence of events in a story or a case	TOCFL 5
情緒	qíngxù	noun — emotion; mood; feelings	TOCFL 5
情趣	qíngqù	noun — charm and interest; the flavor of feeling that makes something delightful	TOCFL 5
惋惜	wǎnxī	verb — to feel sorry over, to regret a loss	TOCFL 5
惡劣	èliè	adjective — bad, vile, atrocious (conditions, conduct, weather)	TOCFL 4
惡化	èhuà	verb — to worsen, to deteriorate	TOCFL 5
惡性	èxìng	adjective — malignant; of a vicious, self-worsening kind	TOCFL 5
惡意	èyì	noun — malice, ill intent	TOCFL 5
惦記	diànjì	verb — to keep thinking of, to be unable to stop worrying about someone	TOCFL 5
想不到	xiǎngbudào	phrase — unexpectedly, who would have thought; can't imagine	TOCFL 4
想像	xiǎngxiàng	verb — to imagine, to picture; noun — imagination	TOCFL 3
想到	xiǎngdào	verb — to think of; to call to mind; to anticipate	TOCFL 1
想念	xiǎngniàn	verb — to miss, to long for, to think of (someone absent) with longing	TOCFL 4
想法	xiǎngfǎ	noun — an idea, a thought, an opinion	TOCFL 2
想著	xiǎngzhe	verb phrase — to be thinking (about); thinking and keeping it in mind	TOCFL 1
想要	xiǎngyào	verb — to want; to wish for	TOCFL 1
想象	xiǎngxiàng	verb — to imagine; to picture in the mind; noun — imagination	TOCFL 5
想起	xiǎngqǐ	verb — to recall; to think of suddenly	TOCFL 4
想開	xiǎngkāi	verb — to come to terms with, to stop dwelling and let a worry go	TOCFL 5
惶恐	huángkǒng	adjective — frightened and anxious, in fearful unease	TOCFL 5
愉快	yúkuài	adjective — happy, cheerful, pleasant (of a mood or occasion)	TOCFL 3
意味	yìwèi	noun — implication, the flavor of meaning a thing carries; verb (意味著) — to signify	TOCFL 5
意味著	yìwèizhe	verb — to mean; to signify; to imply	TOCFL 4
意圖	yìtú	noun — intention, the aim behind an act; verb — to intend	TOCFL 5
意外	yìwài	adjective — unexpected; noun — an accident, a mishap	TOCFL 4
意志	yìzhì	noun — will; willpower; the resolve to do something	TOCFL 6
意思	yìsi	noun — meaning; an intention, a token gesture	TOCFL 1
意義	yìyì	noun — meaning; significance; value; purpose	TOCFL 4
意見	yìjiàn	noun — opinion; view; objection	TOCFL 3
意識	yìshí	noun — consciousness, awareness; verb — to be aware of	TOCFL 5
意識到	yìshídào	verb — to realize, to become aware of	TOCFL 5
意願	yìyuàn	noun — wish, will, willingness, what one wants to do	TOCFL 4
愚蠢	yúchǔn	adjective — stupid, foolish	TOCFL 5
愛人	àirén	noun — sweetheart, lover; (mainland usage) spouse, husband or wife	TOCFL 4
愛國	àiguó	verb/adjective — to love one's country; patriotic	TOCFL 3
愛好	àihào	verb/noun — to be keen on, to love (an activity); a hobby, a pastime	TOCFL 4
愛心	àixīn	noun — loving care; compassion; a kind heart toward others	TOCFL 3
愛情	àiqíng	noun — romantic love	TOCFL 4
愛惜	àixí	verb — to cherish; to treasure; to use sparingly out of care (time, things, oneself)	TOCFL 3
愛戴	àidài	verb — to love and revere (a leader, an elder)	TOCFL 5
愛滋病	àizībìng	noun — AIDS	TOCFL 5
愛護	àihù	verb — to cherish and protect; to care for (something/someone) and keep it from harm	TOCFL 4
感冒	gǎnmào	noun — a cold; verb — to catch a cold	TOCFL 1
感到	gǎndào	verb — to feel; to sense (an emotion or state in oneself)	TOCFL 4
感動	gǎndòng	verb — to be moved (emotionally); to touch (someone)	TOCFL 4
感受	gǎnshòu	verb — to feel, to sense; noun — a feeling, an impression	TOCFL 5
感性	gǎnxìng	adjective/noun — emotional, led by feeling; the sensory, feeling side	TOCFL 5
感恩	gǎn'ēn	verb — to feel grateful; to be thankful for kindness received	TOCFL 4
感情	gǎnqíng	noun — feeling; emotion; affection between people	TOCFL 4
感想	gǎnxiǎng	noun — one's thoughts and feelings (about an experience); reflections, impressions	TOCFL 3
感染	gǎnrǎn	verb — to infect, be infected; to catch (a disease); to influence, move (someone)	TOCFL 5
感激	gǎnjī	verb — to be deeply grateful; to feel moved by another's kindness	TOCFL 4
感興趣	gǎnxìngqù	phrase — to be interested (in something); to take an interest	TOCFL 3
感覺	gǎnjué	verb/noun — to feel; feeling; sense; impression	TOCFL 2
感觸	gǎnchù	noun — the feelings stirred in one by something seen or lived through	TOCFL 5
感謝	gǎnxiè	verb — to thank, to be grateful to; noun — gratitude	TOCFL 3
慈善	císhàn	adjective — charitable, benevolent (giving to help others)	TOCFL 5
慈禧	cíxǐ	proper noun — Empress Dowager Cixi, the woman who ruled late-Qing China from behind the throne	named-entity
態勢	tàishì	noun — the situation and the way it is trending; posture, stance	TOCFL 5
態度	tàidù	noun — attitude; manner toward something	TOCFL 4
慌張	huāngzhāng	adjective — flustered, panicked and scrambling	TOCFL 5
慎重	shènzhòng	adjective — careful and serious; cautious and deliberate (in a decision or matter)	TOCFL 4
慘重	cǎnzhòng	adjective — grievous, heavy (of losses, casualties)	TOCFL 5
慚愧	cánkuì	adjective — ashamed; feeling guilt over a fault or shortcoming	TOCFL 4
慢慢	mànmàn	adverb — slowly; little by little; gradually	TOCFL 1
慢用	mànyòng	phrase — please enjoy your meal; take your time eating (said by host or server)	TOCFL 3
慢跑	mànpǎo	verb — to jog; noun — jogging	TOCFL 2
慣例	guànlì	noun — a customary practice; the usual way things are done by convention	TOCFL 4
慫恿	sǒngyǒng	verb — to egg on, incite, talk someone into doing something	TOCFL 5
慰問	wèiwèn	verb — to console and inquire after; to comfort someone with kind words and ask how they are	TOCFL 4
慶典	qìngdiǎn	noun — a grand ceremony; a celebration	TOCFL 6
慶幸	qìngxìng	verb — to feel relieved and glad that something turned out well; to count oneself lucky	TOCFL 5
慶祝	qìngzhù	verb — to celebrate (a holiday, victory, milestone)	TOCFL 3
慷慨	kāngkǎi	adjective — generous, openhanded; also fervent, full of high feeling	TOCFL 5
憂鬱	yōuyù	adjective — melancholy, depressed; weighed down by lasting low spirits	TOCFL 4
憤怒	fènnù	noun — anger, fury; adj — furious, indignant	TOCFL 5
憧憬	chōngjǐng	verb — to yearn for, long for (a hoped-for future); noun — such a longing	TOCFL 5
憲法	xiànfǎ	noun — constitution; the fundamental law of a state	TOCFL 6
懂事	dǒngshì	adjective — sensible, mature; understanding how things work (esp. of a child)	TOCFL 3
懂得	dǒngde	verb — to understand, to know how to	TOCFL 4
應付	yìngfu	verb — to deal with, to cope with; to handle perfunctorily	TOCFL 5
應徵	yìngzhēng	verb — to apply for a job (or answer a call for recruits) in response to an advertised opening	TOCFL 5
應急	yìngjí	verb — to meet an urgent need, tide over an emergency; adj — for emergency use	TOCFL 5
應用	yìngyòng	verb — to apply; to put to use; noun — application; app	TOCFL 4
應當	yīngdāng	verb (modal) — should; ought to; must (moral or logical obligation)	TOCFL 3
應該	yīnggāi	modal verb — should; ought to; must	TOCFL 2
應變	yìngbiàn	verb — to react to a sudden change, handle a contingency on the fly	TOCFL 5
應邀	yìngyāo	verb — to accept an invitation; to attend at someone's request	TOCFL 4
應酬	yìngchóu	verb — to socialize as an obligation (banquets, drinks, small talk); noun — such a social engagement	TOCFL 5
應驗	yìngyàn	verb — (of a prediction, omen, or warning) to come true, prove correct in the event	TOCFL 5
懊惱	àonǎo	adj/verb — vexed and regretful, annoyed at oneself over something gone wrong	TOCFL 5
懦弱	nuòruò	adjective — cowardly and weak, lacking the nerve to stand firm	TOCFL 5
懶得	lǎnde	verb — to not feel like (doing); to be too unbothered to do something	TOCFL 4
懶惰	lǎnduò	adjective — lazy, idle, unwilling to put in effort	TOCFL 5
懶散	lǎnsǎn	adjective — slack and listless, idle and lacking focus or drive	TOCFL 5
懷中	huáizhōng	noun/locative — in one's arms; held against the chest	TOCFL 6
懷孕	huáiyùn	verb — to be pregnant; to carry a child	TOCFL 4
懷念	huáiniàn	verb — to miss and think back on; to long for a person, time, or place now gone	TOCFL 4
懷疑	huáiyí	verb — to doubt, to suspect; noun — suspicion	TOCFL 4
懸崖	xuányá	noun — a sheer cliff, a precipice dropping away under your feet	TOCFL 5
懸掛	xuánguà	verb — to hang, to suspend (from above)	TOCFL 6
懸殊	xuánshū	adjective — (of two things being compared) widely apart, vastly different in degree	TOCFL 5
戀愛	liàn'ài	noun/verb — romantic love; to be in a relationship, to date	TOCFL 3
成交	chéngjiāo	verb — to close a deal; to complete a sale or transaction	TOCFL 4
成人	chéngrén	noun — an adult; a fully grown person	TOCFL 4
成份	chéngfèn	noun — a component, ingredient; one of the parts that make up a whole	TOCFL 4
成全	chéngquán	verb — to help someone achieve a wish, step aside or pitch in so their hope comes true	TOCFL 5
成分	chéngfèn	noun — a component, an ingredient; one's social background	TOCFL 5
成功	chénggōng	verb/adjective — to succeed; successful	TOCFL 2
成品	chéngpǐn	noun — a finished product, the completed article off the line (as opposed to raw material or a half-made part)	TOCFL 5
成員	chéngyuán	noun — member	TOCFL 5
成天	chéngtiān	adverb — all day long; the whole day through (often of something tiresome or constant)	TOCFL 4
成就	chéngjiù	noun — achievement, accomplishment — verb — to achieve, to bring about	TOCFL 4
成效	chéngxiào	noun — the effect or result actually achieved by an effort; how well something worked	TOCFL 5
成敗	chéngbài	noun — success or failure, how an undertaking turns out (the two outcomes taken together)	TOCFL 5
成本	chéngběn	noun — cost; the money it takes to make something	TOCFL 5
成果	chéngguǒ	noun — achievement, fruits (of work)	TOCFL 4
成為	chéngwéi	verb — to become, to turn into	TOCFL 2
成熟	chéngshú	adjective — ripe; mature; verb — to ripen	TOCFL 4
成立	chénglì	verb — to establish; to found; to be valid (of an argument or organization)	TOCFL 4
成績	chéngjì	noun — result, achievement; grade, score	TOCFL 2
成衣	chéngyī	noun — ready-made clothing, garments mass-produced in standard sizes (as opposed to tailored)	TOCFL 5
成見	chéngjiàn	noun — a fixed preconception, a prejudice already settled before the facts	TOCFL 5
成語	chéngyǔ	noun — an idiom, set phrase (esp. the four-character idioms of Chinese)	TOCFL 4
成都	chéngdū	proper noun — Chengdu, capital of Sichuan province in southwest China	named-entity
成長	chéngzhǎng	verb — to grow up, to mature; noun — growth	TOCFL 4
我們	wǒmen	pronoun — we, us	TOCFL 1
我軍	wǒjūn	noun — our army, our forces (our own side in a war)	TOCFL 5
戒備	jièbèi	verb — to be on guard, take precautions and stand ready against trouble	TOCFL 5
戒指	jièzhi	noun — a finger ring (worn as jewelry)	TOCFL 4
或多或少	huòduōhuòshǎo	phrase — more or less; to some degree, one way or another	TOCFL 4
或是	huòshì	conj — or, or else (linking alternatives)	TOCFL 2
或者	huòzhě	conjunction — or, either … or; perhaps	TOCFL 2
或許	huòxǔ	adverb — maybe; perhaps	TOCFL 4
截止	jiézhǐ	verb — to close, to cut off (a deadline)	TOCFL 5
戰亂	zhànluàn	noun — the chaos and upheaval of wartime, the disorder war brings to ordinary life	TOCFL 5
戰勝	zhànshèng	verb — to defeat; to triumph over (an enemy, a fear, a difficulty)	TOCFL 6
戰友	zhànyǒu	noun — a comrade-in-arms, someone who fought alongside you (by extension, a close ally in any shared struggle)	TOCFL 5
戰國	zhànguó	proper noun — the Warring States, the era (c. 475–221 BC) when rival Chinese states fought for supremacy until Qin unified them	named-entity
戰場	zhànchǎng	noun — battlefield; the field of battle	TOCFL 5
戰士	zhànshì	noun — warrior; soldier; fighter	TOCFL 7
戰役	zhànyì	noun — a battle, a military campaign	TOCFL 6
戰後	zhànhòu	noun/time — postwar, the period after a war (esp. after WWII)	TOCFL 6
戰戰兢兢	zhànzhànjīngjīng	adjective — trembling with caution, walking on eggshells; fearfully careful for dread of a slip	TOCFL 5
戰機	zhànjī	noun — a warplane, fighter aircraft; also, the decisive moment in battle	TOCFL 6
戰火	zhànhuǒ	noun — the fires of war, the blaze of armed conflict spreading over a place	TOCFL 5
戰爭	zhànzhēng	noun — war; armed conflict	TOCFL 4
戰略	zhànlüè	noun/adjective — strategy; strategic	TOCFL 5
戰線	zhànxiàn	noun — a battlefront, a battle line; a front (of work or struggle)	TOCFL 6
戰術	zhànshù	noun — tactics; a tactical method	TOCFL 5
戰鬥	zhàndòu	verb — to fight, to do battle; noun — combat	TOCFL 6
戰鬥機	zhàndòujī	noun — a fighter aircraft, a warplane	TOCFL 6
戲劇	xìjù	noun — drama; theatre; a play	TOCFL 5
戲曲	xìqǔ	noun — Chinese traditional opera; sung musical theater	TOCFL 6
戶口	hùkǒu	noun — registered household and its members; the residence registration record itself	TOCFL 5
戶外	hùwài	noun/adjective — the outdoors; out in the open air, outside a building	TOCFL 4
房子	fángzi	noun — house; building	TOCFL 1
房客	fángkè	noun — tenant, lodger (one who rents a room or flat)	TOCFL 3
房屋	fángwū	noun — houses, buildings (the general term for dwellings)	TOCFL 3
房東	fángdōng	noun — a landlord, the owner of a rented home	TOCFL 2
房租	fángzū	noun — rent (for a house or room)	TOCFL 1
房間	fángjiān	noun — room	TOCFL 1
所以	suǒyǐ	conjunction — therefore; so; as a result	TOCFL 1
所在	suǒzài	noun — the place where something is; the location; the crux	TOCFL 6
所在地	suǒzàidì	noun — the place where something is located; the site; the seat	TOCFL 2
所屬	suǒshǔ	noun/adj — what one belongs to; affiliation; subordinate	TOCFL 5
所得	suǒdé	noun — what one gets; income, earnings (as in 所得稅, income tax)	TOCFL 5
所有	suǒyǒu	determiner — all, every; verb — to own, possess	TOCFL 1
所知	suǒzhī	noun — what one knows, one's knowledge	TOCFL 5
所說	suǒshuō	phrase — what (someone) says; that which is said	TOCFL 2
所謂	suǒwèi	modifier — so-called; what is called; what people call	TOCFL 5
所長	suǒzhǎng	noun — the head of an institute or office (director of a 所)	TOCFL 2
扇子	shànzi	noun — a (hand) fan	TOCFL 4
手上	shǒushàng	noun phrase — in hand; on hand; in one's possession	TOCFL 1
手冊	shǒucè	noun — a handbook, manual; a small booklet	TOCFL 5
手勢	shǒushì	noun — a gesture, hand signal	TOCFL 5
手套	shǒutào	noun — gloves	TOCFL 2
手工	shǒugōng	noun — handwork, handicraft; work done by hand rather than machine	TOCFL 4
手指	shǒuzhǐ	noun — a finger	TOCFL 4
手槍	shǒuqiāng	noun — a handgun, pistol	TOCFL 5
手機	shǒujī	noun — cellphone, mobile phone	TOCFL 1
手段	shǒuduàn	noun — means; method; measure; (sometimes) trick or stratagem	TOCFL 5
手法	shǒufǎ	noun — technique; the method or trick by which something is done	TOCFL 6
手續	shǒuxù	noun — procedure, formalities, the steps required to process something	TOCFL 3
手臂	shǒubì	noun — arm (shoulder to wrist)	TOCFL 5
手術	shǒushù	noun — surgery, a surgical operation	TOCFL 4
手表	shǒubiǎo	noun — a wristwatch	TOCFL 1
手裡	shǒulǐ	noun phrase — in one's hand; in one's grasp	TOCFL 1
手錶	shǒubiǎo	noun — a wristwatch	TOCFL 1
手電筒	shǒudiàntǒng	noun — a flashlight, torch	TOCFL 4
才智	cáizhì	noun — ability and wisdom; wits, intelligence	TOCFL 5
才能	cáinéng	noun — ability, talent	TOCFL 5
打仗	dǎzhàng	verb — to fight a war, to go to battle	TOCFL 3
打包	dǎbāo	verb — to pack up; to box up leftover food to take away, or bundle things together	TOCFL 4
打字	dǎzì	verb — to type (on a keyboard or typewriter)	TOCFL 4
打工	dǎgōng	verb — to work a casual or part-time job, to do hired labour	TOCFL 2
打手	dǎshǒu	noun — a hired thug, a strong-arm man, an enforcer	TOCFL 5
打扮	dǎban	verb — to dress up, doll up; to make oneself or someone look a certain way / noun — one's getup	TOCFL 4
打折	dǎzhé	verb — to give a discount, to sell at a reduced price	TOCFL 2
打招呼	dǎzhāohu	verb — to greet, say hello; to acknowledge someone with a word or gesture	TOCFL 4
打掃	dǎsǎo	verb — to clean, to sweep (a room, a house)	TOCFL 3
打擊	dǎjí	verb — to strike, to hit, to deal a blow; noun — a blow, a setback	TOCFL 5
打擾	dǎrǎo	verb — to disturb, bother; to interrupt or trouble someone	TOCFL 4
打斷	dǎduàn	verb — to interrupt; to break off (someone's speech or an action) / to break in two	TOCFL 4
打架	dǎjià	verb — to fight, to brawl (with fists)	TOCFL 3
打烊	dǎyàng	verb — (of a shop) to close for the day, to shut up shop	TOCFL 5
打牌	dǎpái	verb — to play cards or mahjong	TOCFL 5
打獵	dǎliè	verb — to hunt, to go hunting	TOCFL 5
打發	dǎfā	verb — to send someone off, to dispatch; to while away (time); to fob off	TOCFL 5
打破	dǎpò	verb — to break, to smash; to break (a record, a silence)	TOCFL 5
打算	dǎsuàn	verb — to plan, to intend; noun — a plan	TOCFL 2
打聽	dǎtīng	verb — to ask around, to inquire about, to find out (by asking others)	TOCFL 3
打賭	dǎdǔ	verb — to bet, to make a wager	TOCFL 5
打量	dǎliang	verb — to size someone up, to look over, to scrutinize	TOCFL 5
打針	dǎzhēn	verb — to give or get an injection; to have a shot	TOCFL 4
打開	dǎkāi	verb — to open, to turn on, to unfold	TOCFL 2
打電話	dǎdiànhuà	verb phrase — to make a phone call	TOCFL 1
打鬥	dǎdòu	verb/noun — to brawl, to fight; a fight, combat	TOCFL 5
托兒所	tuō'érsuǒ	noun — a day nursery, childcare center (for infants and toddlers)	TOCFL 4
扣除	kòuchú	verb — to deduct, to withhold (an amount)	TOCFL 5
扭轉	niǔzhuǎn	verb — to turn around, to reverse (a situation, a trend)	TOCFL 5
扮演	bànyǎn	verb — to play (a role); to act the part of, or fill a given role	TOCFL 4
批准	pīzhǔn	verb — to approve; to sanction; to authorize	TOCFL 5
批判	pīpàn	verb — to criticize, to repudiate; noun — a critique	TOCFL 6
批發	pīfā	verb/noun — to sell wholesale; wholesale trade	TOCFL 5
批評	pīpíng	verb — to criticize; to find fault with; noun — criticism	TOCFL 4
找到	zhǎodào	verb — to find; to have found (search succeeded)	TOCFL 2
找尋	zhǎoxún	verb — to search for, to look for	TOCFL 5
找錢	zhǎoqián	verb — to give change (after a purchase)	TOCFL 3
承包	chéngbāo	verb — to contract for, to take on (a job or project) as a whole	TOCFL 5
承擔	chéngdān	verb — to bear, to take on, to shoulder (a duty or cost)	TOCFL 5
承認	chéngrèn	verb — to admit, to acknowledge, to recognize	TOCFL 4
承諾	chéngnuò	verb — to promise; noun — a commitment one undertakes	TOCFL 5
技巧	jìqiǎo	noun — skill, technique, knack	TOCFL 3
技能	jìnéng	noun — a skill, a competency	TOCFL 5
技藝	jìyì	noun — a craft, a skilled art (esp. one needing practice)	TOCFL 5
技術	jìshù	noun — technology, technique, skill	TOCFL 3
抄襲	chāoxí	verb — to plagiarize, to copy someone else's work as one's own	TOCFL 5
抉擇	juézé	verb/noun — to choose (between weighty options); a hard choice	TOCFL 5
把手	bǎshou	noun — a handle, a grip (the part you take hold of)	TOCFL 5
把持	bǎchí	verb — to monopolize, to keep a tight grip on (power, control); to keep hold of (oneself)	TOCFL 5
把握	bǎwò	verb — to grasp, to seize (an opportunity); noun — certainty, assurance	TOCFL 5
抑制	yìzhì	verb — to restrain, to suppress, to hold in check	TOCFL 5
抓住	zhuāzhù	verb — to grab hold of, to catch and keep (a person, a chance, a point)	TOCFL 4
抓緊	zhuājǐn	verb — to grip tight; to seize (the time), to get right on it	TOCFL 5
投保	tóubǎo	verb — to take out insurance, to insure (oneself or property)	TOCFL 5
投入	tóurù	verb — to invest; to put into; to throw oneself into; adjective — absorbed; engrossed	TOCFL 4
投機	tóujī	verb/adj — to speculate (for quick gain), to play the angles; to hit it off, congenial	TOCFL 5
投票	tóupiào	verb — to vote, to cast a ballot	TOCFL 5
投訴	tóusù	verb — to lodge a complaint; noun — a formal complaint	TOCFL 4
投資	tóuzī	verb/noun — to invest; investment	TOCFL 4
投資者	tóuzīzhě	noun — an investor	TOCFL 5
投降	tóuxiáng	verb — to surrender; to give in	TOCFL 5
抗戰	kàngzhàn	noun — a war of resistance; specifically the War of Resistance against Japan	TOCFL 6
抗日	kàngrì	verb — to resist Japan; attributive — anti-Japanese (of war, era)	TOCFL 1
抗爭	kàngzhēng	verb/noun — to fight against, to protest, to struggle for one's rights	TOCFL 5
抗議	kàngyì	verb/noun — to protest; to voice strong objection to something seen as wrong	TOCFL 4
折合	zhéhé	verb — to convert to (an equivalent amount); to come out as, in another unit or currency	TOCFL 4
折扣	zhékòu	noun — a discount, markdown (off the original price)	TOCFL 4
折磨	zhémó	verb/noun — to torment, torture; to make someone suffer over time / prolonged suffering	TOCFL 4
折騰	zhēteng	verb — to toss back and forth, do over and over; to put through hardship, wear out	TOCFL 5
抬頭	táitóu	verb — to raise the head; to look up	TOCFL 5
抱怨	bàoyuàn	verb — to complain, to grumble, to gripe	TOCFL 3
抱歉	bàoqiàn	verb/adjective — to be sorry, feel apologetic; to regret having caused trouble	TOCFL 4
抱負	bàofù	noun — aspiration, ambition; the goal one carries within	TOCFL 5
抵制	dǐzhì	verb — to resist, boycott; to refuse and hold off	TOCFL 5
抵抗	dǐkàng	verb — to resist, to fight off; noun — resistance	TOCFL 5
抵押	dǐyā	verb — to mortgage, pledge (as security); noun — collateral	TOCFL 5
抵達	dǐdá	verb — to arrive at, to reach (a destination)	TOCFL 3
押金	yājīn	noun — deposit, security money (refundable money left as a pledge)	TOCFL 3
抽屜	chōuti	noun — a drawer (that slides in and out of a desk or chest)	TOCFL 4
抽查	chōuchá	verb — to spot-check, inspect at random	TOCFL 5
抽樣	chōuyàng	verb — to sample, take a sample; noun — sampling	TOCFL 5
抽空	chōukòng	verb — to find time, take time out (from a busy schedule)	TOCFL 5
抽象	chōuxiàng	adjective — abstract; verb — to abstract (draw out the general from particulars)	TOCFL 5
拉票	lāpiào	verb — to canvass for votes, solicit votes	TOCFL 5
拉肚子	lā dùzi	verb — to have diarrhea, to have an upset stomach (colloquial)	TOCFL 3
拉開	lākāi	verb — to pull open, pull apart; to widen (a gap, a distance)	TOCFL 4
拋棄	pāoqì	verb — to abandon, cast aside, throw away (a person, thing, or claim)	TOCFL 5
拍子	pāizi	noun — a beat (in music); a racket or bat (for striking)	TOCFL 5
拍攝	pāishè	verb — to shoot, film, photograph	TOCFL 5
拍照	pāizhào	verb — to take a photo	TOCFL 2
拍馬屁	pāimǎpì	verb phrase — to flatter, suck up to, butter someone up	TOCFL 5
拒絕	jùjué	verb — to refuse, to reject, to turn down	TOCFL 4
拖延	tuōyán	verb — to delay, drag out, put off	TOCFL 5
拖累	tuōlěi	verb — to be a burden on, drag down, encumber	TOCFL 5
拖鞋	tuōxié	noun — slippers, sandals (backless shoes)	TOCFL 2
招呼	zhāohu	verb — to greet; to call to, hail, or attend to someone	TOCFL 4
招待	zhāodài	verb — to receive and entertain (guests); to serve, to host	TOCFL 3
招手	zhāoshǒu	verb — to wave one's hand (to beckon, hail, or greet)	TOCFL 4
招牌	zhāopái	noun — shop sign, signboard; (figurative) a signature speciality or trademark	TOCFL 3
招生	zhāoshēng	verb — to recruit students; to enroll	TOCFL 6
招聘	zhāopìn	verb — to recruit; to hire (staff)	TOCFL 6
拜年	bàinián	verb — to pay a New Year call; to wish someone a happy (Lunar) New Year	TOCFL 4
拜拜	bàibài	verb — to worship (with offerings/incense); interjection — bye-bye	TOCFL 4
拜會	bàihuì	verb — to pay a formal call on, call on (officially or courteously)	TOCFL 5
拜託	bàituō	verb — to ask a favor of, to beg; interjection — please! (come on!)	TOCFL 4
拜訪	bàifǎng	verb — to call on, to visit (someone, formally/respectfully)	TOCFL 4
拳頭	quántou	noun — fist (the closed hand)	TOCFL 4
拼命	pīnmìng	verb — to risk one's life; adverb — desperately, for all one is worth	TOCFL 4
拿出	náchū	verb — to take out, to produce (something from a place)	TOCFL 4
拿手	náshǒu	adjective — good at, expert in, adept (at some skill)	TOCFL 3
持久	chíjiǔ	adjective — lasting, enduring, long-lasting; verb — to hold out over time	TOCFL 5
持平	chípíng	verb — to hold steady, stay level (unchanged); adjective — even-handed, fair	TOCFL 5
持續	chíxù	verb — to continue, to last; adjective — sustained	TOCFL 4
指出	zhǐchū	verb — to point out; to indicate; to draw attention to	TOCFL 4
指南針	zhǐnánzhēn	noun — a compass; (figuratively) a guiding principle	TOCFL 5
指定	zhǐdìng	verb — to designate, to appoint, to specify (a particular one)	TOCFL 4
指導	zhǐdǎo	verb/noun — to guide; to direct; guidance	TOCFL 4
指引	zhǐyǐn	verb — to guide, show the way; noun — guidance, guidelines	TOCFL 5
指控	zhǐkòng	verb — to accuse, charge (with wrongdoing); noun — an accusation	TOCFL 5
指揮	zhǐhuī	verb/noun — to direct; to command; to conduct (music); commander; conductor	TOCFL 5
指數	zhǐshù	noun — an index (a tracked number); exponent in mathematics	TOCFL 6
指望	zhǐwàng	verb — to count on, look to (for help); noun — hope, expectation	TOCFL 5
指標	zhǐbiāo	noun — indicator, index, target figure	TOCFL 6
指正	zhǐzhèng	verb — to point out and correct (errors); (polite) to offer one's comments	TOCFL 5
指示	zhǐshì	verb/noun — to instruct, to direct; instructions from above	TOCFL 5
指紋	zhǐwén	noun — a fingerprint	TOCFL 5
指著	zhǐzhe	verb — to be pointing at	TOCFL 4
指責	zhǐzé	verb — to censure, to reproach, to point the finger at	TOCFL 4
指頭	zhǐtou	noun — a finger (or toe)	TOCFL 1
指點	zhǐdiǎn	verb — to give pointers, show how; to point at and comment on	TOCFL 5
按摩	ànmó	verb — to massage; noun — massage	TOCFL 5
按時	ànshí	adverb — on time, on schedule, punctually	TOCFL 4
按照	ànzhào	preposition — according to, in accordance with, following (a rule or plan)	TOCFL 3
挑剔	tiāotī	verb — to nitpick, find fault; adjective — fussy, hard to please	TOCFL 5
挑戰	tiǎozhàn	verb — to challenge, to defy; noun — a challenge	TOCFL 4
挑選	tiāoxuǎn	verb — to pick out, to choose, to select	TOCFL 4
挫折	cuòzhé	noun — setback, frustration, a defeat that knocks you back	TOCFL 3
振動	zhèndòng	verb/noun — to vibrate; vibration	TOCFL 5
挽救	wǎnjiù	verb — to save, rescue (something slipping away); to retrieve a bad situation	TOCFL 5
捐款	juānkuǎn	verb — to donate money; noun — a donation, contribution	TOCFL 4
捐獻	juānxiàn	verb — to donate, contribute; noun — a donation	TOCFL 5
捐贈	juānzèng	verb — to donate, present as a gift; noun — a donation	TOCFL 5
捧場	pěngchǎng	verb — to show up in support; to cheer on, boost someone's act	TOCFL 5
捨不得	shěbude	verb — to be loath to part with, to grudge, to hate to (give up/spend/leave)	TOCFL 4
捨得	shěde	verb — to be willing to part with, to not grudge (spending/giving)	TOCFL 4
捷運	jiéyùn	noun — the metro, mass rapid transit (MRT)	TOCFL 2
授予	shòuyǔ	verb — to grant; to confer; to award	TOCFL 7
授權	shòuquán	verb — to authorize, to grant rights to; noun — authorization	TOCFL 6
授課	shòukè	verb — to teach a class, give instruction	TOCFL 5
掌握	zhǎngwò	verb — to grasp; to have command of (a skill, a situation)	TOCFL 5
掌聲	zhǎngshēng	noun — applause, the sound of clapping	TOCFL 4
掏出	tāochū	verb — to pull out, to fish out (from a pocket, bag, or hole)	TOCFL 5
排列	páiliè	verb — to arrange in order; to line up	TOCFL 5
排名	páimíng	verb — to rank, to be placed in order; noun — ranking, standing	TOCFL 5
排擠	páijǐ	verb — to push out, freeze out, edge someone aside	TOCFL 5
排斥	páichì	verb — to reject, to exclude, to repel	TOCFL 4
排球	páiqiú	noun — volleyball (the sport or the ball)	TOCFL 4
排除	páichú	verb — to remove, clear away, rule out (an obstacle, a possibility)	TOCFL 5
排隊	páiduì	verb — to line up, to queue	TOCFL 2
掙扎	zhēngzhá	verb — to struggle, strain against	TOCFL 5
掛號	guàhào	verb — to register (at a hospital); to send mail by registered post	TOCFL 2
掛號信	guàhàoxìn	noun — registered letter (mailed with a tracking number)	TOCFL 4
採光	cǎiguāng	verb — to let daylight in; noun — natural lighting (of a room, building)	TOCFL 5
採取	cǎiqǔ	verb — to adopt; to take (a measure, approach, or stance)	TOCFL 5
採用	cǎiyòng	verb — to adopt; to employ; to use (a method, approach, or technology)	TOCFL 5
採納	cǎinà	verb — to accept and adopt (a suggestion, opinion, plan)	TOCFL 5
採訪	cǎifǎng	verb — to interview; to gather news. noun — an interview	TOCFL 5
採購	cǎigòu	verb — to purchase (in bulk, for an organization); noun — procurement	TOCFL 5
探明	tànmíng	verb — to ascertain, find out for certain; to verify by investigation	TOCFL 6
探望	tànwàng	verb — to visit, call on (family, the sick, a friend)	TOCFL 5
探病	tànbìng	verb — to visit a sick person	TOCFL 5
探究	tànjiù	verb — to investigate, probe into, get to the bottom of	TOCFL 5
探索	tànsuǒ	verb — to explore, to probe into	TOCFL 6
探親	tànqīn	verb — to visit one's family/relatives (esp. after being apart)	TOCFL 4
探討	tàntǎo	verb — to explore, to investigate, to inquire into (a problem/topic)	TOCFL 4
探險	tànxiǎn	verb — to explore, venture into danger; noun — an expedition, adventure	TOCFL 5
接下來	jiēxiàlái	phrase — next, following this, in what comes after	TOCFL 4
接到	jiēdào	verb — to receive, to get (a letter, call, order)	TOCFL 4
接受	jiēshòu	verb — to accept; to receive; to take in	TOCFL 3
接待	jiēdài	verb — to receive guests; to host; to attend to visitors	TOCFL 5
接洽	jiēqià	verb — to make contact with and arrange (a matter, deal, business)	TOCFL 5
接管	jiēguǎn	verb — to take over (control, management, a post)	TOCFL 5
接納	jiēnà	verb — to accept, take in, welcome (a person, an idea)	TOCFL 5
接著	jiēzhe	adverb — next, then; verb — to carry on, follow on	TOCFL 3
接見	jiējiàn	verb — to receive (a visitor); to grant an audience/interview	TOCFL 4
接觸	jiēchù	verb — to touch; to come into contact with; to make contact	TOCFL 4
接近	jiējìn	verb — to approach, to draw near; adjective — close to	TOCFL 4
接連	jiēlián	adverb — one after another, in succession, repeatedly	TOCFL 5
接過	jiēguò	verb — to take (something handed over); to receive into one's hands	TOCFL 2
控制	kòngzhì	verb — to control; to restrain; to regulate	TOCFL 4
推出	tuīchū	verb — to launch, to release, to bring out (a product, plan, or person)	TOCFL 5
推動	tuīdòng	verb — to push forward, to drive, to promote	TOCFL 4
推崇	tuīchóng	verb — to hold in high esteem, extol, look up to	TOCFL 5
推廣	tuīguǎng	verb — to promote; to spread the use of; to popularize	TOCFL 5
推測	tuīcè	verb — to infer, conjecture; noun — a guess, conjecture	TOCFL 5
推理	tuīlǐ	noun/verb — reasoning; to reason step by step	TOCFL 5
推翻	tuīfān	verb — to overthrow, to overturn, to topple (a regime, a conclusion)	TOCFL 4
推薦	tuījiàn	verb — to recommend, put forward	TOCFL 4
推行	tuīxíng	verb — to put into practice, to roll out, to promote (a policy, a method)	TOCFL 6
推進	tuījìn	verb — to push forward, advance, propel	TOCFL 6
推選	tuīxuǎn	verb — to nominate and elect, put forward by common choice	TOCFL 5
推銷	tuīxiāo	verb — to market, to promote and sell, to push a product	TOCFL 3
推開	tuīkāi	verb — to push open; to push away, push aside	TOCFL 4
掩蓋	yǎngài	verb — to cover up, to conceal, to mask (a fact, a sound, a smell)	TOCFL 4
措施	cuòshī	noun — measure; step; policy action; countermeasure	TOCFL 5
描寫	miáoxiě	verb — to describe, to depict (in words or writing)	TOCFL 3
描繪	miáohuì	verb — to depict, portray, paint a picture of (in words or lines)	TOCFL 5
描述	miáoshù	verb — to describe, depict in words; noun — a description, an account	TOCFL 5
提供	tígōng	verb — to provide, to supply, to offer (something for use)	TOCFL 3
提倡	tíchàng	verb — to advocate, to promote, to encourage (a practice or idea)	TOCFL 5
提出	tíchū	verb — to put forward; to raise; to propose	TOCFL 3
提到	tídào	verb — to mention, to bring up	TOCFL 4
提前	tíqián	verb — to move up, do ahead of time, bring forward	TOCFL 5
提升	tíshēng	verb — to raise, to lift, to upgrade (a level, quality)	TOCFL 6
提及	tíjí	verb — to mention, bring up, refer to	TOCFL 5
提名	tímíng	verb — to nominate; noun — a nomination	TOCFL 6
提拔	tíbá	verb — to promote, single out and advance (a junior, a talent)	TOCFL 5
提早	tízǎo	verb — to move up (a time), to do ahead of schedule; adverb — earlier than planned	TOCFL 4
提昇	tíshēng	verb — to raise, lift, improve (quality, level, ability)	TOCFL 5
提議	tíyì	verb — to propose, suggest; noun — a proposal, suggestion	TOCFL 5
提起	tíqǐ	verb — to mention, to bring up; to lift up, to raise (one's spirits)	TOCFL 4
提醒	tíxǐng	verb — to remind; to prompt	TOCFL 4
提高	tígāo	verb — to raise, to lift, to improve (a level, a price, a skill)	TOCFL 3
插嘴	chāzuǐ	verb — to cut in, interrupt, butt into a conversation	TOCFL 5
插圖	chātú	noun — illustration (a picture inserted in text)	TOCFL 4
插曲	chāqǔ	noun — an interlude; a song inserted into a film or play; a small unexpected episode	TOCFL 5
插花	chāhuā	verb — to arrange flowers; noun — flower arrangement (the art of)	TOCFL 4
換取	huànqǔ	verb — to exchange for, trade something to get something	TOCFL 5
握手	wòshǒu	verb — to shake hands	TOCFL 3
揭幕	jiēmù	verb — to unveil (a monument); to inaugurate, mark the opening of (an event)	TOCFL 5
揭曉	jiēxiǎo	verb — to announce, to make public (a result, an answer)	TOCFL 5
援助	yuánzhù	verb — to aid, to give assistance to; noun — aid, assistance	TOCFL 5
損傷	sǔnshāng	verb — to damage, to injure, to harm; noun — damage, injury	TOCFL 6
損壞	sǔnhuài	verb — to damage, to break, to spoil (something so it no longer works)	TOCFL 5
損失	sǔnshī	noun — a loss; verb — to lose (suffer damage to)	TOCFL 5
損害	sǔnhài	verb — to damage, to harm; noun — damage	TOCFL 6
搏鬥	bódòu	verb — to grapple, to fight hand to hand, to struggle fiercely; noun — a fight, a struggle	TOCFL 5
搖擺	yáobǎi	verb — to sway, to rock back and forth; to waver, to vacillate	TOCFL 4
搖晃	yáohuàng	verb — to sway, to rock, to shake from side to side	TOCFL 5
搖頭	yáotóu	verb — to shake one's head (in refusal or doubt)	TOCFL 5
搜尋	sōuxún	verb — to search for; to look for; to hunt down	TOCFL 5
搜集	sōují	verb — to collect, to gather (by searching things out)	TOCFL 5
搬家	bānjiā	verb — to move house, to relocate one's home	TOCFL 2
搬運	bānyùn	verb — to haul, to transport, to move (goods) from place to place	TOCFL 4
搭配	dāpèi	verb — to pair up, to match, to combine (so the parts go together); noun — a pairing, combination	TOCFL 5
搶救	qiǎngjiù	verb — to rescue, to save (in an emergency), to salvage	TOCFL 4
摧殘	cuīcán	verb — to wreck, to ravage, to wear down cruelly (health, spirit, a living thing)	TOCFL 5
摧毀	cuīhuǐ	verb — to destroy, to demolish, to smash (utterly)	TOCFL 5
摩托車	mótuōchē	noun — a motorcycle, motorbike	TOCFL 2
撐腰	chēngyāo	verb — to back someone up, to give support (so they can stand firm)	TOCFL 5
撒謊	sāhuǎng	verb — to lie, to tell a lie	TOCFL 5
撤回	chèhuí	verb — to withdraw, to retract, to take back (a statement, request, troops)	TOCFL 5
撤銷	chèxiāo	verb — to revoke, cancel, rescind	TOCFL 6
撫育	fǔyù	verb — to nurture, to raise and care for (a child, the young)	TOCFL 5
撫養	fǔyǎng	verb — to raise, to bring up and provide for (a child, a dependent)	TOCFL 5
播出	bōchū	verb — to broadcast, to air (a programme on TV or radio)	TOCFL 5
撮合	cuōhe	verb — to match up, to bring two parties together (a couple, a deal)	TOCFL 5
撰寫	zhuànxiě	verb — to write, compose (an article, document)	TOCFL 5
撲滅	pūmiè	verb — to put out, to extinguish (a fire); to stamp out, to wipe out	TOCFL 4
擁抱	yōngbào	verb — to embrace, to hug, to hold in one's arms	TOCFL 4
擁擠	yōngjǐ	adjective — crowded, packed, jammed (with people)	TOCFL 4
擁有	yōngyǒu	verb — to possess; to have; to own	TOCFL 4
擁護	yōnghù	verb — to support, to endorse, to rally behind (a leader, a policy)	TOCFL 4
擅長	shàncháng	verb — to be good at, to excel in, to have a special skill in	TOCFL 5
擊落	jīluò	verb — to shoot down, to bring down (an aircraft, a flying target) by striking it	TOCFL 5
操作	cāozuò	verb — to operate; to handle; noun — operation	TOCFL 5
操場	cāochǎng	noun — a playground, sports ground, drill field (at a school)	TOCFL 2
操心	cāoxīn	verb — to worry about, to trouble oneself over, to take pains over	TOCFL 4
操縱	cāozòng	verb — to operate (a machine); to manipulate, to control behind the scenes (people, a market)	TOCFL 5
擔任	dānrèn	verb — to hold a position; to serve as; to take on a role	TOCFL 4
擔保	dānbǎo	verb — to guarantee, to vouch for, to stand surety for	TOCFL 4
擔心	dānxīn	verb — to worry	TOCFL 2
擔當	dāndāng	verb — to take on, to shoulder (a duty, responsibility); noun — readiness to take responsibility, mettle	TOCFL 5
擔負	dānfù	verb — to bear, to take on, to be charged with (a duty, cost, responsibility)	TOCFL 5
據悉	jùxī	phrase — it is reported that, according to what is known (formal news register)	TOCFL 5
據說	jùshuō	verb/adv — it is said that…, reportedly, according to what is said	TOCFL 4
擬定	nǐdìng	verb — to draw up, to draft and settle (a plan, a contract, a list)	TOCFL 5
擴充套件	kuòchōngtàojiàn	noun — a software extension; a browser add-on; a plug-in	TOCFL 3
擴大	kuòdà	verb — to expand; to enlarge; to widen	TOCFL 4
擴建	kuòjiàn	verb — to extend (a building, a facility); to enlarge by building	TOCFL 7
擴張	kuòzhāng	verb — to expand; to extend (territory, power, influence)	TOCFL 5
擴散	kuòsàn	verb — to spread out, to diffuse, to disperse over a wider area	TOCFL 5
擺脫	bǎituō	verb — to break free of; to shake off (something clinging)	TOCFL 5
攜帶	xiédài	verb — to carry (on one's person), to bring along	TOCFL 5
攝取	shèqǔ	verb — to take in, to absorb (nutrients, calories); to take up, to draw in	TOCFL 5
攝影	shèyǐng	noun — photography; verb — to photograph, to film	TOCFL 5
攝影機	shèyǐngjī	noun — a (movie/video) camera, a cine-camera	TOCFL 5
攝氏	shèshì	noun — Celsius, the centigrade temperature scale	TOCFL 5
攤位	tānwèi	noun — a stall, a booth (at a market or fair)	TOCFL 4
攤子	tānzi	noun — a (vendor's) stall, stand; (figuratively) a mess/operation to manage	TOCFL 4
攪和	jiǎohuo	verb — to mix together, to stir up; to mess things up, to meddle (colloquial)	TOCFL 5
支付	zhīfù	verb — to pay; to disburse	TOCFL 5
支出	zhīchū	noun — expenditure, outgoings, spending; verb — to pay out, to disburse	TOCFL 4
支應	zhīyìng	verb — to cope with, to manage (a demand or expense); to handle, to see to	TOCFL 5
支持	zhīchí	verb — to support, to back, to stand by; noun — support, backing	TOCFL 4
支援	zhīyuán	verb/noun — to support; to aid; to provide backup; backup support	TOCFL 5
支撐	zhīchēng	verb — to prop up, to hold up, to support; to sustain, to hold out	TOCFL 5
支票	zhīpiào	noun — a cheque, a check (written order to a bank to pay money)	TOCFL 4
支配	zhīpèi	verb — to control, to allocate, to dictate how something is used	TOCFL 6
收入	shōurù	verb — to take in; to collect; noun — income; revenue	TOCFL 3
收到	shōudào	verb — to receive, to have received (a thing reaches you)	TOCFL 3
收拾	shōushi	verb — to tidy up, put in order; to pack (one's things); to deal with (someone)	TOCFL 4
收據	shōujù	noun — a receipt (written proof that money or goods were received)	TOCFL 4
收益	shōuyì	noun — gains, returns, proceeds; the benefit taken in	TOCFL 5
收看	shōukàn	verb — to watch (a TV programme, a broadcast); to tune in	TOCFL 4
收穫	shōuhuò	noun — harvest, the crop gathered in; (figurative) gains, what you take away from an experience	TOCFL 3
收縮	shōusuō	verb — to contract, to shrink, to draw in; to scale back	TOCFL 5
收聽	shōutīng	verb — to tune in, to listen to (a broadcast)	TOCFL 5
收藏	shōucáng	verb — to collect, keep; noun — a collection	TOCFL 5
收買	shōumǎi	verb — to buy up, to purchase (in quantity); to buy off, to bribe over	TOCFL 5
收費	shōufèi	verb — to charge a fee, to collect payment	TOCFL 4
收購	shōugòu	verb — to buy up; to acquire (a company, or goods in bulk)	TOCFL 6
收集	shōují	verb — to collect, to gather (items, information) together	TOCFL 4
收音機	shōuyīnjī	noun — radio (the receiver set)	TOCFL 3
改名	gǎimíng	verb — to change one's name, to rename	TOCFL 3
改善	gǎishàn	verb — to improve, to make better	TOCFL 4
改天	gǎitiān	adverb — another day, some other time (to reschedule for later)	TOCFL 3
改建	gǎijiàn	verb — to rebuild, to renovate, to reconstruct	TOCFL 7
改正	gǎizhèng	verb — to correct, to put right (a mistake, an error)	TOCFL 4
改為	gǎiwéi	verb — to change into, to switch to	TOCFL 3
改稱	gǎichēng	verb — to rename; to change what something is called	TOCFL 3
改編	gǎibiān	verb — to adapt (a work into another form); to rearrange, to revise; to reorganize (a unit)	TOCFL 5
改良	gǎiliáng	verb — to improve, to refine; to make better (a method, breed, or product)	TOCFL 5
改觀	gǎiguān	verb — to take on a new look; to change one's view of something	TOCFL 5
改變	gǎibiàn	verb — to change; to alter; to transform	TOCFL 3
改造	gǎizào	verb — to transform; to remake, reform	TOCFL 5
改進	gǎijìn	verb — to improve; to make better	TOCFL 5
改選	gǎixuǎn	verb — to hold a new election; to re-elect, to replace by a fresh vote	TOCFL 5
改革	gǎigé	verb/noun — to reform; reform	TOCFL 3
攻擊	gōngjí	verb — to attack; to assault	TOCFL 5
攻讀	gōngdú	verb — to pursue (a degree or field), to study hard at, to major in	TOCFL 5
攻關	gōngguān	verb — to storm a pass; (figurative) to tackle a hard problem, to crack a key difficulty	TOCFL 7
放任	fàngrèn	verb — to let be, to leave unchecked; adj — laissez-faire, permissive	TOCFL 5
放假	fàngjià	verb — to have a holiday, to be off (school or work)	TOCFL 2
放大	fàngdà	verb — to enlarge, to magnify, to blow up (an image, a sound)	TOCFL 4
放學	fàngxué	verb — to finish school for the day, to be let out of class	TOCFL 4
放寬	fàngkuān	verb — to relax, to loosen, to ease (a rule, limit, or standard)	TOCFL 5
放心	fàngxīn	verb — to rest assured; to set one's mind at ease	TOCFL 3
放手	fàngshǒu	verb — to let go (one's grip), to release; to give a free hand, to stop holding back	TOCFL 4
放映	fàngyìng	verb — to screen, to show, to project (a film)	TOCFL 5
放棄	fàngqì	verb — to give up; to abandon	TOCFL 4
放款	fàngkuǎn	verb/noun — to lend money, to extend a loan; a loan made by a bank	TOCFL 5
放蕩	fàngdàng	adjective — dissolute, unrestrained, wild; loose in conduct	TOCFL 5
放逐	fàngzhú	verb — to banish, to exile, to send into exile	TOCFL 5
放鬆	fàngsōng	verb — to relax, loosen up; to slacken	TOCFL 4
政協	zhèngxié	proper noun — the CPPCC, China's political advisory body; short for 中國人民政治協商會議	named-entity
政府	zhèngfǔ	noun — government	TOCFL 2
政權	zhèngquán	noun — political power; a regime	TOCFL 6
政治	zhèngzhì	noun — politics; political affairs	TOCFL 3
政策	zhèngcè	noun — policy; a course of action adopted by a government or organization	TOCFL 4
政績	zhèngjī	noun — political achievements, a record in office, the results of governing	TOCFL 5
政見	zhèngjiàn	noun — political views, a candidate's stated positions, a policy platform	TOCFL 5
政變	zhèngbiàn	noun — a coup; a sudden, forcible seizure of government power	TOCFL 6
政體	zhèngtǐ	noun — form of government; political system, polity	TOCFL 6
政黨	zhèngdǎng	noun — political party	TOCFL 6
故事	gùshì	noun — a story; a tale	TOCFL 2
故宮	Gùgōng	proper noun — the Forbidden City, Beijing's old imperial palace; also the Palace Museum	TOCFL 4
故意	gùyì	adverb — on purpose, deliberately, intentionally	TOCFL 4
故道	gùdào	noun — an old route; the former course of a river	TOCFL 6
故鄉	gùxiāng	noun — one's hometown, native place, birthplace	TOCFL 4
效力	xiàolì	noun — effect, potency, force (of a drug or rule); verb — to serve, to work for	TOCFL 5
效勞	xiàoláo	verb — to render service, to work for, to serve (someone)	TOCFL 5
效忠	xiàozhōng	verb — to pledge loyalty to, to serve faithfully, to devote one's allegiance	TOCFL 5
效應	xiàoyìng	noun — an effect, an effect-phenomenon (溫室效應 greenhouse effect, 蝴蝶效應 butterfly effect)	TOCFL 5
效果	xiàoguǒ	noun — effect, result	TOCFL 4
效法	xiàofǎ	verb — to follow the example of, to emulate, to model oneself on	TOCFL 5
效率	xiàolǜ	noun — efficiency	TOCFL 4
效益	xiàoyì	noun — benefit, returns, effectiveness (the useful result of an effort)	TOCFL 6
效能	xiàonéng	noun — efficiency; effectiveness, performance	TOCFL 6
敏感	mǐngǎn	adjective — sensitive, easily affected; touchy (of a topic)	TOCFL 5
敏捷	mǐnjié	adjective — quick, nimble, agile (in movement or thought)	TOCFL 5
救命	jiùmìng	verb — to save a life; interjection — Help!	TOCFL 2
救援	jiùyuán	verb/noun — to rescue, to come to the aid of; a rescue, relief	TOCFL 5
救濟	jiùjì	verb/noun — to give relief to, to aid (the poor or disaster-struck); relief	TOCFL 5
救火	jiùhuǒ	verb — to fight a fire, to put out a fire	TOCFL 4
救護車	jiùhùchē	noun — an ambulance	TOCFL 2
敘述	xùshù	verb/noun — to narrate, to recount, to relate; an account, narration	TOCFL 5
教主	jiàozhǔ	noun — the head of a religious sect; a cult or sect leader	TOCFL 7
教化	jiàohuà	verb — to civilize, to educate morally; noun — moral cultivation, edification	TOCFL 5
教員	jiàoyuán	noun — a teacher, teaching staff member	TOCFL 5
教堂	jiàotáng	noun — church, chapel (a Christian place of worship)	TOCFL 3
教學	jiàoxué	noun — teaching, instruction; the work of teaching and learning together	TOCFL 4
教官	jiàoguān	noun — a military instructor; a drill officer (also the disciplinary officer at a Taiwanese school)	TOCFL 5
教室	jiàoshì	noun — a classroom	TOCFL 1
教導	jiàodǎo	verb — to teach and guide; noun — instruction, guidance	TOCFL 3
教師	jiàoshī	noun — teacher (professional/formal term)	TOCFL 3
教徒	jiàotú	noun — a believer, a follower of a religion	TOCFL 5
教授	jiàoshòu	noun/verb — professor; to teach; to impart (knowledge)	TOCFL 3
教書	jiāoshū	verb — to teach (as a profession), to teach school	TOCFL 2
教會	jiàohuì	noun — a church, a Christian congregation or denomination	TOCFL 4
教材	jiàocái	noun — teaching materials, courseware, a textbook	TOCFL 3
教法	jiàofǎ	noun — a way of teaching, a teaching method	TOCFL 3
教練	jiàoliàn	noun — a coach, a trainer, an instructor	TOCFL 3
教育	jiàoyù	verb — to educate; noun — education	TOCFL 2
教訓	jiàoxùn	noun — a lesson (learned the hard way); verb — to scold, to teach a lesson	TOCFL 5
教誨	jiàohuì	verb — to instruct, to admonish patiently; noun — guidance, teaching (formal)	TOCFL 5
散佈	sànbù	verb — to scatter, to spread widely (rumors, seeds, a population)	TOCFL 5
散布	sànbù	verb — to scatter, to spread widely (rumors, seeds, a population)	TOCFL 5
散文	sǎnwén	noun — prose; the essay (as a literary genre, set against verse)	TOCFL 5
散步	sànbù	verb — to take a walk, to stroll	TOCFL 2
敬佩	jìngpèi	verb — to admire and respect, to hold in esteem	TOCFL 5
敬愛	jìng'ài	verb — to respect and love, to hold in respectful affection (an elder, a teacher)	TOCFL 4
敬禮	jìnglǐ	verb — to salute, to pay respects; noun — a salute	TOCFL 4
敬酒	jìngjiǔ	verb — to propose a toast, to offer wine respectfully (to a guest, an elder)	TOCFL 4
整整	zhěngzhěng	adverb — fully, exactly (a whole amount, with nothing short) — 整整三年, a full three years	TOCFL 4
整數	zhěngshù	noun — a whole number, an integer; a round number	TOCFL 4
整潔	zhěngjié	adjective — tidy and clean, neat	TOCFL 4
整理	zhěnglǐ	verb — to tidy up, to put in order, to sort out	TOCFL 4
整頓	zhěngdùn	verb — to rectify, reorganize, put back in order (a system, a team, discipline)	TOCFL 6
整體	zhěngtǐ	noun — the whole; the entirety (as one unit)	TOCFL 4
整齊	zhěngqí	adjective — neat, tidy, in good order, evenly lined up	TOCFL 3
敵人	dírén	noun — enemy; foe	TOCFL 4
敷衍	fūyǎn	verb — to go through the motions, to fob someone off, to do a half-hearted job	TOCFL 5
數字	shùzì	noun — number, digit, figure	TOCFL 4
數學	shùxué	noun — mathematics	TOCFL 4
數據	shùjù	noun — data (numerical figures collected for analysis)	TOCFL 5
數目	shùmù	noun — a number, an amount, a quantity (esp. of money or items)	TOCFL 4
數量	shùliàng	noun — quantity; amount; number	TOCFL 4
文件	wénjiàn	noun — a document, a file, paperwork	TOCFL 3
文具	wénjù	noun — stationery, writing materials (pens, paper, etc.)	TOCFL 4
文化	wénhuà	noun — culture; civilization	TOCFL 3
文壇	wéntán	noun — the literary world, literary circles	TOCFL 5
文字	wénzì	noun — writing; written characters; script	TOCFL 4
文學	wénxué	noun — literature; literary study	TOCFL 3
文庫	wénkù	noun — a library; a pocket-format book series (a curated shelf of writings)	TOCFL 6
文憑	wénpíng	noun — a diploma, a certificate of qualification	TOCFL 4
文明	wénmíng	noun/adjective — civilization; civilized; cultured	TOCFL 4
文法	wénfǎ	noun — grammar	TOCFL 2
文物	wénwù	noun — cultural relics, historical artifacts	TOCFL 4
文獻	wénxiàn	noun — documents, records, literature (source materials of record)	TOCFL 5
文章	wénzhāng	noun — article; essay; piece of writing	TOCFL 3
文藝	wényì	noun — literature and art; the arts; adj — artsy, of refined taste	TOCFL 6
斧頭	fǔtóu	noun — an axe, a hatchet	TOCFL 5
斯文	sīwén	adjective — refined, genteel, soft-spoken; noun — culture and its bearers (literary, dated)	TOCFL 5
新型	xīnxíng	adjective — new-type; new-model	TOCFL 1
新娘	xīnniáng	noun — a bride (a woman on her wedding day)	TOCFL 4
新年	xīnnián	noun — the New Year	TOCFL 1
新式	xīnshì	adjective — new-style, modern, new-fashioned	TOCFL 4
新手	xīnshǒu	noun — a beginner, a novice, a newbie	TOCFL 5
新月	xīnyuè	noun — a new moon; a crescent moon	TOCFL 5
新潮	xīncháo	adjective — trendy, fashionable, up-to-the-minute	TOCFL 5
新生	xīnshēng	noun — a new student, a freshman; also newborn, newly born	TOCFL 3
新疆	xīnjiāng	proper noun — Xinjiang, a vast desert-and-mountain region in China's far northwest	named-entity
新穎	xīnyǐng	adjective — novel, fresh, original (of an idea, design, style)	TOCFL 5
新聞	xīnwén	noun — news; news media; journalism	TOCFL 3
新興	xīnxīng	adjective — newly risen, emerging, up-and-coming (an industry, a force)	TOCFL 4
新郎	xīnláng	noun — a bridegroom, a groom (a man on his wedding day)	TOCFL 4
新鮮	xīnxiān	adjective — fresh (food, air); new and novel	TOCFL 2
斷絕	duànjué	verb — to sever, to break off, to cut off completely (ties, supplies, relations)	TOCFL 5
方位	fāngwèi	noun — direction, bearing, position (compass orientation)	TOCFL 5
方便	fāngbiàn	adjective — convenient; verb — to suit	TOCFL 2
方向	fāngxiàng	noun — direction; orientation; bearing	TOCFL 3
方向盤	fāngxiàngpán	noun — a steering wheel	TOCFL 5
方式	fāngshì	noun — a way, a manner, a means of doing something	TOCFL 3
方案	fāng'àn	noun — plan; proposal; scheme	TOCFL 5
方正	fāngzhèng	adjective — foursquare, neat and square (of shape); upright, principled (of a person)	TOCFL 5
方法	fāngfǎ	noun — method; approach; way of doing something	TOCFL 3
方針	fāngzhēn	noun — guiding principle, policy direction	TOCFL 6
方面	fāngmiàn	noun — aspect; side; regard; dimension	TOCFL 2
於是	yúshì	conjunction — so; therefore; as a result; thereupon	TOCFL 3
施工	shīgōng	verb — to carry out construction; to be under construction	TOCFL 6
施肥	shīféi	verb — to fertilize, to apply fertilizer (to crops or soil)	TOCFL 5
施行	shīxíng	verb — to put into effect, to implement, to carry out (a law, policy, measure)	TOCFL 5
旁人	pángrén	noun — other people, bystanders, outsiders (those not directly involved)	TOCFL 5
旁聽	pángtīng	verb — to sit in on, to audit (a class); to attend as an observer (a trial, a meeting)	TOCFL 5
旁邊	pángbiān	noun — the side; beside	TOCFL 1
旅客	lǚkè	noun — a traveler, a passenger, a tourist	TOCFL 3
旅行	lǚxíng	noun/verb — travel; a trip	TOCFL 1
旅行社	lǚxíngshè	noun — a travel agency	TOCFL 4
旅費	lǚfèi	noun — travel expenses, travelling costs, the fare for a journey	TOCFL 5
旅途	lǚtú	noun — a journey, the course of a trip, the road one travels	TOCFL 5
旅遊	lǚyóu	verb/noun — to travel; tourism; a trip	TOCFL 2
旅遊區	lǚyóuqū	noun — a tourist area; a zone set aside for sightseeing	TOCFL 4
旅館	lǚguǎn	noun — a hotel, an inn	TOCFL 1
旋律	xuánlǜ	noun — melody, tune (the line of pitches a piece of music follows)	TOCFL 5
旋轉	xuánzhuǎn	verb — to rotate, to spin, to revolve	TOCFL 5
旗幟	qízhì	noun — a flag, banner; (fig.) a standard, cause	TOCFL 5
旗袍	qípáo	noun — a cheongsam, a qipao (a close-fitting traditional Chinese dress for women)	TOCFL 4
既有	jìyǒu	attr — existing, already-in-place (既有制度 the existing system, 既有建築 existing buildings)	TOCFL 5
既然	jìrán	conjunction — since, now that, given that	TOCFL 4
日光燈	rìguāngdēng	noun — fluorescent lamp, fluorescent tube light	TOCFL 5
日出	rìchū	noun — sunrise, the rising of the sun	TOCFL 3
日前	rìqián	adverb — a few days ago; recently (formal, news register)	TOCFL 7
日報	rìbào	noun — a daily newspaper, a daily	TOCFL 4
日子	rìzi	noun — days; one's life; a particular day	TOCFL 3
日常	rìcháng	adjective — everyday, daily; noun — daily routine	TOCFL 4
日後	rìhòu	noun/adverb — in the future, in days to come, later on	TOCFL 4
日月	rìyuè	noun — sun and moon; (by extension) time, days passing	TOCFL 1
日期	rìqī	noun — a date (calendar)	TOCFL 4
日本	Rìběn	proper noun — Japan	TOCFL 2
日用品	rìyòngpǐn	noun — daily necessities, everyday articles (soap, towels, etc.)	TOCFL 4
日益	rìyì	adverb — increasingly; day by day	TOCFL 5
日程	rìchéng	noun — schedule, agenda, the day's programme	TOCFL 5
日記	rìjì	noun — a diary, a journal	TOCFL 2
日軍	rìjūn	noun — the Japanese army; Japanese troops	TOCFL 5
早上	zǎoshàng	noun — the morning	TOCFL 1
早就	zǎojiù	adverb — long ago; already (and well before now)	TOCFL 1
早已	zǎoyǐ	adverb — long since; already a long time ago	TOCFL 3
早日	zǎorì	adverb — soon, at an early date (in wishes: may you … soon)	TOCFL 3
早晚	zǎowǎn	noun — morning and evening; adverb — sooner or later, eventually	TOCFL 3
早晨	zǎochén	noun — early morning, dawn	TOCFL 2
早期	zǎoqī	noun/adj — the early period; early-stage	TOCFL 1
早點	zǎodiǎn	noun — breakfast, morning refreshments; adverb — a bit earlier	TOCFL 2
旺季	wàngjì	noun — peak season, busy season (when business or trade is brisk)	TOCFL 5
旺盛	wàngshèng	adjective — vigorous, exuberant, full of energy (of life, growth, fire)	TOCFL 5
昂貴	ángguì	adjective — expensive, costly (of a high, steep price)	TOCFL 5
昆蟲	kūnchóng	noun — insect	TOCFL 5
明亮	míngliàng	adjective — bright, well-lit, luminous; (of eyes) clear and shining	TOCFL 4
明天	míngtiān	noun — tomorrow	TOCFL 1
明年	míngnián	noun — next year	TOCFL 1
明日	míngrì	noun — tomorrow (formal); the near future	TOCFL 5
明明	míngmíng	adverb — plainly, clearly (often before a fact that contradicts what follows)	TOCFL 4
明星	míngxīng	noun — a star; a celebrity (of film, sport, music)	TOCFL 4
明智	míngzhì	adjective — wise, sensible (of a clear-sighted choice or judgment)	TOCFL 5
明朝	Míngcháo	proper noun — the Ming dynasty (1368–1644), the dynasty before the Qing	TOCFL 4
明清	MíngQīng	proper noun — the Ming and Qing, China's last two dynasties taken together (1368–1912)	TOCFL 6
明理	mínglǐ	adjective — reasonable, sensible (of a person who understands what is right)	TOCFL 5
明白	míngbái	adjective/verb — clear; to understand; obvious; to make plain	TOCFL 2
明確	míngquè	adjective — clear; explicit; definite; verb — to make clear	TOCFL 5
明顯	míngxiǎn	adjective — obvious; evident; clear; conspicuous	TOCFL 4
昏倒	hūndǎo	verb — to faint, to pass out, to collapse unconscious	TOCFL 4
昏迷	hūnmí	verb — to be unconscious, to be in a coma; noun — unconsciousness, coma	TOCFL 4
昔日	xīrì	noun — former days, the past, days gone by	TOCFL 5
星光	xīngguāng	noun — starlight, the light of the stars	TOCFL 4
星座	xīngzuò	noun — constellation; star sign (of the zodiac)	TOCFL 5
星星	xīngxing	noun — a star (in the sky)	TOCFL 2
星期	xīngqí	noun — a week; (with a number) the day of the week	TOCFL 1
星期天	xīngqítiān	noun — Sunday	TOCFL 1
星期日	xīngqírì	noun — Sunday	TOCFL 1
星辰	xīngchén	noun — the stars (collective, often literary)	TOCFL 5
春假	chūnjià	noun — spring break, the spring school holiday	TOCFL 2
春天	chūntiān	noun — spring, the springtime	TOCFL 1
春季	chūnjì	noun — the spring season; springtime	TOCFL 2
春秋	chūnqiū	noun — spring and autumn; the years; a person's age	TOCFL 2
春節	Chūnjié	proper noun — the Spring Festival, Chinese New Year	named-entity
昨天	zuótiān	noun — yesterday	TOCFL 1
昨日	zuórì	noun — yesterday (literary register of 昨天)	TOCFL 4
是不是	shìbùshì	phrase — is it or isn't it?; right? (tag question)	TOCFL 1
是否	shìfǒu	adverb — whether or not, whether…; is it so or not	TOCFL 4
是非	shìfēi	noun — right and wrong; (also) quarrels, gossip, trouble	TOCFL 4
時代	shídài	noun — era; period; age	TOCFL 3
時候	shíhòu	noun — time, moment; the time when	TOCFL 1
時光	shíguāng	noun — time, the passing hours; a span of time, days	TOCFL 5
時分	shífēn	noun — a point in time; hour, moment (literary)	TOCFL 5
時刻	shíkè	noun — a moment, a point in time; adverb — at every moment, constantly	TOCFL 5
時差	shíchā	noun — time difference between places; jet lag	TOCFL 2
時常	shícháng	adverb — often, frequently, time and again	TOCFL 4
時效	shíxiào	noun — the period during which something stays effective; (law) statute of limitations	TOCFL 5
時時	shíshí	adverb — constantly, at all times, again and again	TOCFL 4
時期	shíqī	noun — period; era; phase	TOCFL 3
時機	shíjī	noun — an opportunity, the right moment, a favourable timing	TOCFL 4
時節	shíjié	noun — season, time of year; a particular time or occasion	TOCFL 5
時鐘	shízhōng	noun — a clock	TOCFL 2
時間	shíjiān	noun — time; a period of time	TOCFL 1
時髦	shímáo	adjective — fashionable, stylish, in vogue	TOCFL 5
晉級	jìnjí	verb — to move up a grade, to advance to the next level (rank, round, class)	TOCFL 5
晚上	wǎnshàng	noun — evening; night	TOCFL 1
晚輩	wǎnbèi	noun — a younger member of a family or group, a junior (in generation or seniority)	TOCFL 4
普及	pǔjí	verb — to spread to everyone, to become widespread; adj — universal, popularized	TOCFL 5
普查	pǔchá	noun/verb — a general survey; a census; to survey across the board	TOCFL 3
普通	pǔtōng	adjective — ordinary; common; average; unremarkable	TOCFL 2
普通話	pǔtōnghuà	noun — Putonghua, Mandarin (the standard spoken form of Chinese used in mainland China)	TOCFL 4
普遍	pǔbiàn	adjective — widespread; common; universal	TOCFL 4
景氣	jǐngqì	noun — the state of the economy, business conditions; (often) prosperity, a boom	TOCFL 5
景物	jǐngwù	noun — the scenery, the things in view (landscape and its objects)	TOCFL 5
景色	jǐngsè	noun — scenery, a view, a landscape	TOCFL 4
景觀	jǐngguān	noun — a landscape, scenery, a view	TOCFL 6
景象	jǐngxiàng	noun — scene, sight, spectacle (the look of a whole situation)	TOCFL 5
景點	jǐngdiǎn	noun — scenic spot; tourist attraction	TOCFL 5
晴天	qíngtiān	noun — a clear, sunny day	TOCFL 2
智力	zhìlì	noun — intelligence	C1
智慧	zhìhuì	noun — wisdom, intelligence, insight	TOCFL 3
暑假	shǔjià	noun — summer vacation; the summer holidays	TOCFL 2
暑期	shǔqí	noun — the summer period; the summer vacation (as a span of time, often for school)	TOCFL 4
暖和	nuǎnhuo	adjective — warm, pleasantly mild (weather, a room)	TOCFL 2
暖氣	nuǎnqì	noun — heating; warm air (from a heating system in winter)	TOCFL 4
暗中	ànzhōng	adverb — secretly, in secret, behind the scenes	TOCFL 4
暗暗	ànàn	adverb — secretly; inwardly; on the quiet	TOCFL 4
暢銷	chàngxiāo	verb — to sell well; adjective — best-selling	TOCFL 5
暫時	zànshí	adv/adj — for the time being, temporarily; temporary	TOCFL 4
暴力	bàolì	noun — violence; physical force used to harm	TOCFL 4
暴躁	bàozào	adjective — irritable, hot-tempered, quick to anger	TOCFL 4
暴雨	bàoyǔ	noun — torrential rain, a rainstorm, a downpour	TOCFL 5
暴露	bàolù	verb — to expose, lay bare, reveal (what was hidden)	TOCFL 5
曉得	xiǎodé	verb — to know, to be aware of (colloquial, esp. Taiwan/southern usage)	TOCFL 4
曝光	pùguāng	verb — to expose (film); to bring to light	TOCFL 5
曲折	qūzhé	adjective — winding, twisting; (of a story or situation) full of complications	TOCFL 4
更加	gèngjiā	adverb — even more; all the more; increasingly	TOCFL 3
更動	gēngdòng	verb — to change, to alter (an arrangement, schedule, plan); noun — a change, alteration	TOCFL 5
更名	gēngmíng	verb — to change one's name; to rename	TOCFL 2
更好	gènghǎo	adverb-phrase — better; even better	TOCFL 2
更新	gēngxīn	verb — to update; to renew; to refresh	TOCFL 6
更為	gèngwéi	adverb — even more, all the more (before an adjective: 更為重要 all the more important)	TOCFL 6
書包	shūbāo	noun — a schoolbag, satchel	TOCFL 2
書寫	shūxiě	verb — to write, to write out (esp. by hand, in a formal register)	TOCFL 5
書店	shūdiàn	noun — a bookshop, a bookstore	TOCFL 1
書房	shūfáng	noun — a study; a room for reading and writing	TOCFL 2
書本	shūběn	noun — books (collectively); a book	TOCFL 5
書架	shūjià	noun — a bookshelf, bookcase	TOCFL 2
書桌	shūzhuō	noun — a desk, writing table	TOCFL 2
書法	shūfǎ	noun — calligraphy; the art of writing characters	TOCFL 2
書籍	shūjí	noun — books (collective term for books in general)	TOCFL 4
書記	shūjì	noun — secretary; party secretary; clerk	TOCFL 5
書面	shūmiàn	adjective — written, in writing (as opposed to spoken)	TOCFL 5
曹操	cáocāo	person — Cao Cao, the warlord-statesman of the Three Kingdoms era	named-entity
曾經	céngjīng	adverb — once; formerly; at one time (past experience marker)	TOCFL 4
替代	tìdài	verb — to replace, to substitute for; noun — a substitute	TOCFL 5
最低	zuìdī	adjective — lowest; minimum	TOCFL 1
最佳	zuìjiā	adjective — best; optimal	TOCFL 5
最初	zuìchū	noun/adverb — at first; at the very beginning	TOCFL 4
最多	zuìduō	adverb — at most, the most; the greatest amount	TOCFL 3
最好	zuìhǎo	adjective — best; adverb — had better, it would be best to	TOCFL 2
最少	zuìshǎo	adverb — at least, at the minimum; the fewest	TOCFL 4
最後	zuìhòu	adjective/adverb — final; last; in the end; ultimately	TOCFL 1
最新	zuìxīn	adjective — newest; latest; most up-to-date	TOCFL 1
最早	zuìzǎo	adv/adj — earliest; at the very first	TOCFL 3
最為	zuìwéi	adverb — most, to the highest degree (a written intensifier before an adjective)	TOCFL 6
最終	zuìzhōng	adverb — finally, in the end; adjective — final	TOCFL 5
最近	zuìjìn	noun/adverb — recently, lately; the most recent	TOCFL 2
會員	huìyuán	noun — member (of a club, organization, or membership scheme)	TOCFL 4
會場	huìchǎng	noun — a meeting place, a venue, a conference hall	TOCFL 3
會意	huìyì	verb — to grasp the meaning, to catch on (without it being spelled out); noun — (in 六書) the ideographic-compound class of characters	TOCFL 5
會見	huìjiàn	verb — to meet with (formally, of officials or notable persons)	TOCFL 7
會計	kuàijì	noun — accounting; accountant (the person or the profession)	TOCFL 4
會話	huìhuà	noun — conversation, dialogue (especially as language practice)	TOCFL 3
會談	huìtán	verb — to hold talks, to confer; noun — talks, a conference (esp. official or formal)	TOCFL 5
會議	huìyì	noun — meeting; conference	TOCFL 3
月亮	yuèliang	noun — the moon	TOCFL 2
月光	yuèguāng	noun — moonlight	TOCFL 4
月分	yuèfèn	noun — month (a particular month of the year, as a unit)	TOCFL 4
月台	yuètái	noun — a railway/subway platform	TOCFL 2
月球	yuèqiú	noun — the Moon (as an astronomical body)	TOCFL 4
月餅	yuèbǐng	noun — mooncake, the round filled pastry eaten at Mid-Autumn Festival	TOCFL 3
有一點	yǒuyìdiǎn	adverb — a little, somewhat (often before an unwelcome adjective: a bit tired, a bit hot)	TOCFL 1
有一點兒	yǒuyìdiǎnr	adverb — a little, somewhat (the 兒-suffixed form of 有一點)	TOCFL 1
有些	yǒuxiē	determiner — some, a few; adverb — somewhat, a little	TOCFL 4
有利	yǒulì	adjective — advantageous, favorable (working in one's favor)	TOCFL 5
有利於	yǒulìyú	verb phrase — to be advantageous to; to be good for	TOCFL 5
有力	yǒulì	adjective — forceful, powerful, strong	TOCFL 5
有助於	yǒuzhùyú	verb phrase — to be conducive to, to help (toward something)	TOCFL 6
有名	yǒumíng	adjective — famous, well-known, renowned	TOCFL 3
有形	yǒuxíng	adjective — tangible, having a physical form; visible	TOCFL 5
有心人	yǒuxīnrén	noun — someone with intent and resolve; a person who sets their heart on something	TOCFL 5
有意	yǒuyì	verb — to intend to; intentionally; to have a mind for	TOCFL 4
有意思	yǒuyìsi	phrase — interesting; enjoyable; fun	TOCFL 2
有所	yǒusuǒ	verb phrase — to have some (used before a verb: to some extent)	TOCFL 6
有效	yǒuxiào	adjective — effective; valid; in force	TOCFL 4
有時	yǒushí	adverb — sometimes; at times; occasionally	TOCFL 2
有時候	yǒushíhòu	adverb — sometimes, at times	TOCFL 2
有機	yǒujī	adjective — organic (organic food, organic chemistry)	TOCFL 5
有權	yǒuquán	verb — to have the right to; to be entitled to; to have authority	TOCFL 1
有沒有	yǒuméiyǒu	phrase — is there …?; do you have …? (the have-or-not question form)	TOCFL 1
有為	yǒuwéi	adjective — promising, capable of great things; (of a person) full of potential	TOCFL 5
有理	yǒulǐ	adjective — reasonable, justified; in the right	TOCFL 5
有用	yǒuyòng	adjective — useful, of use	TOCFL 1
有的	yǒude	pronoun — some, some of them (有的…有的… — some are…, others are…)	TOCFL 1
有益	yǒuyì	adjective — beneficial, good for; helpful	TOCFL 5
有空	yǒukòng	verb phrase — to have free time, to be available	TOCFL 1
有空兒	yǒukòngr	verb phrase — to have free time (the 兒-suffixed form of 有空)	TOCFL 1
有緣	yǒuyuán	adjective — fated to meet, bound by destiny; having an affinity (with someone)	TOCFL 5
有著	yǒuzhe	verb — to have; to be marked by (ongoing)	TOCFL 1
有趣	yǒuqù	adjective — interesting; amusing; fun	TOCFL 2
有錢	yǒuqián	adjective — rich, wealthy; having money	TOCFL 2
有關	yǒuguān	verb/adjective — to be related to; concerning; regarding; relevant	TOCFL 3
有限	yǒuxiàn	adjective — limited; finite; only so much	TOCFL 5
有點	yǒudiǎn	adverb — a little; somewhat (often of something unwelcome)	TOCFL 1
朋友	péngyǒu	noun — friend	TOCFL 2
服刑	fúxíng	verb — to serve a prison sentence; to do time	TOCFL 5
服務	fúwù	verb/noun — to serve; service	TOCFL 3
服從	fúcóng	verb — to obey, to submit to (an order, an authority)	TOCFL 5
服裝	fúzhuāng	noun — clothing, costume, dress	TOCFL 4
服飾	fúshì	noun — dress and adornment; clothing and accessories	TOCFL 5
朗誦	lǎngsòng	verb — to recite aloud with expression (a poem, a passage); to declaim	TOCFL 5
朗讀	lǎngdú	verb — to read aloud, to read out clearly (from a text)	TOCFL 5
朝廷	cháotíng	noun — the imperial court, the royal government	TOCFL 7
朝氣	zhāoqì	noun — youthful vigor, vitality, freshness of spirit	TOCFL 5
期待	qídài	verb — to look forward to, to expect (with hope)	TOCFL 4
期望	qíwàng	noun/verb — to hope for, expect; expectation, hopes placed on someone	TOCFL 4
期貨	qīhuò	noun — futures (a contract to buy or sell goods at a set future date and price)	TOCFL 5
期間	qījiān	noun — period; interval; duration (during a specified time)	TOCFL 4
期限	qíxiàn	noun — deadline, time limit, term (by which something must be done)	TOCFL 4
木偶	mù'ǒu	noun — a wooden puppet; a marionette	TOCFL 5
木刻	mùkè	noun — a woodcut, woodblock carving (the carved block, or a print from it)	TOCFL 5
木料	mùliào	noun — lumber, timber; wood used as building material	TOCFL 5
木材	mùcái	noun — wood; timber; lumber	TOCFL 6
木頭	mùtou	noun — wood, a piece of wood, timber	TOCFL 3
未來	wèilái	noun — the future	TOCFL 4
未免	wèimiǎn	adverb — rather too…, a bit too…; cannot help but seem (used to soften a critical judgement)	TOCFL 5
未婚	wèihūn	adjective — unmarried, single	TOCFL 4
未婚夫	wèihūnfū	noun — fiancé (a woman's husband-to-be)	TOCFL 5
未婚妻	wèihūnqī	noun — fiancée (a man's wife-to-be)	TOCFL 5
未必	wèibì	adverb — not necessarily; not surely so	TOCFL 5
末期	mòqī	noun — the final phase, the last stage (of a period, era, or illness)	TOCFL 5
本事	běnshì	noun — ability, skill, capability (the know-how one has in oneself)	TOCFL 5
本人	běnrén	pronoun — the person in question, oneself; (in formal speech) I, me, myself in person	TOCFL 4
本位	běnwèi	noun — one's own standpoint or station; (finance) the standard a currency is based on (e.g. gold standard)	TOCFL 5
本來	běnlái	adverb — originally; in the first place; as things stood	TOCFL 3
本土	běntǔ	noun/adjective — one's native land, local, homegrown; the mainland (of a country)	TOCFL 4
本地	běndì	noun — this place, the local area; adjective — local	TOCFL 1
本報	běnbào	noun — this paper; our newspaper (a paper referring to itself)	TOCFL 1
本子	běnzi	noun — a notebook; a booklet	TOCFL 2
本性	běnxìng	noun — inherent nature, true character (the disposition one is born with)	TOCFL 5
本次	běncì	attributive — this time; the present occasion	TOCFL 2
本科	běnkē	noun — undergraduate study; a bachelor's-degree program	TOCFL 5
本質	běnzhì	noun — essence; intrinsic nature	TOCFL 6
本身	běnshēn	pronoun — itself, in itself, per se	TOCFL 5
本領	běnlǐng	noun — ability, skill, capability (what one can do)	TOCFL 4
朱元璋	Zhūyuánzhāng	person — founding emperor of the Ming dynasty (reigned 1368–1398)	named-entity
李莫愁	lǐmòchóu	person — Li Mochou, the Crimson Fairy, a villainess in Jin Yong's wuxia novel The Return of the Condor Heroes	named-entity
李高成	lǐgāochéng	proper noun — Li Gaocheng, the honest mayor at the heart of Zhang Ping's anti-corruption novel 《抉擇》	named-entity
李鴻章	lǐhóngzhāng	proper noun — Li Hongzhang (1823–1901), the late-Qing statesman who ran China's foreign affairs and self-strengthening modernization	named-entity
材料	cáiliào	noun — material; ingredient; data, information (in academic/formal use)	TOCFL 4
村委會	cūnwěihuì	noun — a village committee	TOCFL 5
杜甫	dùfǔ	person — Du Fu (712–770), a Tang-dynasty poet ranked beside Li Bai as one of China's greatest	TOCFL 7
束縛	shùfù	verb — to bind, to restrain; noun — a constraint	TOCFL 5
杭州	hángzhōu	proper noun — Hangzhou, capital of Zhejiang province, famous for West Lake (西湖)	named-entity
東京	dōngjīng	proper noun — Tokyo, the capital of Japan	named-entity
東側	dōngcè	noun — the east side (of a building, road, or area)	TOCFL 5
東北	dōngběi	noun — the northeast	TOCFL 2
東南	dōngnán	noun — southeast	TOCFL 2
東南部	dōngnánbù	noun — the southeastern part (of a region or country)	TOCFL 4
東方	dōngfāng	noun — the east; the Orient	TOCFL 3
東湖	dōnghú	proper noun — East Lake, a large lake inside the city of Wuhan	named-entity
東漢	dōnghàn	proper noun — the Eastern Han dynasty (25–220 CE), the later half of Han rule	named-entity
東經	dōngjīng	noun — east longitude (degrees east of the prime meridian)	TOCFL 5
東西	dōngxi	noun — thing; stuff; object; (also) east and west (as directions)	TOCFL 1
東部	dōngbù	noun — the eastern part, the east	TOCFL 2
松樹	sōngshù	noun — a pine tree	TOCFL 5
板塊	bǎnkuài	noun — a tectonic plate; a bloc or sector	TOCFL 6
枕頭	zhěntou	noun — a pillow	TOCFL 2
林區	línqū	noun — forest district; forested area	TOCFL 4
果實	guǒshí	noun — fruit; the fruit (of plants); figuratively, the fruits of one's labor	TOCFL 5
果斷	guǒduàn	adjective — decisive, resolute	TOCFL 5
果樹	guǒshù	noun — a fruit tree	TOCFL 5
果汁	guǒzhī	noun — fruit juice	TOCFL 1
果然	guǒrán	adverb — sure enough; just as expected	TOCFL 4
果真	guǒzhēn	adverb — sure enough, just as expected; really, indeed	TOCFL 5
架構	jiàgòu	noun — framework, structure, architecture; verb — to construct, to frame	TOCFL 5
枷鎖	jiāsuǒ	noun — shackles, fetters; figuratively, a heavy burden or bondage	TOCFL 5
柏林	Bólín	proper noun — Berlin, the capital of Germany	named-entity
某些	mǒuxiē	determiner — some; certain (unspecified plural)	TOCFL 4
某種	mǒuzhǒng	determiner — a certain kind of; some sort of	TOCFL 5
染料	rǎnliào	noun — dye, dyestuff	TOCFL 5
柔軟	róuruǎn	adjective — soft, supple, gentle	TOCFL 5
查明	chámíng	verb — to investigate and find out, to ascertain	TOCFL 5
柳樹	liǔshù	noun — a willow tree	TOCFL 5
校友	xiàoyǒu	noun — alumnus, alumna; a former student of the same school	TOCFL 4
校名	xiàomíng	noun — the name of a school	TOCFL 2
校園	xiàoyuán	noun — campus, the grounds of a school	TOCFL 3
校車	xiàochē	noun — school bus	TOCFL 4
校長	xiàozhǎng	noun — principal; headmaster; head of a school	TOCFL 4
核准	hézhǔn	verb — to approve, to ratify (after examination)	TOCFL 5
核子	hézǐ	noun — nucleon; (attributive) nuclear	TOCFL 5
核定	hédìng	verb — to examine and determine, to fix (an amount) after review	TOCFL 5
核對	héduì	verb — to check against, to verify (by comparison)	TOCFL 5
核心	héxīn	noun — core; nucleus; the central part	TOCFL 5
核算	hésuàn	verb — to calculate and check, to do accounting	TOCFL 5
根據	gēnjù	preposition — according to; based on; noun — basis; grounds	TOCFL 3
根據地	gēnjùdì	noun — base of operations, a base area one builds and works out from	TOCFL 5
根本	gēnběn	adjective/adverb — fundamental; basic; at all (in negatives: 根本不 = not at all)	TOCFL 4
根源	gēnyuán	noun — root cause, origin, source	TOCFL 5
格外	géwài	adverb — especially, particularly	TOCFL 4
格局	géjú	noun — layout, pattern, structure; a person's scope or vision	TOCFL 5
格式	géshì	noun — format, prescribed form	TOCFL 5
桂林	Guìlín	proper noun — Guilin, a city in Guangxi famed for its karst peaks and the Li River	named-entity
桃花	táohuā	noun — peach blossom	TOCFL 4
案件	ànjiàn	noun — a case (legal, police, or administrative)	TOCFL 5
案情	ànqíng	noun — the details of a (legal) case, the facts of a case	TOCFL 5
桌上	zhuōshàng	noun phrase — on the table; on the desk	TOCFL 2
桌子	zhuōzi	noun — a table; a desk	TOCFL 1
桌球	zhuōqiú	noun — table tennis, ping-pong (Taiwan term)	TOCFL 4
梅花	méihuā	noun — plum blossom (the flower; also the national flower of the ROC)	TOCFL 4
條件	tiáojiàn	noun — condition; term; requirement; prerequisite	TOCFL 4
條例	tiáolì	noun — regulations; ordinance; a set of rules	TOCFL 6
條約	tiáoyuē	noun — treaty; a formal agreement between states	TOCFL 6
棄權	qìquán	verb — to abstain (from voting), to waive a right, to forfeit	TOCFL 5
棉花	miánhuā	noun — cotton; the cotton plant	TOCFL 5
棉被	miánbèi	noun — cotton quilt, comforter (a thick padded bedcover)	TOCFL 4
棋盤	qípán	noun — a chessboard; a game board of ruled squares	TOCFL 5
棒球	bàngqiú	noun — baseball (the sport, or the ball)	TOCFL 1
森林	sēnlín	noun — forest	TOCFL 4
棺材	guāncái	noun — a coffin	TOCFL 5
植物	zhíwù	noun — plant; vegetation	TOCFL 3
業務	yèwù	noun — business operations; professional affairs; duties	TOCFL 4
業績	yèjī	noun — performance results; achievements, especially in business	TOCFL 6
業餘	yèyú	adjective — amateur; (done in) spare time, outside one's main job	TOCFL 4
極其	jíqí	adverb — extremely; to the utmost degree	TOCFL 6
極力	jílì	adverb — to the utmost, with all one's might, doing everything possible	TOCFL 5
極大	jídà	adjective — extremely large; enormous	TOCFL 3
極為	jíwéi	adverb — extremely; exceedingly	TOCFL 7
極端	jíduān	noun — an extreme; adjective — extreme, drastic	TOCFL 5
概念	gàiniàn	noun — a concept; a notion; an idea	TOCFL 6
概括	gàikuò	verb — to sum up, to generalize; adj — in broad terms	TOCFL 5
概況	gàikuàng	noun — a general overview; the broad situation at a glance	TOCFL 5
榜樣	bǎngyàng	noun — a role model, an example to follow	TOCFL 3
榮幸	róngxìng	adjective — honored, privileged (to feel honored by something)	TOCFL 4
榮譽	róngyù	noun — honor; glory; an honor or distinction awarded	TOCFL 6
構想	gòuxiǎng	noun — a concept, a plan in the head; verb — to conceive, to draft an idea	TOCFL 5
構成	gòuchéng	verb — to constitute; to compose; to make up; to form	TOCFL 4
構造	gòuzào	noun — structure, construction; verb — to construct	TOCFL 5
樂器	yuèqì	noun — a musical instrument	TOCFL 2
樂團	yuètuán	noun — a musical group, an orchestra, a band	TOCFL 3
樂意	lèyì	verb — to be willing, glad to (do something)	TOCFL 4
樂觀	lèguān	adjective — optimistic, hopeful, positive in outlook	TOCFL 3
樂趣	lèqù	noun — pleasure, delight, the fun in doing something	TOCFL 3
樂隊	yuèduì	noun — a band, a musical ensemble	TOCFL 5
樓上	lóushàng	noun — upstairs, the floor above	TOCFL 1
樓下	lóuxià	noun — downstairs, the floor below	TOCFL 1
樓房	lóufáng	noun — a multi-storey building, a house with floors	TOCFL 5
樓梯	lóutī	noun — stairs, a staircase	TOCFL 1
標準	biāozhǔn	noun/adjective — standard; criterion; norm; standard (quality)	TOCFL 4
標籤	biāoqiān	noun — a label, a tag	TOCFL 5
標誌	biāozhì	noun — a sign; a mark; an emblem	TOCFL 6
標語	biāoyǔ	noun — a slogan, a banner line	TOCFL 5
標題	biāotí	noun — title, heading, headline (of an article, news piece, or section)	TOCFL 4
模仿	mófǎng	verb — to imitate, to copy, to mimic	TOCFL 4
模具	mújù	noun — a mould, a die for shaping	TOCFL 5
模型	móxíng	noun — a model, a scale model; a mould, a template	TOCFL 5
模式	móshì	noun — a mode, pattern, model	TOCFL 6
模樣	móyàng	noun — appearance; look; the way someone or something looks	TOCFL 5
模範	mófàn	noun — a model person, an exemplar; adj — model, exemplary	TOCFL 5
模糊	móhú	adjective — blurry, vague, indistinct; verb — to blur	TOCFL 4
樣品	yàngpǐn	noun — sample, specimen (a product shown as an example of a batch)	TOCFL 4
樣子	yàngzi	noun — appearance; the look of; the way something seems	TOCFL 2
樣樣	yàngyàng	adverb — every kind, each and every one, in all respects	TOCFL 3
樸素	pǔsù	adjective — simple and plain; unadorned	TOCFL 5
樹木	shùmù	noun — trees (collectively), woody plants	TOCFL 3
樹林	shùlín	noun — woods, grove, a stand of trees	TOCFL 4
樹苗	shùmiáo	noun — a sapling, a young tree	TOCFL 5
橋梁	qiáoliáng	noun — a bridge; figuratively, a link between two sides	TOCFL 5
橋樑	qiáoliáng	noun — a bridge; figuratively, a link between two sides	TOCFL 5
機制	jīzhì	noun — a mechanism; how a system works	TOCFL 6
機動	jīdòng	adjective — mobile, flexible, kept in reserve to deploy; noun — motorization	TOCFL 5
機器	jīqì	noun — machine; mechanical device	TOCFL 4
機器人	jīqìrén	noun — a robot	TOCFL 5
機場	jīchǎng	noun — airport; airfield	TOCFL 2
機密	jīmì	noun — a secret, classified information; adj — confidential	TOCFL 5
機會	jīhuì	noun — opportunity; chance	TOCFL 3
機械	jīxiè	noun — machinery; machine; adjective — mechanical; rigid; inflexible	TOCFL 5
機構	jīgòu	noun — organization; institution; agency; mechanism	TOCFL 3
機率	jīlǜ	noun — probability, the odds of something	TOCFL 5
機票	jīpiào	noun — plane ticket, air ticket	TOCFL 4
機警	jījǐng	adjective — alert, quick-witted, sharp to danger	TOCFL 5
機車	jīchē	noun — a motorcycle, scooter (Taiwan usage)	TOCFL 2
機關	jīguān	noun — government body; organization; mechanism; trigger device	TOCFL 4
檔案	dàngàn	noun — file; record; archive	TOCFL 5
檢察	jiǎnchá	verb — to investigate and prosecute; (in compounds) procuratorial, public-prosecution	TOCFL 6
檢察長	jiǎncházhǎng	noun — chief prosecutor, prosecutor-general	TOCFL 6
檢查	jiǎnchá	verb — to inspect, to check, to examine	TOCFL 4
檢討	jiǎntǎo	verb — to review and reflect on, to go over what went wrong	TOCFL 5
檢驗	jiǎnyàn	verb — to inspect and test, to examine, to check (e.g. quality, samples)	TOCFL 4
櫃台	guìtái	noun — counter, front desk, service desk (where you are served or pay)	TOCFL 4
櫃檯	guìtái	noun — counter, front desk, service desk (where you are served or pay)	TOCFL 4
櫃臺	guìtái	noun — counter, front desk, service desk (where you are served or pay)	TOCFL 4
櫻桃	yīngtáo	noun — a cherry	TOCFL 5
權利	quánlì	noun — right; entitlement; legal or moral claim	TOCFL 5
權力	quánlì	noun — power; authority; the capacity to exercise control over others	TOCFL 4
權威	quánwēi	noun — authority; a recognized expert or commanding force	TOCFL 6
權益	quányì	noun — rights and interests, what one is entitled to	TOCFL 5
次數	cìshù	noun — the number of times, frequency (of occurrence)	TOCFL 5
次要	cìyào	adjective — secondary, of lesser importance	TOCFL 5
欣賞	xīnshǎng	verb — to appreciate, to enjoy, to admire	TOCFL 4
欺侮	qīwǔ	verb — to bully, to push someone weaker around	TOCFL 5
欺負	qīfu	verb — to bully, to pick on, to take advantage of someone weaker	TOCFL 3
欺騙	qīpiàn	verb — to deceive, to cheat, to trick (someone)	TOCFL 4
欽佩	qīnpèi	verb — to admire, to hold in high regard	TOCFL 5
款式	kuǎnshì	noun — style, design, pattern (of clothing, furniture, goods)	TOCFL 4
款待	kuǎndài	verb — to entertain warmly, to treat a guest well	TOCFL 5
歉意	qiànyì	noun — apology, a feeling of regret for an offense	TOCFL 4
歌劇	gējù	noun — opera (a sung dramatic work)	TOCFL 4
歌唱	gēchàng	verb — to sing; noun — singing	TOCFL 4
歌手	gēshǒu	noun — singer, vocalist (esp. of popular songs)	TOCFL 4
歌星	gēxīng	noun — a singing star, a famous singer	TOCFL 3
歌曲	gēqǔ	noun — a song, a piece of music with words	TOCFL 3
歌頌	gēsòng	verb — to sing the praises of, to extol	TOCFL 5
歐元	ōuyuán	noun — the euro, the currency of the eurozone	TOCFL 5
歐洲	Ōuzhōu	proper noun — Europe (the continent)	TOCFL 3
歡呼	huānhū	verb — to cheer, to hail with joy; noun — cheers	TOCFL 4
歡喜	huānxǐ	adjective — happy, joyful, delighted; verb — to like, to be fond of	TOCFL 4
歡樂	huānlè	adjective — joyous, merry; noun — joy, merriment	TOCFL 4
歡迎	huānyíng	verb — to welcome; to greet warmly	TOCFL 2
歡送	huānsòng	verb — to see someone off with cheer, to hold a send-off	TOCFL 5
正在	zhèngzài	adverb — in the middle of (doing); marks an action in progress	TOCFL 3
正好	zhènghǎo	adverb — just right; exactly; as it happens (at the perfect moment or amount)	TOCFL 3
正常	zhèngcháng	adjective — normal; ordinary	TOCFL 3
正式	zhèngshì	adjective — formal, official; adverb — formally	TOCFL 2
正方形	zhèngfāngxíng	noun — square (the geometric shape)	TOCFL 4
正月	zhēngyuè	noun — the first month of the lunar year, the first lunar month	TOCFL 4
正當	zhèngdāng	conj/prep — just when, right at the time that	TOCFL 3
正確	zhèngquè	adjective — correct, right, accurate	TOCFL 4
正統	zhèngtǒng	adjective — orthodox, legitimate; noun — the orthodox line, the rightful succession	TOCFL 5
正經	zhèngjing	adjective — serious, decent, proper, respectable	TOCFL 4
正義	zhèngyì	noun — justice; righteousness; adjective — just; righteous	TOCFL 6
正規	zhèngguī	adjective — regular, standard, formal (following official norms)	TOCFL 4
正門	zhèngmén	noun — main entrance, front gate	TOCFL 7
正陽門	Zhèngyángmén	proper noun — Zhengyangmen, the great gate at the south end of Tiananmen Square, Beijing; the main southern gate of the old inner city wall, also called Qianmen	TOCFL 6
正面	zhèngmiàn	noun — the front, the front side; adjective — positive, direct, head-on	TOCFL 4
此事	cǐshì	noun phrase — this matter; this affair	TOCFL 5
此人	cǐrén	noun — this person (written register)	TOCFL 5
此刻	cǐkè	noun — this moment; right now	TOCFL 5
此前	cǐqián	adverb — before this, prior to this (point in time)	TOCFL 5
此外	cǐwài	conjunction — besides, in addition, apart from this	TOCFL 4
此後	cǐhòu	adverb — from then on; hereafter	TOCFL 5
此時	cǐshí	time word — at this moment; at this time; now (formal/written)	TOCFL 4
此次	cǐcì	noun — this time; this occasion	TOCFL 5
步兵	bùbīng	noun — infantry, foot soldiers	TOCFL 5
步調	bùdiào	noun — pace, tempo (of marching, working, acting together)	TOCFL 5
步驟	bùzhòu	noun — step, stage, procedure (in a sequence)	TOCFL 5
武力	wǔlì	noun — military force, armed force; force of arms	TOCFL 5
武功	wǔgōng	noun — martial-arts skill; achievement in war	TOCFL 5
武器	wǔqì	noun — weapon; arms	TOCFL 4
武士	wǔshì	noun — warrior; (in Japanese context) samurai	TOCFL 5
武昌區	wǔchāngqū	proper noun — Wuchang District, a central district of Wuhan in Hubei province	named-entity
武林	wǔlín	noun — the martial-arts world; the community of martial artists	TOCFL 6
武漢	Wǔhàn	proper noun — Wuhan, capital of Hubei province, on the Yangtze	TOCFL 4
武當山	Wǔdāngshān	proper noun — Mount Wudang, a Daoist sacred mountain in Hubei, home of Wudang martial arts	TOCFL 7
武術	wǔshù	noun — martial arts, wushu	TOCFL 4
武裝	wǔzhuāng	verb — to arm; noun — arms; military equipment	TOCFL 6
歧視	qíshì	verb — to discriminate against; noun — discrimination	TOCFL 4
歲數	suìshu	noun — age, years of age (colloquial)	TOCFL 4
歲月	suìyuè	noun — time, the passing years	TOCFL 5
歷代	lìdài	noun — successive dynasties; past generations; through the ages	TOCFL 5
歷來	lìlái	adverb — all through the past; from of old until now	TOCFL 7
歷史	lìshǐ	noun — history	TOCFL 3
歷屆	lìjiè	adjective — successive, all the past (sessions, terms, classes)	TOCFL 5
歷年	lìnián	adverb/adjective — over the years, year after year past	TOCFL 5
歸納	guīnà	verb — to sum up, to draw a general rule from particulars; to induce	TOCFL 5
歸還	guīhuán	verb — to return, to give back (something borrowed or taken)	TOCFL 5
歹徒	dǎitú	noun — criminal, villain, evildoer	TOCFL 5
死亡	sǐwáng	noun — death; verb — to die	TOCFL 4
殖民	zhímín	verb — to colonize, to settle and rule a foreign land	TOCFL 5
殖民地	zhímíndì	noun — a colony, a territory settled and ruled by a foreign power	TOCFL 3
殘暴	cánbào	adjective — brutal, savage, cruel and violent	TOCFL 5
殘殺	cánshā	verb — to slaughter, to massacre cruelly	TOCFL 5
殘酷	cánkù	adjective — cruel, harsh, merciless	TOCFL 5
殺價	shājià	verb — to bargain hard, to beat down the price	TOCFL 4
毀損	huǐsǔn	verb — to damage, to deface, to break (property, reputation)	TOCFL 5
毅力	yìlì	noun — willpower, perseverance, staying power	TOCFL 5
母親	mǔqīn	noun — mother (formal, respectful register)	TOCFL 3
母語	mǔyǔ	noun — mother tongue; native language	TOCFL 2
每個	měigè	determiner — each; every; each one (with general classifier)	TOCFL 2
每天	měitiān	adverb — every day; daily	TOCFL 1
每日	měirì	adverb — every day; daily	TOCFL 1
每次	měicì	adverb — every time; each time	TOCFL 2
每每	měiměi	adverb — time and again, often, every time	TOCFL 5
毒品	dúpǐn	noun — narcotics, illegal drugs	TOCFL 3
比例	bǐlì	noun — proportion; ratio	TOCFL 5
比喻	bǐyù	noun — a metaphor, an analogy; verb — to liken, to figure as	TOCFL 5
比如	bǐrú	verb/adv — for example; for instance	TOCFL 4
比如說	bǐrúshuō	phrase — for example, for instance, such as	TOCFL 3
比擬	bǐnǐ	verb — to compare, to liken (one thing to another)	TOCFL 5
比方	bǐfāng	noun — an analogy, an example used to explain; verb — to illustrate by comparison	TOCFL 2
比方說	bǐfāngshuō	phrase — for example; for instance	TOCFL 2
比率	bǐlǜ	noun — ratio, proportion, rate	TOCFL 5
比賽	bǐsài	verb/noun — to compete; competition; match; contest	TOCFL 2
比較	bǐjiào	verb — to compare; adverb — relatively; comparatively; rather	TOCFL 3
比重	bǐzhòng	noun — proportion, the weight one part carries in the whole; (physics) specific gravity	TOCFL 5
毛巾	máojīn	noun — a towel	TOCFL 2
毛毯	máotǎn	noun — a (wool) blanket	TOCFL 5
毛病	máobìng	noun — a fault, defect, or bad habit; something wrong with a thing or person	TOCFL 3
毛筆	máobǐ	noun — a writing brush, the soft-tipped brush used for Chinese calligraphy and painting	TOCFL 3
毛衣	máoyī	noun — a sweater, woollen jumper	TOCFL 2
毫不	háobù	adverb — not in the least, not at all	TOCFL 5
毫無	háowú	verb — to have not the slightest, be utterly without	TOCFL 7
毫米	háomǐ	noun — millimeter (mm)	TOCFL 3
毯子	tǎnzi	noun — blanket, rug	TOCFL 4
民主	mínzhǔ	noun/adjective — democracy; democratic	TOCFL 4
民俗	mínsú	noun — folk custom, folkways	TOCFL 5
民國	Mínguó	noun — the Republic of China (中華民國), founded 1912; also its calendar era, counted from that year (民國一年 = 1912, so 民國 N = 1911 + N)	named-entity
民政	mínzhèng	noun — civil administration; government handling of citizens' affairs	TOCFL 6
民族	mínzú	noun — ethnic group; people; nation; nationality	TOCFL 3
民族鄉	mínzúxiāng	noun — ethnic township (a local administrative unit)	TOCFL 5
民營	mínyíng	adjective — privately run, private-sector (as opposed to state-run)	TOCFL 5
民眾	mínzhòng	noun — the public, the people, the populace	TOCFL 4
民謠	mínyáo	noun — folk song, folk ballad	TOCFL 4
民間	mínjiān	noun/adj — among the people; folk; nongovernmental	TOCFL 4
氣候	qìhòu	noun — climate; weather pattern; (figurative) atmosphere; state of affairs	TOCFL 3
氣勢	qìshì	noun — momentum, imposing force, commanding presence	TOCFL 5
氣味	qìwèi	noun — smell, odor, scent	TOCFL 4
氣壓	qìyā	noun — air pressure, atmospheric pressure	TOCFL 5
氣息	qìxí	noun — breath; flavor, atmosphere, mood (of a place or era)	TOCFL 4
氣憤	qìfèn	adjective — indignant, furious, angry	TOCFL 4
氣概	qìgài	noun — mettle, heroic spirit, force of character	TOCFL 5
氣氛	qìfēn	noun — atmosphere; mood (of a place or occasion)	TOCFL 4
氣派	qìpài	noun — style, grandeur, an impressive air	TOCFL 5
氣溫	qìwēn	noun — air temperature	TOCFL 4
氣管	qìguǎn	noun — windpipe, trachea	TOCFL 5
氣象	qìxiàng	noun — weather, meteorological phenomena; atmosphere, scene	TOCFL 4
氣體	qìtǐ	noun — gas (the state of matter)	TOCFL 6
氧化	yǎnghuà	verb — to oxidize, to react with oxygen; noun — oxidation	TOCFL 7
氧氣	yǎngqì	noun — oxygen	TOCFL 4
水中	shuǐzhōng	noun phrase — in the water, underwater	TOCFL 1
水份	shuǐfèn	noun — moisture, water content	TOCFL 4
水分	shuǐfēn	noun — moisture, water content	TOCFL 4
水力	shuǐlì	noun — water power; hydraulic power	TOCFL 1
水平	shuǐpíng	noun/adjective — level; standard; horizontal	TOCFL 3
水庫	shuǐkù	noun — reservoir	TOCFL 5
水晶	shuǐjīng	noun — crystal, rock crystal; clear quartz	TOCFL 5
水果	shuǐguǒ	noun — fruit	TOCFL 1
水泥	shuǐní	noun — cement	TOCFL 5
水流	shuǐliú	noun — a current, a flow of water; the running of water	TOCFL 4
水源	shuǐyuán	noun — water source, headwaters	TOCFL 5
水準	shuǐzhǔn	noun — level, standard; the degree of quality or attainment something reaches	TOCFL 3
水災	shuǐzāi	noun — flood, flood disaster	TOCFL 4
水產	shuǐchǎn	noun — aquatic products; fish and seafood	TOCFL 1
水稻	shuǐdào	noun — paddy rice, rice grown in flooded fields	TOCFL 5
水系	shuǐxì	noun — a river system, a drainage system	TOCFL 4
水蒸氣	shuǐzhēngqì	noun — water vapor, steam	TOCFL 5
水道	shuǐdào	noun — watercourse, channel, waterway	TOCFL 5
水面	shuǐmiàn	noun — the surface of the water	TOCFL 4
水餃	shuǐjiǎo	noun — boiled dumpling; a filled dumpling cooked in water	TOCFL 3
永樂	Yǒnglè	proper noun — Yongle, the reign-era name of the third Ming emperor (1403–1424)	TOCFL 7
永遠	yǒngyuǎn	adverb — forever; always; eternally	TOCFL 4
求助	qiúzhù	verb — to seek help, to ask for assistance	TOCFL 5
求婚	qiúhūn	verb — to propose marriage, to propose	TOCFL 4
求學	qiúxué	verb — to pursue an education, to go to school to study	TOCFL 5
求職	qiúzhí	verb — to look for a job, to seek employment	TOCFL 6
汙染	wūrǎn	verb — to pollute; noun — pollution	TOCFL 3
江夏	jiāngxià	proper noun — Jiangxia, an old commandery on the middle Yangtze; today a district of Wuhan, Hubei	named-entity
江夏區	Jiāngxiàqū	proper noun — Jiangxia District, a district of Wuhan in Hubei province, south of the city on the Yangtze	TOCFL 7
江湖	jiānghú	noun — the wider world of wanderers and outsiders; the martial-arts underworld of fiction	TOCFL 6
江澤民	jiāngzémín	person — Jiang Zemin, leader of China through the 1990s	named-entity
江蘇	Jiāngsū	proper noun — Jiangsu, a coastal province in eastern China	TOCFL 4
江西	jiāngxī	proper noun — Jiangxi, a province in southeast China, capital Nanchang	named-entity
江陵	Jiānglíng	proper noun — Jiangling, an ancient walled city on the Yangtze in Hubei, the old name for the Jingzhou city seat	TOCFL 7
池河	Chíhé	proper noun — Chihe, a river and the town named for it in Mingguang, Anhui	named entity
汲取	jíqǔ	verb — to draw up (water from a well); to absorb, derive (lessons, nutrients)	TOCFL 5
決定	juédìng	verb — to decide; noun — a decision	TOCFL 2
決心	juéxīn	noun — determination, resolve; verb — to make up one's mind	TOCFL 4
決策	juécè	noun — a (policy) decision; decision-making; verb — to decide on a course	TOCFL 5
決議	juéyì	noun — resolution; formal decision (passed by a body)	TOCFL 5
決賽	juésài	noun — final, the deciding match of a competition	TOCFL 5
汽水	qìshuǐ	noun — a soft drink, soda, fizzy drink	TOCFL 2
汽油	qìyóu	noun — gasoline, petrol	TOCFL 4
汽車	qìchē	noun — car; automobile	TOCFL 2
沈重	chénzhòng	adjective — heavy (of mood, burden, responsibility); grave	TOCFL 5
沈默	chénmò	adj/verb — silent; to keep silent, hold one's tongue	TOCFL 5
沉思	chénsī	verb — to ponder, be lost in thought, contemplate	TOCFL 5
沉積	chénjī	verb — to deposit, to settle out and pile up; noun — sediment	TOCFL 7
沉重	chénzhòng	adjective — heavy; weighed-down (of load, mood, news)	TOCFL 5
沉默	chénmò	verb/adj — to keep silent; silent, saying nothing	TOCFL 5
沐浴	mùyù	verb — to bathe; to be immersed in (sunlight, grace)	TOCFL 5
沒什麼	méishénme	phrase — it's nothing; never mind; not much (a brush-off reply)	TOCFL 1
沒想到	méixiǎngdào	phrase — to not expect; who would have thought; unexpectedly	TOCFL 3
沒收	mòshōu	verb — to confiscate, seize, impound	TOCFL 5
沒有	méiyǒu	verb — to not have; adverb — not (negation of past action or 有)	TOCFL 1
沒落	mòluò	verb — to decline, fall into decay, go downhill	TOCFL 5
沒關係	méiguānxì	phrase — it doesn't matter; no problem; you're welcome	TOCFL 1
沖天	chōngtiān	verb/adj — to soar skyward; sky-high (of anger, flames, ambition)	TOCFL 5
沖淡	chōngdàn	verb — to dilute (with water); to water down, weaken (a feeling, an effect)	TOCFL 5
沙啞	shāyǎ	adjective — hoarse, raspy (of the voice)	TOCFL 5
沙子	shāzi	noun — sand, grains of sand	TOCFL 4
沙拉	shālā	noun — a salad	TOCFL 2
沙漠	shāmò	noun — desert	TOCFL 5
沙灘	shātān	noun — sandy beach, sands	TOCFL 4
沙發	shāfā	noun — a sofa, a couch	TOCFL 1
沮喪	jǔsàng	adj/verb — dejected, downcast, dispirited	TOCFL 5
河北	Héběi	proper noun — Hebei, a province of northern China surrounding Beijing	TOCFL 6
河南省	Hénánshěng	proper noun — Henan, a populous inland province in central China south of the Yellow River, capital Zhengzhou	TOCFL 6
河床	héchuáng	noun — riverbed, the bed of a river	TOCFL 6
河流	héliú	noun — river, watercourse	TOCFL 5
河道	hédào	noun — a river channel; the course a river runs in	TOCFL 7
沸騰	fèiténg	verb — to boil; to seethe (of a crowd, emotions)	TOCFL 5
油條	yóutiáo	noun — youtiao; a deep-fried dough stick eaten at breakfast	TOCFL 5
油田	yóutián	noun — an oil field	TOCFL 5
油膩	yóunì	adjective — greasy, oily (of food)	TOCFL 4
治安	zhì'ān	noun — public order; public security	TOCFL 5
治本	zhìběn	verb — to treat the root cause; to address something fundamentally	TOCFL 5
治標	zhìbiāo	verb — to treat the symptoms; to address something superficially	TOCFL 5
治理	zhìlǐ	verb — to govern, to administer; to bring under control, to harness	TOCFL 5
治療	zhìliáo	verb/noun — to treat (medically); treatment; therapy	TOCFL 4
沼澤	zhǎozé	noun — marsh, swamp, wetland	TOCFL 5
沿岸	yánàn	noun — along the shore; the coastal strip following a waterline	TOCFL 6
沿海	yánhǎi	noun/adj — along the coast; coastal	TOCFL 6
沿用	yányòng	verb — to keep using (an old method, name, or rule)	TOCFL 5
沿襲	yánxí	verb — to carry on (a tradition, custom, system) unchanged	TOCFL 5
沿途	yántú	adverb/noun — along the way; all along the route	TOCFL 5
沿革	yángé	noun — the history of changes, how something has developed over time	TOCFL 5
況且	kuàngqiě	conjunction — moreover, besides; adds a further, stronger reason to what was just said	TOCFL 3
泉源	quányuán	noun — a fountainhead; the source (of water, or of something abstract)	TOCFL 5
泊位	bówèi	noun — a berth, a mooring spot for a ship; by extension, a parking space	TOCFL 6
法人	fǎrén	noun — a legal person; a corporate entity recognized by law	TOCFL 5
法令	fǎlìng	noun — a law and decree; statutory order	TOCFL 5
法制	fǎzhì	noun — the legal system; rule by law	TOCFL 6
法則	fǎzé	noun — a rule; a law (of nature, of a system)	TOCFL 5
法國	fǎguó	proper noun — France	TOCFL 2
法子	fǎzi	noun — way, method, means (colloquial)	TOCFL 4
法學	fǎxué	noun — law (as a field of study); jurisprudence	TOCFL 5
法官	fǎguān	noun — a judge	TOCFL 5
法定	fǎdìng	adjective — legally fixed, statutory; set by law	TOCFL 6
法庭	fǎtíng	noun — a court of law, the courtroom	TOCFL 5
法律	fǎlǜ	noun — law; laws; the legal system	TOCFL 3
法治	fǎzhì	noun — the rule of law	TOCFL 5
法規	fǎguī	noun — laws and regulations; statutory rules	TOCFL 6
法院	fǎyuàn	noun — a court of law	TOCFL 5
泡沫	pàomò	noun — foam; froth; a bubble (also an economic one)	TOCFL 5
波動	bōdòng	verb — to fluctuate, to undulate; noun — fluctuation, wave motion	TOCFL 4
波及	bōjí	verb — to spread to; to affect (as ripples reach outward)	TOCFL 5
波浪	bōlàng	noun — waves; billows	TOCFL 5
泥土	nítǔ	noun — soil, earth, clay	TOCFL 4
注定	zhùdìng	verb — to be destined, to be fated (to happen)	TOCFL 5
注射	zhùshè	verb — to inject; noun — injection	TOCFL 4
注意	zhùyì	verb — to pay attention; to notice; to watch out	TOCFL 2
注意力	zhùyìlì	noun — attention	B2
注目	zhùmù	verb — to fix one's eyes on; to gaze at attentively	TOCFL 5
注視	zhùshì	verb — to watch closely; to gaze at intently	TOCFL 5
注重	zhùzhòng	verb — to lay stress on, to pay attention to, to value	TOCFL 5
洗手間	xǐshǒujiān	noun — a restroom, a washroom (the polite word for a toilet)	TOCFL 1
洗澡	xǐzǎo	verb — to take a bath, to wash oneself	TOCFL 1
洗禮	xǐlǐ	noun — baptism; by extension, a trial or formative ordeal	TOCFL 5
洗衣機	xǐyījī	noun — a washing machine	TOCFL 2
洛陽	Luòyáng	proper noun — Luoyang, an ancient capital in Henan, capital under thirteen dynasties	named-entity
洞庭湖	dòngtínghú	proper noun — Dongting Lake, a large lake in Hunan province, central China	named-entity
洞穴	dòngxué	noun — a cave; a cavern	TOCFL 5
津貼	jīntiē	noun — an allowance; a subsidy; a stipend	TOCFL 5
洩氣	xièqì	verb — to lose heart; to be discouraged; (literally) to let air out	TOCFL 5
洪水	hóngshuǐ	noun — flood; floodwaters	TOCFL 5
活兒	huór	noun (colloquial) — work; a job; a task to be done	TOCFL 5
活力	huólì	noun — vitality, vigor, energy	TOCFL 4
活動	huódòng	noun — activity; event; verb — to move around; to be active	TOCFL 2
活期	huóqī	adjective — (of a bank account) on demand; current; withdrawable any time	TOCFL 5
活潑	huópo	adjective — lively, vivacious, animated	TOCFL 4
活該	huógāi	verb/expression — to serve someone right; to deserve (a bad outcome), it's only what they had coming	TOCFL 4
活躍	huóyuè	adjective — active, lively, dynamic; verb — to enliven, to make active	TOCFL 4
洽商	qiàshāng	verb — to negotiate; to discuss and arrange (business)	TOCFL 5
洽談	qiàtán	verb — to talk over; to discuss (a deal, terms)	TOCFL 5
派出	pàichū	verb — to send out, to dispatch (a person on a task)	TOCFL 4
派出所	pàichūsuǒ	noun — local police station; neighborhood police post	TOCFL 5
派對	pàiduì	noun — a party (social gathering)	TOCFL 2
派遣	pàiqiǎn	verb — to dispatch; to send (someone on a mission)	TOCFL 5
派頭	pàitóu	noun — air; style; manner of showing off status	TOCFL 5
流傳	liúchuán	verb — to circulate; to be handed down (a story, custom)	TOCFL 5
流入	liúrù	verb — to flow in, to pour into; (of money, people, water) to stream in	TOCFL 5
流利	liúlì	adjective — fluent, smooth (of speech or writing)	TOCFL 4
流動	liúdòng	verb — to flow, to circulate; adj — flowing, mobile	TOCFL 5
流域	liúyù	noun — a river basin; the drainage area of a river	TOCFL 6
流失	liúshī	verb — to drain away; to be lost (soil, talent, customers)	TOCFL 5
流星	liúxīng	noun — meteor; shooting star	TOCFL 5
流氓	liúmáng	noun — hooligan; thug; rogue	TOCFL 5
流水	liúshuǐ	noun — running water; flowing water; (of accounts) a running tally	TOCFL 5
流汗	liúhàn	verb — to sweat, to perspire	TOCFL 2
流程	liúchéng	noun — process; workflow; the sequence of steps	TOCFL 5
流落	liúluò	verb — to drift to; to end up stranded (far from home, in hardship)	TOCFL 5
流血	liúxiě	verb — to bleed; to shed blood (also figuratively, of sacrifice in conflict)	TOCFL 3
流行	liúxíng	verb — to be popular; to spread widely; adjective — fashionable	TOCFL 3
流通	liútōng	verb — to circulate, to flow freely (air, goods, currency)	TOCFL 5
流通股	liútōnggǔ	noun — tradable shares; the portion of a company's stock that circulates freely on the market	TOCFL 7
浙江	Zhèjiāng	proper noun — Zhejiang, a wealthy coastal province south of Shanghai, capital Hangzhou	TOCFL 5
浪漫	làngmàn	adjective — romantic; full of feeling, imagination, and a free, dreamy mood	TOCFL 3
浪費	làngfèi	verb — to waste, to squander; noun — waste, wastefulness	TOCFL 4
浮動	fúdòng	verb/adj — to float; to fluctuate; (of prices, rates) floating	TOCFL 5
浴室	yùshì	noun — a bathroom (the room for bathing)	TOCFL 2
海上	hǎishàng	noun — on the sea; at sea; maritime	TOCFL 2
海嘯	hǎixiào	noun — tsunami; a huge sea wave from a quake	TOCFL 5
海報	hǎibào	noun — a poster; a large printed sheet that announces or advertises something	TOCFL 3
海外	hǎiwài	noun/adj — overseas; abroad	TOCFL 4
海峽	hǎixiá	noun — strait, channel (of sea between two landmasses)	TOCFL 4
海拔	hǎibá	noun — elevation above sea level	TOCFL 6
海洋	hǎiyáng	noun — the ocean, the sea	TOCFL 4
海灘	hǎitān	noun — a beach; the sandy shore where the sea meets the land	TOCFL 3
海藻	hǎizǎo	noun — seaweed; marine algae	TOCFL 2
海軍	hǎijūn	noun — navy; naval forces	TOCFL 5
海運	hǎiyùn	noun/verb — sea transport; to ship by sea	TOCFL 5
海關	hǎiguān	noun — customs (the agency or checkpoint controlling goods crossing a border)	TOCFL 4
海面	hǎimiàn	noun — the sea surface	TOCFL 5
海馬體	hǎimǎtǐ	noun — the hippocampus, the brain's long-term memory organ	anatomy term
海鮮	hǎixiān	noun — seafood	TOCFL 2
消化	xiāohuà	verb — to digest (food, or figuratively information); noun — digestion	TOCFL 4
消夜	xiāoyè	noun — late-night snack, midnight meal	TOCFL 4
消失	xiāoshī	verb — to disappear; to vanish; to fade away	TOCFL 4
消息	xiāoxí	noun — news, information, word (of something)	TOCFL 2
消極	xiāojí	adjective — passive, negative, unenthusiastic (in attitude or approach)	TOCFL 4
消毒	xiāodú	verb — to disinfect; to sterilize	TOCFL 5
消滅	xiāomiè	verb — to wipe out, eliminate, exterminate	TOCFL 5
消耗	xiāohào	verb — to consume; to use up; to deplete	TOCFL 5
消費	xiāofèi	verb — to consume, to spend (money); noun — consumption	TOCFL 5
消費者	xiāofèizhě	noun — a consumer	TOCFL 5
消遣	xiāoqiǎn	noun/verb — pastime; to while away (free time)	TOCFL 5
消防	xiāofáng	noun/attr — fire prevention; firefighting	TOCFL 5
消除	xiāochú	verb — to remove; to eliminate; to clear away	TOCFL 5
涉及	shèjí	verb — to involve; to touch on	TOCFL 6
涉嫌	shèxián	verb — to be suspected of (a crime); to be implicated in	TOCFL 5
液體	yètǐ	noun — liquid; a fluid	TOCFL 5
涼快	liángkuài	adjective — pleasantly cool, refreshing	TOCFL 2
淒涼	qīliáng	adjective — bleak, desolate; forlorn	TOCFL 5
淘氣	táoqì	adjective — naughty, mischievous (usually of a child)	TOCFL 4
淘汰	táotài	verb — to eliminate, to weed out; to phase out	TOCFL 5
淡季	dànjì	noun — off-season, slack season	TOCFL 5
淡水	dànshuǐ	noun — fresh water (not salty)	TOCFL 5
淨化	jìnghuà	verb — to purify, to cleanse; noun — purification	TOCFL 4
淪陷	lúnxiàn	verb — to fall (to an enemy), to be occupied; to sink into (a bad state)	TOCFL 5
深入	shēnrù	verb — to go deep into, penetrate; adj — thorough, in-depth	TOCFL 5
深切	shēnqiè	adjective — deep and heartfelt, keen (of feeling, concern)	TOCFL 5
深刻	shēnkè	adjective — deep; profound (of an impression, a meaning)	TOCFL 4
深厚	shēnhòu	adjective — deep and solid (of feelings, foundations, friendship)	TOCFL 5
深圳	shēnzhèn	proper noun — Shenzhen, the boomtown next to Hong Kong, China's first Special Economic Zone and a tech hub	named-entity
深夜	shēnyè	noun — late at night, the dead of night	TOCFL 4
深奧	shēnào	adjective — abstruse, profound, hard to grasp	TOCFL 5
深度	shēndù	noun — depth; figuratively, how deep or profound something is	TOCFL 3
深沉	shēnchén	adjective — deep, reserved (of a person, a sound, the night)	TOCFL 5
深深	shēnshēn	adverb — deeply; profoundly	TOCFL 3
深淺	shēnqiǎn	noun — depth (lit. deepness and shallowness); also a sense of proper measure or discretion	TOCFL 4
深處	shēnchù	noun — the depths; deep within	TOCFL 3
深造	shēnzào	verb — to pursue advanced studies	TOCFL 5
混亂	hùnluàn	noun/adj — chaos; disorder; confused	TOCFL 5
混合	hùnhé	verb — to mix, blend together; adj — mixed, combined	TOCFL 5
混淆	hùnxiáo	verb — to mix up, to confuse (one thing with another); to blur	TOCFL 5
混濁	hùnzhuó	adjective — turbid, muddy, murky (of water, air)	TOCFL 5
淺薄	qiǎnbáo	adjective — shallow, superficial (of knowledge, understanding)	TOCFL 5
淺顯	qiǎnxiǎn	adjective — plain and easy to understand	TOCFL 5
清代	Qīngdài	proper noun — the Qing dynasty (1644–1912), the last imperial dynasty of China, ruled by the Manchu house	TOCFL 5
清幽	qīngyōu	adjective — quiet and secluded (of scenery, a place)	TOCFL 5
清廉	qīnglián	adjective — honest and incorrupt (of an official)	TOCFL 5
清掃	qīngsǎo	verb — to clean up, to sweep out	TOCFL 5
清晨	qīngchén	noun — early morning, the early light of dawn	TOCFL 4
清晰	qīngxī	adjective — clear, distinct (of an image, sound, or thought)	TOCFL 4
清朝	qīngcháo	proper noun — the Qing dynasty, China's last imperial dynasty (1644–1912)	named-entity
清楚	qīngchǔ	adjective — clear; distinct; easy to understand; verb — to understand clearly	TOCFL 3
清淡	qīngdàn	adjective — light, bland (of food); slow, slack (of business)	TOCFL 4
清潔	qīngjié	adjective — clean; noun — cleanliness	TOCFL 5
清澈	qīngchè	adjective — clear and limpid (of water, eyes)	TOCFL 5
清軍	Qīngjūn	noun — the Qing army, the military forces of the Qing dynasty (1644–1912)	named-entity
清醒	qīngxǐng	adjective — clear-headed, sober, lucid; verb — to sober up, to wake to clarity	TOCFL 4
清除	qīngchú	verb — to clear away, to remove, to eliminate (completely)	TOCFL 4
清靜	qīngjìng	adjective — quiet, peaceful, free of noise and bother	TOCFL 5
減少	jiǎnshǎo	verb — to reduce; to decrease; to diminish	TOCFL 3
減輕	jiǎnqīng	verb — to lighten, reduce; to make a burden, pain, or load less heavy	TOCFL 3
渠道	qúdào	noun — a channel; a conduit; a means or route (literal and figurative)	TOCFL 5
渡過	dùguò	verb — to cross over (water); by extension, to get through (a period or difficulty)	TOCFL 4
測試	cèshì	verb — to test, to try out; noun — a test	TOCFL 5
測量	cèliáng	verb — to measure, to survey	TOCFL 6
測驗	cèyàn	noun — test, quiz, examination; verb — to test, to assess	TOCFL 4
港口	gǎngkǒu	noun — a port, a harbour (where ships dock)	TOCFL 5
港幣	gǎngbì	noun — Hong Kong dollar (the currency, HKD)	TOCFL 4
渴望	kěwàng	verb — to long for, yearn for; to want something as urgently as a thirst	TOCFL 3
游泳	yóuyǒng	verb — to swim	TOCFL 1
游泳池	yóuyǒngchí	noun — a swimming pool	TOCFL 2
渾身	húnshēn	noun/adv — the whole body, all over	TOCFL 5
湊巧	còuqiǎo	adv/adj — by coincidence, as luck would have it	TOCFL 5
湖南	Húnán	proper noun — Hunan, a province in south-central China	TOCFL 4
湖南省	húnánshěng	proper noun — Hunan, a province in south-central China, south of Dongting Lake	named-entity
湖泊	húpō	noun — lakes (collective term for bodies of standing water)	TOCFL 7
湯匙	tāngchí	noun — a soup spoon, a tablespoon	TOCFL 1
湯圓	tāngyuán	noun — tangyuan, glutinous rice balls served in sweet soup (eaten at Winter Solstice and Lantern Festival)	TOCFL 4
準備	zhǔnbèi	verb — to prepare; noun — preparation	TOCFL 1
準則	zhǔnzé	noun — norm, criterion, standard of conduct	TOCFL 5
準時	zhǔnshí	adjective / adverb — on time, punctual; exactly at the set time, neither early nor late	TOCFL 3
準確	zhǔnquè	adjective — accurate; precise; exact	TOCFL 5
溜冰	liūbīng	verb — to skate (on ice or roller skates); noun — skating	TOCFL 4
溝通	gōutōng	verb — to communicate, to reach an understanding	TOCFL 4
溪流	xīliú	noun — a stream, a brook	TOCFL 5
溫和	wēnhé	adjective — gentle, mild (of temperament, climate, or manner)	TOCFL 4
溫帶	wēndài	noun — the temperate zone	TOCFL 5
溫度	wēndù	noun — temperature	TOCFL 4
溫暖	wēnnuǎn	adjective — warm; pleasantly heated, or, of feeling, kind and comforting	TOCFL 3
溫柔	wēnróu	adjective — gentle and tender; soft in manner, voice, or touch	TOCFL 3
溫泉	wēnquán	noun — a hot spring	TOCFL 2
溫習	wēnxí	verb — to review, to go over (lessons) again	TOCFL 5
溫馴	wēnxún	adjective — gentle and docile, tame (of an animal or temperament)	TOCFL 5
溶化	rónghuà	verb — to dissolve into liquid; to melt away	TOCFL 5
滅亡	mièwáng	verb — to perish, to be wiped out, to die out (of a nation, species, or people)	TOCFL 4
滋味	zīwèi	noun — taste, flavor; (figurative) the feel of an experience	TOCFL 5
滑雪	huáxuě	verb — to ski; to glide over snow on skis or a board	TOCFL 3
滯留	zhìliú	verb — to be held up somewhere, to stay on past one's time	TOCFL 5
滲入	shènrù	verb — to seep in, soak through into something	TOCFL 5
滿意	mǎnyì	adjective — satisfied; pleased	TOCFL 4
滿懷	mǎnhuái	verb — to be filled with (an emotion); noun — a bosom full of	TOCFL 5
滿臉	mǎnliǎn	adv/adj — all over the face, covering the whole face	TOCFL 3
滿足	mǎnzú	verb — to satisfy; adjective — content	TOCFL 4
漁業	yúyè	noun — the fishing industry; fisheries	TOCFL 7
漁民	yúmín	noun — a fisherman, people who fish for a living	TOCFL 5
漂亮	piàoliàng	adjective — pretty, good-looking; (of work) brilliantly done	TOCFL 1
演出	yǎnchū	verb — to perform; noun — a performance, a show	TOCFL 4
演員	yǎnyuán	noun — actor, performer	TOCFL 4
演唱	yǎnchàng	verb — to perform (a song) for an audience, to sing in concert	TOCFL 4
演奏	yǎnzòu	verb — to perform (instrumental music), to play (an instrument) before an audience	TOCFL 4
演習	yǎnxí	noun — a drill, exercise; verb — to drill, practice (esp. military)	TOCFL 7
演說	yǎnshuō	noun — a speech, an address; verb — to give a speech	TOCFL 5
演講	yǎnjiǎng	verb — to give a speech, lecture; noun — a speech, a public talk	TOCFL 3
演變	yǎnbiàn	verb — to evolve, develop and change over time	TOCFL 5
漠視	mòshì	verb — to disregard, treat with cold indifference	TOCFL 5
漢口	hànkǒu	proper noun — Hankou, the riverfront commercial quarter of Wuhan, one of its Three Towns	named-entity
漢堡	hànbǎo	noun — a hamburger	TOCFL 1
漢子	hànzi	noun — a man, a fellow (often "a real man", a tough guy)	TOCFL 7
漢字	hànzì	noun — a Chinese character	TOCFL 2
漢族	hànzú	noun — the Han, the largest ethnic group of China	named-entity
漢白玉	hànbáiyù	noun — white marble (the fine white stone used in Chinese monuments)	TOCFL 5
漢語	Hànyǔ	noun — the Chinese language; the language of the Han people	TOCFL 3
漫畫	mànhuà	noun — comics, cartoon, manga	TOCFL 4
漫長	màncháng	adjective — long and drawn-out, seemingly endless (of time or distance)	TOCFL 5
漲價	zhǎngjià	verb — to rise in price, to go up in cost	TOCFL 4
漸漸	jiànjiàn	adverb — gradually; little by little; by degrees	TOCFL 4
潔白	jiébái	adjective — pure white, spotlessly clean	TOCFL 5
潛力	qiánlì	noun — potential, latent power	TOCFL 5
潛艇	qiántǐng	noun — a submarine	TOCFL 7
潛藏	qiáncáng	verb — to lie hidden, lurk; to be latent	TOCFL 5
潮流	cháoliú	noun — tide, current; figuratively, a trend or the prevailing direction of fashion or thought	TOCFL 4
潮溼	cháoshī	adjective — damp, moist, humid	TOCFL 4
潮濕	cháoshī	adjective — damp, moist, humid	TOCFL 4
潺潺	chánchán	onomatopoeia/adj — the gurgling, murmuring sound of flowing water	TOCFL 5
澈底	chèdǐ	adjective/adverb — thorough, thoroughly; complete(ly), down to the bottom	TOCFL 4
澳門	àomén	proper noun — Macau, a former Portuguese port on the south China coast, now a Chinese special administrative region known for its casinos	named-entity
激動	jīdòng	verb — to be stirred up, worked up, emotionally moved	TOCFL 5
激增	jīzēng	verb — to surge, increase sharply and fast	TOCFL 5
激情	jīqíng	noun — passion, fervor; intense emotion	TOCFL 6
激烈	jīliè	adjective — fierce, intense, heated (of fighting, competition, debate)	TOCFL 4
濃厚	nónghòu	adjective — thick, dense, strong (of liquid, smell, atmosphere, or interest)	TOCFL 4
濫用	lànyòng	verb — to abuse, to misuse, to use excessively (power, drugs, authority)	TOCFL 4
瀑布	pùbù	noun — a waterfall	TOCFL 5
瀟灑	xiāosǎ	adjective — carefree and elegant, easy and unrestrained in manner	TOCFL 5
灌溉	guàngài	verb — to irrigate, water crops or land	TOCFL 5
灌輸	guànshū	verb — to instil, drum (ideas or knowledge) into someone	TOCFL 5
火力	huǒlì	noun — firepower (of weapons); the heat-power of a fire or fuel	TOCFL 5
火柴	huǒchái	noun — match, matchstick	TOCFL 4
火災	huǒzāi	noun — fire (the disaster), a blaze, conflagration	TOCFL 4
火焰	huǒyàn	noun — flame, the tongues of a fire	TOCFL 5
火箭	huǒjiàn	noun — a rocket	TOCFL 6
火腿	huǒtuǐ	noun — ham	TOCFL 2
火藥	huǒyào	noun — gunpowder, explosive powder	TOCFL 5
火車	huǒchē	noun — a train	TOCFL 1
灰塵	huīchén	noun — dust, the fine grit that settles on things	TOCFL 5
灰心	huīxīn	verb/adjective — to lose heart, to be discouraged, downhearted	TOCFL 4
灰色	huīsè	noun/adjective — grey (the colour); figuratively, gloomy or ambiguous	TOCFL 4
災害	zāihài	noun — disaster, calamity (natural or otherwise causing harm)	TOCFL 4
災情	zāiqíng	noun — the state of damage from a disaster, the extent of the calamity	TOCFL 5
災禍	zāihuò	noun — calamity, disaster and the harm it brings	TOCFL 5
災難	zāinàn	noun — a disaster, a catastrophe; great suffering caused by a calamity	TOCFL 4
炮彈	pàodàn	noun — an artillery shell, a cannon round	TOCFL 6
炸彈	zhàdàn	noun — a bomb	TOCFL 5
炸藥	zhàyào	noun — explosive, blasting charge	TOCFL 5
為了	wèile	preposition — in order to; for the sake of; for	TOCFL 2
為人	wéirén	noun — one's conduct and character, the kind of person one is	TOCFL 5
為什麼	wèishénme	phrase — why; for what reason	TOCFL 1
為何	wèihé	adverb — why, for what reason (literary register of 為什麼)	TOCFL 6
為止	wéizhǐ	verb-phrase — up until (a point); used as "until … 為止"	TOCFL 5
為生	wéishēng	verb — to make a living, to earn one's livelihood (usually 以…為生)	TOCFL 5
為難	wéinán	verb — to make things hard for, to put on the spot; adjective — feeling awkward, in a bind	TOCFL 4
為首	wéishǒu	verb-phrase — to be headed by, with … at the head (leading a group)	TOCFL 4
烈士	lièshì	noun — a martyr; one who dies for a cause	TOCFL 5
烏鴉	wūyā	noun — a crow, a raven	TOCFL 5
烏龍茶	wūlóngchá	noun — oolong tea	TOCFL 2
烏龜	wūguī	noun — a tortoise, a turtle	TOCFL 5
烤肉	kǎoròu	noun — barbecue, grilled meat; verb — to barbecue, to grill meat	TOCFL 5
無不	wúbù	adverb — there is none that does not; every one does	TOCFL 6
無人	wúrén	adjective — unmanned; with nobody present	TOCFL 5
無力	wúlì	adjective — powerless, weak; unable to manage; lacking strength	TOCFL 5
無可奈何	wúkěnàihé	idiom — to have no way out, nothing to be done; helpless in the face of it	TOCFL 4
無形	wúxíng	adjective — invisible, intangible, formless; adverb — imperceptibly (無形中)	TOCFL 5
無情	wúqíng	adjective — heartless, merciless, without feeling	TOCFL 4
無意	wúyì	adverb — unintentionally, without meaning to; verb — to have no intention of	TOCFL 4
無所謂	wúsuǒwèi	phrase — it doesn't matter; to be indifferent, to not mind either way	TOCFL 3
無數	wúshù	adjective — countless; innumerable; too many to count	TOCFL 5
無比	wúbǐ	adv/adj — incomparable; beyond compare; to a matchless degree	TOCFL 6
無法	wúfǎ	verb — to be unable to, to have no way to (do something)	TOCFL 3
無疑	wúyí	adverb — without doubt; undoubtedly	TOCFL 5
無窮	wúqióng	adjective — infinite, endless; without limit or exhaustion	TOCFL 3
無線電	wúxiàndiàn	noun — radio, wireless (transmission)	TOCFL 5
無聊	wúliáo	adjective — bored; boring, dull, pointless	TOCFL 2
無論	wúlùn	conj — no matter (what / how), regardless	TOCFL 4
無論如何	wúlùn rúhé	phrase — no matter what, in any case; whatever the circumstances	TOCFL 3
無限	wúxiàn	adjective — boundless, infinite, without limit	TOCFL 4
焦急	jiāojí	adjective — anxious, frantic with worry	TOCFL 5
然後	ránhòu	conjunction — then; after that; and then	TOCFL 1
然而	rán'ér	conjunction — however; yet; but; nevertheless	TOCFL 5
煙火	yānhuǒ	noun — fireworks; also smoke and fire, the signs of human cooking and habitation	TOCFL 3
煞車	shāchē	verb — to brake, to apply the brakes; noun — a brake	TOCFL 5
照例	zhàolì	adverb — as usual, as a rule, following custom	TOCFL 5
照常	zhàocháng	adverb — as usual, as normal; verb — to carry on as before	TOCFL 4
照片	zhàopiàn	noun — a photograph; a photo	TOCFL 2
照相	zhàoxiàng	verb — to take a photograph	TOCFL 1
照相機	zhàoxiàngjī	noun — a camera	TOCFL 1
照耀	zhàoyào	verb — to shine on, to illuminate brilliantly	TOCFL 5
照顧	zhàogù	verb — to look after; noun — care	TOCFL 2
煩惱	fánnǎo	noun — worry, trouble, vexation; verb — to be worried or distressed	TOCFL 3
熊貓	xióngmāo	noun — panda; the black-and-white bear of the bamboo forests	TOCFL 3
熟人	shúrén	noun — an acquaintance, someone one knows well	TOCFL 4
熟悉	shúxī	verb — to be familiar with; to know well; adjective — familiar	TOCFL 4
熟練	shúliàn	adjective — skilled, proficient, practiced	TOCFL 4
熱帶	rèdài	noun — the tropics, tropical zone	TOCFL 5
熱心	rèxīn	adjective — warmhearted, eager to help, enthusiastic	TOCFL 4
熱情	rèqíng	noun — warmth; enthusiasm; adjective — warm-hearted, eager	TOCFL 4
熱愛	rè'ài	verb — to love ardently, to be passionate about	TOCFL 4
熱水	rèshuǐ	noun — hot water	TOCFL 3
熱水瓶	rèshuǐpíng	noun — a thermos, a vacuum flask for hot water	TOCFL 5
熱潮	rècháo	noun — a craze, a fervent trend, an upsurge of enthusiasm	TOCFL 5
熱烈	rèliè	adjective — warm, ardent (of a welcome, applause, debate)	TOCFL 5
熱狗	règǒu	noun — a hot dog	TOCFL 2
熱量	rèliàng	noun — heat (energy), calories	TOCFL 4
熱門	rèmén	adjective — popular, in demand, hot (topic, trend)	TOCFL 4
熱鬧	rènào	adjective — lively, bustling (with crowds and noise)	TOCFL 3
燃料	ránliào	noun — fuel (coal, wood, oil — what a fire or engine burns)	TOCFL 5
燃燒	ránshāo	verb — to burn, to combust; noun — combustion	TOCFL 4
燈光	dēngguāng	noun — lamplight; the light given off by lamps	TOCFL 3
燈火	dēnghuǒ	noun — lights, lamplight (especially of a town at night)	TOCFL 5
燈籠	dēnglóng	noun — a lantern (paper or silk, carried or hung)	TOCFL 5
燒香	shāoxiāng	verb — to burn incense (in worship at a temple)	TOCFL 5
燕窩	yànwō	noun — edible bird's nest (a swiftlet's nest, eaten as a delicacy)	TOCFL 5
營地	yíngdì	noun — a campsite, an encampment	TOCFL 5
營業	yíngyè	verb — to do business, to be open (for trade)	TOCFL 4
營造	yíngzào	verb — to build up, to create (an atmosphere, a setting); to construct	TOCFL 5
營養	yíngyǎng	noun — nutrition, nourishment	TOCFL 4
燦爛	cànlàn	adjective — brilliant, splendid, radiant (of light, a smile, an era)	TOCFL 5
爆炸	bàozhà	verb — to explode; to blow up	TOCFL 5
爆發	bàofā	verb — to erupt, to break out, to burst forth	TOCFL 5
爭取	zhēngqǔ	verb — to strive for, fight to win, work hard to obtain	TOCFL 5
爭奪	zhēngduó	verb — to fight over, to contend for, to scramble for	TOCFL 5
爭氣	zhēngqì	verb — to do oneself proud, to live up to others' hopes, to not let people down	TOCFL 5
爭論	zhēnglùn	verb — to argue, to dispute, to debate; noun — a controversy	TOCFL 4
爭議	zhēngyì	noun — controversy, dispute; adjective — controversial (有爭議)	TOCFL 5
爭辯	zhēngbiàn	verb — to argue, to dispute, to contend in words	TOCFL 5
父母	fùmǔ	noun — parents; father and mother	TOCFL 3
父親	fùqīn	noun — father (polite/written form)	TOCFL 2
爸爸	bàba	noun — dad, papa	TOCFL 1
爹爹	diēdie	noun — daddy; papa [dialectal / older usage]	TOCFL 7
爺爺	yéye	noun — grandfather (father's father); a respectful word for an old man	TOCFL 2
爽快	shuǎngkuài	adjective — straightforward and ready (of a person); refreshed, at ease (of a feeling)	TOCFL 5
牆壁	qiángbì	noun — a wall (of a room or building)	TOCFL 4
牆角	qiángjiǎo	noun — the corner of a wall, a wall's angle (where two walls meet)	TOCFL 5
片刻	piànkè	noun — a moment; a short while; an instant	TOCFL 5
片子	piānzi	noun — a film, a movie; a disc/record	TOCFL 4
片面	piànmiàn	adjective — one-sided, partial, biased	TOCFL 4
版本	bǎnběn	noun — version; edition	TOCFL 5
牙刷	yáshuā	noun — a toothbrush	TOCFL 2
牙科	yákē	noun — dentistry; the dental department	TOCFL 5
牙膏	yágāo	noun — toothpaste	TOCFL 2
牙齒	yáchǐ	noun — tooth, teeth	TOCFL 3
牛仔褲	niúzǎikù	noun — jeans; trousers made of denim	TOCFL 3
牛奶	niúnǎi	noun — (cow's) milk	TOCFL 1
牛排	niúpái	noun — a (beef) steak	TOCFL 2
牢騷	láosāo	noun — a complaint, a grievance, grumbling (發牢騷 = to gripe)	TOCFL 4
牧場	mùchǎng	noun — a pasture, a ranch	TOCFL 5
物件	wùjiàn	noun — an object; an article; a thing	TOCFL 6
物價	wùjià	noun — commodity prices; the general price level of goods	TOCFL 3
物品	wùpǐn	noun — articles, goods, items	TOCFL 5
物理	wùlǐ	noun — physics; the laws of the physical world	TOCFL 5
物產	wùchǎn	noun — products, produce (of a region)	TOCFL 5
物資	wùzī	noun — supplies, materials, goods (especially for relief or production)	TOCFL 6
物質	wùzhì	noun — matter; substance; material; physical things	TOCFL 5
物體	wùtǐ	noun — a physical object, a body	TOCFL 5
牴觸	dǐchù	verb — to conflict with, to contradict, to run counter to	TOCFL 7
特別	tèbié	adjective — special; particular; unusual; adverb — especially; particularly	TOCFL 2
特區	tèqū	noun — a special zone, a special administrative region	TOCFL 5
特地	tèdì	adverb — specially, on purpose (for one particular reason)	TOCFL 3
特定	tèdìng	adjective — specific; particular; designated	TOCFL 5
特徵	tèzhēng	noun — distinguishing feature; characteristic; trait	TOCFL 5
特性	tèxìng	noun — characteristic; distinctive property; trait	TOCFL 4
特權	tèquán	noun — privilege; a special right	TOCFL 5
特此	tècǐ	adverb — hereby (formal, in notices and letters)	TOCFL 5
特殊	tèshū	adjective — special; unusual; exceptional; out of the ordinary	TOCFL 4
特產	tèchǎn	noun — a local specialty product; a regional specialty (food, craft, goods of a place)	TOCFL 5
特約	tèyuē	verb — to specially engage; adjective — under special contract (特約記者)	TOCFL 5
特色	tèsè	noun — distinctive feature; characteristic quality; local specialty; flavor	TOCFL 4
特點	tèdiǎn	noun — characteristic; distinguishing feature; special quality	TOCFL 4
牽連	qiānlián	verb — to implicate, to drag into (trouble)	TOCFL 5
犧牲	xīshēng	verb — to sacrifice, to give up (a life, an interest); noun — a sacrifice	TOCFL 6
犯人	fànrén	noun — a prisoner, a convict, a criminal	TOCFL 4
犯法	fànfǎ	verb — to break the law, to commit an offense	TOCFL 4
犯罪	fànzuì	verb — to commit a crime; noun — crime	TOCFL 4
犯規	fànguī	verb — to break the rules, to commit a foul	TOCFL 5
犯錯	fàncuò	verb — to make a mistake, to do wrong	TOCFL 4
狀元	zhuàngyuán	noun — the top scholar in the imperial exam; the first-place finisher	TOCFL 5
狀態	zhuàngtài	noun — state; condition; status	TOCFL 4
狀況	zhuàngkuàng	noun — situation, condition, state of affairs	TOCFL 5
狂妄	kuángwàng	adjective — arrogant, wildly conceited	TOCFL 5
狂風	kuángfēng	noun — a fierce wind, a gale	TOCFL 5
狐疑	húyí	verb — to harbor doubts, to be suspicious	TOCFL 5
狠心	hěnxīn	adjective — hardhearted, ruthless; verb — to harden one's heart	TOCFL 5
狩獵	shòuliè	verb — to hunt (game)	TOCFL 5
狹小	xiáxiǎo	adjective — narrow and small, cramped	TOCFL 5
狹窄	xiázhǎi	adjective — narrow, cramped; (of views) limited	TOCFL 5
猖獗	chāngjué	adjective — rampant, unchecked, running wild	TOCFL 5
猛烈	měngliè	adjective — fierce, violent, intense	TOCFL 5
猜忌	cāijì	verb — to be suspicious and resentful of, to mistrust	TOCFL 5
猜想	cāixiǎng	verb — to guess, to suppose, to conjecture	TOCFL 5
猜測	cāicè	verb — to conjecture, to speculate; noun — a guess	TOCFL 5
猶豫	yóuyù	verb — to hesitate, to waver; adjective — undecided	TOCFL 4
獎勵	jiǎnglì	verb — to reward and encourage; noun — a reward, an incentive	TOCFL 5
獎品	jiǎngpǐn	noun — a prize, an award (object given)	TOCFL 4
獎學金	jiǎngxuéjīn	noun — a scholarship; money awarded to support a student	TOCFL 3
獎狀	jiǎngzhuàng	noun — a certificate of merit; an award document	TOCFL 5
獎賞	jiǎngshǎng	noun — a reward, prize; verb — to reward, to grant a prize	TOCFL 5
獎金	jiǎngjīn	noun — a cash prize, a bonus	TOCFL 4
獨佔	dúzhàn	verb — to monopolize; to keep all of something for oneself	TOCFL 5
獨到	dúdào	adjective — original and insightful; uniquely one's own (of a view or skill)	TOCFL 5
獨創	dúchuàng	verb — to originate single-handedly; adj — original, of one's own invention	TOCFL 5
獨占	dúzhàn	verb — to monopolize; to keep all of something for oneself	TOCFL 5
獨特	dútè	adjective — unique; distinctive	TOCFL 5
獨立	dúlì	verb/adjective — independent; to stand alone; independence	TOCFL 4
獨自	dúzì	adverb — alone, by oneself, on one's own	TOCFL 4
獲取	huòqǔ	verb — to obtain, to acquire, to gain	TOCFL 6
獲得	huòdé	verb — to obtain; to gain; to win; to acquire	TOCFL 4
獵人	lièrén	noun — a hunter	TOCFL 5
獻身	xiànshēn	verb — to devote oneself; to dedicate one's life (to a cause)	TOCFL 5
率領	shuàilǐng	verb — to lead; to head; to command (a group)	TOCFL 5
玉器	yùqì	noun — jade ware; an article carved from jade	TOCFL 5
玉米	yùmǐ	noun — corn, maize	TOCFL 3
王國	wángguó	noun — kingdom; (figuratively) a domain ruled by one person or thing	TOCFL 5
王府	wángfǔ	noun — a prince's mansion, the residence of a titled royal	TOCFL 7
王朝	wángcháo	noun — dynasty; the reign of one royal house	TOCFL 7
王琦瑤	wángqíyáo	proper noun — Wang Qiyao, the doomed Shanghai heroine of Wang Anyi's novel "The Song of Everlasting Sorrow"	named-entity
玩具	wánjù	noun — a toy, a plaything	TOCFL 3
玩弄	wánnòng	verb — to play with, to toy with; to manipulate (someone or something)	TOCFL 5
玩笑	wánxiào	noun — a joke, a prank (開玩笑 = to joke around)	TOCFL 4
玫瑰	méiguī	noun — a rose (the flower)	TOCFL 3
玻璃	bōlí	noun — glass	TOCFL 4
珍惜	zhēnxī	verb — to cherish, to treasure, to value (and not waste)	TOCFL 4
珍珠	zhēnzhū	noun — a pearl	TOCFL 4
珍稀	zhēnxī	adjective — rare and precious (of species, treasures)	TOCFL 6
珍貴	zhēnguì	adjective — precious, valuable, worth treasuring	TOCFL 3
班機	bānjī	noun — a scheduled flight, an airliner running a regular route	TOCFL 3
班長	bānzhǎng	noun — a class monitor, a squad leader	TOCFL 4
現今	xiànjīn	noun/adv — nowadays, at the present time	TOCFL 5
現代	xiàndài	noun — modern times; the contemporary era	TOCFL 3
現代化	xiàndàihuà	noun/verb — modernization; to modernize	TOCFL 5
現在	xiànzài	noun/adverb — now, at present, the present	TOCFL 1
現場	xiànchǎng	noun — the scene, on-site, the actual place where something happens	TOCFL 4
現實	xiànshí	noun — reality; adj — realistic, practical	TOCFL 4
現成	xiànchéng	adjective — ready-made, off-the-shelf, already prepared	TOCFL 4
現有	xiànyǒu	adjective — existing; currently available; on hand	TOCFL 4
現狀	xiànzhuàng	noun — the present state of things, the status quo	TOCFL 5
現行	xiànxíng	adjective — currently in force, in effect (of laws, rules, systems)	TOCFL 5
現象	xiànxiàng	noun — phenomenon; observable fact or occurrence	TOCFL 5
現金	xiànjīn	noun — cash, ready money	TOCFL 4
球員	qiúyuán	noun — a ball player, a player on a sports team	TOCFL 3
球場	qiúchǎng	noun — a ball court, a sports field or pitch	TOCFL 3
球賽	qiúsài	noun — a ball game, a sports match	TOCFL 3
球隊	qiúduì	noun — a sports team (a ball-game team)	TOCFL 4
球鞋	qiúxié	noun — sneakers, athletic shoes	TOCFL 4
理學	lǐxué	noun — Neo-Confucian philosophy (the Song-Ming "study of principle"); also natural science	TOCFL 5
理性	lǐxìng	noun — reason; rationality; adjective — rational, level-headed	TOCFL 5
理想	lǐxiǎng	noun — an ideal; aspiration; adjective — ideal	TOCFL 4
理所當然	lǐsuǒdāngrán	phrase — as a matter of course; naturally, of course (it should be so)	TOCFL 5
理智	lǐzhì	noun — reason, rationality; adj — level-headed, rational	TOCFL 5
理由	lǐyóu	noun — reason; grounds; justification	TOCFL 4
理解	lǐjiě	verb — to understand, comprehend; noun — understanding	TOCFL 5
理論	lǐlùn	noun — theory; theoretical framework	TOCFL 5
理財	lǐcái	verb — to manage money, to handle one's finances	TOCFL 5
瑕疵	xiácī	noun — a flaw, defect, blemish	TOCFL 5
瑣碎	suǒsuì	adjective — trivial, petty; (of matters) fragmentary and fussy	TOCFL 5
環保	huánbǎo	noun/adjective — environmental protection; eco-friendly	TOCFL 2
環境	huánjìng	noun — environment; surroundings; circumstances	TOCFL 3
瓜子	guāzǐ	noun — melon seeds, sunflower seeds (eaten as a snack)	TOCFL 4
瓦斯	wǎsī	noun — gas (fuel or piped gas); loanword from "gas"	TOCFL 4
甚至	shènzhì	conjunction / adverb — even, to the point that; used to mark a surprising extreme	TOCFL 3
甚麼	shénme	pronoun — what	TOCFL 1
甜美	tiánměi	adjective — sweet and lovely; (of voice, smile, sleep) sweet, pleasant	TOCFL 5
甜點	tiándiǎn	noun — dessert, a sweet (snack)	TOCFL 2
生人	shēngrén	noun — a stranger; a person one does not know	TOCFL 5
生前	shēngqián	noun/adv — during one's lifetime; while (the deceased) was alive	TOCFL 5
生動	shēngdòng	adjective — vivid, lively, lifelike	TOCFL 5
生命	shēngmìng	noun — life (as a living force); existence; lifespan	TOCFL 3
生字	shēngzì	noun — a new (unfamiliar) word or character a learner has not yet met	TOCFL 3
生存	shēngcún	verb — to survive, to subsist; noun — survival, existence	TOCFL 5
生平	shēngpíng	noun — one's life story; the whole course of a person's life	TOCFL 5
生意	shēngyì	noun — business, trade	TOCFL 2
生態	shēngtài	noun — ecology, the living balance of an environment	TOCFL 5
生成	shēngchéng	verb — to generate; to come into being; to produce (an image, a number, a result)	TOCFL 4
生效	shēngxiào	verb — to take effect, to come into force	TOCFL 5
生於	shēngyú	verb — to be born in (a place or year)	TOCFL 5
生日	shēngrì	noun — a birthday	TOCFL 1
生死	shēngsǐ	noun — life and death; (figurative) a critical, fateful matter	TOCFL 5
生殖	shēngzhí	verb — to reproduce, to breed; noun — reproduction	TOCFL 5
生氣	shēngqì	verb — to get angry; adj — angry	TOCFL 2
生活	shēnghuó	noun — life, livelihood; verb — to live, to make a living	TOCFL 1
生火	shēnghuǒ	verb — to light a fire; to get a fire going	TOCFL 5
生物	shēngwù	noun — living thing; organism; biology (as a school subject)	TOCFL 3
生理	shēnglǐ	noun — physiology; the body's workings	TOCFL 5
生產	shēngchǎn	verb — to produce, to manufacture; noun — production; to give birth	TOCFL 3
生產力	shēngchǎnlì	noun — productivity; the capacity to produce	TOCFL 4
生病	shēngbìng	verb — to fall ill, to get sick	TOCFL 1
生硬	shēngyìng	adjective — stiff, awkward, unnatural (of language, manner)	TOCFL 5
生肖	shēngxiào	noun — the Chinese zodiac animals (one's birth-year animal)	TOCFL 4
生育	shēngyù	verb — to give birth to and raise (children)	TOCFL 5
生詞	shēngcí	noun — a new (unfamiliar) word, vocabulary item	TOCFL 4
生長	shēngzhǎng	verb — to grow; to develop (of living things)	TOCFL 3
產值	chǎnzhí	noun — output value; the worth of what is produced	TOCFL 6
產品	chǎnpǐn	noun — product; goods	TOCFL 2
產業	chǎnyè	noun — industry; sector; enterprise; property	TOCFL 4
產業化	chǎnyèhuà	verb — to turn (something) into an industry; to industrialize, commercialize at scale	TOCFL 7
產物	chǎnwù	noun — a product; an outcome of some process or condition	TOCFL 5
產生	chǎnshēng	verb — to produce; to generate; to give rise to	TOCFL 3
產量	chǎnliàng	noun — output, yield, the amount produced	TOCFL 5
用不著	yòngbùzháo	verb phrase — to have no need for, to not need to	TOCFL 4
用來	yònglái	verb phrase — to be used for; used to (do something)	TOCFL 5
用具	yòngjù	noun — a tool, an implement, utensils	TOCFL 4
用力	yònglì	verb — to exert force, use physical strength; (do something) hard, with effort	TOCFL 4
用功	yònggōng	adjective — hardworking, diligent (at study); verb — to study hard	TOCFL 2
用品	yòngpǐn	noun — articles for use, supplies (everyday goods)	TOCFL 3
用得著	yòngdezháo	phrase — to have use for, find useful, need (to do something)	TOCFL 4
用心	yòngxīn	adj/adv — attentive, with care and concentration; noun — one's (hidden) intention, motive	TOCFL 4
用戶	yònghù	noun — a user; an account holder (of a service, utility)	TOCFL 5
用法	yòngfǎ	noun — usage, the way something is used	TOCFL 3
用處	yòngchù	noun — use, usefulness, what something is good for	TOCFL 4
用途	yòngtú	noun — a use; what something is good for	TOCFL 5
田地	tiándì	noun — farmland, fields; (figurative) a sorry state, a plight	TOCFL 5
田徑	tiánjìng	noun — track and field (athletics)	TOCFL 5
田野	tiányě	noun — fields and open country, the countryside	TOCFL 4
由來	yóulái	noun — the origin; how something came to be	TOCFL 5
由於	yóuyú	preposition — due to; because of; owing to	TOCFL 3
由此	yóucǐ	adverb — from this; hence; from here	TOCFL 5
甲方	jiǎfāng	noun — Party A: the client, the side that pays	business term
申請	shēnqǐng	verb — to apply for; noun — an application	TOCFL 4
男人	nánrén	noun — man; adult male	TOCFL 1
男子	nánzǐ	noun — a man; a male	TOCFL 4
男性	nánxìng	noun — male, the male sex	TOCFL 4
男方	nánfāng	noun — the man's side (in a marriage, dispute, or negotiation)	TOCFL 5
男生	nánshēng	noun — a boy; a male student; a guy	TOCFL 1
界線	jièxiàn	noun — boundary line, dividing line; the line between two things	TOCFL 4
留下	liúxià	verb — to leave behind; to stay behind; to keep	TOCFL 3
留在	liúzài	verb — to stay in, remain at, be left in	TOCFL 3
留學	liúxué	verb — to study abroad	TOCFL 3
留學生	liúxuéshēng	noun — a student studying abroad, a foreign exchange student	TOCFL 3
留念	liúniàn	verb — to keep as a memento, do something to remember (an occasion) by	TOCFL 4
留言	liúyán	verb — to leave a message; noun — a message left behind (a comment, note)	TOCFL 3
畢業	bìyè	verb — to graduate; noun — graduation	TOCFL 3
畢業生	bìyèshēng	noun — a graduate; someone who has finished a course of study	TOCFL 4
畢生	bìshēng	adverb/noun — all one's life; lifelong	TOCFL 5
畢竟	bìjìng	adverb — after all; in the end (when all is said)	TOCFL 5
畫兒	huàr	noun — a picture, a drawing (colloquial, erhua)	TOCFL 1
畫家	huàjiā	noun — a painter, an artist who paints	TOCFL 3
畫展	huàzhǎn	noun — an art exhibition; a painting show	TOCFL 5
畫面	huàmiàn	noun — picture, image, scene (on a screen, in a frame, or in the mind)	TOCFL 4
異常	yìcháng	adjective — abnormal; unusual. adverb — extremely	TOCFL 5
異鄉	yìxiāng	noun — a strange land; a place far from home	TOCFL 5
當下	dāngxià	noun — the present moment; right now; the here and now	TOCFL 6
當中	dāngzhōng	noun/postposition — in the middle of; among; in the midst	TOCFL 3
當今	dāngjīn	noun/adv — nowadays; the present age	TOCFL 5
當代	dāngdài	noun/adjective — the present age; contemporary	TOCFL 5
當作	dàngzuò	verb — to treat as, to regard as, to take something for	TOCFL 4
當做	dàngzuò	verb — to treat as, to regard (something) as	TOCFL 3
當兵	dāngbīng	verb — to serve as a soldier; to do military service	TOCFL 5
當初	dāngchū	noun/adverb — back then, at the start (of a past matter)	TOCFL 4
當前	dāngqián	noun/adj — the present; current; at this moment	TOCFL 6
當即	dāngjí	adverb — at once, right away, on the spot	TOCFL 6
當地	dāngdì	noun/adverb — local; the locality in question; the place being referred to	TOCFL 3
當場	dāngchǎng	adverb — on the spot, then and there	TOCFL 3
當天	dàngtiān	noun / adverb — that same day, the very day (of the event)	TOCFL 3
當局	dāngjú	noun — the authorities, those in power	TOCFL 5
當年	dāngnián	time noun — in those days; at that time; in the same year; back then	TOCFL 3
當心	dāngxīn	verb — to watch out; to be careful	TOCFL 5
當日	dāngrì	noun/adverb — that very day; on the same day	TOCFL 5
當時	dāngshí	time word — at that time; at the time; then	TOCFL 2
當然	dāngrán	adverb — of course; naturally; certainly	TOCFL 2
當真	dāngzhēn	verb — to take seriously; to take as true	TOCFL 6
當選	dāngxuǎn	verb — to be elected, to win an election (to office)	TOCFL 5
當面	dāngmiàn	adverb — face to face, in person (in someone's presence)	TOCFL 3
畸形	jīxíng	noun/adjective — a deformity; malformed, abnormal	TOCFL 5
疏導	shūdǎo	verb — to channel away, to ease (traffic, emotions, a backlog)	TOCFL 5
疏忽	shūhū	verb — to overlook, neglect; noun — carelessness, an oversight	TOCFL 4
疏散	shūsàn	verb — to evacuate; to disperse (a crowd, to safety)	TOCFL 5
疑問	yíwèn	noun — doubt, question, a point one is unsure about	TOCFL 4
疑慮	yílǜ	noun — misgivings; doubt and worry	TOCFL 5
疙瘩	gēda	noun — a lump, a bump (on skin or surface); a knot of unease	TOCFL 5
疲倦	píjuàn	adjective — tired, weary, worn out	TOCFL 4
疲勞	píláo	adj/noun — fatigue, tiredness; physically or mentally worn out	TOCFL 4
疲憊	píbèi	adjective — exhausted, worn out	TOCFL 5
疼愛	téng'ài	verb — to dote on; to love tenderly (a child, a junior)	TOCFL 5
疼痛	téngtòng	noun — pain, ache; adj — aching, painful	TOCFL 4
疾病	jíbìng	noun — disease, illness	TOCFL 5
病人	bìngrén	noun — patient; a sick person	TOCFL 2
病床	bìngchuáng	noun — a hospital bed; a sickbed	TOCFL 5
病患	bìnghuàn	noun — a patient; the sick and afflicted	TOCFL 5
病情	bìngqíng	noun — a patient's condition, the state of an illness	TOCFL 4
病房	bìngfáng	noun — hospital ward, sickroom	TOCFL 4
病毒	bìngdú	noun — a virus (biological, or a malicious computer program)	TOCFL 5
病菌	bìngjūn	noun — germ; pathogenic bacteria	TOCFL 5
症狀	zhèngzhuàng	noun — a symptom, a sign of illness	TOCFL 5
痕跡	hénjì	noun — mark, trace, sign left behind	TOCFL 4
痛快	tòngkuài	adjective — satisfying, hugely enjoyable; (of a person) frank, straightforward	TOCFL 4
痛恨	tònghèn	verb — to hate bitterly; to detest	TOCFL 5
痛苦	tòngkǔ	noun/adj — pain; suffering; agonizing	TOCFL 4
瘋子	fēngzi	noun — madman, lunatic; a crazy person	TOCFL 4
瘋狂	fēngkuáng	adjective — crazy, frenzied, wild; insane	TOCFL 4
瘟疫	wēnyì	noun — plague; pestilence; epidemic disease	TOCFL 5
癌症	áizhèng	noun — cancer (the disease)	TOCFL 4
登場	dēngchǎng	verb — to come on stage; to make one's appearance	TOCFL 5
登山	dēngshān	verb — to climb a mountain, go mountaineering	TOCFL 4
登時	dēngshí	adverb — at once, right then	TOCFL 3
登記	dēngjì	verb — to register, enter one's name on a record	TOCFL 4
登陸	dēnglù	verb — to land; to come ashore; to make landfall	TOCFL 5
發作	fāzuò	verb — to flare up, to break out (of illness, anger, an effect)	TOCFL 6
發出	fāchū	verb — to send out, give off, emit (a sound, light, signal)	TOCFL 4
發動	fādòng	verb — to launch, to start up, to set in motion	TOCFL 5
發動機	fādòngjī	noun — engine, motor	TOCFL 4
發射	fāshè	verb — to launch; to fire; to emit	TOCFL 6
發展	fāzhǎn	verb — to develop, to grow; noun — development, growth	TOCFL 2
發抖	fādǒu	verb — to tremble, shiver, shake (from cold or fear)	TOCFL 4
發掘	fājué	verb — to excavate; to unearth; to discover (talent, potential)	TOCFL 5
發揚	fāyáng	verb — to carry forward, promote, develop (a tradition, spirit, strength)	TOCFL 4
發揮	fāhuī	verb — to bring into full play; to give free rein to	TOCFL 5
發明	fāmíng	verb — to invent; noun — an invention	TOCFL 4
發炎	fāyán	verb — to become inflamed, develop inflammation	TOCFL 4
發燒	fāshāo	verb — to run a fever, to have a temperature	TOCFL 2
發現	fāxiàn	verb — to discover; to find; to realize	TOCFL 2
發生	fāshēng	verb — to happen; to occur; to take place	TOCFL 2
發瘋	fāfēng	verb — to go mad; to lose one's mind; to act crazy	TOCFL 5
發票	fāpiào	noun — an invoice, an official sales receipt	TOCFL 3
發育	fāyù	verb/noun — to develop, mature (of a body, organism); growth	TOCFL 5
發脾氣	fāpíqì	verb — to lose one's temper, to fly into a rage	TOCFL 3
發行	fāxíng	verb — to issue; to publish; to release (currency, a book, a film)	TOCFL 5
發表	fābiǎo	verb — to publish (an article); to deliver (a speech); to make (a statement); to release publicly	TOCFL 4
發覺	fājué	verb — to discover, to come to realize (something previously unnoticed)	TOCFL 3
發言	fāyán	verb — to speak up, take the floor; noun — a remark, statement made at a meeting	TOCFL 4
發言人	fāyánrén	noun — spokesperson; press officer	TOCFL 5
發誓	fāshì	verb — to swear; to take an oath; to vow	TOCFL 5
發財	fācái	verb — to get rich, to make a fortune	TOCFL 3
發起	fāqǐ	verb — to launch, initiate, set in motion (a campaign, war, proposal)	TOCFL 5
發達	fādá	adjective — developed, flourishing, well-developed	TOCFL 5
發電	fādiàn	verb — to generate electricity	TOCFL 5
發音	fāyīn	noun/verb — pronunciation; to pronounce, articulate a sound	TOCFL 4
白天	báitiān	noun — daytime, the day (as opposed to night)	TOCFL 2
白白	báibái	adverb — in vain, for nothing, to no purpose	TOCFL 3
白皮書	báipíshū	noun — white paper (an official government report on a policy issue)	TOCFL 5
白色	báisè	noun — the color white	TOCFL 2
白菜	báicài	noun — Chinese cabbage, bok choy / napa cabbage	TOCFL 3
百姓	bǎixìng	noun — the common people; ordinary folk	TOCFL 6
百度	Bǎidù	proper noun — Baidu, China's dominant web search engine and the company behind it	TOCFL 5
百科	bǎikē	noun — encyclopedia (short for 百科全書); the full range of fields of knowledge	TOCFL 5
百貨公司	bǎihuò gōngsī	noun — a department store	TOCFL 2
的確	díquè	adverb — indeed, certainly, really	TOCFL 4
的話	dehuà	particle — if …; tacked on to mark a condition	TOCFL 1
皇上	huángshàng	noun — emperor (respectful direct address form)	TOCFL 5
皇后	huánghòu	noun — empress; the emperor's wife	TOCFL 5
皇城	huángchéng	noun — the imperial city; the walled district around a palace	TOCFL 3
皇帝	huángdì	noun — emperor; the Emperor	TOCFL 3
皮包	píbāo	noun — a leather bag, a handbag, a briefcase	TOCFL 1
皮帶	pídài	noun — a leather belt	TOCFL 3
皮膚	pífū	noun — skin	TOCFL 4
皮鞋	píxié	noun — leather shoes	TOCFL 2
皺紋	zhòuwén	noun — wrinkles, lines, creases	TOCFL 5
盆地	péndì	noun — a basin (lowland ringed by higher ground)	TOCFL 7
盛情	shèngqíng	noun — great kindness; generous hospitality; warm feeling	TOCFL 5
盛行	shèngxíng	verb — to be prevalent; to be in vogue; to flourish widely	TOCFL 5
盛裝	shèngzhuāng	noun — splendid attire; one's finest clothes	TOCFL 5
盡力	jìnlì	verb — to do one's utmost, try one's hardest	TOCFL 4
盡量	jìnliàng	adverb — as much as possible, to the greatest extent	TOCFL 4
監獄	jiānyù	noun — prison, jail	TOCFL 4
監督	jiāndū	verb/noun — to supervise; to oversee; to monitor; supervision	TOCFL 5
監視	jiānshì	verb — to keep watch over, monitor, surveil	TOCFL 4
目光	mùguāng	noun — gaze; the look in one's eyes; vision	TOCFL 5
目前	mùqián	adverb/noun — currently; at present; right now	TOCFL 3
目擊	mùjī	verb — to witness with one's own eyes; to see firsthand	TOCFL 5
目標	mùbiāo	noun — goal; target; objective; aim	TOCFL 3
目的	mùdì	noun — purpose; goal; aim; objective	TOCFL 4
目的地	mùdìdì	noun — destination, the place one is heading to	TOCFL 4
目睹	mùdǔ	verb — to witness; to see with one's own eyes	TOCFL 5
目錄	mùlù	noun — table of contents; catalogue, list, directory	TOCFL 5
盲人	mángrén	noun — a blind person	TOCFL 5
盲從	mángcóng	verb — to follow blindly; to comply without thinking	TOCFL 5
盲目	mángmù	adjective — blind, unthinking; acting without seeing the real situation	TOCFL 4
直到	zhídào	preposition — until, up until (a point in time)	TOCFL 3
直升機	zhíshēngjī	noun — helicopter	TOCFL 5
直徑	zhíjìng	noun — diameter (a straight line through the centre of a circle)	TOCFL 5
直接	zhíjiē	adjective/adverb — direct, directly; straight (without anything in between)	TOCFL 2
直播	zhíbō	noun — live broadcast; livestream — verb — to broadcast live	TOCFL 4
直線	zhíxiàn	noun — straight line; adj/adv — straight, sharply (rising or falling)	TOCFL 4
相互	xiānghù	adverb — mutually, reciprocally; each other	TOCFL 5
相仿	xiāngfǎng	adjective — similar; alike; about the same	TOCFL 5
相似	xiāngsì	adjective — similar; alike	TOCFL 5
相信	xiāngxìn	verb — to believe; to trust; to have faith in	TOCFL 3
相傳	xiāngchuán	verb — to be handed down; (it is) said; passed on by tradition	TOCFL 5
相反	xiāngfǎn	adjective — opposite; contrary	TOCFL 4
相同	xiāngtóng	adjective — the same, identical, alike	TOCFL 3
相對	xiāngduì	adverb — relatively; by comparison; adjective — opposite; face-to-face	TOCFL 4
相應	xiāngyìng	adjective/adverb — corresponding; matching; accordingly	TOCFL 6
相機	xiàngjī	noun — a camera	TOCFL 1
相比	xiāngbǐ	verb — to compare (with); set side by side	TOCFL 5
相片	xiàngpiàn	noun — a photograph	TOCFL 1
相片兒	xiàngpiānr	noun — a photograph (colloquial, erhua)	TOCFL 1
相當	xiāngdāng	adverb — quite; rather; considerably; adjective — equivalent (to); comparable	TOCFL 4
相當於	xiāngdāngyú	verb phrase — to be equivalent to, to amount to	TOCFL 5
相符	xiāngfú	verb — to match; to tally; to be in accord	TOCFL 5
相簿	xiàngbù	noun — a photo album	TOCFL 4
相繼	xiāngjì	adverb — one after another; in succession	TOCFL 6
相聲	xiàngshēng	noun — crosstalk, a Chinese comic dialogue performed by two people	TOCFL 3
相處	xiāngchǔ	verb — to get along (with each other), live or work together	TOCFL 4
相見	xiāngjiàn	verb — to meet, to see one another (face to face)	TOCFL 5
相親	xiāngqīn	verb — to meet a prospective marriage partner (in an arranged introduction)	TOCFL 4
相親相愛	xiāngqīnxiāng'ài	idiom — to love each other dearly, be close and affectionate (of family or couples)	TOCFL 4
相連	xiānglián	verb — to be linked; to join together	TOCFL 6
相配	xiāngpèi	verb — to be well-matched; to suit each other; to go together	TOCFL 5
相關	xiāngguān	adjective/verb — related; relevant; to relate to; correlated	TOCFL 4
盼望	pànwàng	verb — to long for, to hope earnestly for; noun — an eager hope	TOCFL 3
省事	shěngshì	verb — to save trouble; to simplify matters; adjective — convenient	TOCFL 5
省內	shěngnèi	adj/adv — within the province; inside the province	TOCFL 4
省委	shěngwěi	noun — a provincial Party committee (in mainland China)	TOCFL 5
省得	shěngde	conj — so as to avoid, to save (trouble), lest	TOCFL 4
省級	shěngjí	adjective — at the provincial level; province-grade	TOCFL 4
省錢	shěngqián	verb — to save money, to economize	TOCFL 3
省長	shěngzhǎng	noun — a provincial governor; the head of a province	TOCFL 4
眉毛	méimáo	noun — eyebrow	TOCFL 5
眉頭	méitóu	noun — the brow; the space between the eyebrows	TOCFL 5
看不起	kànbuqǐ	verb — to look down on, to despise	TOCFL 3
看來	kànlái	adverb — it seems; apparently; by the look of it	TOCFL 4
看守	kānshǒu	verb — to guard, to watch over; noun — a guard, a warder	TOCFL 5
看家	kānjiā	verb — to look after the house, mind the home; adj — (of a skill) one's best, signature	TOCFL 4
看得起	kàndeqǐ	verb — to think well of, respect, hold in regard	TOCFL 4
看樣子	kànyàngzi	phrase — it looks like, by the look of things, apparently	TOCFL 4
看法	kànfǎ	noun — view, opinion, way of seeing something	TOCFL 3
看病	kànbìng	verb — to see a doctor; (of a doctor) to see a patient	TOCFL 1
看看	kànkàn	verb — to take a look; to have a look (reduplicated, softened/casual)	TOCFL 4
看見	kànjiàn	verb — to see; to catch sight of; to notice	TOCFL 2
看起來	kànqǐlái	verb phrase — to look, to seem, to appear (judging by sight)	TOCFL 2
真實	zhēnshí	adjective — real; true; authentic	TOCFL 4
真心	zhēnxīn	noun — sincerity, a true heart; adjective — sincere, heartfelt	TOCFL 3
真情	zhēnqíng	noun — true feeling, genuine affection	TOCFL 5
真是	zhēnshì	phrase — really, truly (used for emphasis or mild complaint, e.g. 真是的)	TOCFL 3
真正	zhēnzhèng	adjective — genuine, real, true; adverb — really, truly	TOCFL 3
真理	zhēnlǐ	noun — truth (a principle that genuinely holds)	TOCFL 5
真的	zhēnde	adverb — really, truly; adjective — real, genuine	TOCFL 1
眼下	yǎnxià	noun/adverb — right now, at the present moment	TOCFL 3
眼光	yǎnguāng	noun — sight; judgment; an eye for something	TOCFL 4
眼前	yǎnqián	noun — right in front of one; the present moment	TOCFL 4
眼淚	yǎnlèi	noun — tears	TOCFL 4
眼界	yǎnjiè	noun — field of vision; one's outlook, the range of what one has seen	TOCFL 5
眼看	yǎnkàn	adverb — right before one's eyes, any moment now; verb — to watch (helplessly)	TOCFL 5
眼睛	yǎnjīng	noun — eye	TOCFL 2
眼見	yǎnjiàn	verb — to see with one's own eyes; to witness	TOCFL 6
眼鏡	yǎnjìng	noun — eyeglasses, spectacles	TOCFL 1
眾多	zhòngduō	adjective — numerous, a great many	TOCFL 5
睡眠	shuìmián	noun — sleep; slumber	TOCFL 4
睡著	shuìzháo	verb — to fall asleep (the resultative 著 marks success)	TOCFL 3
睡覺	shuìjiào	verb — to sleep, to go to bed	TOCFL 1
督促	dūcù	verb — to supervise and press someone to act	TOCFL 5
瞧不起	qiáobùqǐ	verb — to look down on, to despise	TOCFL 5
瞧瞧	qiáoqiao	verb — to take a look; have a glance (casual, reduplicated)	TOCFL 5
瞬間	shùnjiān	noun — an instant, the blink of an eye	TOCFL 5
瞭解	liǎojiě	verb — to understand; to be familiar with; to find out about	TOCFL 3
矚目	zhǔmù	verb — to fix one's eyes on; to attract attention	TOCFL 5
矛盾	máodùn	noun — contradiction; adjective — contradictory, at odds	TOCFL 5
知識	zhīshi	noun — knowledge; learning; what one knows	TOCFL 4
知足	zhīzú	verb — to be content with what one has	TOCFL 5
知道	zhīdào	verb — to know, to be aware of	TOCFL 1
短暫	duǎnzàn	adjective — brief, short-lived	TOCFL 5
短缺	duǎnquē	verb — to be in short supply; noun — a shortage	TOCFL 5
石油	shíyóu	noun — petroleum, crude oil	TOCFL 5
石膏	shígāo	noun — gypsum; plaster (as in a cast)	TOCFL 5
石頭	shítou	noun — a stone, a rock	TOCFL 4
研發	yánfā	verb — to research and develop; noun — R&D	TOCFL 5
研究	yánjiū	verb — to research, to study; noun — research, study	TOCFL 3
研究所	yánjiūsuǒ	noun — graduate school; research institute	TOCFL 4
研製	yánzhì	verb — to develop and manufacture; to research and produce	TOCFL 4
破例	pòlì	verb — to make an exception, to break the usual rule	TOCFL 5
破壞	pòhuài	verb — to destroy, damage, wreck	TOCFL 4
破案	pò'àn	verb — to solve a (criminal) case	TOCFL 5
破爛	pòlàn	adjective — worn-out, ragged, tattered; noun — junk, scrap	TOCFL 4
破獲	pòhuò	verb — to crack and round up (a case, a gang, smuggled goods)	TOCFL 5
破產	pòchǎn	verb — to go bankrupt; (figurative) to collapse, to fall through	TOCFL 5
破碎	pòsuì	verb — to shatter, to break to pieces; adjective — fragmented	TOCFL 5
破裂	pòliè	verb — to rupture, to crack, to break apart; to break down (a relationship)	TOCFL 4
破除	pòchú	verb — to do away with, to abolish (a custom, a superstition)	TOCFL 5
硬體	yìngtǐ	noun — hardware (the physical parts of a computer)	TOCFL 5
碩士	shuòshì	noun — master's degree; holder of a master's degree	TOCFL 4
碰上	pèngshàng	verb — to run into, to come up against (a person or situation)	TOCFL 3
碰到	pèngdào	verb — to run into, to bump into, to encounter	TOCFL 3
碰見	pèngjiàn	verb — to run into, to bump into, to meet by chance	TOCFL 4
確保	quèbǎo	verb — to ensure, to make sure of, to guarantee	TOCFL 5
確切	quèqiè	adjective — definite, precise, exact	TOCFL 5
確定	quèdìng	verb/adjective — to confirm; to determine; certain; definite	TOCFL 3
確實	quèshí	adverb — indeed; truly; adj — true; reliable	TOCFL 5
確立	quèlì	verb — to establish firmly; to set in place	TOCFL 5
確認	quèrèn	verb — to confirm, to verify; noun — confirmation	TOCFL 3
碼頭	mǎtóu	noun — a wharf, a dock, a pier	TOCFL 6
磋商	cuōshāng	verb — to consult and negotiate, to confer	TOCFL 5
礦山	kuàngshān	noun — a mine; a mountain worked for ore	TOCFL 6
礦工	kuànggōng	noun — a miner	TOCFL 5
礦產	kuàngchǎn	noun — mineral resources; mineral deposits	TOCFL 6
示威	shìwēi	verb — to demonstrate, to protest in a show of force; noun — a demonstration, a protest	TOCFL 6
示範	shìfàn	verb — to demonstrate, to show how; noun — a demonstration, a model	TOCFL 5
示範區	shìfànqū	noun — a demonstration zone, a pilot area (set up to model a policy or method)	TOCFL 4
社交	shèjiāo	noun — social interaction, socializing; adjective — social (life, skills)	TOCFL 4
社區	shèqū	noun — community, neighborhood, residential district	TOCFL 4
社團	shètuán	noun — club, society, student organization	TOCFL 4
社會	shèhuì	noun — society, community	TOCFL 3
社會學	shèhuìxué	noun — sociology	TOCFL 5
社稷	shèjì	noun — the state; the nation [literary; originally the gods of soil and grain]	TOCFL 7
社群	shèqún	noun — community, an online group	TOCFL 5
社論	shèlùn	noun — an editorial (a newspaper's stated opinion)	TOCFL 5
祕密	mìmì	noun — a secret; adjective — secret, confidential	TOCFL 3
祕書	mìshū	noun — secretary (a person who handles correspondence and clerical work)	TOCFL 4
祖先	zǔxiān	noun — ancestors, forefathers	TOCFL 3
祖國	zǔguó	noun — motherland, homeland	TOCFL 6
祖宗	zǔzōng	noun — ancestors, forefathers	TOCFL 5
祖母	zǔmǔ	noun — grandmother (paternal), father's mother	TOCFL 3
祖父	zǔfù	noun — grandfather (paternal), father's father	TOCFL 3
祝福	zhùfú	verb — to wish someone well, to bless; noun — a blessing, good wishes	TOCFL 3
祝賀	zhùhè	verb — to congratulate, to offer good wishes; noun — congratulations	TOCFL 4
神仙	shénxiān	noun — immortal, celestial being, deity	TOCFL 4
神奇	shénqí	adjective — magical, miraculous, marvelous	TOCFL 4
神情	shénqíng	noun — the look on someone's face; their expression	TOCFL 6
神氣	shénqì	adjective — spirited, full of swagger, cocky; noun — air, manner, expression	TOCFL 4
神祕	shénmì	adjective — mysterious, mystical, secret	TOCFL 4
神秘	shénmì	adjective — mysterious, secret, beyond ordinary understanding	TOCFL 5
神經	shénjīng	noun — a nerve; the nervous system	TOCFL 5
神聖	shénshèng	adjective — sacred, holy, divine	TOCFL 4
神色	shénsè	noun — one's expression; the look on someone's face	TOCFL 5
神話	shénhuà	noun — myth, mythology; a fanciful or unreal story	TOCFL 4
神農架	Shénnóngjià	proper noun — Shennongjia, a forested mountain region in Hubei, China — a UNESCO site famed for old-growth forest and "wild man" (野人) legends	named-entity
祭祀	jìsì	verb — to offer sacrifice to gods or ancestors; noun — a sacrificial rite	TOCFL 6
禁令	jìnlìng	noun — a ban, a prohibition order	TOCFL 5
禁止	jìnzhǐ	verb — to forbid, to prohibit	TOCFL 5
福利	fúlì	noun — welfare, benefits (e.g. employee or social welfare)	TOCFL 3
福建	fújiàn	proper noun — Fujian, a coastal province in southeast China, across the strait from Taiwan	named-entity
福氣	fúqì	noun — good fortune, blessing; the luck of a comfortable life	TOCFL 5
禮品	lǐpǐn	noun — gift, present	TOCFL 4
禮堂	lǐtáng	noun — auditorium, assembly hall (for ceremonies)	TOCFL 3
禮拜	lǐbài	noun — a week; a religious service of worship	TOCFL 1
禮拜天	lǐbàitiān	noun — Sunday	TOCFL 1
禮服	lǐfú	noun — formal dress, ceremonial attire	TOCFL 5
禮物	lǐwù	noun — a gift, a present	TOCFL 1
禮節	lǐjié	noun — etiquette, the rules of courtesy	TOCFL 5
禮貌	lǐmào	noun — manners, politeness, courtesy	TOCFL 2
禮部	Lǐbù	proper noun — the Ministry of Rites, one of the Six Ministries of imperial China, in charge of ceremonies, state ritual, and the civil-service examinations	named-entity
私人	sīrén	adjective — private, personal	TOCFL 5
私心	sīxīn	noun — selfish motive, self-interest	TOCFL 5
私立	sīlì	adjective — privately established, private (school, institution)	TOCFL 4
秋天	qiūtiān	noun — autumn, fall	TOCFL 1
秋季	qiūjì	noun — autumn, the fall season	TOCFL 4
科學	kēxué	noun/adjective — science; scientific	TOCFL 3
科學家	kēxuéjiā	noun — a scientist	TOCFL 5
科幻	kēhuàn	noun/adj — science fiction; sci-fi	TOCFL 5
科技	kējì	noun — science and technology	TOCFL 4
科目	kēmù	noun — subject (of study), course; category, item	TOCFL 4
科研	kēyán	noun — scientific research	TOCFL 5
秘密	mìmì	noun — a secret; adj — secret, confidential	TOCFL 5
秘書	mìshū	noun — secretary (a personal aide; in the Party, a senior official, e.g. 秘書長)	TOCFL 5
秘書長	mìshūzhǎng	noun — secretary-general; chief of staff of an organization	TOCFL 5
租賃	zūlìn	verb — to rent, lease, hire	TOCFL 5
秩序	zhìxù	noun — order, an orderly arrangement (e.g. social order, public order)	TOCFL 5
移動	yídòng	verb — to move, shift from one place to another	TOCFL 4
移植	yízhí	verb — to transplant (a plant, an organ, a practice)	TOCFL 5
移民	yímín	noun — an immigrant or emigrant; migration; verb — to migrate, to emigrate	TOCFL 5
程序	chéngxù	noun — procedure, sequence of steps; (computing) program	TOCFL 6
程度	chéngdù	noun — degree; level; extent	TOCFL 4
程式	chéngshì	noun — program (software); procedure, set of steps	TOCFL 5
程式碼	chéngshìmǎ	noun — source code; program code (Taiwan term)	TOCFL 6
稍微	shāowēi	adverb — slightly, a little, somewhat	TOCFL 4
稠密	chóumì	adjective — dense, thick (population, foliage)	TOCFL 5
種子	zhǒngzi	noun — a seed; (figuratively) the source from which something grows	TOCFL 5
種族	zhǒngzú	noun — race, ethnic group	TOCFL 4
種植	zhòngzhí	verb — to plant; to cultivate (crops)	TOCFL 6
種種	zhǒngzhǒng	determiner — all sorts of; various kinds of	TOCFL 5
種類	zhǒnglèi	noun — kind, type, category	TOCFL 4
稱呼	chēnghū	verb — to address (someone) as; noun — a form of address	TOCFL 5
稱號	chēnghào	noun — title, designation, the name one is honored or known by	TOCFL 5
穆斯林	Mùsīlín	noun — a Muslim; a follower of Islam	TOCFL 5
積極	jījí	adjective — proactive; positive; active; enthusiastic	TOCFL 4
積累	jīlěi	verb — to accumulate, to build up (over time); noun — accumulation	TOCFL 5
穩健	wěnjiàn	adjective — steady and sound; firm, prudent (a stance, a pace, a hand)	TOCFL 5
穩定	wěndìng	adjective — stable; steady; consistent; verb — to stabilize	TOCFL 4
穩步	wěnbù	adverb — steadily, with steady steps; at a sure pace	TOCFL 5
究竟	jiūjìng	adverb — after all; actually [in a pointed question]; noun — the actual outcome	TOCFL 5
空中	kōngzhōng	noun — midair; in the air; aloft	TOCFL 4
空兒	kòngér	noun — free time, a spare moment, a gap	TOCFL 4
空前	kōngqián	adjective — unprecedented, never seen before	TOCFL 4
空曠	kōngkuàng	adjective — open and empty, wide and bare (a field, a hall)	TOCFL 5
空氣	kōngqì	noun — air; atmosphere	TOCFL 1
空談	kōngtán	verb/noun — empty talk; to talk without acting	TOCFL 5
空軍	kōngjūn	noun — air force	TOCFL 6
空運	kōngyùn	verb/noun — to transport by air; air freight	TOCFL 5
空間	kōngjiān	noun — space, room	TOCFL 4
空難	kōngnàn	noun — an aviation disaster, a plane crash	TOCFL 5
穿梭	chuānsuō	verb — to shuttle back and forth, weave through	TOCFL 5
突兀	tūwù	adjective — abrupt, jarringly out of place; (of terrain) jutting up	TOCFL 5
突出	tūchū	verb/adjective — to stick out; prominent; outstanding	TOCFL 5
突擊	tūjī	verb/noun — to make a surprise attack; a sudden assault, a blitz	TOCFL 5
突然	tūrán	adverb/adjective — suddenly; all of a sudden; abrupt	TOCFL 3
突破	túpò	verb — to break through; noun — a breakthrough	TOCFL 5
窗口	chuāngkǒu	noun — window; service counter; an interface or channel (for communication)	TOCFL 4
窗戶	chuānghu	noun — a window	TOCFL 1
竊賊	qièzéi	noun — a thief, a burglar	TOCFL 5
立刻	lìkè	adverb — at once; immediately	TOCFL 3
立即	lìjí	adverb — immediately; at once; right away	TOCFL 4
立國	lìguó	verb — to found a state; to establish a nation	TOCFL 5
立場	lìchǎng	noun — a stance; a standpoint; a position	TOCFL 5
立法	lìfǎ	verb — to legislate; to make laws; noun — lawmaking	TOCFL 6
立體	lìtǐ	adj/noun — three-dimensional; a solid (figure)	TOCFL 5
站住	zhànzhù	verb — to halt, to stop where one stands, to stand still	TOCFL 4
竟然	jìngrán	adverb — unexpectedly; to one's surprise; actually (expressing disbelief at the outcome)	TOCFL 4
竭力	jiélì	adverb — with all one's might; to do one's utmost	TOCFL 5
端正	duānzhèng	adjective — upright and correct, neat and proper; verb — to set straight	TOCFL 5
競爭	jìngzhēng	verb — to compete; noun — competition	TOCFL 4
競賽	jìngsài	verb/noun — to compete; a competition, a contest	TOCFL 5
競選	jìngxuǎn	verb — to run for office, campaign for election	TOCFL 5
笑嘻嘻	xiàoxīxī	adjective — grinning, all smiles	TOCFL 5
笑容	xiàoróng	noun — smile, smiling expression	TOCFL 4
笑話	xiàohuà	noun — a joke; also a laughing-stock, a blunder	TOCFL 3
符合	fúhé	verb — to match; to conform to; to be in line with	TOCFL 5
符號	fúhào	noun — a symbol, sign, mark	TOCFL 5
笨重	bènzhòng	adjective — cumbersome, bulky and heavy, unwieldy	TOCFL 4
第一個	dìyīgè	measure phrase — the first one	TOCFL 1
第三	dìsān	ordinal — third; the third one	TOCFL 1
第二天	dìèrtiān	noun — the next day, the following day	TOCFL 1
第二次	dìèrcì	noun phrase — the second time	TOCFL 2
第四	dìsì	numeral — the fourth	TOCFL 1
筆友	bǐyǒu	noun — a pen pal	TOCFL 5
筆架	bǐjià	noun — a brush rest; a stand for writing brushes	TOCFL 4
筆架山	bǐjiàshān	proper noun — Bijia Shan ("Brush-Rest Mountain"), a name shared by several peaks in China shaped like a writing-brush stand	TOCFL 7
筆記	bǐjì	noun — notes (taken in class or reading); verb — to take notes	TOCFL 4
筆試	bǐshì	noun — written examination (as opposed to oral)	TOCFL 4
筆錄	bǐlù	verb — to take down in writing; noun — a written record, transcript (esp. of testimony)	TOCFL 5
等不及	děngbùjí	verb — can't wait, to be unable to wait any longer	TOCFL 4
等候	děnghòu	verb — to wait, to await (more formal than 等)	TOCFL 5
等價	děngjià	adjective — equivalent, of equal value	TOCFL 5
等到	děngdào	conjunction/verb — to wait until; by the time (that)	TOCFL 2
等待	děngdài	verb — to wait; to await	TOCFL 4
等於	děngyú	verb — to equal; to be equivalent to	TOCFL 5
等等	děngděng	phrase — and so on, et cetera	TOCFL 3
等級	děngjí	noun — grade; rank; level	TOCFL 6
答應	dāyìng	verb — to agree, to promise; to answer, to respond	TOCFL 4
答案	dáàn	noun — an answer, a solution	TOCFL 2
答覆	dáfù	verb — to reply, to respond; noun — a reply, an answer	TOCFL 5
答道	dádào	verb — to reply, saying (introduces speech in narration)	TOCFL 4
策劃	cèhuà	verb — to plan, to plot, to mastermind; noun — planning	TOCFL 5
策略	cèlüè	noun — strategy; tactics; a planned approach	TOCFL 5
策畫	cèhuà	verb — to plan, to plot, to mastermind; noun — planning	TOCFL 5
算了	suànle	phrase — forget it, let it go, never mind (dropping a matter)	TOCFL 3
算命	suànmìng	verb — to tell fortunes; to have one's fortune told	TOCFL 5
算帳	suànzhàng	verb — to settle accounts; to get even, to settle a score	TOCFL 4
算是	suànshì	verb — to count as; to be reckoned as	TOCFL 4
算術	suànshù	noun — arithmetic	TOCFL 5
算起來	suànqǐlái	phrase — counting it up, when you reckon it, all things considered	TOCFL 4
管制	guǎnzhì	verb — to control, to regulate, to put under restriction; noun — control, regulation	TOCFL 4
管教	guǎnjiào	verb — to discipline, to bring up strictly; noun — discipline (of children, subordinates)	TOCFL 5
管理	guǎnlǐ	verb — to manage; to administer; noun — management; administration	TOCFL 3
管線	guǎnxiàn	noun — pipeline, conduits and cables (taken together)	TOCFL 5
管轄	guǎnxiá	verb — to have jurisdiction over; to administer	TOCFL 6
管道	guǎndào	noun — pipe, conduit; channel (for communication or obtaining something)	TOCFL 4
節儉	jiéjiǎn	adjective — thrifty, frugal, sparing	TOCFL 5
節慶	jiéqìng	noun — festival, festive occasion, holiday celebration	TOCFL 4
節日	jiérì	noun — a festival, a holiday	TOCFL 3
節目	jiémù	noun — program, show (on TV, radio, or stage)	TOCFL 4
節省	jiéshěng	verb — to save, to economize, to use sparingly	TOCFL 4
節約	jiéyuē	verb — to conserve, to economize, to practice thrift	TOCFL 4
範圍	fànwéi	noun — scope; range; extent; boundary	TOCFL 4
簇擁	cùyōng	verb — to cluster around, to throng about (a person)	TOCFL 5
簡介	jiǎnjiè	noun — a brief introduction; a short overview	TOCFL 5
簡便	jiǎnbiàn	adjective — simple and convenient, handy	TOCFL 5
簡化	jiǎnhuà	verb — to simplify, to streamline	TOCFL 5
簡單	jiǎndān	adjective — simple; uncomplicated; straightforward	TOCFL 2
簡直	jiǎnzhí	adverb — simply; literally; just (for emphasis: 簡直瘋了 simply insane)	TOCFL 4
簡稱	jiǎnchēng	noun — an abbreviation; verb — to abbreviate as	TOCFL 5
簡體	jiǎntǐ	noun — simplified form (of Chinese characters); short for 簡體字	TOCFL 5
簽名	qiānmíng	verb — to sign one's name; noun — a signature, an autograph	TOCFL 3
簽字	qiānzì	verb — to sign one's name; to put one's signature to	TOCFL 5
簽約	qiānyuē	verb — to sign a contract, to conclude an agreement	TOCFL 4
簽署	qiānshǔ	verb — to sign (a document, treaty, agreement)	TOCFL 6
簽訂	qiāndìng	verb — to sign and conclude (a contract or treaty)	TOCFL 6
簽證	qiānzhèng	noun — a visa (travel document)	TOCFL 2
籃球	lánqiú	noun — basketball (the sport or the ball)	TOCFL 1
籍貫	jíguàn	noun — one's ancestral home, place of family origin (as recorded)	TOCFL 5
籠罩	lóngzhào	verb — to envelop, to shroud, to hang over (mist, gloom, atmosphere)	TOCFL 5
米粉	mǐfěn	noun — rice noodles (thin); also rice flour	TOCFL 3
米飯	mǐfàn	noun — cooked rice	TOCFL 3
粉刷	fěnshuā	verb — to whitewash, to paint (a wall)	TOCFL 5
粉筆	fěnbǐ	noun — chalk (a stick of chalk for writing on a board)	TOCFL 4
粉紅	fěnhóng	adjective — pink, rosy	TOCFL 4
粗心	cūxīn	adjective — careless, inattentive (overlooking details)	TOCFL 4
粗糙	cūcāo	adjective — coarse, rough (to the touch); crude, shoddy	TOCFL 5
粗魯	cūlǔ	adjective — rude, boorish, rough (in manner)	TOCFL 5
精光	jīngguāng	adjective — utterly used up, clean gone, not a scrap left (often 吃精光 / 輸精光)	TOCFL 5
精力	jīnglì	noun — energy, vigor, stamina	TOCFL 4
精品	jīngpǐn	noun — a fine article; a quality product	TOCFL 6
精彩	jīngcǎi	adjective — brilliant; wonderful; a stand-out performance	TOCFL 5
精明	jīngmíng	adjective — shrewd, astute, sharp (in judgment, esp. business)	TOCFL 5
精神	jīngshén	noun — spirit; morale; energy; mental state; the essence of something	TOCFL 3
精細	jīngxì	adjective — fine, meticulous, detailed (made or done with care)	TOCFL 4
精緻	jīngzhì	adjective — exquisite, fine, delicate (in make)	TOCFL 5
精華	jīnghuá	noun — the essence, the cream, the best part	TOCFL 5
精采	jīngcǎi	adjective — brilliant, splendid, exciting (a performance, show, or moment)	TOCFL 4
精髓	jīngsuǐ	noun — the very essence, the core, the marrow (of a doctrine, art)	TOCFL 5
糊塗	hútu	adjective — muddled, confused, foggy-headed	TOCFL 3
糟糕	zāogāo	adjective / interjection — terrible, awful; "oh no!", "what a mess"	TOCFL 4
糧食	liángshí	noun — food; grain; provisions	TOCFL 5
系列	xìliè	noun — series; set	TOCFL 6
系統	xìtǒng	noun — system; network; organized whole	TOCFL 3
糾正	jiūzhèng	verb — to correct, to put right (an error, a bad habit)	TOCFL 4
糾紛	jiūfēn	noun — a dispute, a tangle of conflict	TOCFL 5
紀律	jìlǜ	noun — discipline; rules of conduct	TOCFL 5
紀念	jìniàn	verb — to commemorate; noun — a memento, commemoration	TOCFL 4
紀錄	jìlù	noun — a record (of events, or a best mark); verb — to record	TOCFL 5
約會	yuēhuì	noun — a date, an appointment to meet; verb — to arrange to meet	TOCFL 2
約束	yuēshù	verb — to bind, to restrain; noun — a constraint	TOCFL 5
紅利	hónglì	noun — bonus; dividend	TOCFL 5
紅包	hóngbāo	noun — a red envelope (cash gift for New Year, weddings, etc.); also a bribe	TOCFL 3
紅燒	hóngshāo	verb — to braise in soy sauce until red-brown	TOCFL 5
紅綠燈	hónglǜdēng	noun — traffic light	TOCFL 3
紅色	hóngsè	noun — the color red	TOCFL 2
紅茶	hóngchá	noun — black tea	TOCFL 1
紅豆	hóngdòu	noun — red bean, adzuki bean	TOCFL 3
紅軍	hóngjūn	proper noun — the Red Army, the Chinese Communist armed forces of the late 1920s and 1930s, forerunner of the People's Liberation Army	named-entity
紊亂	wěnluàn	adjective — disordered, in chaos	TOCFL 5
納入	nàrù	verb — to bring into, to incorporate	TOCFL 5
納悶	nàmèn	verb — to be puzzled, to wonder uneasily	TOCFL 5
納稅	nàshuì	verb — to pay tax	TOCFL 5
紙張	zhǐzhāng	noun — paper, sheets of paper (collective)	TOCFL 4
紛紛	fēnfēn	adverb — one after another, in profusion; (of many) all at once	TOCFL 5
素質	sùzhì	noun — quality, caliber, inherent character	TOCFL 6
素食	sùshí	noun — vegetarian food; verb — to eat vegetarian	TOCFL 4
紡織	fǎngzhī	verb — to spin and weave; noun — textile work	TOCFL 6
索賠	suǒpéi	verb — to claim compensation, to demand damages	TOCFL 5
紫外線	zǐwàixiàn	noun — ultraviolet light, UV rays	TOCFL 5
累積	lèijī	verb — to accumulate, to pile up over time	TOCFL 5
累計	lěijì	verb — to accumulate, to add up (a running total)	TOCFL 6
細小	xìxiǎo	adjective — tiny, minute, very small	TOCFL 4
細心	xìxīn	adjective — careful, attentive, meticulous	TOCFL 3
細節	xìjié	noun — detail, particulars (small points of a thing)	TOCFL 4
細胞	xìbāo	noun — cell (biology)	TOCFL 6
細菌	xìjùn	noun — bacteria, germ	TOCFL 5
終場	zhōngchǎng	noun — the end of a game or show; the final scene	TOCFL 5
終於	zhōngyú	adverb — finally; at last; eventually	TOCFL 4
終究	zhōngjiū	adverb — in the end, after all	TOCFL 5
終結	zhōngjié	verb — to bring to an end, to conclude	TOCFL 5
終身	zhōngshēn	noun/adj — for one's whole life, lifelong	TOCFL 5
組合	zǔhé	verb — to combine, to assemble; noun — a combination	TOCFL 4
組成	zǔchéng	verb — to compose; to form; to make up; to constitute	TOCFL 3
組織	zǔzhī	verb — to organize; noun — organization; tissue (biological)	TOCFL 3
組裝	zǔzhuāng	verb — to assemble, to put together from parts	TOCFL 5
結合	jiéhé	verb — to combine; to integrate; to link together	TOCFL 4
結婚	jiéhūn	verb — to marry; to get married	TOCFL 3
結實	jiēshi	adjective — sturdy, solid, well-built	TOCFL 5
結局	jiéjú	noun — ending, outcome, the final result (of a story or affair)	TOCFL 3
結帳	jiézhàng	verb — to settle the bill, to check out, to pay	TOCFL 4
結束	jiéshù	verb — to end; to conclude; to finish	TOCFL 3
結果	jiéguǒ	noun/conjunction — result; outcome; as a result	TOCFL 2
結業	jiéyè	verb — to finish a course of study or training	TOCFL 5
結構	jiégòu	noun — structure; composition; framework; arrangement of parts	TOCFL 5
結算	jiésuàn	verb — to settle accounts, to close out (a balance, a period)	TOCFL 4
結緣	jiéyuán	verb — to form a bond or affinity with someone	TOCFL 5
結論	jiélùn	noun — conclusion; the final judgment of an argument	TOCFL 4
絕不	juébù	adverb — absolutely not, never, by no means	TOCFL 4
絕大多數	juédàduōshù	noun/adj — the overwhelming majority, the vast bulk	TOCFL 5
絕大部分	jué dà bùfèn	noun phrase — the overwhelming majority, the vast bulk (of something)	TOCFL 4
絕對	juéduì	adjective — absolute; adverb — absolutely, definitely	TOCFL 4
絕跡	juéjī	verb — to vanish completely, to disappear without a trace	TOCFL 5
給予	jǐyǔ	verb — to give; to grant	TOCFL 6
統一	tǒngyī	verb/adjective/noun — to unify; unified; unity	TOCFL 4
統制	tǒngzhì	verb — to control and regulate, to put under unified command	TOCFL 5
統治	tǒngzhì	verb/noun — to rule; to govern; rule; governance	TOCFL 5
統治者	tǒngzhìzhě	noun — a ruler; the one who governs	TOCFL 5
統統	tǒngtǒng	adverb — all, entirely, the whole lot	TOCFL 5
統計	tǒngjì	verb — to add up, to tally; noun — statistics	TOCFL 5
絲毫	sīháo	noun/adverb — the slightest bit (used in the negative: not in the least)	TOCFL 6
經典	jīngdiǎn	noun — a classic, the canon; adjective — classic, definitive	TOCFL 6
經常	jīngcháng	adverb/adjective — often; frequently; regularly; habitual	TOCFL 2
經書	jīngshū	noun — the classics, canonical scriptures	TOCFL 5
經歷	jīnglì	verb — to go through, to experience; noun — experience, what one has been through	TOCFL 5
經濟	jīngjì	noun — economy, economics; adjective — economical	TOCFL 3
經營	jīngyíng	verb/noun — to operate; to manage (a business); business management	TOCFL 4
經理	jīnglǐ	noun — a manager	TOCFL 4
經費	jīngfèi	noun — funds; an operating budget set aside for a purpose	TOCFL 5
經過	jīngguò	verb — to pass through; to go by; preposition — via; after; noun — the course of events	TOCFL 3
經驗	jīngyàn	noun — experience; accumulated knowledge from doing	TOCFL 4
綜合	zōnghé	adjective/verb — comprehensive; integrated; general-purpose; to synthesize; to integrate	TOCFL 5
綠色	lǜsè	noun — the colour green; adjective — green, eco-friendly	TOCFL 2
綠豆	lǜdòu	noun — mung bean	TOCFL 4
維他命	wéitāmìng	noun — vitamin	named-entity
維持	wéichí	verb — to maintain; to keep (a state) going	TOCFL 5
維生素	wéishēngsù	noun — vitamin	TOCFL 6
維護	wéihù	verb — to maintain, to safeguard, to uphold	TOCFL 5
綱領	gānglǐng	noun — guiding principles, programme, platform; an outline of policy	TOCFL 5
網上	wǎngshàng	adverb — online, on the internet	TOCFL 4
網球	wǎngqiú	noun — tennis (the sport or the ball)	TOCFL 1
網站	wǎngzhàn	noun — website	TOCFL 2
網路	wǎnglù	noun — network; internet; web (Taiwan term)	TOCFL 3
網頁	wǎngyè	noun — a web page	TOCFL 4
綿延	miányán	verb — to stretch on unbroken; to extend continuously (of mountains, roads)	TOCFL 5
緊密	jǐnmì	adjective — close-knit, tight, inseparable	TOCFL 5
緊張	jǐnzhāng	adjective — nervous, tense; strained (situation)	TOCFL 2
緊急	jǐnjí	adjective — urgent; pressing; emergency	TOCFL 5
緊湊	jǐncòu	adjective — compact, tightly packed, well-paced (of schedule, plot, rhythm)	TOCFL 5
緊緊	jǐnjǐn	adverb — tightly, firmly	TOCFL 4
緊縮	jǐnsuō	verb — to tighten, retrench, cut back (spending, policy, credit)	TOCFL 5
線路	xiànlù	noun — a circuit (electrical); a line; a route	TOCFL 7
締結	dìjié	verb — to conclude, enter into (a treaty, alliance, partnership)	TOCFL 5
締造	dìzào	verb — to found, build, create (a nation, an era, an achievement)	TOCFL 5
緣故	yuángù	noun — reason, cause (usually in "因為…的緣故")	TOCFL 4
編制	biānzhì	verb — to draw up, compile, work out (a plan, budget, roster); noun — an organization's authorized size, its staffing quota	TOCFL 6
編寫	biānxiě	verb — to compile and write, to author (a textbook, programme, software)	TOCFL 5
編織	biānzhī	verb — to weave, knit, braid; to fabricate (a story, a dream)	TOCFL 5
編製	biānzhì	verb — to draw up, compile (a budget, plan, table); to organize into a structure	TOCFL 5
編輯	biānjí	verb — to edit; to compile; noun — editor	TOCFL 4
緩和	huǎnhé	verb — to ease, to relax, to relieve (tension, a situation); adjective — eased, gentle	TOCFL 4
緩慢	huǎnmàn	adjective — slow, sluggish (in pace)	TOCFL 4
緩緩	huǎnhuǎn	adverb — slowly; unhurriedly (reduplicated 緩)	TOCFL 6
練習	liànxí	verb — to practise, to drill; noun — an exercise	TOCFL 1
縣市	xiànshì	noun — counties and cities (the layer of local government)	TOCFL 5
縣級	xiànjí	adjective — county-level (of administrative rank)	TOCFL 5
縣長	xiànzhǎng	noun — county magistrate; the head of a county	TOCFL 5
縮小	suōxiǎo	verb — to reduce, shrink, scale down	TOCFL 5
縮水	suōshuǐ	verb — to shrink (cloth in the wash); figuratively, to shrink in value or amount	TOCFL 4
縮短	suōduǎn	verb — to shorten, to cut down (length, time, distance)	TOCFL 4
縱使	zòngshǐ	conj — even if, even though	TOCFL 5
縱容	zòngróng	verb — to indulge, connive at, let run unchecked (bad behaviour)	TOCFL 5
縱火	zònghuǒ	verb — to commit arson, set fire deliberately	TOCFL 5
總之	zǒngzhī	adverb — in short, in a word, anyway (summing up)	TOCFL 3
總人口	zǒngrénkǒu	noun — total population	TOCFL 3
總共	zǒnggòng	adverb — in total, altogether, in all	TOCFL 4
總和	zǒnghé	noun — the sum, the total	TOCFL 5
總得	zǒngděi	aux — must after all, have got to (sooner or later)	TOCFL 5
總數	zǒngshù	noun — the total, the sum	TOCFL 3
總是	zǒngshì	adverb — always, without exception	TOCFL 2
總理	zǒnglǐ	noun — prime minister; premier	TOCFL 5
總產值	zǒngchǎnzhí	noun — total output value; gross product	TOCFL 7
總督	zǒngdū	noun — governor-general; viceroy	TOCFL 6
總算	zǒngsuàn	adverb — finally, at long last; all in all	TOCFL 3
總結	zǒngjié	verb — to sum up; to summarize. noun — a summary	TOCFL 6
總統	zǒngtǒng	noun — president (head of state of a republic)	TOCFL 4
總經理	zǒngjīnglǐ	noun — general manager; the top executive running a company	TOCFL 4
總而言之	zǒng'éryánzhī	phrase — in short, to sum up, in a word	TOCFL 3
總裁	zǒngcái	noun — president, director-general, CEO (head of a company or party)	TOCFL 5
總部	zǒngbù	noun — headquarters, head office	TOCFL 2
總量	zǒngliàng	noun — the total amount, the aggregate quantity	TOCFL 7
總面積	zǒngmiànjī	noun — total area	TOCFL 4
總額	zǒngé	noun — total amount; sum total	TOCFL 2
總體	zǒngtǐ	noun/adj — the whole, overall, taken as a whole	TOCFL 2
繁多	fánduō	adjective — numerous, manifold, of great variety	TOCFL 5
繁忙	fánmáng	adjective — busy, bustling, full of activity	TOCFL 4
繁榮	fánróng	adjective — flourishing; thriving; noun — prosperity	TOCFL 5
繁殖	fánzhí	verb — to reproduce; to breed; to multiply	TOCFL 6
繁體	fántǐ	noun — traditional (full-form) Chinese characters	TOCFL 5
繪畫	huìhuà	noun — painting, drawing; verb — to paint, to draw	TOCFL 5
繼承	jìchéng	verb — to inherit, to succeed to	TOCFL 5
繼續	jìxù	verb — to continue; to carry on; to keep doing	TOCFL 3
纖維	xiānwéi	noun — fiber; a fine thread (textile, biological)	TOCFL 6
缺乏	quēfá	verb — to lack, to be short of	TOCFL 5
缺少	quēshǎo	verb — to lack; to be short of	TOCFL 5
缺席	quēxí	verb — to be absent, to fail to attend (a meeting, class, event)	TOCFL 4
缺陷	quēxiàn	noun — defect, flaw, shortcoming	TOCFL 5
缺點	quēdiǎn	noun — shortcoming, weak point, flaw	TOCFL 3
罐頭	guàntóu	noun — a can, canned food (tinned goods)	TOCFL 4
罪名	zuìmíng	noun — a charge, an accusation, the name of an offence	TOCFL 5
罪惡	zuìè	noun — sin, evil, wickedness	TOCFL 5
罪行	zuìxíng	noun — a criminal act, an offence, a crime committed	TOCFL 5
罷了	bàle	particle — "that's all", "and nothing more" (plays down what was just said)	TOCFL 4
罷免	bàmiǎn	verb — to recall, remove (an official) from office	TOCFL 6
罷工	bàgōng	verb — to go on strike, to stop work (in protest)	TOCFL 4
罹難	línán	verb — to perish, to lose one's life in a disaster or accident	TOCFL 5
羅馬	Luómǎ	proper noun — Rome, the capital of Italy and the heart of the ancient Roman Empire	TOCFL 4
美元	měiyuán	noun — US dollar	TOCFL 4
美國	měiguó	proper noun — the United States of America	TOCFL 2
美好	měihǎo	adjective — fine, wonderful, happy (of times, life, memories)	TOCFL 3
美妙	měimiào	adjective — wonderful, marvelous, exquisite (music, scenery, a feeling)	TOCFL 4
美容院	měiróngyuàn	noun — beauty salon, beauty parlor	TOCFL 4
美洲	Měizhōu	proper noun — the Americas (North and South America)	named-entity
美滿	měimǎn	adjective — happy and perfect, blissfully complete (of marriage, family, life)	TOCFL 5
美術	měishù	noun — fine art; the visual arts (painting, sculpture, drawing)	TOCFL 2
美觀	měiguān	adjective — good-looking, pleasing to the eye (of objects, design)	TOCFL 4
美軍	měijūn	noun — the US military; American forces; US troops	TOCFL 5
美食	měishí	noun — delicious food, fine cuisine, gourmet food	TOCFL 4
美麗	měilì	adjective — beautiful; lovely	TOCFL 3
群居	qúnjū	verb — to live in groups, live socially (of animals or people)	TOCFL 5
群島	qúndǎo	noun — an archipelago; a group of islands	TOCFL 4
群眾	qúnzhòng	noun — the masses; the crowd; the general public	TOCFL 4
群雄	qúnxióng	noun — the contending warlords / powerful figures (of an era), the many rivals vying for power	TOCFL 7
羨慕	xiànmù	verb — to envy, to admire (to wish you had what someone else has)	TOCFL 4
義務	yìwù	noun — duty; obligation; adj — voluntary (unpaid)	TOCFL 5
義和團	Yìhétuán	proper noun — the Yihetuan (the "Boxers"), the martial-arts militia behind the anti-foreign Boxer Uprising of 1899–1901	named-entity
翅膀	chìbǎng	noun — wing (of a bird or insect)	TOCFL 4
翌日	yìrì	noun — the next day, the following day (formal, written register)	TOCFL 5
習慣	xíguàn	noun — a habit; verb — to be used to	TOCFL 2
習題	xítí	noun — exercise problems, practice questions (in a textbook)	TOCFL 5
翹課	qiàokè	verb — to skip class, play hooky (Taiwan colloquial)	TOCFL 5
翻新	fānxīn	verb — to renovate, refurbish; to do over in a new way	TOCFL 5
翻臉	fānliǎn	verb — to fall out with someone, turn hostile (suddenly)	TOCFL 5
翻譯	fānyì	verb — to translate, to interpret; noun — translation, a translator	TOCFL 4
翻身	fānshēn	verb — to turn over (the body); to free oneself, rise from a low position	TOCFL 5
老人	lǎorén	noun — an old person; the elderly	TOCFL 2
老人家	lǎorénjiā	noun — respectful term for an elderly person; an old person	TOCFL 5
老公	lǎogōng	noun — husband (colloquial)	TOCFL 3
老大	lǎodà	noun — the eldest (child); the boss, the leader (of a group or gang)	TOCFL 4
老天爺	lǎotiānyé	noun — Heaven personified; "Good Lord!", "the heavens" (spoken exclamation)	TOCFL 5
老太太	lǎotàitai	noun — an old lady; a respectful term for an elderly woman	TOCFL 3
老婆	lǎopó	noun — wife (informal)	TOCFL 4
老子	Lǎozǐ	proper noun — Laozi (Lao-tzu), the ancient sage credited with the 道德經 and the founder figure of Daoism	named-entity
老家	lǎojiā	noun — hometown, native place; the old family home	TOCFL 4
老實	lǎoshí	adjective — honest, frank; well-behaved, naive	TOCFL 3
老實說	lǎoshí shuō	phrase — to be honest, frankly speaking, to tell the truth	TOCFL 4
老師	lǎoshī	noun — teacher (everyday colloquial term)	TOCFL 1
老年	lǎonián	noun — old age, the elderly years (of life)	TOCFL 4
老是	lǎoshì	adverb — always, keep on (doing), forever (often with mild complaint)	TOCFL 3
老板	lǎobǎn	noun — a boss; a shopkeeper, a proprietor	TOCFL 1
老板娘	lǎobǎnniáng	noun — the female boss; the proprietress, or the boss's wife	TOCFL 2
老爺	lǎoyé	noun — old-style master of a household; (dialect) maternal grandfather	TOCFL 6
老百姓	lǎobǎixìng	noun — ordinary people; the common folk	TOCFL 6
老者	lǎozhě	noun — an old person; an elderly man	TOCFL 1
老虎	lǎohǔ	noun — tiger	TOCFL 3
老鄉	lǎoxiāng	noun — a fellow villager, someone from the same hometown	TOCFL 5
老闆	lǎobǎn	noun — boss; shopkeeper; proprietor	TOCFL 2
老闆娘	lǎobǎnniáng	noun — the female boss; the proprietress, or the boss's wife	TOCFL 2
老頭	lǎotóu	noun — old man, old fellow (informal, can be slighting or affectionate)	TOCFL 5
老頭兒	lǎotóur	noun — old man, old fellow (informal, can be slighting or affectionate)	TOCFL 5
老鷹	lǎoyīng	noun — eagle, hawk (the common spoken name for birds of prey)	TOCFL 5
老鼠	lǎoshǔ	noun — mouse, rat	TOCFL 4
考卷	kǎojuàn	noun — an exam paper, a test sheet (the printed questions, or a student's completed answers)	TOCFL 4
考取	kǎoqǔ	verb — to pass an entrance exam and gain admission (to a school, post, or qualification)	TOCFL 4
考古	kǎogǔ	verb/noun — to study antiquity through remains; archaeology	TOCFL 5
考場	kǎochǎng	noun — examination hall, the venue where a test is held	TOCFL 5
考察	kǎochá	verb — to inspect, to investigate on site; to observe and study	TOCFL 6
考慮	kǎolǜ	verb — to consider; to think over; to take into account	TOCFL 4
考核	kǎohé	verb — to assess, appraise, check (someone's work or qualifications)	TOCFL 7
考生	kǎoshēng	noun — examinee; test-taker; candidate sitting an exam	TOCFL 4
考研	kǎoyán	verb — to sit the graduate-school entrance exam (考研究所)	TOCFL 2
考試	kǎoshì	verb/noun — to take an exam; examination; test	TOCFL 3
考量	kǎoliáng	verb/noun — to weigh up, take into account; a consideration	TOCFL 5
考驗	kǎoyàn	verb — to test, to put to the test; noun — a trial, an ordeal	TOCFL 5
而且	érqiě	conjunction — and moreover; furthermore; what's more	TOCFL 2
而已	éryǐ	particle — that's all; merely; nothing more	TOCFL 4
而是	érshì	conj — but rather, instead (the second half of 不是…而是…)	TOCFL 5
而言	éryán	phrase — as for, speaking of (in 就…而言, "as far as … is concerned")	TOCFL 5
耐力	nàilì	noun — endurance, stamina, the ability to hold out	TOCFL 5
耐心	nàixīn	noun — patience; adjective — patient	TOCFL 3
耐用	nàiyòng	adjective — durable, long-wearing; stands up to heavy use without breaking	TOCFL 4
耕地	gēngdì	verb — to plow the land; noun — cultivated farmland	TOCFL 5
耳光	ěrguāng	noun — a slap on the face (打耳光 — to slap)	TOCFL 5
耳朵	ěrduo	noun — ear	TOCFL 1
耽誤	dānwù	verb — to delay, to hold up; to waste (time) or cause to miss an opportunity through delay	TOCFL 4
聊天	liáotiān	verb — to chat, to make small talk	TOCFL 1
聊天兒	liáotiānr	verb — to chat, make small talk	TOCFL 1
聖賢	shèngxián	noun — sages and worthies; people of the highest wisdom and virtue	TOCFL 5
聘請	pìnqǐng	verb — to engage, to hire (a professional, teacher, or consultant), to invite to take a post	TOCFL 4
聚集	jùjí	verb — to gather, to come together in a crowd	TOCFL 5
聚餐	jùcān	verb — to dine together as a group; noun — a get-together meal, a group dinner	TOCFL 4
聞名	wénmíng	verb/adj — to be famous, well-known; to have heard of someone's name	TOCFL 5
聯合	liánhé	verb — to unite; to join forces; adjective — combined; joint	TOCFL 4
聯合國	Liánhéguó	proper noun — the United Nations, the international body founded in 1945 to keep peace among nations	TOCFL 5
聯想	liánxiǎng	verb — to associate (ideas); to call to mind; noun — an association of ideas	TOCFL 5
聯盟	liánméng	noun — alliance; league; union	TOCFL 5
聯結	liánjié	verb — to link, connect; noun — a link, connection	TOCFL 5
聯絡	liánluò	verb/noun — to contact; to get in touch; liaison	TOCFL 4
聯繫	liánxì	verb — to get in touch, contact; noun — connection, link	TOCFL 5
聯賽	liánsài	noun — a league; a league championship (a season of matches among fixed teams)	TOCFL 6
聰明	cōngmíng	adjective — clever; bright; intelligent	TOCFL 2
聲勢	shēngshì	noun — momentum and fanfare; the show of force a movement makes	TOCFL 5
聲明	shēngmíng	verb — to state publicly, to declare; noun — a public statement	TOCFL 5
聲稱	shēngchēng	verb — to claim, to assert (often without proof)	TOCFL 5
聲調	shēngdiào	noun — tone (of a syllable); tone of voice	TOCFL 3
聲音	shēngyīn	noun — sound; voice; noise	TOCFL 2
聲響	shēngxiǎng	noun — a sound; a noise that is heard	TOCFL 5
職位	zhíwèi	noun — post, position (in a job)	TOCFL 5
職務	zhíwù	noun — the duties of a post; official function, responsibilities of a job	TOCFL 5
職司	zhísī	verb — to be in charge of, to administer; noun — one's duty, office	TOCFL ?
職員	zhíyuán	noun — staff member, office worker, clerk	TOCFL 3
職工	zhígōng	noun — staff and workers, employees (of a workplace)	TOCFL 6
職業	zhíyè	noun — occupation; profession; career	TOCFL 3
職權	zhíquán	noun — powers (of a position); authority vested in a role	TOCFL 5
職能	zhínéng	noun — function; role (of an office or organization)	TOCFL 7
職責	zhízé	noun — duty; the responsibility tied to one's post	TOCFL 5
聽到	tīngdào	verb — to hear; to catch (a sound)	TOCFL 2
聽力	tīnglì	noun — hearing (the sense); listening ability (in a language)	TOCFL 3
聽取	tīngqǔ	verb — to listen to and take in (a report, opinion); to heed	TOCFL 7
聽寫	tīngxiě	noun — dictation (the exercise); verb — to write down what is heard	TOCFL 5
聽眾	tīngzhòng	noun — audience, listeners (of a talk, broadcast, concert)	TOCFL 3
聽見	tīngjiàn	verb — to hear; to catch (a sound)	TOCFL 1
聽說	tīngshuō	verb — to hear (it said); it is said that	TOCFL 2
聽起來	tīngqǐlái	phrase — sounds like, it seems (from what one hears)	TOCFL 3
肉體	ròutǐ	noun — the body, the flesh (as opposed to the mind or spirit)	TOCFL 5
肉麻	ròumá	adjective — cloying, sickeningly sentimental; makes one cringe	TOCFL 5
肌肉	jīròu	noun — muscle, the muscles (of the body)	TOCFL 4
肌膚	jīfū	noun — the skin (especially the smooth skin of the body)	TOCFL 5
股份	gǔfèn	noun — share, stock (in a company)	TOCFL 6
股市	gǔshì	noun — the stock market	TOCFL 5
股東	gǔdōng	noun — shareholder; stockholder	TOCFL 5
股權	gǔquán	noun — equity; shareholding; ownership stake	TOCFL 6
股票	gǔpiào	noun — stock, a share; the certificate showing one's portion of ownership in a company	TOCFL 4
肥料	féiliào	noun — fertilizer	TOCFL 5
肥皂	féizào	noun — soap (a bar of soap)	TOCFL 2
肥胖	féipàng	adjective — fat, obese, overweight (of a person or animal's body)	TOCFL 4
肩膀	jiānbǎng	noun — shoulder	TOCFL 3
肯定	kěndìng	verb — to affirm, confirm; adverb — definitely, surely	TOCFL 4
肺炎	fèiyán	noun — pneumonia (inflammation of the lungs)	TOCFL 5
胃口	wèikǒu	noun — appetite; figuratively, a liking or taste for something	TOCFL 5
背包	bēibāo	noun — a backpack, knapsack; verb — to carry on the back	TOCFL 2
背後	bèihòu	noun — behind, at the back; behind one's back (hidden, unseen)	TOCFL 3
背心	bèixīn	noun — a vest, a sleeveless top (worn over the torso)	TOCFL 4
背景	bèijǐng	noun — background; backdrop; one's circumstances	TOCFL 4
背誦	bèisòng	verb — to recite from memory, to memorize and recite	TOCFL 5
背面	bèimiàn	noun — the back, the reverse side, the rear face (of a sheet, object, or surface)	TOCFL 4
胖子	pàngzi	noun — a fat person	TOCFL 4
胡亂	húluàn	adverb — carelessly, recklessly, at random	TOCFL 5
胡秉宸	húbǐngchén	person — Hu Bingchen, the male lead of Zhang Jie's novel 無字 (Without a Word)	named-entity
胳膊	gēbo	noun — the arm	TOCFL 4
胸口	xiōngkǒu	noun — the chest; the front of the upper body, over the heart	TOCFL 6
能力	nénglì	noun — ability; capability; capacity	TOCFL 3
能否	néngfǒu	phrase — whether or not (one) can; can or cannot	TOCFL 1
能夠	nénggòu	verb — can, to be able to, to be capable of	TOCFL 3
能幹	nénggàn	adjective — capable, competent, able; good at getting things done	TOCFL 4
能源	néngyuán	noun — energy (as a resource: fuel, power)	TOCFL 5
能量	néngliàng	noun — energy	TOCFL 5
脂肪	zhīfáng	noun — fat, adipose tissue	TOCFL 5
脆弱	cuìruò	adjective — fragile, frail, vulnerable	TOCFL 5
脫手	tuōshǒu	verb — to sell off, to offload; to let slip from the hand	TOCFL 5
脫身	tuōshēn	verb — to get away, to extricate oneself (from a situation)	TOCFL 5
脫離	tuōlí	verb — to break away from, to separate from, to get free of (a group, danger, or relationship)	TOCFL 4
脾氣	píqì	noun — temper, temperament, disposition; (a tendency to) a quick or bad temper	TOCFL 4
腐敗	fǔbài	adjective — corrupt, rotten; noun — corruption	TOCFL 6
腐朽	fǔxiǔ	adjective — rotten, decayed; figuratively, decadent, worn-out	TOCFL 5
腐爛	fǔlàn	verb — to rot, to decay, to putrefy	TOCFL 5
腐蝕	fǔshí	verb — to corrode, to erode; figuratively, to corrupt	TOCFL 5
腔調	qiāngdiào	noun — accent, intonation; a manner of speaking, a tone	TOCFL 5
腦力	nǎolì	noun — mental power, brainpower	TOCFL 5
腦海	nǎohǎi	noun — the mind, the memory (where thoughts and images surface)	TOCFL 5
腦筋	nǎojīn	noun — brains, mind, the head as a thinking tool; wits used for thinking and reasoning	TOCFL 4
腦袋	nǎodai	noun — head; (colloquial) one's mind, brains	TOCFL 4
腳本	jiǎoběn	noun — a script (for a play, film, or program); a scenario	TOCFL 5
腳步	jiǎobù	noun — footstep, pace, the sound or rhythm of walking	TOCFL 4
腳踏車	jiǎotàchē	noun — bicycle	TOCFL 1
膚淺	fūqiǎn	adjective — superficial, shallow (of thinking or understanding)	TOCFL 5
膨脹	péngzhàng	verb — to expand, to swell, to inflate (in size or volume)	TOCFL 4
膽固醇	dǎngùchún	noun — cholesterol	TOCFL 5
膽小	dǎnxiǎo	adjective — timid, cowardly, easily frightened	TOCFL 4
膽量	dǎnliàng	noun — courage, nerve, guts; the capacity to face danger or risk	TOCFL 4
臉色	liǎnsè	noun — complexion, the look on one's face (as a sign of mood or health)	TOCFL 3
臉譜	liǎnpǔ	noun — the painted-face makeup of Peking opera; (fig.) a stock character type	TOCFL 5
臉龐	liǎnpáng	noun — face, countenance (literary)	TOCFL 5
臘月	làyuè	noun — the twelfth month of the lunar calendar	TOCFL 5
臥室	wòshì	noun — a bedroom	TOCFL 2
臥房	wòfáng	noun — a bedroom	TOCFL 2
臨床	línchuáng	adjective — clinical (medicine practised at the bedside)	TOCFL 6
臨時	línshí	adj/adv — temporary; provisional; at the last moment	TOCFL 5
自主	zìzhǔ	verb/adjective — to act on one's own, to be one's own master; autonomous	TOCFL 5
自來水	zìláishuǐ	noun — tap water, running water (piped supply)	TOCFL 4
自信	zìxìn	noun — self-confidence; adjective — confident, self-assured	TOCFL 3
自傳	zìzhuàn	noun — autobiography, an account of one's own life	TOCFL 5
自制	zìzhì	verb — to control oneself, exercise self-restraint	TOCFL 5
自動	zìdòng	adjective — automatic, self-acting; adverb — automatically, of one's own accord	TOCFL 4
自在	zìzài	adjective — at ease, comfortable, free and unconstrained	TOCFL 3
自己	zìjǐ	pronoun — oneself, self	TOCFL 1
自從	zìcóng	preposition — since (a past point in time)	TOCFL 4
自我	zìwǒ	noun — the self; the ego; adjective/adverb — self- (oneself)	TOCFL 4
自殺	zìshā	verb — to commit suicide, to kill oneself	TOCFL 3
自治	zìzhì	verb — to govern oneself; noun — autonomy; self-rule	TOCFL 6
自治州	zìzhìzhōu	noun — autonomous prefecture (an administrative division)	TOCFL 5
自治縣	zìzhìxiàn	noun — autonomous county (an administrative division)	TOCFL 5
自滿	zìmǎn	adjective — complacent, self-satisfied, smug	TOCFL 5
自然	zìrán	noun — nature; the natural world; adjective — natural; adverb — naturally; of course	TOCFL 2
自由	zìyóu	noun/adjective — freedom; liberty; free	TOCFL 3
自私	zìsī	adjective — selfish, self-centred; caring only for one's own interests	TOCFL 4
自稱	zìchēng	verb — to call oneself, claim to be	TOCFL 5
自立	zìlì	verb — to stand on one's own, be self-reliant	TOCFL 5
自行	zìxíng	adverb — by oneself; on one's own; of itself (do a thing without outside help)	TOCFL 5
自行車	zìxíngchē	noun — bicycle	TOCFL 1
自覺	zìjué	verb — to be self-aware; adj — conscientious, acting without being told	TOCFL 5
自豪	zìháo	adjective — proud (of), taking pride in	TOCFL 5
自費	zìfèi	verb/adj — at one's own expense, self-funded	TOCFL 5
自身	zìshēn	pronoun — oneself; itself	TOCFL 6
自願	zìyuàn	verb — to volunteer, to do of one's own free will; adverb — voluntarily	TOCFL 4
至今	zhìjīn	adverb — up to now, to this day, still	TOCFL 5
至少	zhìshǎo	adverb — at least; at the minimum	TOCFL 4
至於	zhìyú	preposition — as for, as to; verb — to go so far as to	TOCFL 5
致力	zhìlì	verb — to devote one's effort to, work hard toward	TOCFL 5
致命	zhìmìng	adjective — fatal, deadly, lethal	TOCFL 5
致富	zhìfù	verb — to become wealthy, make a fortune	TOCFL 5
致意	zhìyì	verb — to send one's regards, convey greetings	TOCFL 5
致詞	zhìcí	verb — to deliver a speech, give an address (at a formal event)	TOCFL 5
臺上	táishàng	noun phrase — on stage; up on the platform	TOCFL 4
臺灣	Táiwān	proper noun — Taiwan, the island and state east of the Chinese mainland	named-entity
舅媽	jiùmā	noun — aunt (wife of one's mother's brother)	TOCFL 3
舅舅	jiùjiu	noun — uncle (mother's brother)	TOCFL 3
與其	yǔqí	conjunction — rather than (paired with 不如, weighing two choices)	TOCFL 6
與會	yǔhuì	verb — to attend a meeting, take part in a conference	TOCFL 5
興奮	xīngfèn	adjective — excited, worked up, elated	TOCFL 4
興建	xīngjiàn	verb — to build, to construct (a large structure)	TOCFL 5
興致	xìngzhì	noun — interest, mood, zest for doing something	TOCFL 5
興起	xīngqǐ	verb — to rise; to spring up; to come into vogue (of a movement, trend, industry)	TOCFL 3
興趣	xìngqù	noun — interest; an interest in something	TOCFL 3
興隆	xīnglóng	adjective — thriving, prosperous, flourishing (of business)	TOCFL 5
舉例	jǔlì	verb — to give an example, to cite an instance (in order to illustrate a point)	TOCFL 4
舉手	jǔshǒu	verb — to raise one's hand (to answer, to vote, to volunteer)	TOCFL 3
舉止	jǔzhǐ	noun — bearing, manner, conduct (how one carries oneself)	TOCFL 5
舉行	jǔxíng	verb — to hold, to stage (a meeting, ceremony, event)	TOCFL 3
舉辦	jǔbàn	verb — to hold; to put on (an event, a competition)	TOCFL 4
舉重	jǔzhòng	noun — weightlifting (the sport)	TOCFL 5
舌頭	shétou	noun — the tongue (the organ in the mouth)	TOCFL 4
舒展	shūzhǎn	verb — to stretch out, unfold, relax (limbs, brows, scenery)	TOCFL 5
舒暢	shūchàng	adjective — relaxed and happy, carefree, at ease	TOCFL 5
舒服	shūfú	adjective — comfortable; feeling well, at ease	TOCFL 1
舒適	shūshì	adjective — comfortable, cozy (of a place, clothing, conditions)	TOCFL 3
舞台	wǔtái	noun — a stage (for performance); a platform, an arena (figuratively, where one acts)	TOCFL 4
舞廳	wǔtīng	noun — a dance hall, a ballroom (a venue for dancing)	TOCFL 4
舞臺	wǔtái	noun — a stage; a platform for performance or action	TOCFL 4
舞蹈	wǔdǎo	noun — dance; the art of dancing	TOCFL 5
航海	hánghǎi	verb — to navigate the seas; to go to sea; noun — seafaring; navigation	TOCFL 6
航空	hángkōng	noun — aviation, air travel	TOCFL 5
航空信	hángkōngxìn	noun — airmail, a letter sent by air	TOCFL 5
航線	hángxiàn	noun — a shipping route, a flight route, an air/sea lane	TOCFL 7
航行	hángxíng	verb — to navigate, sail, voyage (by ship or aircraft)	TOCFL 5
航運	hángyùn	noun — shipping; transport by sea or air	TOCFL ?
船兒	chuán'ér	noun — a boat, little boat (the 兒-suffixed, colloquial/poetic form of 船)	TOCFL 2
船隻	chuánzhī	noun — ships, vessels (collective term)	TOCFL 5
艦隊	jiànduì	noun — a fleet (of warships)	TOCFL 7
良好	liánghǎo	adjective — good, in good condition	TOCFL 4
良機	liángjī	noun — a good opportunity; a golden chance	TOCFL 5
艱苦	jiānkǔ	adjective — hard, arduous, full of hardship	TOCFL 5
艱鉅	jiānjù	adjective — formidable, daunting; a hard task on a huge scale	TOCFL 5
艱難	jiānnán	adjective — difficult, hard going; beset with obstacles	TOCFL 5
色彩	sècǎi	noun — color; hue	TOCFL 4
色情	sèqíng	adjective/noun — pornographic, sexually explicit; pornography, erotic material	TOCFL 4
色澤	sèzé	noun — colour and lustre; the sheen and tint of a surface	TOCFL 5
芒果	mángguǒ	noun — a mango	TOCFL 2
花兒	huār	noun — flower (colloquial, with the -r suffix)	TOCFL 1
花卉	huāhuì	noun — flowers and plants (collective); flowering plants as a category	TOCFL 5
花園	huāyuán	noun — a garden	TOCFL 3
花心	huāxīn	adjective — fickle in love, unfaithful, having a roving eye	TOCFL 3
花朵	huāduǒ	noun — a flower, a bloom (counted singly)	TOCFL 5
花樣	huāyàng	noun — a pattern, a design; a variety, a trick or gimmick	TOCFL 5
花瓣	huābàn	noun — a petal	TOCFL 5
花瓶	huāpíng	noun — a vase (for holding flowers); figuratively, a person valued only for looks	TOCFL 4
花生	huāshēng	noun — peanut, groundnut	TOCFL 4
花盆	huāpén	noun — a flowerpot, a plant pot	TOCFL 4
花紋	huāwén	noun — a decorative pattern; markings, figuring on a surface	TOCFL 5
花色	huāsè	noun — pattern and colour (of fabric or goods); the variety of designs and shades	TOCFL 4
花草	huācǎo	noun — flowers and plants, ornamental greenery (collectively)	TOCFL 4
花費	huāfèi	verb — to spend, to expend (money, time, or effort); noun — expense, cost, outlay	TOCFL 4
苛責	kēzé	verb — to criticize harshly; to take to task severely	TOCFL 5
若干	ruògān	determiner — some; a certain number of; several (formal/written)	TOCFL 5
苦工	kǔgōng	noun — hard manual labour; gruelling toil, often unpaid	TOCFL 5
苦惱	kǔnǎo	adjective — distressed, troubled; vexed, worried sick	TOCFL 5
苦衷	kǔzhōng	noun — hidden difficulties; the hard reasons one cannot easily explain	TOCFL 5
苦難	kǔnàn	noun — suffering, tribulation; misery and hardship	TOCFL 5
英俊	yīngjùn	adjective — handsome, good-looking (of a man)	TOCFL 3
英勇	yīngyǒng	adjective — heroic, valiant, brave	TOCFL 5
英國	yīngguó	proper noun — the United Kingdom; Britain	TOCFL 2
英文	yīngwén	noun — English; the English language	TOCFL 1
英語	yīngyǔ	noun — the English language	TOCFL 2
英雄	yīngxióng	noun — a hero	TOCFL 4
茂密	màomì	adjective — lush and dense; thickly overgrown (of plants)	TOCFL 5
茫然	mángrán	adjective — at a loss, blank; bewildered, with no idea what to do	TOCFL 5
茶具	chájù	noun — tea set, tea things; the utensils for making and serving tea	TOCFL 5
茶會	cháhuì	noun — a tea party, a tea reception (a social gathering over tea)	TOCFL 4
茶葉	cháyè	noun — tea leaves (the dried leaves used to brew tea)	TOCFL 4
茶館	cháguǎn	noun — a teahouse	TOCFL 2
茶館兒	cháguǎnr	noun — a teahouse (the 兒-suffixed, colloquial form of 茶館)	TOCFL 2
草原	cǎoyuán	noun — grassland, prairie, steppe	TOCFL 5
草叢	cǎocóng	noun — a clump of grass; a thicket of undergrowth	TOCFL 5
草地	cǎodì	noun — lawn, grassland, a grassy field	TOCFL 3
草案	cǎo'àn	noun — a draft, a draft proposal (of a law, plan, or document)	TOCFL 5
草率	cǎoshuài	adjective — careless, hasty, slapdash; done without due care	TOCFL 5
草藥	cǎoyào	noun — herbal medicine; medicinal herbs	TOCFL 5
荊州	jīngzhōu	proper noun — Jingzhou, an ancient province and city spanning Hubei and Hunan, a prize fought over in the Three Kingdoms	TOCFL 7
荊州市	Jīngzhōushì	proper noun — Jingzhou, a prefecture-level city on the Yangtze in southern Hubei, an ancient stronghold of the Three Kingdoms	TOCFL 7
荊門	jīngmén	proper noun — Jingmen, a prefecture-level city in central Hubei	named-entity
荒唐	huāngtáng	adjective — absurd, preposterous, ridiculous; wildly unreasonable	TOCFL 5
荷蘭	Hélán	proper noun — the Netherlands, the country in northwestern Europe	named-entity
莊嚴	zhuāngyán	adjective — solemn; dignified; majestic	TOCFL 7
菜單	càidān	noun — menu (the list of dishes)	TOCFL 1
菠菜	bōcài	noun — spinach (the leafy vegetable)	TOCFL 4
華中	huázhōng	noun — Central China, the central region of China	TOCFL 6
華人	huárén	noun — an ethnic Chinese person, a person of Chinese descent (worldwide, beyond nationality)	TOCFL 4
華僑	huáqiáo	noun — an overseas Chinese; a Chinese national living abroad	TOCFL 4
華北	Huáběi	proper noun — North China, the northern region around Beijing, Tianjin, Hebei, Shanxi and Inner Mongolia	TOCFL 6
華文	Huáwén	noun — the Chinese language, especially as written; Chinese (as used by overseas communities)	TOCFL 1
華裔	huáyì	noun — a person of Chinese descent; ethnic Chinese (born abroad)	TOCFL 5
華語	Huáyǔ	noun — spoken Chinese, Mandarin (the common Chinese tongue)	TOCFL 1
萎縮	wěisuō	verb — to shrivel, atrophy; to shrink back, dwindle	TOCFL 5
萬一	wànyī	conjunction — just in case, if by chance; noun — a one-in-ten-thousand contingency	TOCFL 3
萬事	wànshì	noun — all things, everything; every matter	TOCFL 5
萬分	wànfēn	adverb — extremely, to the utmost (literally "ten thousand parts")	TOCFL 5
萬歲	wànsuì	interjection — long live!; noun — His Majesty (an old address for the emperor)	TOCFL 6
萬物	wànwù	noun — all things in creation, all living things	TOCFL 5
萬萬	wànwàn	adverb — absolutely (not); by no means; a hundred million	TOCFL 5
落伍	luòwǔ	verb/adjective — to fall behind, to lag; out of date, behind the times	TOCFL 4
落實	luòshí	verb — to put into practice, to carry out fully; adj — settled, dependable	TOCFL 6
落後	luòhòu	verb — to fall behind; adjective — backward, lagging	TOCFL 5
落得	luòde	verb — to end up (in some bad state); to wind up with	TOCFL 5
落選	luòxuǎn	verb — to lose an election; to fail to be selected	TOCFL 5
落魄	luòpò	adjective — down and out, destitute and dispirited	TOCFL 5
著作	zhùzuò	noun — a written work, a literary work; verb — to write (a book)	TOCFL 6
著名	zhùmíng	adjective — famous; renowned; well-known	TOCFL 4
著急	zháojí	verb — to worry, to be anxious, to fret	TOCFL 3
著想	zhuóxiǎng	verb — to consider (someone's interests); to think on behalf of	TOCFL 5
著手	zhuóshǒu	verb — to set about, to get started on (a task)	TOCFL 5
著眼	zhuóyǎn	verb — to focus one's attention on; to have something in view	TOCFL 5
著重	zhuózhòng	verb — to stress, emphasize, lay weight on	TOCFL 5
葡萄	pútáo	noun — a grape; grapes	TOCFL 2
董事會	dǒngshìhuì	noun — board of directors	TOCFL 5
葬禮	zànglǐ	noun — a funeral, funeral rites, a burial ceremony	TOCFL 4
蒸氣	zhēngqì	noun — vapor, steam (gas given off by heating)	TOCFL 5
蒸發	zhēngfā	verb — to evaporate; to vanish into thin air	TOCFL 5
蒼白	cāngbái	adjective — pale, pallid (of complexion); wan, feeble (of an argument)	TOCFL 5
蒼蠅	cāngyíng	noun — a fly (the insect)	TOCFL 5
蓋章	gàizhāng	verb — to stamp a seal, affix a chop (onto a document)	TOCFL 5
蓬勃	péngbó	adjective — flourishing; vigorous, thriving	TOCFL 5
蔓延	mànyán	verb — to spread, creep outward (of fire, vines, rumor)	TOCFL 5
蔣介石	jiǎng jièshí	proper noun — Chiang Kai-shek (1887–1975), leader of the Nationalist Party (國民黨) who ruled China and later Taiwan	named-entity
蔬菜	shūcài	noun — vegetables	TOCFL 4
薄弱	bóruò	adjective — weak, feeble, flimsy (of strength, will, foundation, or defences)	TOCFL 4
薪水	xīnshuǐ	noun — salary, wages, pay	TOCFL 4
藉口	jièkǒu	noun — an excuse, pretext; verb — to use as a pretext	TOCFL 5
藍色	lánsè	noun / adjective — the color blue	TOCFL 2
藏族	zàngzú	proper noun — the Tibetan people, an ethnic group of the Tibetan Plateau	named-entity
藝術	yìshù	noun — art; the arts; artistic skill	TOCFL 3
藥品	yàopǐn	noun — medicine, pharmaceuticals (drugs as goods)	TOCFL 6
藥房	yàofáng	noun — a pharmacy, a drugstore	TOCFL 2
藥方	yàofāng	noun — a prescription, a formula of medicines for treating an illness	TOCFL 4
藥材	yàocái	noun — medicinal materials, crude drugs (especially herbs)	TOCFL 6
藥水	yàoshuǐ	noun — liquid medicine, a medicinal solution (for drinking or external use)	TOCFL 4
藥物	yàowù	noun — medicine; pharmaceuticals	TOCFL 1
藩籬	fānlí	noun — a fence, hedge; a barrier or boundary	TOCFL 5
蘇維埃	sūwéi'āi	proper noun — soviet, the elected workers' council of the early Soviet state (transliteration of Russian "совет")	named-entity
蘋果	píngguǒ	noun — apple (the fruit)	TOCFL 1
虐待	nüèdài	verb — to abuse, mistreat, treat cruelly	TOCFL 5
虔誠	qiánchéng	adjective — devout, pious, reverent (in faith)	TOCFL 5
處事	chǔshì	verb — to handle affairs; to deal with matters, conduct oneself	TOCFL 5
處分	chǔfèn	noun — a disciplinary penalty, sanction; verb — to discipline, punish	TOCFL 5
處境	chǔjìng	noun — one's situation, circumstances, predicament	TOCFL 5
處女	chǔnǚ	noun — a virgin; adjective — maiden, first (as in maiden voyage)	TOCFL 5
處方	chǔfāng	noun — a doctor's prescription	TOCFL 5
處於	chùyú	verb — to be situated in; to be in (a state or position)	TOCFL 6
處理	chǔlǐ	verb — to handle; to deal with; to process	TOCFL 4
處罰	chǔfá	verb — to punish, to penalize	TOCFL 5
處處	chùchù	adverb — everywhere, in every place; in every respect	TOCFL 4
虛心	xūxīn	adjective — open-minded, modest, willing to learn	TOCFL 5
虛擬	xūnǐ	adjective — virtual, simulated; verb — to fabricate, to simulate	TOCFL 5
號召	hàozhào	verb — to call on, to rally; noun — a call, an appeal	TOCFL 6
號子	hàozi	noun — (Taiwan, colloquial) a securities brokerage, a trading house	TOCFL 5
號碼	hàomǎ	noun — number (a phone number, a serial number)	TOCFL 1
號稱	hàochēng	verb — to be known as; to be billed as; to claim (often more than the truth)	TOCFL 6
蛋白質	dànbáizhì	noun — protein (the nutrient)	TOCFL 6
蛋糕	dàngāo	noun — cake	TOCFL 1
蜂蜜	fēngmì	noun — honey	TOCFL 4
蜜蜂	mìfēng	noun — a bee, a honeybee	TOCFL 4
蝦米	xiāmǐ	noun — small dried shrimp, dried shrimp meat (used in cooking)	TOCFL 4
蝴蝶	húdié	noun — a butterfly	TOCFL 4
蝸牛	wōniú	noun — a snail	TOCFL 5
融化	rónghuà	verb — to melt, to thaw (solid into liquid)	TOCFL 4
融合	rónghé	verb — to fuse, to blend together into one	TOCFL 5
融洽	róngqià	adjective — harmonious, getting along well	TOCFL 5
螞蟻	mǎyǐ	noun — ant	TOCFL 3
蠟燭	làzhú	noun — a candle	TOCFL 4
蠻橫	mánhèng	adjective — rude and unreasonable, overbearing	TOCFL 5
血型	xiěxíng	noun — blood type, blood group (A, B, O, AB)	TOCFL 4
血壓	xuèyā	noun — blood pressure	TOCFL 5
血汗	xuèhàn	noun — blood and sweat; hard, grueling toil	TOCFL 5
血液	xiěyè	noun — blood	TOCFL 5
血管	xuèguǎn	noun — blood vessel	TOCFL 5
血跡	xuèjī	noun — bloodstains, marks of blood	TOCFL 5
行人	xíngrén	noun — a pedestrian, a person walking on the road	TOCFL 4
行使	xíngshǐ	verb — to exercise, to use (a power or right)	TOCFL 7
行列	hángliè	noun — ranks, a line or file; the ranks of a group one joins	TOCFL 5
行動	xíngdòng	verb/noun — to act; action; operation	TOCFL 4
行善	xíngshàn	verb — to do good, to perform charitable deeds	TOCFL 5
行情	hángqíng	noun — market price; the going rate; market conditions	TOCFL 6
行政	xíngzhèng	noun — administration; administrative affairs	TOCFL 3
行政區	xíngzhèngqū	noun — an administrative district; an administrative region	TOCFL 4
行星	xíngxīng	noun — a planet	TOCFL 5
行李	xíngli	noun — luggage, baggage	TOCFL 2
行業	hángyè	noun — industry; trade; profession; sector	TOCFL 5
行為	xíngwéi	noun — behavior; conduct; action	TOCFL 4
行省	xíngshěng	noun — a province (as a top-level administrative region)	TOCFL 4
行程	xíngchéng	noun — an itinerary, a schedule of travel; the distance of a journey	TOCFL 4
行者	xíngzhě	noun — one who walks the road: a traveler; a Buddhist practitioner, an ascetic on the path	TOCFL 6
行號	hánghào	noun — a firm, a business establishment	TOCFL 5
行走	xíngzǒu	verb — to walk, to go on foot	TOCFL 4
衍生	yǎnshēng	verb — to derive from, to give rise to as an offshoot	TOCFL 5
街上	jiēshàng	noun phrase — on the street; out in the streets	TOCFL 2
街坊	jiēfāng	noun — neighbors, the neighborhood	TOCFL 5
街道	jiēdào	noun — a street; the roads of a town	TOCFL 4
街頭	jiētóu	noun — the street; street corner; out on the streets	TOCFL 5
衙門	yámen	noun — a yamen; the office of a government official in imperial China	TOCFL 7
衛星	wèixīng	noun — a satellite (natural or man-made)	TOCFL 6
衛生	wèishēng	noun/adj — hygiene; sanitary, clean	TOCFL 5
衛生紙	wèishēngzhǐ	noun — toilet paper; tissue paper	TOCFL 2
衝動	chōngdòng	noun — an impulse; adjective/verb — impulsive, to act on impulse	TOCFL 5
衝擊	chōngjī	verb — to pound against, to batter; noun — impact, shock	TOCFL 6
衝突	chōngtū	noun — a conflict; a clash; verb — to clash	TOCFL 4
衡量	héngliáng	verb — to weigh, to assess, to consider the balance of	TOCFL 5
衣服	yīfú	noun — clothes; clothing	TOCFL 1
衣櫃	yīguì	noun — wardrobe, closet	TOCFL 3
衣裳	yīshang	noun — clothes, clothing (informal/spoken)	TOCFL 4
表情	biǎoqíng	noun — facial expression; the look on one's face	TOCFL 4
表揚	biǎoyáng	verb — to praise publicly, to commend, to cite (good behaviour)	TOCFL 4
表明	biǎomíng	verb — to make clear, to state plainly, to indicate	TOCFL 5
表格	biǎogé	noun — a form, a table, a chart (with rows and columns to fill in)	TOCFL 4
表決	biǎojué	verb — to vote on; noun — a formal vote, a decision by ballot	TOCFL 5
表演	biǎoyǎn	verb — to perform; noun — a performance	TOCFL 4
表現	biǎoxiàn	verb — to show; to express; to demonstrate; noun — performance; conduct; manifestation	TOCFL 4
表白	biǎobái	verb — to declare one's feelings openly; to express, to make clear	TOCFL 5
表示	biǎoshì	verb — to express; to indicate; to show; to mean	TOCFL 2
表達	biǎodá	verb — to express; to convey (a thought or feeling)	TOCFL 4
表面	biǎomiàn	noun — surface; the outside; what shows on top	TOCFL 4
衰退	shuāituì	verb — to decline, fade; noun — a decline; (economy) recession	TOCFL 6
衷心	zhōngxīn	adjective/adverb — heartfelt, from the bottom of one's heart	TOCFL 5
袁世凱	yuánshìkǎi	proper noun — Yuan Shikai (1859–1916), the general who became the first president of the Republic of China and then tried to crown himself emperor	named-entity
袁承志	Yuánchéngzhì	proper noun — Yuan Chengzhi, the hero of Jin Yong's wuxia novel 《碧血劍》, son of the executed Ming general Yuan Chonghuan	named-entity
袋子	dàizi	noun — bag, sack	TOCFL 1
被動	bèidòng	adjective — passive, acted upon rather than acting; noun — the passive (voice)	TOCFL 3
被迫	bèipò	verb — to be forced to; to be compelled	TOCFL 2
裁判	cáipàn	noun — a referee, an umpire; verb — to referee, to judge (a match or dispute)	TOCFL 4
裁員	cáiyuán	verb — to lay off staff, to cut jobs; noun — staff reduction, layoffs	TOCFL 4
裁減	cáijiǎn	verb — to cut down, to reduce (staff, budget, forces)	TOCFL 5
裁縫	cáiféng	noun — a tailor; verb — to cut and sew clothing	TOCFL 5
裏面	lǐmiàn	noun — the inside; inside, within	TOCFL 1
裏頭	lǐtou	noun — inside, the interior (spoken)	TOCFL 4
補償	bǔcháng	verb — to compensate, to make up for, to offset (a loss)	TOCFL 4
補充	bǔchōng	verb — to supplement; to add to; to replenish	TOCFL 5
補助	bǔzhù	noun — a subsidy, financial aid; verb — to subsidize, to provide aid	TOCFL 4
補救	bǔjiù	verb — to remedy, to make good a mistake or damage after the fact	TOCFL 5
補給	bǔgěi	verb — to supply, to replenish; noun — supplies, provisioning	TOCFL 5
補習	bǔxí	verb — to take extra lessons, to attend cram school (outside regular class)	TOCFL 4
補習班	bǔxíbān	noun — a cram school, a tutoring class (for extra study after school)	TOCFL 4
補課	bǔkè	verb — to make up a missed lesson, to hold a make-up class	TOCFL 4
裝備	zhuāngbèi	noun/verb — equipment; gear; to equip; to outfit	TOCFL 4
裝潢	zhuānghuáng	verb/noun — to decorate (an interior); décor	TOCFL 5
裝甲	zhuāngjiǎ	noun — armor plating; adj — armored (vehicle, unit)	TOCFL 6
裝置	zhuāngzhì	noun — device; apparatus; installation; equipment	TOCFL 5
裝運	zhuāngyùn	verb — to load and ship (goods); to pack and transport	TOCFL 5
裝配	zhuāngpèi	verb — to assemble (parts into a whole); to fit together	TOCFL 5
裝飾	zhuāngshì	verb — to decorate, to adorn; noun — decoration, ornament	TOCFL 4
裡邊	lǐbiān	noun — the inside, the interior	TOCFL 3
裡面	lǐmiàn	noun — the inside; the interior	TOCFL 1
裡頭	lǐtou	noun — inside, the interior (spoken)	TOCFL 4
製作	zhìzuò	verb — to produce, to make (films, programs, goods)	TOCFL 5
製品	zhìpǐn	noun — a manufactured product; a made article	TOCFL 5
製成	zhìchéng	verb — to make into; to manufacture into (a finished product)	TOCFL 4
製造	zhìzào	verb — to manufacture; to produce; to make (industrially or at scale)	TOCFL 4
複習	fùxí	verb — to review, go over (lessons) again	TOCFL 3
複製	fùzhì	verb — to copy, to duplicate, to reproduce (a file, work, or object)	TOCFL 4
複雜	fùzá	adjective — complex, complicated	TOCFL 4
襄陽	xiāngyáng	proper noun — Xiangyang, an ancient walled city on the Han River in Hubei, famed in the Three Kingdoms wars	TOCFL 7
襯衫	chènshān	noun — shirt (collared, button-up)	TOCFL 3
襲擊	xíjī	verb — to attack by surprise; to raid; noun — a surprise attack	TOCFL 5
西北	xīběi	noun — northwest	TOCFL 2
西南	xīnán	noun — southwest	TOCFL 2
西安	xīān	proper noun — Xi'an, capital of Shaanxi province; an ancient imperial capital in northwest China	named-entity
西方	xīfāng	noun — the West; the western direction; Western cultures	TOCFL 3
西服	xīfú	noun — a Western-style suit (men's)	TOCFL 5
西洋	xīyáng	noun — the West; the Western world (esp. Europe and America)	TOCFL 5
西班牙	Xībānyá	proper noun — Spain, the country in southwestern Europe	named-entity
西瓜	xīguā	noun — watermelon	TOCFL 1
西藏	xīzàng	proper noun — Tibet, a high mountain plateau region in China's southwest	named-entity
西裝	xīzhuāng	noun — a (Western) suit, business suit	TOCFL 4
西邊	xībiān	noun — the west, the west side	TOCFL 2
西部	xībù	noun — the western part, the west	TOCFL 2
西醫	xīyī	noun — Western medicine; a doctor of Western medicine	TOCFL 5
西餐	xīcān	noun — Western food, a Western-style meal	TOCFL 3
要不	yàobù	conjunction — otherwise, or else; or how about (introducing a suggestion)	TOCFL 4
要不是	yàobúshì	conjunction — if it were not for, had it not been that	TOCFL 3
要不然	yàobùrán	conjunction — otherwise, or else	TOCFL 3
要命	yàomìng	adjective/adverb — terrible, to an extreme degree, "to death"; verb phrase — to be fatal	TOCFL 4
要好	yàohǎo	adjective — to be close, on good terms (of friends); to strive to do well	TOCFL 4
要是	yàoshì	conjunction — if; in case	TOCFL 2
要求	yāoqiú	verb — to demand; to require; noun — demand; requirement; request	TOCFL 3
要犯	yàofàn	noun — a major criminal; a key wanted offender	TOCFL 5
要素	yàosù	noun — a key element, an essential factor	TOCFL 5
要緊	yàojǐn	adjective — important, serious, of consequence	TOCFL 3
要點	yàodiǎn	noun — the main points; the key points (of a matter)	TOCFL 5
覆蓋	fùgài	verb — to cover over; to spread across and conceal	TOCFL 6
見到	jiàndào	verb — to see; to meet; to have managed to see (resultative)	TOCFL 2
見於	jiànyú	verb — to be found in, to appear in (a text, record, or source)	TOCFL 7
見解	jiànjiě	noun — a view; an opinion; one's understanding of something	TOCFL 5
見證	jiànzhèng	verb — to witness (an event); noun — testimony; a witness	TOCFL 5
見識	jiànshí	noun — experience and knowledge; insight; verb — to gain exposure to	TOCFL 5
見長	jiàncháng	verb — to excel at, to be especially good at (used after the strong point)	TOCFL 7
見面	jiànmiàn	verb — to meet, to see someone face to face	TOCFL 2
規則	guīzé	noun — a rule, a regulation	TOCFL 4
規劃	guīhuà	verb — to plan, to lay out; noun — planning, a plan	TOCFL 6
規定	guīdìng	verb — to stipulate; to regulate; noun — rule; regulation; provision	TOCFL 3
規律	guīlǜ	noun — pattern; regularity; the rule a thing follows	TOCFL 5
規格	guīgé	noun — specification; standard (of size, quality, format)	TOCFL 5
規模	guīmó	noun — scale; size; scope; magnitude	TOCFL 5
規畫	guīhuà	verb — to plan, to lay out; noun — a plan, planning (long-term, large-scale)	TOCFL 4
規矩	guīju	noun — rules, established custom; adjective — well-behaved, proper	TOCFL 3
規範	guīfàn	noun — norm; standard — verb — to standardize, regulate	TOCFL 6
視為	shìwéi	verb — to regard as, to treat as	TOCFL 5
視野	shìyě	noun — field of vision, range of sight; outlook, breadth of perspective	TOCFL 4
親人	qīnrén	noun — a close relative, one's own family members	TOCFL 4
親兵	qīnbīng	noun — a commander's personal guards; bodyguard troops	TOCFL 6
親切	qīnqiè	adjective — warm, kind, cordial (in manner)	TOCFL 3
親口	qīnkǒu	adverb — with one's own mouth, personally (said in person)	TOCFL 4
親愛	qīn'ài	adjective — dear, beloved (in address: "dear...")	TOCFL 4
親戚	qīnqī	noun — a relative, kin; family connections by blood or marriage	TOCFL 4
親手	qīnshǒu	adverb — with one's own hands, personally	TOCFL 3
親熱	qīnrè	adjective — affectionate; warm and close (toward someone)	TOCFL 5
親生	qīnshēng	adjective — one's own (child or parent by birth); biological	TOCFL 5
親眼	qīnyǎn	adverb — with one's own eyes, in person (of seeing)	TOCFL 3
親自	qīnzì	adverb — personally; in person; oneself	TOCFL 5
親身	qīnshēn	adverb — personally; in person; through one's own body	TOCFL 5
覺得	juéde	verb — to feel; to think; to sense; to find (that something is the case)	TOCFL 2
覺悟	juéwù	verb — to wake up to, to come to realize; noun — awareness, awakening (mental/moral)	TOCFL 4
觀光	guānguāng	verb — to sightsee, to tour; noun — sightseeing, tourism	TOCFL 4
觀察	guānchá	verb — to observe, watch closely; noun — observation	TOCFL 5
觀念	guānniàn	noun — concept, notion; an outlook one holds	TOCFL 4
觀感	guāngǎn	noun — impressions; one's reactions after seeing something	TOCFL 5
觀摩	guānmó	verb — to observe and learn from (others' work or practice)	TOCFL 5
觀望	guānwàng	verb — to wait and see; to hold back and watch before acting	TOCFL 5
觀測	guāncè	verb — to observe and measure (esp. weather, stars, data)	TOCFL 5
觀看	guānkàn	verb — to watch, to view (an event, a show)	TOCFL 5
觀眾	guānzhòng	noun — audience; spectators; viewers	TOCFL 4
觀點	guāndiǎn	noun — point of view; standpoint; perspective	TOCFL 5
角度	jiǎodù	noun — angle; point of view	TOCFL 5
角色	juésè	noun — a role; a character (in a story or film)	TOCFL 4
角落	jiǎoluò	noun — a corner, a nook (where two edges meet); a remote spot	TOCFL 4
解剖	jiěpōu	verb — to dissect; to analyze by cutting open	TOCFL 5
解放	jiěfàng	verb — to liberate; to set free	TOCFL 6
解放軍	jiěfàngjūn	proper noun — the People's Liberation Army (PLA), the armed forces of the People's Republic of China	TOCFL 7
解決	jiějué	verb — to solve; to resolve; to settle (a problem or conflict)	TOCFL 3
解渴	jiěkě	verb — to quench thirst	TOCFL 5
解答	jiědá	verb — to answer, to explain, to solve (a question); noun — the answer, solution	TOCFL 4
解約	jiěyuē	verb — to terminate a contract; to cancel an agreement	TOCFL 5
解脫	jiětuō	verb — to free oneself; to be released (from suffering, burden)	TOCFL 5
解說	jiěshuō	verb — to explain; to narrate; noun — commentary	TOCFL 5
解釋	jiěshì	verb/noun — to explain; to interpret; explanation	TOCFL 3
解除	jiěchú	verb — to lift, to remove, to relieve (a restriction, contract, or danger)	TOCFL 4
解體	jiětǐ	verb — to fall apart, to disintegrate; (of a structure or organization) to break up	TOCFL 5
言語	yányǔ	noun — speech; words; spoken language	TOCFL 6
言論	yánlùn	noun — speech, expression of opinion (as in freedom of speech)	TOCFL 5
訂位	dìngwèi	verb — to book a table or seat; to make a reservation	TOCFL 2
訂婚	dìnghūn	verb — to get engaged, become betrothed; to formally agree to marry	TOCFL 4
訂購	dìnggòu	verb — to order, place an order for (goods)	TOCFL 4
計劃	jìhuà	noun — plan; program; project; verb — to plan; to schedule	TOCFL 2
計畫	jìhuà	noun — a plan; verb — to plan	TOCFL 1
計程車	jìchéngchē	noun — taxi, cab	TOCFL 1
計算	jìsuàn	verb — to calculate, to count, to reckon	TOCFL 4
計算機	jìsuànjī	noun — calculator; computer (literally: calculating machine)	TOCFL 3
計較	jìjiào	verb — to haggle over, fuss about; to take issue with, hold against	TOCFL 4
訊息	xùnxī	noun — message; news; information	TOCFL 4
訊號	xùnhào	noun — a signal (electronic, radio, or as a sign)	TOCFL 5
討厭	tǎoyàn	verb — to dislike, loathe; adjective — annoying, disgusting	TOCFL 3
討論	tǎolùn	verb/noun — to discuss; discussion	TOCFL 3
訓練	xùnliàn	verb/noun — to train; to drill; training	TOCFL 4
記住	jìzhù	verb — to remember, memorize, keep in mind (and hold it)	TOCFL 4
記得	jìde	verb — to remember, to keep in mind	TOCFL 2
記性	jìxìng	noun — memory, the faculty of remembering (good/bad memory)	TOCFL 4
記憶	jìyì	noun — memory, recollection; verb — to remember, retain in mind	TOCFL 3
記者	jìzhě	noun — journalist; reporter	TOCFL 3
記載	jìzǎi	verb — to record, to set down in writing; noun — a record	TOCFL 5
記錄	jìlù	verb — to record, to write down; noun — a record, an entry	TOCFL 4
訪問	fǎngwèn	verb — to visit; to interview	TOCFL 4
設備	shèbèi	noun — equipment, facilities, installations	TOCFL 3
設定	shèdìng	verb — to set, to configure; noun — a setting	TOCFL 5
設想	shèxiǎng	verb — to imagine, to envisage; to consider (someone's situation)	TOCFL 5
設施	shèshī	noun — facilities, installations	TOCFL 6
設有	shèyǒu	verb — to be equipped with; to have set up	TOCFL 4
設法	shèfǎ	verb — to think of a way, to try to manage, to contrive (to do something)	TOCFL 5
設立	shèlì	verb — to establish; to found; to set up	TOCFL 4
設置	shèzhì	verb — to set up, install, establish; noun — settings, configuration	TOCFL 4
設計	shèjì	verb/noun — to design; design; a plan	TOCFL 3
許久	xǔjiǔ	adverb — for a long while, for ages	TOCFL 5
許可	xǔkě	verb — to permit, to license; noun — permission	TOCFL 5
許多	xǔduō	determiner — many; a lot of; much	TOCFL 1
許願	xǔyuàn	verb — to make a wish; to make a vow (to a deity)	TOCFL 4
訴苦	sùkǔ	verb — to pour out one's troubles, to complain of hardship	TOCFL 5
診所	zhěnsuǒ	noun — a clinic, a doctor's office	TOCFL 5
診斷	zhěnduàn	verb — to diagnose; noun — a diagnosis	TOCFL 5
註冊	zhùcè	verb — to register, enroll, sign up	TOCFL 4
註定	zhùdìng	verb — to be destined, to be fated (to happen)	TOCFL 5
詔書	zhàoshū	noun — an imperial edict; a decree issued by an emperor	TOCFL 6
評估	pínggū	verb — to assess, to evaluate; noun — an assessment	TOCFL 5
評價	píngjià	verb — to appraise, to assess; noun — an evaluation, a rating	TOCFL 5
評為	píngwéi	verb — to rate as; to name as; to be judged to be	TOCFL 5
評論	pínglùn	verb — to comment on, review; noun — commentary, review	TOCFL 5
詞典	cídiǎn	noun — dictionary (esp. of words/vocabulary)	TOCFL 4
詞彙	cíhuì	noun — vocabulary, lexicon; the stock of words (of a language or person)	TOCFL 4
詞條	cítiáo	noun — dictionary entry; lexical item	TOCFL 6
詢問	xúnwèn	verb — to ask about, to inquire, to make inquiries	TOCFL 5
試卷	shìjuàn	noun — an examination paper, a test paper	TOCFL 5
試圖	shìtú	verb — to attempt, to try (to do something)	TOCFL 5
試驗	shìyàn	verb — to test, to experiment; noun — trial, experiment	TOCFL 5
詩人	shīrén	noun — a poet	TOCFL 5
話劇	huàjù	noun — a stage play (spoken drama), as opposed to opera	TOCFL 5
話題	huàtí	noun — topic; subject of conversation	TOCFL 4
該死	gāisǐ	exclamation — damn it!; adjective — wretched, accursed (deserving to die)	TOCFL 5
詳細	xiángxì	adjective — detailed, in full detail	TOCFL 4
誇張	kuāzhāng	verb — to exaggerate, overstate; adjective — exaggerated, over the top	TOCFL 3
誇獎	kuājiǎng	verb — to praise, commend, speak highly of	TOCFL 4
誇耀	kuāyào	verb — to show off, to flaunt, to brag about	TOCFL 5
認定	rèndìng	verb — to firmly believe, to be convinced of; to recognize officially	TOCFL 5
認得	rènde	verb — to recognize, know (a person or thing) by sight	TOCFL 3
認為	rènwéi	verb — to think; to believe; to hold the view that	TOCFL 2
認真	rènzhēn	adjective — serious, conscientious, earnest	TOCFL 3
認識	rènshí	verb — to know; to be acquainted with; to recognize; noun — understanding; knowledge	TOCFL 2
認錯	rèncuò	verb — to admit a mistake, to apologize; to mistake one thing for another	TOCFL 5
誕生	dànshēng	verb — to be born; (figuratively) to come into being, to emerge	TOCFL 5
誘惑	yòuhuò	verb — to tempt, to entice, to lure; noun — temptation	TOCFL 5
語文	yǔwén	noun — language and literature (esp. as a school subject); a language	TOCFL 5
語氣	yǔqì	noun — tone, manner of speaking; mood (grammatical)	TOCFL 4
語法	yǔfǎ	noun — grammar (the rules of a language)	TOCFL 5
語言	yǔyán	noun — language; speech; tongue	TOCFL 3
語調	yǔdiào	noun — intonation, the rise and fall of speech	TOCFL 4
語音	yǔyīn	noun — speech sound, pronunciation; phonetics; voice (audio)	TOCFL 4
誠實	chéngshí	adjective — honest, truthful	TOCFL 3
誠心	chéngxīn	noun — sincerity, good faith; adjective/adverb — sincerely, wholeheartedly	TOCFL 5
誠心誠意	chéngxīnchéngyì	idiom — with all sincerity, in complete good faith	TOCFL 5
誠意	chéngyì	noun — sincerity, good faith, genuine intent	TOCFL 4
誠懇	chéngkěn	adjective — sincere, earnest, heartfelt	TOCFL 4
誠摯	chéngzhì	adjective — sincere and earnest, heartfelt (of feeling or words)	TOCFL 5
誤差	wùchā	noun — an error, a margin of error (the gap between measured and true value)	TOCFL 5
誤會	wùhuì	verb — to misunderstand; noun — a misunderstanding	TOCFL 3
誤解	wùjiě	verb — to misunderstand, to misread; noun — a misunderstanding	TOCFL 5
誤點	wùdiǎn	verb — to be late, run behind schedule (train, plane, bus)	TOCFL 4
說不定	shuōbùdìng	adverb — maybe, perhaps; it's hard to say	TOCFL 4
說出	shuōchū	verb — to say out loud; to utter, to voice	TOCFL 4
說完	shuōwán	verb — to finish speaking, finish saying	TOCFL 3
說明	shuōmíng	verb — to explain; to illustrate; noun — explanation; instructions	TOCFL 3
說服	shuōfú	verb — to persuade, convince, talk someone round	TOCFL 4
說法	shuōfǎ	noun — a way of putting it; a statement; a version	TOCFL 4
說笑	shuōxiào	verb — to joke around, to chat and laugh	TOCFL 5
說話	shuōhuà	verb — to speak; to talk; to say something	TOCFL 2
說謊	shuōhuǎng	verb — to lie, to tell a lie	TOCFL 5
說起來	shuōqǐlái	phrase — speaking of it, when you talk about it (discourse opener)	TOCFL 3
課堂	kètáng	noun — classroom, the class session	TOCFL 3
課外	kèwài	adjective — extracurricular, outside of class	TOCFL 4
課文	kèwén	noun — text of a lesson, the reading passage in a lesson	TOCFL 3
課本	kèběn	noun — textbook	TOCFL 1
課業	kèyè	noun — schoolwork, coursework	TOCFL 5
課程	kèchéng	noun — a course, a curriculum, a program of study	TOCFL 4
課題	kètí	noun — a task to work through; an open problem or research topic	TOCFL 6
調和	tiáohé	verb — to blend, to harmonize, to mix into balance	TOCFL 5
調度	diàodù	verb — to dispatch, to allocate and schedule; noun — dispatching	TOCFL 5
調整	tiáozhěng	verb — to adjust; to regulate; to fine-tune	TOCFL 4
調查	diàochá	verb/noun — to investigate; to survey; investigation, survey	TOCFL 4
調皮	tiáopí	adjective — naughty, mischievous	TOCFL 5
調節	tiáojié	verb — to adjust; to regulate	TOCFL 6
談判	tánpàn	verb — to negotiate; noun — negotiation	TOCFL 6
談到	tándào	verb — to talk about, mention, bring up (in speech)	TOCFL 4
談話	tánhuà	verb — to talk, converse; noun — a talk, conversation	TOCFL 5
談論	tánlùn	verb — to discuss, to talk over	TOCFL 5
請假	qǐngjià	verb — to ask for leave, request time off	TOCFL 3
請問	qǐngwèn	phrase — may I ask…; excuse me (a polite lead-in to a question)	TOCFL 1
請客	qǐngkè	verb — to treat someone (to a meal); to play host and foot the bill	TOCFL 2
請教	qǐngjiào	verb — to ask for advice, consult (someone more knowledgeable)	TOCFL 3
請求	qǐngqiú	verb — to request, to ask for; noun — a request	TOCFL 5
請願	qǐngyuàn	verb — to petition; to formally appeal to authority for a wish	TOCFL 7
諒解	liàngjiě	verb — to understand and make allowances for, forgive, be understanding about	TOCFL 4
論壇	lùntán	noun — forum; a public platform for discussion, online or in person	TOCFL 6
論文	lùnwén	noun — a thesis; an academic paper	TOCFL 4
論述	lùnshù	verb — to expound; to set out an argument; noun — an exposition; a discourse	TOCFL 6
論點	lùndiǎn	noun — argument, point of an argument	TOCFL 5
諮詢	zīxún	verb — to consult, to seek advice; noun — consultation, inquiry	TOCFL 6
諷刺	fěngcì	verb — to satirize, mock; noun — satire, irony	TOCFL 4
諸多	zhūduō	adjective — many, numerous, all sorts of	TOCFL 5
諾言	nuòyán	noun — a promise, a pledge	TOCFL 5
謀生	móushēng	verb — to earn a living, to make one's livelihood	TOCFL 5
謎語	míyǔ	noun — a riddle	TOCFL 5
謙虛	qiānxū	adjective — modest, humble; verb — to be modest about oneself	TOCFL 3
謙遜	qiānxùn	adjective — modest, humble, unassuming	TOCFL 5
講價	jiǎngjià	verb — to haggle, bargain over a price	TOCFL 3
講座	jiǎngzuò	noun — a lecture, a talk (a public teaching session)	TOCFL 5
講理	jiǎnglǐ	verb — to be reasonable, to argue by reason	TOCFL 5
講究	jiǎngjiù	verb — to be particular about, pay attention to; adjective — refined, fastidious	TOCFL 3
講義	jiǎngyì	noun — lecture notes, course handout	TOCFL 5
講習	jiǎngxí	verb — to study together in a class; noun — a training course	TOCFL 5
講話	jiǎnghuà	verb — to speak, to talk; noun — a speech, a talk	TOCFL 4
謝謝	xièxie	phrase — thank you, thanks	TOCFL 1
謠言	yáoyán	noun — a rumour	TOCFL 5
謹慎	jǐnshèn	adjective — careful, cautious, prudent	TOCFL 5
證人	zhèngrén	noun — a witness	TOCFL 5
證件	zhèngjiàn	noun — identification document, credentials, papers	TOCFL 4
證券	zhèngquàn	noun — securities; a negotiable certificate (stocks, bonds)	TOCFL 6
證券行	zhèngquànxíng	noun — a securities firm, a brokerage	TOCFL 5
證實	zhèngshí	verb — to confirm, verify, bear out (as true)	TOCFL 4
證據	zhèngjù	noun — evidence, proof	TOCFL 4
證明	zhèngmíng	verb — to prove; to certify; to demonstrate; noun — proof; certificate	TOCFL 4
證書	zhèngshū	noun — certificate, credential document	TOCFL 3
識破	shìpò	verb — to see through (a trick)	TOCFL 7
警告	jǐnggào	verb — to warn, caution; noun — warning, caution (formal reprimand)	TOCFL 4
警報	jǐngbào	noun — an alarm, a warning signal	TOCFL 5
警察	jǐngchá	noun — a police officer; the police	TOCFL 3
警惕	jǐngtì	verb — to be on guard, to stay alert to danger	TOCFL 5
警衛	jǐngwèi	noun — a guard; verb — to guard	TOCFL 5
警覺	jǐngjué	noun — alertness, vigilance; adjective — alert	TOCFL 5
譬如	pìrú	conj — for instance; for example	TOCFL 5
譬如說	pìrúshuō	conj — for example (spoken); let's say	TOCFL 5
議事	yìshì	verb — to discuss matters of business; to deliberate	TOCFL 7
議員	yìyuán	noun — a legislator, a council member	TOCFL 5
議定	yìdìng	verb — to agree on, to settle by discussion	TOCFL 5
議會	yìhuì	noun — parliament; legislative council	TOCFL 6
議案	yìàn	noun — a motion, a bill (proposal put to a vote or meeting)	TOCFL 4
議論	yìlùn	verb — to discuss, to comment on; noun — discussion, talk	TOCFL 5
議題	yìtí	noun — issue, topic for discussion	TOCFL 5
護士	hùshì	noun — nurse	TOCFL 1
護照	hùzhào	noun — a passport	TOCFL 3
讀書	dúshū	verb — to read; to study; to attend school	TOCFL 3
讀物	dúwù	noun — reading material	TOCFL 5
讀者	dúzhě	noun — a reader, someone who reads	TOCFL 4
變動	biàndòng	verb — to change, alter; noun — change, alteration, fluctuation	TOCFL 4
變化	biànhuà	noun/verb — change; transformation; to change	TOCFL 3
變形	biànxíng	verb — to deform, to change shape; noun — deformation	TOCFL 5
變得	biànde	verb — to become; to turn (a certain way)	TOCFL 2
變成	biànchéng	verb — to become; to turn into; to change into	TOCFL 3
變更	biàngēng	verb — to change, alter, amend (a plan, schedule, terms); noun — a change	TOCFL 3
變通	biàntōng	verb — to adapt, to be flexible; noun — flexibility	TOCFL 5
變遷	biànqiān	noun — changes, vicissitudes (over time)	TOCFL 5
變革	biàngé	noun/verb — transformation, reform	TOCFL 6
讓步	ràngbù	verb — to make concessions, give ground, back down	TOCFL 4
讚嘆	zàntàn	verb — to praise, to exclaim in admiration; noun — admiration	TOCFL 5
讚歎	zàntàn	verb — to praise, to exclaim in admiration; noun — admiration	TOCFL 5
讚美	zànměi	verb — to praise, extol, sing the praises of	TOCFL 4
豁達	huòdá	adjective — open-minded, broad-minded, taking things in stride	TOCFL 5
豆漿	dòujiāng	noun — soy milk; soybean milk	TOCFL 2
豆腐	dòufu	noun — tofu, bean curd	TOCFL 2
豐富	fēngfù	adjective/verb — rich; abundant; plentiful; to enrich	TOCFL 4
豐收	fēngshōu	noun — a bumper harvest; verb — to reap an abundant harvest	TOCFL 5
豐盛	fēngshèng	adjective — sumptuous, lavish (of food, a spread)	TOCFL 5
象徵	xiàngzhēng	verb — to symbolize, to stand for; noun — a symbol	TOCFL 6
貝殼	bèiké	noun — seashell	TOCFL 5
負擔	fùdān	noun — burden; load; verb — to bear, to shoulder (a cost, a responsibility)	TOCFL 5
負責	fùzé	verb/adjective — to be responsible; to be in charge; responsible, diligent	TOCFL 3
負責人	fùzérén	noun — the person in charge	TOCFL 5
負責制	fùzézhì	noun — an accountability system, where one person carries final responsibility	TOCFL 5
負面	fùmiàn	adjective — negative (side, effect, impression)	TOCFL 5
財務	cáiwù	noun — finance, financial affairs	TOCFL 5
財團	cáituán	noun — a financial group, a conglomerate, a consortium	TOCFL 5
財富	cáifù	noun — wealth; riches	TOCFL 5
財政	cáizhèng	noun — public finance; fiscal affairs	TOCFL 6
財物	cáiwù	noun — property, belongings, money and goods	TOCFL 6
財產	cáichǎn	noun — property; assets; wealth	TOCFL 5
貢獻	gòngxiàn	verb — to contribute; to dedicate; noun — a contribution	TOCFL 5
貧困	pínkùn	adjective — poor, impoverished; noun — poverty	TOCFL 6
貧民	pínmín	noun — the poor, impoverished people	TOCFL 5
貧窮	pínqióng	adjective — poor, impoverished, destitute	TOCFL 4
貧苦	pínkǔ	adjective — poverty-stricken, living in hardship	TOCFL 5
貨品	huòpǐn	noun — goods, merchandise	TOCFL 5
貨幣	huòbì	noun — currency; money; medium of exchange	TOCFL 5
貨物	huòwù	noun — goods, merchandise, cargo	TOCFL 4
販毒	fàndú	verb — to traffic in drugs; noun — drug trafficking	TOCFL 5
販賣	fànmài	verb — to sell, to peddle, to vend	TOCFL 5
貪心	tānxīn	adjective — greedy; noun — greed	TOCFL 5
貫徹	guànchè	verb — to carry through; to implement thoroughly (a policy, a principle)	TOCFL 6
責任	zérèn	noun — responsibility; duty	TOCFL 4
責備	zébèi	verb — to blame, to reproach, to scold	TOCFL 5
貴姓	guìxìng	noun — your (honourable) surname; the polite way to ask someone's family name	TOCFL 3
貴族	guìzú	noun — nobility, aristocrat, the noble class	TOCFL 5
貴賓	guìbīn	noun — an honoured guest, a VIP	TOCFL 5
貶值	biǎnzhí	verb — to depreciate, to devalue (currency, an asset)	TOCFL 5
買主	mǎizhǔ	noun — a buyer, a purchaser	TOCFL 5
買單	mǎidān	verb — to pay the bill, settle the check; to foot the bill (figurative)	TOCFL 4
買賣	mǎimài	noun — business, trade, a deal; verb — to buy and sell	TOCFL 4
貸款	dàikuǎn	noun — a loan; verb — to lend; to take out a loan	TOCFL 5
費力	fèilì	adjective — strenuous, requiring great effort; verb — to expend effort	TOCFL 5
費用	fèiyòng	noun — expense; cost; fee	TOCFL 4
貼心	tiēxīn	adjective — thoughtful, considerate, attentive (to someone's needs)	TOCFL 4
貿易	màoyì	noun — trade, commerce; verb — to trade	TOCFL 4
賄賂	huìlù	verb — to bribe; noun — a bribe, bribery	TOCFL 5
資助	zīzhù	verb — to fund, to subsidize; noun — financial aid	TOCFL 5
資料	zīliào	noun — data; materials; reference documents	TOCFL 3
資本	zīběn	noun — capital; financial resources; backing	TOCFL 5
資本家	zīběnjiā	noun — capitalist, an owner of capital	TOCFL 4
資格	zīgé	noun — qualification; eligibility	TOCFL 5
資深	zīshēn	adjective — senior, veteran (in a field)	TOCFL 5
資源	zīyuán	noun — resources; natural or economic assets	TOCFL 4
資產	zīchǎn	noun — assets; property	TOCFL 5
資訊	zīxùn	noun — information; data; news (Taiwan standard term; mainland equivalent: 信息)	TOCFL 4
資金	zījīn	noun — funds; capital; financial resources	TOCFL 4
賓館	bīnguǎn	noun — guesthouse, hotel	TOCFL 5
賠償	péicháng	verb — to compensate, pay damages, make good (a loss)	TOCFL 4
賣座	màizuò	adjective — drawing a big audience, popular, box-office; noun — box-office draw	TOCFL 4
賦予	fùyǔ	verb — to bestow, endow, confer (a quality, right, or meaning)	TOCFL 6
質疑	zhìyí	verb — to question, to challenge (a claim)	TOCFL 5
質量	zhìliàng	noun — quality (of goods or work); mass (physics)	TOCFL 5
賭博	dǔbó	verb — to gamble; noun — gambling	TOCFL 5
賭場	dǔchǎng	noun — casino, gambling den	TOCFL 5
購買	gòumǎi	verb — to purchase, to buy	TOCFL 4
賽跑	sàipǎo	noun — a race, foot race; verb — to race, run a race	TOCFL 4
贈品	zèngpǐn	noun — free gift, giveaway, complimentary item	TOCFL 4
贈送	zèngsòng	verb — to give as a gift, present (gratis)	TOCFL 4
贊助	zànzhù	verb — to sponsor, to back; noun — sponsorship	TOCFL 5
贊同	zàntóng	verb — to approve of, endorse, agree with	TOCFL 4
贊成	zànchéng	verb — to be in favor of, agree to, approve	TOCFL 4
贏得	yíngdé	verb — to win, gain, earn (a prize, respect, support)	TOCFL 4
贓物	zāngwù	noun — stolen goods, loot, booty	TOCFL 5
走上	zǒushàng	verb — to walk onto; to step onto (a road or path), to embark on	TOCFL 1
走出	zǒuchū	verb — to walk out of; to step out	TOCFL 1
走向	zǒuxiàng	verb — to head toward; noun — the direction (a trend) runs	TOCFL 2
走廊	zǒuláng	noun — corridor, hallway, passage	TOCFL 5
走私	zǒusī	verb — to smuggle; to traffic goods across a border illegally	TOCFL 4
走走	zǒuzou	verb — to take a stroll, walk around a bit, go out for a wander	TOCFL 3
走路	zǒulù	verb — to walk, go on foot	TOCFL 1
走進	zǒujìn	verb — to walk into; to step inside	TOCFL 1
走道	zǒudào	noun — aisle, walkway, passage (between seats or shelves)	TOCFL 4
起伏	qǐfú	verb — to rise and fall; noun — ups and downs, undulation	TOCFL 5
起來	qǐlái	verb — to get up, to rise; directional complement indicating upward motion toward speaker	TOCFL 1
起初	qǐchū	adverb / noun — at first, in the beginning, originally	TOCFL 4
起床	qǐchuáng	verb — to get up, get out of bed	TOCFL 1
起步	qǐbù	verb — to start out, to get going (a venture)	TOCFL 5
起源	qǐyuán	verb — to originate; noun — origin, source	TOCFL 5
起火	qǐhuǒ	verb — to catch fire, to burst into flame; to light a fire (for cooking)	TOCFL 4
起碼	qǐmǎ	adverb — at least, at the minimum	TOCFL 5
起義	qǐyì	verb — to rise in revolt; noun — an uprising	TOCFL 7
起身	qǐshēn	verb — to get up, to rise (from sitting or bed); to set off	TOCFL 5
起飛	qǐfēi	verb — (of an aircraft) to take off; to lift into the air	TOCFL 3
超人	chāorén	noun — superman, superhuman; a person of extraordinary ability	TOCFL 4
超出	chāochū	verb — to exceed, to go beyond, to surpass (a limit, range, expectation)	TOCFL 4
超市	chāoshì	noun — supermarket (clipped form)	TOCFL 1
超級	chāojí	adjective/adverb — super, top-grade; (colloquial) extremely, really	TOCFL 3
超級市場	chāojí shìchǎng	noun — supermarket	TOCFL 1
超脫	chāotuō	verb — to rise above, to be detached (from worldly cares)	TOCFL 5
超越	chāoyuè	verb — to surpass, to transcend, to overtake (a rival, a limit)	TOCFL 4
超速	chāosù	verb — to speed, to exceed the speed limit	TOCFL 5
超過	chāoguò	verb — to exceed; to surpass; to go beyond	TOCFL 3
超重	chāozhòng	verb / adjective — to be overweight; to exceed the weight limit (luggage, vehicle, body)	TOCFL 4
越來越	yuèláiyuè	adverb — more and more; increasingly; progressively	TOCFL 3
趕上	gǎnshàng	verb — to catch up to; to catch (a train, bus) in time; to run into (a situation)	TOCFL 3
趕來	gǎnlái	verb — to rush over, to hurry here	TOCFL 4
趕到	gǎndào	verb — to rush over and arrive (in time)	TOCFL 4
趕忙	gǎnmáng	adverb — hurriedly, in haste	TOCFL 5
趕快	gǎnkuài	adverb — quickly; hurry up	TOCFL 3
趕緊	gǎnjǐn	adverb — hurriedly, right away, without delay	TOCFL 4
趣味	qùwèi	noun — interest, fun, flavor (of an activity)	TOCFL 5
趨勢	qūshì	noun — a trend; a tendency; the way things are heading	TOCFL 6
足以	zúyǐ	verb — to be enough to, sufficient to (do something)	TOCFL 4
足夠	zúgòu	adj/verb — enough, sufficient	TOCFL 4
足球	zúqiú	noun — soccer (the sport); a football (the ball)	TOCFL 2
跌倒	diédǎo	verb — to fall down, to trip and fall, to tumble over	TOCFL 4
跑步	pǎobù	verb — to run, jog (as exercise)	TOCFL 1
跑道	pǎodào	noun — track, runway	TOCFL 5
距離	jùlí	noun — distance; the gap between; verb — to be apart from	TOCFL 4
跟前	gēnqián	noun — right in front of, close by (someone)	TOCFL 5
跟進	gēnjìn	verb — to follow up, to keep pace, to follow suit	TOCFL 5
跟隨	gēnsuí	verb — to follow, go along after (a person or path)	TOCFL 4
跨越	kuàyuè	verb — to stride over, to cross, to surpass	TOCFL 5
路上	lùshàng	noun phrase — on the road; on the way	TOCFL 1
路口	lùkǒu	noun — intersection, the mouth of a road	TOCFL 1
路燈	lùdēng	noun — street lamp, street light	TOCFL 4
路線	lùxiàn	noun — route; line; course (a way laid out)	TOCFL 4
路過	lùguò	verb — to pass by, to go past (a place) on the way	TOCFL 5
跳舞	tiàowǔ	verb — to dance	TOCFL 1
跳遠	tiàoyuǎn	noun — long jump (the track-and-field event)	TOCFL 4
跳高	tiàogāo	noun — high jump (the track-and-field event)	TOCFL 4
踏實	tāshí	adjective — steady, grounded, down-to-earth; at ease	TOCFL 5
踴躍	yǒngyuè	adjective — eager, enthusiastic; verb — to leap forward eagerly	TOCFL 5
身上	shēnshang	noun/locative — on one's body; on one's person (carried, worn, or owed)	TOCFL 3
身份	shēnfèn	noun — identity; status; capacity (in which one acts)	TOCFL 4
身分	shēnfèn	noun — identity; status, standing (also written 身份)	TOCFL 5
身分證	shēnfènzhèng	noun — identity card, ID card	TOCFL 4
身子	shēnzi	noun — the body, one's health	TOCFL 4
身後	shēnhòu	noun/adv — behind one's back, behind the body; after one's death	TOCFL 6
身教	shēnjiào	noun — teaching by example, leading by one's own conduct	TOCFL 5
身材	shēncái	noun — one's figure, build, stature	TOCFL 4
身段	shēnduàn	noun — figure, posture, bearing (esp. of a performer); poise	TOCFL 5
身為	shēnwéi	verb — being in the position of, as one who is …	TOCFL 5
身穿	shēnchuān	verb — to be dressed in, to wear (on the body)	TOCFL 6
身邊	shēnbiān	noun — one's side; close at hand	TOCFL 3
身體	shēntǐ	noun — body; physique; physical health	TOCFL 3
身高	shēngāo	noun — height (of a person), stature	TOCFL 2
躲避	duǒbì	verb — to dodge; to evade; to take cover from	TOCFL 5
車廂	chēxiāng	noun — a railway carriage; the compartment of a train or bus	TOCFL 5
車票	chēpiào	noun — ticket (for a bus, train, or other vehicle)	TOCFL 4
車禍	chēhuò	noun — a traffic accident, car crash	TOCFL 3
車程	chēchéng	noun — driving distance; the time a trip takes by car	TOCFL 6
車站	chēzhàn	noun — station, stop (for buses or trains)	TOCFL 1
車輛	chēliàng	noun — vehicles (collective)	TOCFL 5
軌道	guǐdào	noun — track; rail; orbit (the fixed path of a train or a planet)	TOCFL 6
軍事	jūnshì	noun — military affairs; military matters	TOCFL 4
軍人	jūnrén	noun — a soldier; a member of the armed forces	TOCFL 5
軍備	jūnbèi	noun — armaments; military equipment and preparedness	TOCFL 5
軍官	jūnguān	noun — a military officer; a commissioned officer of the armed forces	TOCFL 6
軍艦	jūnjiàn	noun — a warship; a naval vessel	TOCFL 5
軍警	jūnjǐng	noun — the military and the police (taken together)	TOCFL 5
軍閥	jūnfá	noun — a warlord; a military strongman who holds a region by force	TOCFL 7
軍隊	jūnduì	noun — army; military forces; troops	TOCFL 5
軍馬	jūnmǎ	noun — a warhorse; army horses	TOCFL 6
軟弱	ruǎnruò	adjective — weak; feeble; lacking firmness of body or will	TOCFL 5
軟體	ruǎntǐ	noun — software	TOCFL 5
較大	jiàodà	adjective — comparatively large; fairly large; relatively big	TOCFL 5
較為	jiàowéi	adverb — comparatively; rather; somewhat (before an adjective: 較為重要)	TOCFL 2
較量	jiàoliàng	verb — to test one's strength against; to have a contest	TOCFL 5
輔導	fǔdǎo	verb — to counsel, to coach, to give guidance and tutoring (students, the troubled)	TOCFL 4
輕傷	qīngshāng	noun — a minor injury, a slight wound	TOCFL 4
輕易	qīngyì	adverb/adjective — easily; lightly; without much effort or thought	TOCFL 5
輕蔑	qīngmiè	verb/adjective — to scorn; to despise; contemptuous	TOCFL 5
輕薄	qīngbáo	adjective — thin and light (of objects); frivolous, disrespectful (of conduct)	TOCFL 5
輕視	qīngshì	verb — to look down on, to belittle, to make light of	TOCFL 4
輕輕	qīngqīng	adverb — gently; lightly; softly	TOCFL 2
輕鬆	qīngsōng	adjective — relaxed, easygoing, effortless	TOCFL 3
輝煌	huīhuáng	adjective — brilliant, splendid, glorious; resplendent	TOCFL 6
輩子	bèizi	noun (bound) — a lifetime, the span of a life (in 一輩子, 這輩子, 下輩子)	TOCFL 3
輪廓	lúnkuò	noun — an outline; a contour; the general shape of something	TOCFL 5
輪流	lúnliú	verb / adverb — to take turns, by turns, in rotation	TOCFL 4
輪胎	lúntāi	noun — a tyre	TOCFL 3
輪船	lúnchuán	noun — steamship, steamer (a large powered boat)	TOCFL 4
輸入	shūrù	verb — to input, to enter (data); to import (goods)	TOCFL 4
輸出	shūchū	verb — to output; to export; to send out (goods, data, power)	TOCFL 6
輸血	shūxiě	verb — to transfuse blood; noun — a blood transfusion	TOCFL 5
輻射	fúshè	noun — radiation; verb — to radiate outward	TOCFL 7
輿論	yúlùn	noun — public opinion	TOCFL 6
轉動	zhuǎndòng	verb — to turn; to rotate; to revolve	TOCFL 5
轉化	zhuǎnhuà	verb — to transform; to convert (into something else)	TOCFL 6
轉向	zhuǎnxiàng	verb — to turn toward; to change direction	TOCFL 2
轉告	zhuǎngào	verb — to pass on a message, to relay word (to a third person)	TOCFL 4
轉帳	zhuǎnzhàng	verb — to transfer money between accounts	TOCFL 5
轉手	zhuǎnshǒu	verb — to pass on to another; to resell what one has just bought	TOCFL 5
轉播	zhuǎnbò	verb — to broadcast a relay, to rebroadcast (a TV or radio signal)	TOCFL 4
轉機	zhuǎnjī	noun / verb — to change planes, a flight connection; (figurative) a turn for the better	TOCFL 4
轉眼	zhuǎnyǎn	adverb — in the blink of an eye; in an instant	TOCFL 5
轉移	zhuǎnyí	verb — to shift; to transfer; to divert (attention, location)	TOCFL 5
轉變	zhuǎnbiàn	verb — to transform; noun — a shift, a change	TOCFL 5
轉讓	zhuǎnràng	verb — to transfer (ownership of property, rights, a business) to another	TOCFL 7
轉身	zhuǎnshēn	verb — to turn around; to turn one's body	TOCFL 5
轉過	zhuǎnguò	verb — to turn around, turn over (the head, the body, a page)	TOCFL 3
轉達	zhuǎndá	verb — to convey, to pass along, to communicate (greetings, an opinion, on someone's behalf)	TOCFL 4
轎車	jiàochē	noun — a sedan car; a passenger automobile	TOCFL 5
轟動	hōngdòng	verb — to cause a sensation; to stir up widespread excitement	TOCFL 5
轟轟烈烈	hōnghōnglièliè	idiom — on a grand and stirring scale; vigorous and spectacular	TOCFL 6
辛勤	xīnqín	adjective — hardworking; diligent and toiling	TOCFL 5
辛苦	xīnkǔ	adjective — hard, toilsome, exhausting; phrase — thanks for your trouble	TOCFL 1
辛酸	xīnsuān	adjective — bitter and sad; the painful hardship of one's experience	TOCFL 5
辜負	gūfù	verb — to fail to live up to; to let down (someone's hopes or kindness)	TOCFL 5
辣椒	làjiāo	noun — chili pepper, hot pepper	TOCFL 4
辦事	bànshì	verb — to handle matters; to get things done	TOCFL 3
辦公	bàngōng	verb — to work (at an office), to handle official or business affairs	TOCFL 4
辦公室	bàngōngshì	noun — office; a place of work	TOCFL 2
辦案	bàn'àn	verb — to handle a case; to work a legal or criminal investigation	TOCFL 5
辦法	bànfǎ	noun — method; way; means (for solving a problem)	TOCFL 3
辦理	bànlǐ	verb — to handle, to process, to deal with (paperwork, affairs)	TOCFL 5
辨認	biànrèn	verb — to identify; to make out; to tell apart by looking	TOCFL 5
辨識	biànshí	verb — to recognize and distinguish; to identify (often by machine)	TOCFL 5
辭典	cídiǎn	noun — dictionary (esp. one explaining words and phrases)	TOCFL 4
辭職	cízhí	verb — to resign, to quit one's post	TOCFL 5
辭行	cíxíng	verb — to say goodbye before setting off on a journey	TOCFL 5
辯論	biànlùn	verb — to debate; noun — a debate	TOCFL 5
辯護	biànhù	verb — to defend (a case, a person); noun — defence	TOCFL 5
農作物	nóngzuòwù	noun — crops; agricultural produce	TOCFL 5
農具	nóngjù	noun — farm tools; agricultural implements	TOCFL 5
農場	nóngchǎng	noun — farm, ranch (a large agricultural establishment)	TOCFL 4
農夫	nóngfū	noun — farmer, peasant (a man who works the land)	TOCFL 4
農村	nóngcūn	noun — countryside; rural area; farming village	TOCFL 4
農業	nóngyè	noun — agriculture; farming	TOCFL 4
農民	nóngmín	noun — farmer; peasant	TOCFL 3
農產品	nóngchǎnpǐn	noun — agricultural produce, farm products	TOCFL 4
農田	nóngtián	noun — farmland; cultivated fields	TOCFL 5
農藥	nóngyào	noun — agricultural chemical, pesticide	TOCFL 4
迅速	xùnsù	adjective / adverb — fast, swift, rapid; rapidly	TOCFL 4
迎合	yínghé	verb — to cater to; to pander to (someone's taste)	TOCFL 5
迎接	yíngjiē	verb — to welcome, to greet, to receive (a guest, an arrival)	TOCFL 5
近代	jìndài	noun — modern times, the recent historical era	TOCFL 5
近來	jìnlái	adverb / noun — recently, lately, of late	TOCFL 4
近年來	jìnniánlái	adverb phrase — in recent years	TOCFL 2
近日	jìnrì	noun/adverb — recently; in the past few days	TOCFL 2
近期	jìnqī	noun — the near term; recently, in the near future	TOCFL 5
近視	jìnshì	noun / adjective — nearsightedness, myopia; shortsighted	TOCFL 4
返回	fǎnhuí	verb — to return, to go back	TOCFL 5
迫切	pòqiè	adjective — urgent, pressing, imperative (a need, a desire)	TOCFL 4
迫害	pòhài	verb — to persecute; noun — persecution	TOCFL 5
迴圈	huíquān	noun — (computing) a loop; a repeated cycle of steps	TOCFL 6
迴歸	huíguī	verb — to return to, revert to; noun — return; (statistics) regression	TOCFL 5
迴響	huíxiǎng	noun — repercussions; an echo, a public response	TOCFL 5
迷人	mírén	adjective — charming, enchanting, fascinating	TOCFL 3
迷信	míxìn	verb / noun — to be superstitious; superstition; blind faith	TOCFL 4
迷失	míshī	verb — to lose one's way, to get lost; to lose oneself (a direction, a sense of self)	TOCFL 4
迷宮	mígōng	noun — a maze; a labyrinth	TOCFL 5
迷惑	míhuò	verb — to confuse, to bewilder; adjective — bewildered	TOCFL 5
迷戀	míliàn	verb — to be infatuated with; to be obsessed with	TOCFL 5
迷糊	míhú	adjective — muddled, confused, dazed, fuzzy-headed	TOCFL 4
迷路	mílù	verb — to lose one's way, get lost	TOCFL 3
追捕	zhuībǔ	verb — to pursue and arrest; to hunt down	TOCFL 5
追查	zhuīchá	verb — to investigate, to trace back; to track down (a cause)	TOCFL 5
追求	zhuīqiú	verb — to pursue; to seek after; to court	TOCFL 4
追究	zhuījiū	verb — to look into and assign (responsibility, blame); to get to the bottom of	TOCFL 5
退休	tuìxiū	verb — to retire (from working life)	TOCFL 3
退出	tuìchū	verb — to withdraw; to quit; to exit	TOCFL 5
退化	tuìhuà	verb — to degenerate; to deteriorate, to regress	TOCFL 5
退回	tuìhuí	verb — to return, to send back, to give back (goods, a document, money)	TOCFL 4
退步	tuìbù	verb — to fall behind, regress, get worse; noun — a setback, room to back down	TOCFL 3
送到	sòngdào	verb — to deliver to; to see (someone) as far as	TOCFL 2
送行	sòngxíng	verb — to see someone off (on a journey); to send off a departing traveller	TOCFL 4
逃生	táoshēng	verb — to flee for one's life; to escape (a disaster)	TOCFL 5
逃稅	táoshuì	verb — to evade tax; noun — tax evasion	TOCFL 5
逃走	táozǒu	verb — to flee, to run away, to escape	TOCFL 4
逃避	táobì	verb — to evade, to dodge, to run away from (a duty, problem, reality)	TOCFL 4
逍遙	xiāoyáo	adjective — carefree, unfettered; at leisure and free of cares	TOCFL 5
透明	tòumíng	adjective — transparent; see-through; (of process) open	TOCFL 5
透過	tòuguò	preposition/verb — through, via, by means of	TOCFL 3
透露	tòulù	verb — to reveal, to let slip, to disclose	TOCFL 5
逐步	zhúbù	adverb — step by step; gradually	TOCFL 5
逐漸	zhújiàn	adverb — gradually; by degrees; little by little	TOCFL 5
途徑	tújìng	noun — a way; a channel; a means (of doing something)	TOCFL 6
逗留	dòuliú	verb — to stay (for a while); to linger, to stop over	TOCFL 5
這些	zhèxiē	determiner / pronoun — these	TOCFL 2
這位	zhèwèi	pronoun — this person (polite); this (with respectful measure 位)	TOCFL 2
這兒	zhèr	pronoun — here; this place (colloquial)	TOCFL 1
這時候	zhèshíhòu	adverb/noun — at this moment, right now	TOCFL 3
這樣	zhèyàng	pronoun / adverb — this way, like this, so	TOCFL 2
這樣子	zhèyàngzi	pronoun/adverb — like this, this way, in this manner (the softer colloquial 這樣)	TOCFL 3
這般	zhèbān	adjective/adverb — like this; such; in this way	TOCFL 6
這裏	zhèlǐ	pronoun — here; this place	TOCFL 1
這裡	zhèlǐ	pronoun — here; this place	TOCFL 1
這話	zhèhuà	pronoun + noun — this remark; these words just said	TOCFL 3
這麼	zhème	adverb — so, like this, to such a degree (這麼大 "this big")	TOCFL 1
通信	tōngxìn	verb/noun — to correspond (by letter); communication, correspondence	TOCFL 4
通報	tōngbào	verb — to notify, to circulate word of; noun — a bulletin	TOCFL 5
通常	tōngcháng	adverb — usually; normally; generally; as a rule	TOCFL 4
通往	tōngwǎng	verb — to lead to, to go through to (a place)	TOCFL 5
通用	tōngyòng	adj/verb — general-purpose; in common use, interchangeable	TOCFL 5
通知	tōngzhī	verb — to notify, to inform; noun — a notice	TOCFL 4
通稱	tōngchēng	noun — a general name, a common term; verb — to be generally called	TOCFL 5
通緝	tōngjī	verb — to put on a wanted list; to order the arrest of (a fugitive)	TOCFL 5
通航	tōngháng	verb — to be open to shipping or air traffic; to have a navigation route running	TOCFL 6
通行	tōngxíng	verb — to pass through (a route); to be in general use, to be current (a currency, practice, or rule)	TOCFL 6
通訊	tōngxùn	noun — communication; correspondence; (of devices) connectivity	TOCFL 5
通貨膨脹	tōnghuòpéngzhàng	noun — inflation (rising prices, falling money value)	TOCFL 5
通車	tōngchē	verb — (of a road or rail line) to open to traffic	TOCFL 5
通過	tōngguò	verb — to pass through; to pass (an exam, a vote, an inspection); preposition — by means of, through	TOCFL 3
通道	tōngdào	noun — a passage, passageway, corridor; a channel through	TOCFL 6
逛街	guàngjiē	verb — to stroll the streets; to go window-shopping	TOCFL 2
逝世	shìshì	verb — to pass away; to die (formal, respectful)	TOCFL 5
速度	sùdù	noun — speed; velocity; pace	TOCFL 4
造化	zàohuà	noun — the workings of nature, creation; good fortune, luck	TOCFL 5
造反	zàofǎn	verb — to rebel, revolt, rise up against authority	TOCFL 5
造句	zàojù	verb/noun — to make a sentence (using a given word); sentence-making (exercise)	TOCFL 4
造型	zàoxíng	noun — modeling, styling; a figure or shape (of a design, hairstyle, costume)	TOCFL 5
造成	zàochéng	verb — to cause, bring about, give rise to (usually an unwanted result)	TOCFL 3
造物主	zàowùzhǔ	noun — the Creator; the maker of all things	TOCFL 5
連任	liánrèn	verb — to be re-elected; to serve another consecutive term in office	TOCFL 5
連帶	liándài	adjective/adverb — linked together, joint; consequently, as a knock-on effect	TOCFL 5
連忙	liánmáng	adverb — promptly; hurriedly; at once	TOCFL 5
連接	liánjiē	verb — to connect, to join, to link together	TOCFL 4
連結	liánjié	verb — to link, connect; noun — a link, connection	TOCFL 5
連絡	liánluò	verb — to contact, get in touch; noun — contact, liaison	TOCFL 3
連線	liánxiàn	verb — to connect, to go online; noun — a connection, a link-up	TOCFL 5
連繫	liánxì	verb — to get in touch, contact; noun — connection, link	TOCFL 5
連續	liánxù	adjective/adverb — continuous; consecutive; in a row; uninterrupted	TOCFL 4
連續劇	liánxùjù	noun — a TV serial, drama series (told over consecutive episodes)	TOCFL 3
逮捕	dàibǔ	verb — to arrest, apprehend (a suspect, by law)	TOCFL 5
週期	zhōuqī	noun — a cycle; a period (the time a repeating thing takes to come round again)	TOCFL 3
週末	zhōumò	noun — weekend	TOCFL 1
進一步	jìnyíbù	adverb/phrase — further, going one step further; to take a step further	TOCFL 3
進來	jìnlái	verb — to come in; to enter (toward the speaker)	TOCFL 2
進修	jìnxiū	verb — to pursue further study, take advanced training (while working)	TOCFL 5
進入	jìnrù	verb — to enter, to go into, to move into	TOCFL 4
進化	jìnhuà	verb — to evolve; noun — evolution	TOCFL 5
進去	jìnqù	verb — to go in, enter (moving away from the speaker)	TOCFL 1
進口	jìnkǒu	verb — to import; noun — an entrance	TOCFL 4
進場	jìnchǎng	verb — to enter the venue, go on (a stage, arena, market); to enter a position (in trading)	TOCFL 5
進士	jìnshì	noun — a jinshi; one who passed the highest imperial civil-service examination	TOCFL 7
進展	jìnzhǎn	verb — to make progress; noun — progress, development	TOCFL 5
進度	jìndù	noun — progress, the rate of advancement (of a project, schedule)	TOCFL 5
進攻	jìngōng	verb — to attack; to advance on; to go on the offensive	TOCFL 5
進步	jìnbù	verb — to improve, to make progress; noun — progress	TOCFL 2
進而	jìn'ér	conjunction — and then, going a step further; thereby	TOCFL 5
進行	jìnxíng	verb — to carry out, to conduct, to proceed with	TOCFL 3
進軍	jìnjūn	verb — to march on, advance the troops; to push into (a market, field)	TOCFL 5
遇到	yùdào	verb — to run into, to come across, to encounter	TOCFL 4
遇見	yùjiàn	verb — to meet (by chance), to run into, to come across	TOCFL 4
遊客	yóukè	noun — tourist, visitor, sightseer	TOCFL 5
遊戲	yóuxì	noun — a game; verb — to play	TOCFL 3
遊行	yóuxíng	noun — a march; a parade; a demonstration; verb — to march in protest	TOCFL 5
遊覽	yóulǎn	verb — to tour, sightsee, go around (a scenic spot)	TOCFL 5
運作	yùnzuò	verb — to operate, function, run (of an organization or system); noun — operation, workings	TOCFL 6
運動	yùndòng	noun — exercise; sport; movement; (political) campaign; verb — to exercise	TOCFL 2
運氣	yùnqì	noun — luck, fortune	TOCFL 3
運用	yùnyòng	verb — to apply, put to use, wield (a skill, knowledge, method); noun — application	TOCFL 4
運行	yùnxíng	verb — to run, operate, be in motion (a machine, system, celestial body)	TOCFL 5
運輸	yùnshū	verb/noun — to transport; transportation; haulage	TOCFL 4
運轉	yùnzhuǎn	verb — (of a machine/system) to run, to operate, to revolve	TOCFL 4
運送	yùnsòng	verb — to transport, to ship, to convey (goods, people)	TOCFL 4
過世	guòshì	verb — to pass away, to die	TOCFL 4
過人	guòrén	verb/adjective — to surpass others, outstanding; to dribble past a defender (in ball games)	TOCFL 5
過去	guòqù	noun — the past; adverb — previously; formerly; verb — to pass over; to go across	TOCFL 2
過失	guòshī	noun — a fault, error, negligence (often with legal or moral weight)	TOCFL 5
過年	guònián	verb — to celebrate the New Year; to spend the Spring Festival	TOCFL 1
過度	guòdù	adjective/adverb — excessive, over-, beyond the proper limit	TOCFL 4
過敏	guòmǐn	verb/noun — to be allergic; allergy; hypersensitivity	TOCFL 4
過日子	guòrìzi	verb phrase — to live, get by, carry on with daily life	TOCFL 3
過期	guòqí	verb/adjective — to expire, to be overdue; out of date, past the deadline	TOCFL 4
過渡	guòdù	verb — to transition; noun — a transition (between two stages)	TOCFL 6
過濾	guòlǜ	verb — to filter, to strain (out impurities)	TOCFL 4
過癮	guòyǐn	adjective — satisfying, a real kick; to get one's fill (of something enjoyable)	TOCFL 5
過目	guòmù	verb — to look over, glance through (for checking or memorizing)	TOCFL 5
過程	guòchéng	noun — process; course of events; procedure	TOCFL 4
過節	guòjié	verb — to celebrate/observe a festival, to spend a holiday	TOCFL 4
過重	guòzhòng	adjective — overweight, too heavy (luggage, body, load)	TOCFL 5
過量	guòliàng	adjective/adverb — excessive, in excess; to overdose, exceed the dose	TOCFL 5
過關	guòguān	verb — to pass a test, clear a level (in a game); to get through a checkpoint	TOCFL 5
道人	dàorén	noun — a Daoist priest; one who follows the Way	TOCFL 5
道別	dàobié	verb — to say goodbye, take one's leave, bid farewell	TOCFL 5
道地	dàodì	adjective — authentic, genuine, true to type (of food, accent, goods)	TOCFL 5
道士	dàoshì	noun — a Daoist priest, a practitioner of Daoism	TOCFL 5
道德	dàodé	noun — morality; ethics	TOCFL 4
道教	Dàojiào	noun — Taoism (Daoism), the Chinese religion built on the Way (道)	TOCFL 3
道歉	dàoqiàn	verb — to apologise, say sorry	TOCFL 3
道理	dàolǐ	noun — sense, reason, the principle in something	TOCFL 4
道義	dàoyì	noun — morality and justice; moral principle	TOCFL 5
道路	dàolù	noun — road, path, way	TOCFL 4
達到	dádào	verb — to reach, to attain, to achieve (a goal, level, standard)	TOCFL 4
達成	dáchéng	verb — to reach (an agreement, a goal); to bring about	TOCFL 6
違反	wéifǎn	verb — to violate, to break, to go against (a rule, law, agreement)	TOCFL 4
違約	wéiyuē	verb — to break a contract; to default on an agreement	TOCFL 5
違背	wéibèi	verb — to go against; to violate (a promise, principle)	TOCFL 5
遙遠	yáoyuǎn	adjective — far away; distant (in space or time)	TOCFL 5
遠大	yuǎndà	adjective — far-reaching, lofty, ambitious (of goals, ideals, prospects)	TOCFL 4
遠景	yuǎnjǐng	noun — a distant view; long-range prospect, future outlook	TOCFL 5
遠遠	yuǎnyuǎn	adverb — by far; far off in the distance	TOCFL 2
適中	shìzhōng	adjective — moderate; just right, neither too much nor too little	TOCFL 5
適合	shìhé	verb — to suit; to fit; to be suitable for	TOCFL 3
適宜	shìyí	adjective — suitable, fitting, appropriate	TOCFL 6
適應	shìyìng	verb — to adapt to; to grow used to	TOCFL 4
適用	shìyòng	verb — to apply to, to be applicable	TOCFL 5
適當	shìdàng	adjective — appropriate, suitable, proper	TOCFL 4
遭到	zāodào	verb — to suffer, to meet with (something bad)	TOCFL 7
遭受	zāoshòu	verb — to suffer, to be subjected to (something bad)	TOCFL 6
遭遇	zāoyù	verb — to encounter, to meet with (something bad); noun — a hard experience	TOCFL 5
遮蔽	zhēbì	verb — to cover, screen, obscure	TOCFL 5
遲到	chídào	verb — to be late, to arrive late	TOCFL 2
遲早	chízǎo	adverb — sooner or later, eventually	TOCFL 4
遲鈍	chídùn	adjective — slow to react; dull, sluggish (of mind or senses)	TOCFL 5
遵守	zūnshǒu	verb — to obey, to abide by (rules, a promise)	TOCFL 5
遵循	zūnxún	verb — to follow; to abide by (a rule, custom, principle)	TOCFL 5
選修	xuǎnxiū	verb — to take as an elective; adjective — elective (course)	TOCFL 5
選出	xuǎnchū	verb — to pick out, to elect (choose and bring out from a set)	TOCFL 5
選手	xuǎnshǒu	noun — contestant; player; athlete (someone chosen to compete)	TOCFL 5
選拔	xuǎnbá	verb — to select (talent), to pick out (for a role or team)	TOCFL 6
選擇	xuǎnzé	verb/noun — to choose; to select; choice; selection	TOCFL 3
選民	xuǎnmín	noun — voter; the electorate	TOCFL 5
選票	xuǎnpiào	noun — a ballot; a vote	TOCFL 5
選舉	xuǎnjǔ	verb — to elect; noun — election; vote	TOCFL 4
選購	xuǎngòu	verb — to pick and buy; to shop for and select	TOCFL 5
遺傳	yíchuán	verb — to inherit, to pass down genetically; noun — heredity	TOCFL 5
遺址	yízhǐ	noun — the ruins; the remains of an old site	TOCFL 7
遺志	yízhì	noun — the unfulfilled aspiration left by the dead; a legacy of purpose	TOCFL 5
遺忘	yíwàng	verb — to forget; to let slip from memory	TOCFL 5
遺憾	yíhàn	noun — regret; adjective — regrettable, a pity	TOCFL 5
遺棄	yíqì	verb — to abandon; to desert, forsake	TOCFL 5
遺產	yíchǎn	noun — inheritance; heritage; legacy left behind	TOCFL 5
遺留	yíliú	verb — to leave behind; to hand down (from the past)	TOCFL 5
遺體	yítǐ	noun — the remains of the dead; a corpse (respectful)	TOCFL 5
遼闊	liáokuò	adjective — vast; wide and open (of land, sky, sea)	TOCFL 5
避免	bìmiǎn	verb — to avoid, prevent, steer clear of	TOCFL 4
避孕	bìyùn	verb — to prevent pregnancy; to use contraception	TOCFL 5
避難	bìnàn	verb — to take refuge; to flee from danger or disaster	TOCFL 5
邀請	yāoqǐng	verb — to invite	TOCFL 4
邁進	màijìn	verb — to stride forward; to advance (toward a goal)	TOCFL 5
還不如	háibùrú	phrase — might as well; would be better to; not as good as	TOCFL 4
還好	háihǎo	phrase — not bad, okay, so-so; luckily, fortunately	TOCFL 2
還是	háishì	adverb — still, all the same; conjunction — or (in a question: A 還是 B?)	TOCFL 1
還有	háiyǒu	phrase — also, in addition, and (there is) more; furthermore	TOCFL 4
還要	háiyào	verb/adverb — to still want; need to do more; even more (還要 + adjective for comparison)	TOCFL 3
邊兒	biānr	noun — side, edge, border (colloquial, with -r ending)	TOCFL 1
邊界	biānjiè	noun — a boundary; a border between territories	TOCFL 5
邊緣	biānyuán	noun — edge, border, margin, fringe	TOCFL 6
邏輯	luójí	noun — logic; the rules of valid reasoning	TOCFL 5
那些	nàxiē	determiner / pronoun — those	TOCFL 2
那位	nàwèi	pronoun — that person (polite)	TOCFL 1
那兒	nàr	pronoun — there; that place (colloquial, northern speech)	TOCFL 1
那天	nàtiān	pronoun-phrase — that day, on that day (a particular day in the past or future)	TOCFL 1
那時	nàshí	noun/adv — at that time; back then	TOCFL 3
那樣	nàyàng	pronoun/adverb — that way; like that; in that manner; so	TOCFL 2
那裏	nàlǐ	pronoun — there; that place	TOCFL 1
那裡	nàlǐ	pronoun — there; that place	TOCFL 1
那邊	nàbiān	pron — over there; that side	TOCFL 1
那麼	nàme	adverb — that way, to that degree (那麼遠 "that far"); conjunction — then, in that case	TOCFL 1
郊區	jiāoqū	noun — the suburbs, outskirts of a city	TOCFL 3
郊外	jiāowài	noun — the outskirts, the countryside (just outside a city)	TOCFL 4
部份	bùfèn	noun — part, portion, section (of a whole)	TOCFL 1
部位	bùwèi	noun — a part, a region (of the body or an object)	TOCFL 5
部分	bùfèn	noun — part; portion; section	TOCFL 2
部署	bùshǔ	verb — to deploy, arrange in position; noun — a deployment, disposition of forces	TOCFL 6
部落	bùluò	noun — tribe; a tribal community or settlement	TOCFL 5
部長	bùzhǎng	noun — minister, head of a department	TOCFL 2
部門	bùmén	noun — a department, division (of an organisation)	TOCFL 3
部隊	bùduì	noun — military unit; troops	TOCFL 5
郵件	yóujiàn	noun — mail, a posted item; email (電子郵件)	TOCFL 2
郵局	yóujú	noun — post office	TOCFL 1
郵差	yóuchāi	noun — postman, mail carrier, letter carrier	TOCFL 4
郵票	yóupiào	noun — a postage stamp	TOCFL 2
都市	dūshì	noun — a city, metropolis; urban area	TOCFL 3
鄂西	èxī	proper noun — western Hubei, the mountainous region of China's Hubei Province	named-entity
鄉下	xiāngxià	noun — the countryside, rural area	TOCFL 2
鄉土	xiāngtǔ	noun — one's native soil; the local, rural homeland	TOCFL 5
鄉村	xiāngcūn	noun — the countryside; a rural village	TOCFL 4
鄉鎮	xiāngzhèn	noun — towns and villages; townships (rural administrative units)	TOCFL 6
鄉長	xiāngzhǎng	noun — township head, the chief of a rural township	TOCFL 5
鄖陽	yúnyáng	proper noun — Yunyang, a district of Shiyan city in Hubei, China	named-entity
鄧小平	Dèng Xiǎopíng	name — Deng Xiaoping (1904–1997), the leader who launched China's reform and opening	TOCFL 5
鄰居	línjū	noun — a neighbor	TOCFL 2
鄰里	línlǐ	noun — the neighborhood; one's neighbors collectively	TOCFL 5
酌量	zhuóliàng	verb — to weigh up, use one's judgement	TOCFL 5
配合	pèihé	verb — to coordinate, to cooperate, to go along with	TOCFL 4
配套	pèitào	verb — to form a complete set; to provide matching, supporting parts	TOCFL 7
配給	pèijǐ	verb — to ration out; noun — a ration, allotted supply	TOCFL 5
配音	pèiyīn	verb — to dub (a film, into another language); noun — dubbing, voiceover	TOCFL 5
酒吧	jiǔbā	noun — a bar; a pub	TOCFL 3
酒店	jiǔdiàn	noun — a hotel; (older sense) a wine shop, tavern	TOCFL 5
酒會	jiǔhuì	noun — cocktail party, reception (with drinks)	TOCFL 4
酒精	jiǔjīng	noun — alcohol, ethanol (the chemical)	TOCFL 5
酒館	jiǔguǎn	noun — a tavern, a bar, a drinking house	TOCFL 5
酗酒	xùjiǔ	verb — to drink to excess, to be a drunkard	TOCFL 5
醒來	xǐnglái	verb — to wake up; to come awake	TOCFL 3
醞釀	yùnniàng	verb — to brew, ferment; (fig.) to develop gradually	TOCFL 5
醫學	yīxué	noun — medicine (the field of study)	TOCFL 4
醫師	yīshī	noun — doctor, physician (formal/licensed term)	TOCFL 1
醫生	yīshēng	noun — doctor, physician	TOCFL 1
醫療	yīliáo	noun — medical treatment, health care	TOCFL 5
醫藥	yīyào	noun — medicine and medication; healthcare	TOCFL 5
醫術	yīshù	noun — medical skill, the art of healing	TOCFL 5
醫院	yīyuàn	noun — hospital; clinic (larger)	TOCFL 1
醬油	jiàngyóu	noun — soy sauce	TOCFL 3
釋出	shìchū	verb — to release; to publish; to put out	TOCFL 5
釋放	shìfàng	verb — to release, to set free; to give off (energy, emotion)	TOCFL 6
里程	lǐchéng	noun — mileage, distance covered (in li or by extension)	TOCFL 5
重傷	zhòngshāng	noun/verb — serious injury, severe wound; to be badly injured	TOCFL 4
重大	zhòngdà	adjective — major, significant, momentous, weighty	TOCFL 4
重建	chóngjiàn	verb — to rebuild, to reconstruct	TOCFL 5
重心	zhòngxīn	noun — centre of gravity; the core/focus (of attention, effort)	TOCFL 4
重慶	Chóngqìng	proper noun — Chongqing, a municipality in southwestern China	TOCFL 4
重新	chóngxīn	adverb — anew; afresh; all over again; from scratch	TOCFL 4
重用	zhòngyòng	verb — to put (someone) in an important post, to give weighty responsibility to	TOCFL 5
重疊	chóngdié	verb — to overlap, to pile one on another; adj — overlapping, duplicated	TOCFL 5
重複	chóngfù	verb — to repeat, to do again; adj — repeated, duplicated	TOCFL 5
重要	zhòngyào	adjective — important, significant	TOCFL 2
重視	zhòngshì	verb — to value, to take seriously	TOCFL 4
重量	zhòngliàng	noun — weight, heaviness	TOCFL 4
重鎮	zhòngzhèn	noun — a strategic town; an important centre	TOCFL 5
重點	zhòngdiǎn	noun — key point; main point; emphasis; focal point	TOCFL 4
野心	yěxīn	noun — ambition (often grasping or excessive), wild ambition	TOCFL 4
野獸	yěshòu	noun — wild beast, wild animal	TOCFL 4
野餐	yěcān	noun — a picnic; verb — to picnic, eat outdoors	TOCFL 2
釐米	límǐ	noun — centimeter	TOCFL 3
金屬	jīnshǔ	noun — metal	TOCFL 5
金融	jīnróng	noun — finance; banking; monetary affairs	TOCFL 4
金錢	jīnqián	noun — money, cash, wealth	TOCFL 4
金額	jīn'é	noun — a sum of money, an amount	TOCFL 5
金魚	jīnyú	noun — a goldfish	TOCFL 5
針對	zhēnduì	verb — to be aimed at, directed at; prep — with regard to, in response to	TOCFL 5
針灸	zhēnjiǔ	noun — acupuncture (and moxibustion)	TOCFL 5
釣魚	diàoyú	verb — to fish, to angle (with hook and line)	TOCFL 4
鈔票	chāopiào	noun — banknote, bill, paper money	TOCFL 4
鈕扣	niǔkòu	noun — button (on clothing)	TOCFL 4
鉛筆	qiānbǐ	noun — a pencil	TOCFL 3
銀子	yínzi	noun — silver; silver money (old usage)	TOCFL 6
銀幕	yínmù	noun — the silver screen, the cinema screen	TOCFL 5
銀色	yínsè	noun — silver (the colour); adj — silver-coloured	TOCFL 5
銀行	yínháng	noun — bank (financial institution)	TOCFL 1
銀魚	yínyú	noun — silverfish, icefish, whitebait (small slender translucent fish)	TOCFL 4
銷售	xiāoshòu	verb — to sell, to market; noun — sales	TOCFL 5
銷路	xiāolù	noun — sales, market (for goods), how well something sells	TOCFL 4
鋒面	fēngmiàn	noun — (meteorology) a weather front, the boundary between two air masses	TOCFL 5
鋤頭	chútóu	noun — a hoe (the farming tool)	TOCFL 5
鋼琴	gāngqín	noun — a piano	TOCFL 3
鋼筆	gāngbǐ	noun — fountain pen	TOCFL 4
鋼鐵	gāngtiě	noun — steel; iron and steel (collectively)	TOCFL 6
錄取	lùqǔ	verb — to admit; to enroll; to accept (an applicant)	TOCFL 5
錄影	lùyǐng	verb — to record video, to videotape; noun — a video recording	TOCFL 5
錄影機	lùyǐngjī	noun — a video recorder, a VCR, a camcorder	TOCFL 5
錄用	lùyòng	verb — to hire, to take on, to employ (an applicant)	TOCFL 4
錄音	lùyīn	verb — to record sound; noun — a recording	TOCFL 3
錢包	qiánbāo	noun — wallet, purse	TOCFL 1
錯字	cuòzì	noun — wrongly written character, typo, misspelled word	TOCFL 4
錯誤	cuòwù	noun/adjective — mistake; error; wrong; mistaken	TOCFL 3
錯過	cuòguò	verb — to miss (a chance, train, person), to let slip by	TOCFL 4
鍋巴	guōbā	noun — the crisp crust of rice stuck to the bottom of the pot	TOCFL 6
鍛鍊	duànliàn	verb — to exercise, work out (the body); to train, temper, forge (character, skills)	TOCFL 4
鍵盤	jiànpán	noun — keyboard (of a computer, piano, or other instrument)	TOCFL 4
鎮壓	zhènyā	verb — to suppress; to put down (a revolt, a protest) by force	TOCFL 6
鎮定	zhèndìng	adjective — calm, composed, cool-headed	TOCFL 5
鐘頭	zhōngtóu	noun — hour (a span of sixty minutes, colloquial)	TOCFL 1
鐵路	tiělù	noun — railway; railroad	TOCFL 4
鑰匙	yàoshi	noun — a key (for a lock)	TOCFL 2
鑽石	zuànshí	noun — diamond (the gemstone)	TOCFL 4
鑽研	zuānyán	verb — to study intensively, to dig deep into (a subject)	TOCFL 5
長久	chángjiǔ	adjective — long-lasting, enduring, for a long time (of relationships, peace, plans)	TOCFL 4
長劍	chángjiàn	noun — a long sword	TOCFL 5
長大	zhǎngdà	verb — to grow up, grow bigger	TOCFL 2
長子	zhǎngzǐ	noun — the eldest son	TOCFL 5
長官	zhǎngguān	noun — a senior officer; one's superior; (form of address) sir, officer	TOCFL 5
長度	chángdù	noun — length (the measurement of how long something is)	TOCFL 4
長方形	chángfāngxíng	noun — rectangle	TOCFL 3
長期	chángqī	adverb/noun — long-term; over a long period	TOCFL 3
長江	Chángjiāng	proper noun — the Yangtze, the longest river in China and Asia	TOCFL 3
長沙	Chángshā	proper noun — Changsha, the capital of Hunan province in south-central China	named-entity
長老	zhǎnglǎo	noun — an elder; a senior figure in a church or community	TOCFL 5
長處	chángchù	noun — strong point, strength, merit (where a person or thing excels)	TOCFL 4
長輩	zhǎngbèi	noun — elder, senior (an older member of the family or older generation)	TOCFL 4
長途	chángtú	adjective — long-distance, long-haul (of travel, a bus, a phone call)	TOCFL 4
長遠	chángyuǎn	adjective — long-range, far-reaching (in time)	TOCFL 5
門前	ménqián	noun — in front of the door; the doorway; outside the gate	TOCFL 1
門口	ménkǒu	noun — the doorway; the entrance	TOCFL 1
門外	ménwài	noun — outside the door; outside (a field or circle)	TOCFL 1
門戶	ménhù	noun — a door, a gateway; by extension, a web portal, or a family's standing	TOCFL 6
門票	ménpiào	noun — an admission ticket, entrance fee	TOCFL 2
門診	ménzhěn	noun — outpatient clinic, outpatient service (seeing a doctor without being admitted)	TOCFL 4
閃爍	shǎnshuò	verb — to twinkle, to flicker, to glimmer (of light); to be evasive (of words)	TOCFL 5
閃耀	shǎnyào	verb — to shine brilliantly, to dazzle, to sparkle	TOCFL 5
閃電	shǎndiàn	noun — lightning; adj — lightning-fast	TOCFL 5
閉塞	bìsè	adjective — out-of-the-way and cut off (a place); blocked up; ill-informed	TOCFL 5
閉幕	bìmù	verb — to close (a ceremony, a meeting, an event); to lower the curtain	TOCFL 5
閉會	bìhuì	verb — to close a meeting; to adjourn a session	TOCFL 5
開刀	kāidāo	verb — to operate, perform surgery; to be operated on (to cut open in surgery)	TOCFL 4
開動	kāidòng	verb — to start (a machine, vehicle); to set in motion; (colloquial) to start eating	TOCFL 4
開口	kāikǒu	verb — to open one's mouth, to start speaking; noun — an opening, a gap	TOCFL 5
開啟	kāiqǐ	verb — to open; to start, to initiate	TOCFL 6
開國	kāiguó	verb — to found a nation, to establish a state	TOCFL 1
開始	kāishǐ	verb — to begin, to start; noun — beginning, start	TOCFL 1
開學	kāixué	verb — (school) to start the term; for classes to begin	TOCFL 1
開導	kāidǎo	verb — to talk round, to bring (a troubled person) to reason, to counsel	TOCFL 5
開展	kāizhǎn	verb — to launch; to carry out; to unfold (a campaign, program, or activity)	TOCFL 5
開幕	kāimù	verb — to open (an event, exhibition, ceremony); noun — opening	TOCFL 5
開張	kāizhāng	verb — (of a shop) to open for business, especially for the first time	TOCFL 5
開心	kāixīn	adjective — happy, glad, in good spirits	TOCFL 2
開戶	kāihù	verb — to open an account (at a bank or with a service)	TOCFL 4
開拓	kāituò	verb — to open up, develop, expand (territory, markets, horizons)	TOCFL 4
開放	kāifàng	verb/adjective — to open up; to make accessible; open (of a policy, a person, or a space)	TOCFL 4
開明	kāimíng	adjective — open-minded, enlightened, liberal (of a person, parents, or attitude)	TOCFL 4
開會	kāihuì	verb — to hold or attend a meeting	TOCFL 3
開朗	kāilǎng	adjective — cheerful and open; (of a view) wide and bright	TOCFL 3
開業	kāiyè	verb — to start a business or open a practice (clinic, firm, shop)	TOCFL 5
開水	kāishuǐ	noun — boiled water (cooled or hot)	TOCFL 2
開演	kāiyǎn	verb — to begin (a performance, show, or film); for the show to start	TOCFL 4
開玩笑	kāiwánxiào	verb — to joke, make fun, tease	TOCFL 2
開發	kāifā	verb — to develop; to open up; to exploit (resources)	TOCFL 4
開發區	kāifāqū	noun — development zone (an industrial / economic district)	TOCFL 4
開盤	kāipán	verb — (markets) to open trading; to post the opening price	TOCFL 5
開花	kāihuā	verb — to bloom; to flower; (figurative) to bear results	TOCFL 3
開設	kāishè	verb — to open, establish, set up (a shop, a course, a company); to offer (a class)	TOCFL 4
開課	kāikè	verb — to start classes (a term begins); to offer a course, teach a class	TOCFL 4
開路	kāilù	verb — to clear a path, lead the way; to break through (an obstruction)	TOCFL 5
開車	kāichē	verb — to drive (a car); for a vehicle to set off	TOCFL 1
開辦	kāibàn	verb — to set up and start running (a school, factory, institution)	TOCFL 5
開銷	kāixiāo	noun — expenses, outlay; verb — to spend, to defray	TOCFL 5
開闊	kāikuò	adjective — wide, open, spacious; verb — to broaden (one's mind, horizons)	TOCFL 5
開闢	kāipì	verb — to open up, break new ground; to start (a route, market, column)	TOCFL 6
開除	kāichú	verb — to expel, dismiss, fire (from a school, job, or organization)	TOCFL 4
開頭	kāitóu	noun — the beginning, the start; verb — to begin	TOCFL 5
開頭兒	kāitóur	noun — the beginning, the start (colloquial, erhua form)	TOCFL 5
開飯	kāifàn	verb — to serve the meal, to call people to the table	TOCFL 5
間接	jiànjiē	adjective/adverb — indirect; indirectly (through a middle step, not face to face)	TOCFL 4
閱讀	yuèdú	verb — to read; noun — reading	TOCFL 4
關上	guānshàng	verb — to close, shut (a door, window, lid, or to turn off)	TOCFL 4
關係	guānxì	noun — relationship, connection; verb — to concern, to matter	TOCFL 3
關切	guānqiè	verb — to be deeply concerned about; noun — concern, solicitude	TOCFL 5
關心	guānxīn	verb — to care about; to be concerned for	TOCFL 3
關懷	guānhuái	verb — to care for, show loving concern; noun — caring concern	TOCFL 5
關於	guānyú	preposition — regarding; about; concerning; with respect to	TOCFL 3
關注	guānzhù	verb — to pay close attention to, to follow closely; noun — concern, attention	TOCFL 5
關照	guānzhào	verb — to look after, keep an eye on; to notify (informally)	TOCFL 5
關稅	guānshuì	noun — customs duty, tariff	TOCFL 5
關鍵	guānjiàn	noun — the crux; the key; adj — crucial	TOCFL 5
關閉	guānbì	verb — to close; to shut down (a door, a machine, a business)	TOCFL 5
關頭	guāntóu	noun — a critical juncture, decisive moment	TOCFL 5
防備	fángbèi	verb — to guard against, take precautions against	TOCFL 5
防守	fángshǒu	verb/noun — to defend, guard; defense (in sports, war, or holding a position)	TOCFL 4
防止	fángzhǐ	verb — to prevent; to guard against	TOCFL 5
防水	fángshuǐ	adjective/verb — waterproof; to keep water out	TOCFL 5
防治	fángzhì	verb — to prevent and control (disease, pests, disaster)	TOCFL 5
防禦	fángyù	verb — to defend against; noun — defence	TOCFL 6
防空	fángkōng	noun/attr — air defence; anti-aircraft (防空洞 air-raid shelter, 防空警報 air-raid siren)	TOCFL 7
防範	fángfàn	verb — to guard against, be on one's guard; noun — precaution	TOCFL 5
防衛	fángwèi	verb — to defend, protect; noun — defence	TOCFL 5
阻力	zǔlì	noun — resistance, drag; an obstructing force	TOCFL 5
阻塞	zǔsè	verb — to block up, clog, obstruct	TOCFL 5
阻撓	zǔnáo	verb — to obstruct, hinder, thwart	TOCFL 5
阻擋	zǔdǎng	verb — to block, stop, stand in the way of	TOCFL 5
阻止	zǔzhǐ	verb — to stop, prevent, hold back (someone or something from happening)	TOCFL 4
阻礙	zǔ'ài	verb/noun — to obstruct, hinder, impede; obstacle, hindrance	TOCFL 4
阿哥	āgē	noun — elder brother (familiar address); also a Qing-dynasty title for an emperor's son	TOCFL 1
阿姨	āyí	noun — aunt (mother's sister); a polite term for a woman of mother's age	TOCFL 2
阿拉伯	ālābó	proper noun — Arabia; Arab (the people, language, and region)	named-entity
附上	fùshàng	verb — to enclose, attach (a document, file, gift) along with	TOCFL 5
附加	fùjiā	verb/adjective — to attach, add on; additional, supplementary (a fee, condition, clause)	TOCFL 4
附近	fùjìn	noun/adverb — nearby; in the vicinity; neighboring area	TOCFL 2
陌生	mòshēng	adjective — unfamiliar; strange; not known to one	TOCFL 3
降低	jiàngdī	verb — to lower; to reduce; to bring down	TOCFL 4
降價	jiàngjià	verb — to lower the price, cut prices, mark down	TOCFL 4
降水量	jiàngshuǐliàng	noun — precipitation amount (rain and snow that falls)	TOCFL 1
限制	xiànzhì	verb — to limit, restrict; noun — a restriction	TOCFL 4
限度	xiàndù	noun — limit, bound; the point past which something cannot go	TOCFL 5
陛下	bìxià	noun — Your Majesty; His/Her Majesty (form of address for an emperor or monarch)	TOCFL 7
陝西	Shǎnxī	proper noun — Shaanxi, a province in northwestern China, home to Xi'an	TOCFL 6
院子	yuànzi	noun — courtyard, yard (the open space enclosed by a house and its walls)	TOCFL 3
院校	yuànxiào	noun — colleges and schools (collectively)	TOCFL 3
院長	yuànzhǎng	noun — president; director; dean; chief justice (head of an institutional body)	TOCFL 4
陣子	zhènzi	noun — a while, a period of time (usually 一陣子 / 這陣子 — "for a while", "these days")	TOCFL 4
陣營	zhènyíng	noun — a camp, a faction, a bloc (in politics, debate, or contest)	TOCFL 5
除了	chúle	preposition — except for; besides; in addition to	TOCFL 3
除夕	chúxì	noun — Lunar New Year's Eve, the last night of the old year	TOCFL 2
除此之外	chúcǐzhīwài	phrase — besides this; apart from this; in addition	TOCFL 5
除非	chúfēi	conjunction — unless, only if (the one condition under which something holds)	TOCFL 4
陪伴	péibàn	verb — to accompany, to keep someone company	TOCFL 5
陪同	péitóng	verb — to accompany, escort (go along with someone, often officially or as company)	TOCFL 4
陰影	yīnyǐng	noun — a shadow; figuratively, a lingering dark mark on the mind	TOCFL 5
陰謀	yīnmóu	noun — a plot, a scheme; verb — to conspire	TOCFL 5
陰陽	yīnyáng	noun — yin and yang, the two complementary forces of Chinese cosmology; shade and sun	TOCFL 5
陳列	chénliè	verb — to display, exhibit, lay out (goods, exhibits in a row for viewing)	TOCFL 4
陳家洛	chénjiāluò	proper noun — Chen Jialuo, the scholar-swordsman who leads the Red Flower Society in Jin Yong's first novel, The Book and the Sword	named-entity
陶器	táoqì	noun — pottery, earthenware	TOCFL 5
陶瓷	táocí	noun — ceramics, pottery and porcelain (clay fired into ware)	TOCFL 4
陷入	xiànrù	verb — to sink into; to fall into (a state, a trap)	TOCFL 6
陸地	lùdì	noun — dry land, land (as opposed to sea or air)	TOCFL 5
陸續	lùxù	adverb — one after another; in succession	TOCFL 5
陸軍	lùjūn	noun — the army; land forces	TOCFL 6
陽光	yángguāng	noun — sunlight, sunshine; adjective — sunny, upbeat	TOCFL 4
隊伍	duìwǔ	noun — troops; team; a group marching or working together	TOCFL 4
隊員	duìyuán	noun — a team member	TOCFL 6
階層	jiēcéng	noun — a social stratum, a class or layer of society	TOCFL 6
階段	jiēduàn	noun — stage; phase; step (in a process)	TOCFL 4
階級	jiējí	noun — social class; rank	TOCFL 5
隔壁	gébì	noun — next door; the neighbouring room or house	TOCFL 3
隔天	gétiān	noun — the next day; adverb — every other day	TOCFL 5
隔閡	géhé	noun — estrangement; a barrier of misunderstanding between people	TOCFL 5
障礙	zhàng'ài	noun — an obstacle, a barrier; verb — to obstruct, to hinder	TOCFL 5
隧道	suìdào	noun — a tunnel	TOCFL 5
隨便	suíbiàn	adjective — casual; whatever you like; adv — as one pleases; carelessly	TOCFL 4
隨即	suíjí	adverb — immediately after; right away	TOCFL 6
隨同	suítóng	verb — to accompany, to go along with	TOCFL 5
隨州	suízhōu	proper noun — Suizhou, a prefecture-level city in northern Hubei	named-entity
隨州市	suízhōushì	proper noun — Suizhou, a prefecture-level city in northern Hubei	TOCFL 7
隨後	suíhòu	adverb — soon after, subsequently	TOCFL 6
隨意	suíyì	adverb — as one pleases, freely; adjective — casual, at will	TOCFL 5
隨手	suíshǒu	adverb — casually, in passing, without extra effort (e.g. shut the door as you go, jot it down on the spot)	TOCFL 4
隨時	suíshí	adverb — at any time, anytime	TOCFL 4
隨著	suízhe	preposition — along with, as, in accordance with (one thing changing as another does)	TOCFL 4
隨身	suíshēn	adjective — carried on one's person; on hand at all times	TOCFL 5
隱士	yǐnshì	noun — a hermit; a recluse who withdraws from public life	TOCFL 5
隱約	yǐnyuē	adjective/adverb — faint, indistinct; dimly, barely perceptible	TOCFL 5
隱藏	yǐncáng	verb — to hide, to conceal, to keep out of sight	TOCFL 5
雄偉	xióngwěi	adjective — grand, magnificent, imposing (of mountains, buildings, scenery)	TOCFL 4
雅典	Yǎdiǎn	proper noun — Athens, capital of Greece and seat of its ancient city-state	named-entity
集中	jízhōng	verb/adjective — to concentrate; to gather; concentrated; centralized	TOCFL 4
集合	jíhé	verb — to gather, to assemble; noun — a set (in maths)	TOCFL 5
集團	jítuán	noun — group; conglomerate; organization; bloc	TOCFL 5
集權	jíquán	verb/noun — to centralize power; centralization of authority in one hand	TOCFL 5
集結	jíjié	verb — to mass together, to assemble (esp. troops or crowds)	TOCFL 5
集郵	jíyóu	verb/noun — to collect stamps; stamp collecting (as a hobby)	TOCFL 4
集體	jítǐ	noun — the collective, the group as one body; adj — collective	TOCFL 5
雇用	gùyòng	verb — to employ, to hire (someone for work)	TOCFL 5
雕刻	diāokè	verb/noun — to carve, engrave, sculpt; a carving, sculpture	TOCFL 4
雖然	suīrán	conjunction — although; even though; despite	TOCFL 2
雖說	suīshuō	conjunction — although it is said that; even though	TOCFL 5
雙手	shuāngshǒu	noun — both hands, the two hands	TOCFL 2
雙打	shuāngdǎ	noun — doubles (a match played two against two, as in tennis or badminton)	TOCFL 5
雙方	shuāngfāng	noun — both sides; both parties; the two sides involved	TOCFL 3
雙眼	shuāngyǎn	noun — both eyes, the two eyes	TOCFL 3
雙胞胎	shuāngbāotāi	noun — twins (two babies born from the same pregnancy)	TOCFL 4
雙重	shuāngchóng	adjective — double, dual, twofold	TOCFL 5
雜誌	zázhì	noun — magazine; periodical	TOCFL 3
離婚	líhūn	verb — to divorce; to end a marriage	TOCFL 3
離開	líkāi	verb — to leave; to depart; to separate from	TOCFL 2
難以	nányǐ	adverb — hard to; difficult to (do something)	TOCFL 5
難免	nánmiǎn	adverb/adjective — hard to avoid; bound to happen	TOCFL 5
難受	nánshòu	adjective — uncomfortable, unwell; upset, feeling bad (physically or emotionally hard to bear)	TOCFL 4
難度	nándù	noun — degree of difficulty	TOCFL 5
難得	nándé	adjective/adverb — rare, hard to come by; seldom (a chance, quality, or occasion not easily had)	TOCFL 4
難怪	nánguài	adverb — no wonder; that explains it	TOCFL 3
難民	nánmín	noun — a refugee	TOCFL 5
難看	nánkàn	adjective — ugly; unsightly; (of a face) showing embarrassment or displeasure	TOCFL 3
難過	nánguò	adjective — sad, upset; to feel bad; (of a time) hard to get through	TOCFL 1
難道	nándào	adverb — could it be that…?; do you really mean…? (rhetorical)	TOCFL 4
難關	nánguān	noun — a difficult hurdle; a crisis to get through	TOCFL 5
難題	nántí	noun — a hard problem, a knotty question, a difficult issue	TOCFL 5
雨季	yǔjì	noun — the rainy season, the wet season	TOCFL 5
雨衣	yǔyī	noun — a raincoat	TOCFL 2
雪人	xuěrén	noun — a snowman	TOCFL 5
雪花	xuěhuā	noun — snowflake (a single flake of falling snow)	TOCFL 4
雲南	Yúnnán	proper noun — Yunnan, a province in southwestern China bordering Myanmar, Laos, and Vietnam	TOCFL 6
零下	língxià	noun/adjective — below zero, sub-zero (temperature under 0 degrees)	TOCFL 4
零件	líng jiàn	noun — a part, component (of a machine or device); the individual pieces that assemble into a whole.	TOCFL 4
零售	líng shòu	noun/verb — retail; selling goods in small quantities to end customers.	TOCFL 4
零用錢	língyòngqián	noun — pocket money, an allowance	TOCFL 2
零錢	língqián	noun — small change, loose coins	TOCFL 2
雷同	léitóng	adj/verb — to be identical, to coincide (of two works being suspiciously the same)	TOCFL 5
雷達	léidá	noun — radar, the device that bounces radio waves off objects to locate them	TOCFL 5
電力	diànlì	noun — electric power; electricity	TOCFL 2
電動	diàn dòng	adjective — electric, electrically powered (electric fan, electric toothbrush).	TOCFL 4
電台	diàn tái	noun — a radio station; a broadcasting station.	TOCFL 4
電器	diàn qì	noun — an electrical appliance; electric device for home use.	TOCFL 4
電報	diàn bào	noun — a telegram; a message sent by telegraph.	TOCFL 4
電壓	diànyā	noun — voltage, electric potential	TOCFL 5
電子	diànzǐ	noun — electron; adjective — electronic, digital	TOCFL 4
電子郵件	diànzǐ yóujiàn	noun — email; electronic mail	TOCFL 1
電工	diàngōng	noun — an electrician	TOCFL 5
電影	diànyǐng	noun — film; movie	TOCFL 1
電影院	diànyǐngyuàn	noun — cinema, movie theater	TOCFL 1
電扇	diàn shàn	noun — an electric fan.	TOCFL 4
電梯	diàntī	noun — elevator, lift; escalator	TOCFL 1
電池	diànchí	noun — a battery	TOCFL 3
電流	diànliú	noun — electric current	TOCFL 5
電燈	diàndēng	noun — an electric light; a lamp	TOCFL 3
電線	diàn xiàn	noun — an electric wire; an electrical cable.	TOCFL 4
電腦	diànnǎo	noun — a computer	TOCFL 1
電臺	diàn tái	noun — a radio station; a broadcasting station.	TOCFL 4
電視	diànshì	noun — television	TOCFL 1
電視劇	diàn shì jù	noun — a TV drama; a television series.	TOCFL 4
電視台	diàn shì tái	noun — a television station; a TV broadcasting company.	TOCFL 4
電視臺	diànshìtái	noun — a television station	TOCFL 4
電話	diànhuà	noun — telephone; phone call	TOCFL 2
電車	diànchē	noun — a tram; a trolley car; an electric train	TOCFL 3
電風扇	diàn fēng shàn	noun — an electric fan.	TOCFL 4
需求	xūqiú	noun — demand, need, requirement	TOCFL 5
需要	xūyào	verb — to need; to require; noun — need; requirement	TOCFL 1
震動	zhèn dòng	verb/noun — to vibrate, shake; vibration, tremor.	TOCFL 4
震驚	zhènjīng	verb — to shock, to astound, to stun	TOCFL 5
露出	lùchū	verb — to reveal; to show; to expose to view	TOCFL 5
露天	lùtiān	adj/noun — open-air, outdoor, in the open	TOCFL 5
露營	lùyíng	verb — to camp out; noun — camping	TOCFL 3
靈感	línggǎn	noun — inspiration, a sudden creative idea	TOCFL 5
靈活	líng huó	adjective — nimble, flexible, agile (of movement, the mind, or methods).	TOCFL 4
靈驗	língyàn	adjective — efficacious, proven to work (of a remedy, prophecy, or charm)	TOCFL 5
靈魂	línghún	noun — soul; spirit	TOCFL 6
青少年	qīngshàonián	noun — a teenager; an adolescent; youth	TOCFL 3
青島	qīngdǎo	proper noun — Qingdao, a port city in Shandong, China; home of Tsingtao beer	named-entity
青年	qīngnián	noun — youth; young people; young adult (roughly 15–35)	TOCFL 2
青春	qīngchūn	noun — youth, the prime of one's young years	TOCFL 5
青翠	qīngcuì	adjective — verdant, fresh green (of grass, hills, leaves)	TOCFL 5
青菜	qīngcài	noun — green vegetables; greens	TOCFL 1
青蛙	qīngwā	noun — a frog	TOCFL 5
靜態	jìngtài	adj/noun — static, the still state (opposed to dynamic)	TOCFL 5
靜脈	jìngmài	noun — a vein (the vessel returning blood to the heart)	TOCFL 5
非凡	fēifán	adjective — extraordinary, remarkable, out of the ordinary	TOCFL 5
非常	fēicháng	adverb — very; extremely; adjective — unusual; extraordinary	TOCFL 1
非法	fēi fǎ	adjective — illegal, unlawful.	TOCFL 4
非洲	Fēizhōu	proper noun — Africa, the continent	TOCFL 4
靠近	kào jìn	verb — to approach, draw near; to be close to.	TOCFL 4
面前	miànqián	locative — in front of (someone); before someone's face; in one's presence	TOCFL 4
面向	miànxiàng	verb — to face toward; to be oriented to (an audience, a market)	TOCFL 5
面子	miàn zi	noun — face, social prestige; one's reputation or dignity before others.	TOCFL 4
面孔	miànkǒng	noun — a face, a countenance	TOCFL 5
面對	miànduì	verb — to face; to confront	TOCFL 4
面積	miànjī	noun — area; surface area	TOCFL 3
面臨	miànlín	verb — to face, be confronted with, stand before (a problem, choice, danger)	TOCFL 5
面試	miànshì	noun/verb — job interview; to interview (face to face)	TOCFL 4
面談	miàn tán	verb/noun — to talk face to face; an interview, an in-person discussion.	TOCFL 4
面貌	miàn mào	noun — facial features, appearance; the look or aspect of something.	TOCFL 4
革命	gémìng	noun — revolution; radical change of political order	TOCFL 4
革新	géxīn	verb/noun — to innovate, to reform; innovation	TOCFL 5
鞏固	gǒnggù	verb — to consolidate, to make firm and secure	TOCFL 6
鞠躬	jū gōng	verb — to bow (from the waist) in respect or greeting.	TOCFL 4
鞭炮	biānpào	noun — firecrackers; a string of firecrackers	TOCFL 3
韋小寶	Wéi Xiǎobǎo	proper noun — Wei Xiaobao, the streetwise rogue hero of Jin Yong's novel The Deer and the Cauldron (鹿鼎記)	TOCFL 6
韓國	Hánguó	proper noun — South Korea, the country on the southern Korean peninsula	TOCFL 2
音樂	yīnyuè	noun — music	TOCFL 2
音響	yīnxiǎng	noun — a stereo; an audio / sound system	TOCFL 3
響亮	xiǎngliàng	adjective — loud and clear, resonant, ringing	TOCFL 5
響應	xiǎng yìng	verb/noun — to respond to, answer (a call, appeal); a response.	TOCFL 4
項目	xiàng mù	noun — an item, a project; a category or entry in a list.	TOCFL 4
順便	shùnbiàn	adverb — while at it; in passing; on the way	TOCFL 3
順利	shùnlì	adverb — smoothly, without a hitch; adjective — going well	TOCFL 4
順序	shùnxù	noun — order, sequence; the arrangement one thing follows another	TOCFL 4
順從	shùncóng	verb — to obey, to comply, to submit to	TOCFL 5
順應	shùnyīng	verb — to adapt to, to comply with, to go along with (a trend or circumstance)	TOCFL 5
順手	shùn shǒu	adverb/adjective — conveniently in passing, while one is at it; (of a tool) handy, smooth to use.	TOCFL 4
順治	Shùnzhì	person — era name of the first Qing emperor to rule from Beijing (reigned 1644–1661)	named-entity
須彌座	xūmízuò	noun — a Sumeru pedestal: the tiered stone base that raises a Buddhist statue or pagoda, shaped after the cosmic Mount Sumeru	named-entity
須知	xū zhī	noun — points for attention, things one must know; a notice of essential information.	TOCFL 4
預估	yùgū	verb — to forecast, to estimate in advance	TOCFL 5
預備	yùbèi	verb — to prepare; to get ready (in advance)	TOCFL 3
預先	yù xiān	adverb — in advance, beforehand.	TOCFL 4
預告	yùgào	verb/noun — to announce in advance; a preview, trailer	TOCFL 5
預報	yù bào	noun/verb — a forecast (esp. weather); to forecast, announce in advance.	TOCFL 4
預定	yù dìng	verb — to set in advance, schedule beforehand; predetermined, slated.	TOCFL 4
預測	yùcè	verb — to forecast, to predict; noun — a prediction	TOCFL 5
預算	yùsuàn	noun — budget; verb — to budget	TOCFL 5
預約	yùyuē	verb/noun — to book in advance, to make an appointment; a reservation	TOCFL 5
預習	yùxí	verb — to preview a lesson; to study material before class	TOCFL 3
預訂	yù dìng	verb — to book, reserve in advance (a room, ticket, table).	TOCFL 4
預計	yùjì	verb — to estimate, to forecast, to expect (in advance); noun — projection	TOCFL 5
預賽	yùsài	noun — a preliminary round, a qualifying heat	TOCFL 5
預防	yùfáng	verb — to guard against in advance, to prevent	TOCFL 5
頑強	wánqiáng	adjective — tenacious, dogged, unyielding	TOCFL 5
頒佈	bānbù	verb — to promulgate, to issue (a law, an order) officially	TOCFL 6
頒獎	bānjiǎng	verb — to present an award, to hand out a prize	TOCFL 5
頒發	bānfā	verb — to issue, to confer, to promulgate (a prize, certificate, decree)	TOCFL 5
頓時	dùnshí	adverb — at once, all of a sudden, right then	TOCFL 5
領先	lǐng xiān	verb — to lead, be ahead, be in front (in a race, competition, ranking).	TOCFL 4
領土	lǐngtǔ	noun — territory; the land a state governs	TOCFL 6
領域	lǐngyù	noun — domain; field; realm	TOCFL 5
領導	lǐngdǎo	noun — leader, leadership; verb — to lead, to guide	TOCFL 3
領導人	lǐngdǎorén	noun — leader	TOCFL 4
領帶	lǐng dài	noun — a necktie.	TOCFL 4
領悟	lǐngwù	verb — to grasp, to realize, to come to understand	TOCFL 5
領會	lǐnghuì	verb — to take in the sense of, to apprehend	TOCFL 5
領袖	lǐngxiù	noun — leader (of a group, party, or nation)	TOCFL 5
領隊	lǐngduì	noun — a team leader; verb — to lead a team	TOCFL 5
頭上	tóushàng	noun — on the head; overhead; above one	TOCFL 1
頭痛	tóutòng	verb/adjective — to have a headache; figuratively, to be a vexing bother	TOCFL 2
頭腦	tóunǎo	noun — brains, mind; head for something	TOCFL 4
頭髮	tóufǎ	noun — hair (on the head)	TOCFL 2
頻率	pínlǜ	noun — frequency; how often a thing recurs (in physics, statistics, daily speech)	TOCFL 5
頻繁	pínfán	adjective — frequent; happening again and again	TOCFL 5
題材	tícái	noun — subject matter; the theme or material of a work	TOCFL 3
題目	tímù	noun — a title, topic; a test question or exercise problem	TOCFL 2
額外	éwài	adj/adv — extra, additional, over and above the set amount	TOCFL 5
顏色	yánsè	noun — color	TOCFL 2
願意	yuànyì	verb — to be willing to, to want to	TOCFL 2
願望	yuànwàng	noun — a wish; a hope; a longing	TOCFL 3
顛覆	diānfù	verb — to overturn, to subvert, to topple	TOCFL 5
類似	lèisì	adjective — similar, alike	TOCFL 5
類型	lèi xíng	noun — a type, category, kind.	TOCFL 4
顧全	gùquán	verb — to take care to preserve, to keep (something) intact	TOCFL 5
顧問	gù wèn	noun — a consultant, adviser.	TOCFL 4
顧客	gùkè	noun — a customer; a client; a patron	TOCFL 3
顫抖	chàndǒu	verb — to tremble, shiver, shake	TOCFL 5
顯得	xiǎndé	verb — to appear; to seem; to look (a certain way)	TOCFL 5
顯然	xiǎnrán	adverb — obviously, clearly; adj — evident	TOCFL 5
顯現	xiǎnxiàn	verb — to show, to reveal, to come into view	TOCFL 5
顯示	xiǎnshì	verb — to show; to display; to indicate; to demonstrate	TOCFL 4
顯著	xiǎnzhù	adjective — marked, striking, conspicuous	TOCFL 5
風俗	fēngsú	noun — customs; folk traditions; local mores	TOCFL 3
風光	fēngguāng	noun — scenery, a view; adj — glorious, having face	TOCFL 5
風力	fēnglì	noun — wind force, wind power	TOCFL 5
風化	fēnghuà	noun/verb — weathering (of rock); public morals, decency	TOCFL 5
風味	fēngwèi	noun — flavor; a distinctive taste or character	TOCFL 6
風尚	fēngshàng	noun — a prevailing fashion, the mood of the times	TOCFL 5
風景	fēngjǐng	noun — scenery; landscape; a view	TOCFL 2
風暴	fēngbào	noun — a storm; a violent upheaval	TOCFL 5
風格	fēnggé	noun — style; manner; the way someone does things	TOCFL 6
風氣	fēng qì	noun — a general trend, prevailing custom or atmosphere (in a society or group).	TOCFL 4
風水	fēngshuǐ	noun — feng shui, the siting practice of wind and water	TOCFL 5
風潮	fēngcháo	noun — a wave of agitation, a craze, a trend that sweeps through	TOCFL 5
風行	fēngxíng	verb — to be in vogue, to spread fast and wide	TOCFL 5
風趣	fēng qù	adjective — witty, humorous, droll (of a person or speech).	TOCFL 4
風險	fēngxiǎn	noun — risk, hazard	TOCFL 5
颱風	táifēng	noun — a typhoon	TOCFL 2
飛彈	fēidàn	noun — a missile, a guided rocket	TOCFL 5
飛快	fēikuài	adj/adv — at flying speed, extremely fast	TOCFL 5
飛機	fēijī	noun — airplane; aircraft	TOCFL 2
飛機場	fēijīchǎng	noun — airport; airfield	TOCFL 1
飛翔	fēixiáng	verb — to soar, to glide on the wing	TOCFL 5
飛行	fēixíng	verb — to fly, to travel through the air; noun — flight	TOCFL 5
食品	shípǐn	noun — food; food products; foodstuffs	TOCFL 3
食物	shíwù	noun — food	TOCFL 3
食用	shíyòng	verb — to eat, to consume (as food); adj — edible	TOCFL 6
飢餓	jī'è	adjective — hungry; noun — starvation	TOCFL 5
飯店	fàndiàn	noun — a hotel; a restaurant	TOCFL 2
飯館	fànguǎn	noun — restaurant, eatery (small, casual)	TOCFL 1
飲料	yǐnliào	noun — a drink, beverage	TOCFL 1
飲食	yǐn shí	noun — food and drink; one's diet, eating and drinking.	TOCFL 4
飼養	sì yǎng	verb — to raise, rear, keep (animals).	TOCFL 4
飽和	bǎohé	verb/adj — to reach saturation, to be saturated, full to capacity	TOCFL 5
飽滿	bǎomǎn	adjective — full, plump, brimming	TOCFL 5
餅乾	bǐnggān	noun — a biscuit, cracker, cookie	TOCFL 2
養份	yǎngfèn	noun — nutrient; nourishment	TOCFL 5
養分	yǎngfēn	noun — nutrient; nourishment	TOCFL 5
養殖	yǎngzhí	verb — to farm or raise (fish, livestock, aquatic life); noun — aquaculture, breeding	TOCFL 4
養老	yǎnglǎo	verb — to care for the elderly; to live out one's old age	TOCFL 5
養育	yǎngyù	verb — to raise; to bring up (a child)	TOCFL 5
餐具	cānjù	noun — tableware; eating utensils	TOCFL 5
餐廳	cāntīng	noun — restaurant; dining hall	TOCFL 1
餐桌	cānzhuō	noun — a dining table	TOCFL 2
饅頭	mántou	noun — a steamed bun (plain, no filling)	TOCFL 2
饑餓	jī'è	adjective — hungry; noun — famine, starvation	TOCFL 5
首先	shǒu xiān	adverb — first of all, firstly, to begin with.	TOCFL 4
首席	shǒuxí	noun — chief; head (of a profession); adjective — chief, principal	TOCFL 5
首府	shǒufǔ	noun — capital (of a province or region)	TOCFL 5
首次	shǒucì	adverb/noun — the first time; for the first time	TOCFL 4
首都	shǒudū	noun — capital city	TOCFL 4
首長	shǒuzhǎng	noun — chief; ranking official; head of a unit	TOCFL 5
首頁	shǒuyè	noun — homepage; the front page, the first page	TOCFL 4
首領	shǒulǐng	noun — a chief; the head of a group	TOCFL 6
首飾	shǒushì	noun — jewelry; personal ornaments	TOCFL 5
香水	xiāngshuǐ	noun — perfume; scent	TOCFL 3
香港	Xiānggǎng	proper noun — Hong Kong; Special Administrative Region of China on the Pearl River Delta	TOCFL 3
香皂	xiāngzào	noun — (perfumed) soap; bar soap	TOCFL 5
香腸	xiāng cháng	noun — a sausage.	TOCFL 4
香蕉	xiāngjiāo	noun — banana	TOCFL 1
馬上	mǎshàng	adverb — at once; immediately; right away	TOCFL 1
馬朝旭	mǎzhāoxù	person — Chinese diplomat, executive vice foreign minister of the People's Republic of China	named-entity
馬桶	mǎtǒng	noun — a toilet; a toilet bowl	TOCFL 3
馬虎	mǎ hu	adjective — careless, sloppy, slapdash.	TOCFL 4
馬路	mǎlù	noun — road, street (for vehicles)	TOCFL 1
馬鈴薯	mǎlíngshǔ	noun — potato	TOCFL 5
駕駛	jià shǐ	verb — to drive, pilot, operate (a vehicle, aircraft, vessel).	TOCFL 4
駱駝	luòtuó	noun — camel	TOCFL 5
騎兵	qíbīng	noun — cavalry; a mounted soldier	TOCFL 5
騙子	piànzi	noun — a swindler; a con artist; a cheat	TOCFL 3
騷動	sāodòng	noun — commotion, disturbance; verb — to stir up unrest	TOCFL 5
驕傲	jiāo'ào	adjective — proud, arrogant; noun — a source of pride	TOCFL 3
驚人	jīng rén	adjective — astonishing, staggering; striking enough to shock the onlooker	TOCFL 4
驚喜	jīngxǐ	noun — a pleasant surprise; adjective — pleasantly surprised	TOCFL 5
驚奇	jīngqí	adjective — amazed, astonished; verb — to marvel	TOCFL 5
驚惶	jīnghuáng	adjective — panic-stricken; alarmed and frightened	TOCFL 5
驚訝	jīngyà	adjective — surprised, astonished, amazed	TOCFL 3
驚險	jīngxiǎn	adjective — thrilling and dangerous; hair-raising	TOCFL 5
骨頭	gǔ tou	noun — a bone; the hard pieces inside the body, also "spine/character" in idiom	TOCFL 4
骯髒	āng zāng	adjective — dirty, filthy; covered in grime, also "underhanded"	TOCFL 4
體內	tǐnèi	noun/adverb — inside the body; intra-body	TOCFL 3
體制	tǐzhì	noun — system, institutional structure; the established order	TOCFL 6
體力	tǐlì	noun — physical strength, stamina	TOCFL 3
體操	tǐcāo	noun — gymnastics; physical exercises, calisthenics	TOCFL 5
體會	tǐhuì	verb — to grasp through experience, come to feel; noun — an understanding gained firsthand	TOCFL 3
體格	tǐgé	noun — physique; build (of the body)	TOCFL 5
體溫	tǐ wēn	noun — body temperature; the body's own warmth, taken by thermometer	TOCFL 4
體現	tǐxiàn	verb — to embody, to give expression to, to reflect	TOCFL 6
體積	tǐjī	noun — volume (the space a thing occupies)	TOCFL 5
體系	tǐxì	noun — system; framework; institutional structure	TOCFL 5
體育	tǐyù	noun — physical education; sports; P.E.	TOCFL 2
體諒	tǐliàng	verb — to be understanding of; to make allowances for	TOCFL 5
體貼	tǐtiē	adjective — considerate, thoughtful; verb — to attend closely to another's needs	TOCFL 3
體質	tǐzhì	noun — physical constitution; the body's makeup	TOCFL 5
體重	tǐzhòng	noun — body weight	TOCFL 3
體面	tǐmiàn	adjective — respectable, presentable; noun — face, dignity	TOCFL 5
體驗	tǐ yàn	verb — to experience firsthand; noun — that lived experience	TOCFL 4
高中	gāozhōng	noun — senior high school	TOCFL 2
高出	gāochū	verb — to be higher than; to exceed (by some amount)	TOCFL 5
高原	gāoyuán	noun — plateau; highland	TOCFL 6
高壓	gāoyā	noun — high pressure (electrical or social); adjective — high-handed, coercive	TOCFL 5
高大	gāo dà	adjective — tall and big; imposingly large in stature	TOCFL 4
高峰	gāo fēng	noun — peak, summit; the highest point, literal or figurative (peak hours)	TOCFL 4
高度	gāodù	noun — height, altitude; adverb — highly, to a high degree	TOCFL 3
高手	gāoshǒu	noun — a master, an expert; someone highly skilled	TOCFL 5
高明	gāo míng	adjective — brilliant, clever; skillful beyond the ordinary	TOCFL 4
高校	gāoxiào	noun — a college or university	TOCFL 6
高潮	gāo cháo	noun — climax, high tide; the peak moment of a story or wave	TOCFL 4
高等	gāoděng	adjective — higher, advanced; high-grade (as in 高等教育, higher education)	TOCFL 5
高級	gāojí	adjective — high-grade, high-end; advanced (level, rank)	TOCFL 2
高考	gāokǎo	noun — the college entrance examination	TOCFL 2
高興	gāoxìng	adjective — happy, glad, pleased	TOCFL 2
高見	gāojiàn	noun — your esteemed opinion (a polite word for someone else's view)	TOCFL 5
高貴	gāo guì	adjective — noble, dignified; elevated in rank or bearing	TOCFL 4
高速	gāosù	adjective/noun — high-speed; at high speed	TOCFL 4
高階	gāojiē	adjective — high-level; advanced; senior	TOCFL 5
髮型	fǎ xíng	noun — hairstyle; the shape the hair is cut and set into	TOCFL 4
鬍子	húzi	noun — beard, whiskers, moustache	TOCFL 5
鬥志	dòuzhì	noun — fighting spirit, the will to compete	TOCFL 5
鬥爭	dòuzhēng	verb/noun — to struggle; to fight; struggle (political, social, or personal)	TOCFL 5
鬧區	nào qū	noun — downtown, busy district; the bustling commercial part of town	TOCFL 4
鬧鐘	nàozhōng	noun — an alarm clock	TOCFL 2
鬼怪	guǐguài	noun — ghosts and monsters; spooks	TOCFL 5
魄力	pòlì	noun — boldness, daring, force of character	TOCFL 5
魅力	mèi lì	noun — charm, allure; the magnetic pull that draws people in	TOCFL 4
魔術	móshù	noun — magic, conjuring tricks	TOCFL 5
魚肚	yúdù	noun — fish belly; also the pale, dim color of the dawn sky (魚肚白)	TOCFL 2
魚苗	yúmiáo	noun — fish fry; young fish for stocking	TOCFL 6
魚類	yúlèi	noun — fish (as a class); the fishes	TOCFL 3
鮮奶	xiān nǎi	noun — fresh milk; milk sold fresh rather than powdered or canned	TOCFL 4
鮮明	xiānmíng	adjective — vivid, distinct, clear-cut	TOCFL 5
鮮艶	xiānyàn	adjective — bright and colorful, gaudy	TOCFL 5
鮮花	xiān huā	noun — fresh flowers; cut blooms, as opposed to dried or fake ones	TOCFL 4
鮮血	xiānxiě	noun — fresh blood; blood just shed	TOCFL 6
鮮豔	xiānyàn	adjective — bright and colorful, gaudy	TOCFL 5
鯨魚	jīngyú	noun — a whale	TOCFL 5
鴉片	yāpiàn	noun — opium	TOCFL 5
鹽巴	yán bā	noun — salt; the everyday cooking salt (巴 colloquial suffix)	TOCFL 4
麋鹿	mílù	noun — Père David's deer (Elaphurus davidianus), a marshland deer native to China	TOCFL 5
麵包	miànbāo	noun — bread	TOCFL 1
麵條	miàntiáo	noun — noodles	TOCFL 3
麵粉	miàn fěn	noun — flour; the powder ground from wheat for noodles and bread	TOCFL 4
麻煩	máfán	noun — trouble; bother; adj — troublesome; verb — to trouble (someone)	TOCFL 2
麻醉	mázuì	verb — to anesthetize; noun — anesthesia	TOCFL 5
麻雀	má què	noun — sparrow; the small brown bird common around houses	TOCFL 4
黃岡	huánggāng	proper noun — Huanggang, a city in eastern Hubei, China, famed for its high-school exam drills	named-entity
黃昏	huáng hūn	noun — dusk, twilight; the hour the sun goes down and the sky yellows	TOCFL 4
黃河	Huánghé	proper noun — the Yellow River, the second-longest river in China	TOCFL 5
黃石	Huángshí	proper noun — Huangshi, an industrial city on the Yangtze in Hubei; the same characters name Yellowstone (黃石公園)	named-entity
黃石市	Huángshíshì	proper noun — Huangshi, a prefecture-level city on the Yangtze in southeastern Hubei	named-entity
黃色	huángsè	noun/adj — the colour yellow; figuratively, pornographic, smutty (黃色書刊)	TOCFL 2
黃豆	huáng dòu	noun — soybean; the yellow bean pressed for oil and made into tofu	TOCFL 4
黃金	huángjīn	noun — gold; adjective — golden, prime	TOCFL 5
黎明	límíng	noun — dawn, daybreak	TOCFL 5
黑名單	hēimíngdān	noun — a blacklist	TOCFL 5
黑夜	hēi yè	noun — dark night; the nighttime hours when all is black	TOCFL 4
黑暗	hēiàn	noun — darkness; adjective — dark, benighted	TOCFL 4
黑板	hēibǎn	noun — blackboard, chalkboard	TOCFL 1
黑社會	hēishèhuì	noun — organized crime, the criminal underworld	TOCFL 5
黑色	hēisè	noun — the colour black	TOCFL 2
黑魚	hēiyú	noun — snakehead fish; a dark, predatory freshwater fish	TOCFL 1
默契	mòqì	noun — tacit understanding, unspoken rapport	TOCFL 5
默默	mòmò	adverb — silently, quietly (without a word)	TOCFL 5
點亮	diǎnliàng	verb — to light up; to switch on a light	TOCFL 7
點子	diǎnzi	noun — an idea, a bright notion	TOCFL 5
點心	diǎnxīn	noun — a snack, light refreshment, dim sum	TOCFL 1
點燃	diǎn rán	verb — to light, ignite; to set something burning, also "to spark" emotion	TOCFL 4
點頭	diǎntóu	verb — to nod (the head)	TOCFL 4
黨中央	dǎngzhōngyāng	noun — the central leadership of a political party	TOCFL 6
黨員	dǎngyuán	noun — a party member (of a political party)	TOCFL 6
黨派	dǎngpài	noun — a political party or faction	TOCFL 5
鼓動	gǔdòng	verb — to stir up, agitate, incite	TOCFL 5
鼓勵	gǔlì	verb — to encourage, to urge on; noun — encouragement	TOCFL 4
鼓吹	gǔchuī	verb — to advocate, drum up support for, promote loudly	TOCFL 5
鼓掌	gǔ zhǎng	verb — to applaud, clap; to strike the palms together in praise	TOCFL 4
鼓舞	gǔ wǔ	verb — to inspire, encourage; to rouse someone's spirits	TOCFL 4
鼻孔	bíkǒng	noun — a nostril	TOCFL 5
鼻涕	bí tì	noun — snot, nasal mucus; the runny fluid from the nose	TOCFL 4
齊全	qí quán	adjective — complete, all present; nothing missing from the set	TOCFL 4
