[     584ms] [WARNING] No available adapters. @ https://x.com/America/status/2105051153599811684:0
[     621ms] [INFO] Banner not shown: beforeinstallpromptevent.preventDefault() called. The page must call beforeinstallpromptevent.prompt() to show the banner. @ https://x.com/America/status/2105051153599811684:0
[  269924ms] [INFO] Banner not shown: beforeinstallpromptevent.preventDefault() called. The page must call beforeinstallpromptevent.prompt() to show the banner. @ https://x.com/America/status/2105051153599811684:0
[  270329ms] [WARNING] No available adapters. @ https://x.com/America/status/2105051153599811684:0
[  689645ms] [ERROR] Failed to load resource: the server responded with a status of 429 () @ https://x.com/i/api/graphql/q4Npr1-FYRWyXsRzPckwEA/ViewerBadgeCounts?variables=%7B%7D:0
[  719645ms] [ERROR] Failed to load resource: the server responded with a status of 429 () @ https://x.com/i/api/graphql/q4Npr1-FYRWyXsRzPckwEA/ViewerBadgeCounts?variables=%7B%7D:0
[  749628ms] [ERROR] Failed to load resource: the server responded with a status of 429 () @ https://x.com/i/api/graphql/q4Npr1-FYRWyXsRzPckwEA/ViewerBadgeCounts?variables=%7B%7D:0
[  779689ms] [ERROR] Failed to load resource: the server responded with a status of 429 () @ https://x.com/i/api/graphql/q4Npr1-FYRWyXsRzPckwEA/ViewerBadgeCounts?variables=%7B%7D:0
[  809627ms] [ERROR] Failed to load resource: the server responded with a status of 429 () @ https://x.com/i/api/graphql/q4Npr1-FYRWyXsRzPckwEA/ViewerBadgeCounts?variables=%7B%7D:0
[  839635ms] [ERROR] Failed to load resource: the server responded with a status of 429 () @ https://x.com/i/api/graphql/q4Npr1-FYRWyXsRzPckwEA/ViewerBadgeCounts?variables=%7B%7D:0
[ 1371854ms] [ERROR] Failed to load resource: net::ERR_HTTP2_PROTOCOL_ERROR @ https://api.x.com/live_pipeline/events?topic=%2Flive_content%2F1699850234:0
[ 1471599ms] [ERROR] Failed to load resource: the server responded with a status of 400 () @ https://api.x.com/1.1/live_pipeline/update_subscriptions:0
[ 1619629ms] [ERROR] Failed to load resource: the server responded with a status of 429 () @ https://x.com/i/api/graphql/q4Npr1-FYRWyXsRzPckwEA/ViewerBadgeCounts?variables=%7B%7D:0
[ 1649621ms] [ERROR] Failed to load resource: the server responded with a status of 429 () @ https://x.com/i/api/graphql/q4Npr1-FYRWyXsRzPckwEA/ViewerBadgeCounts?variables=%7B%7D:0
[ 1679625ms] [ERROR] Failed to load resource: the server responded with a status of 429 () @ https://x.com/i/api/graphql/q4Npr1-FYRWyXsRzPckwEA/ViewerBadgeCounts?variables=%7B%7D:0
[ 1709626ms] [ERROR] Failed to load resource: the server responded with a status of 429 () @ https://x.com/i/api/graphql/q4Npr1-FYRWyXsRzPckwEA/ViewerBadgeCounts?variables=%7B%7D:0
[ 1739624ms] [ERROR] Failed to load resource: the server responded with a status of 429 () @ https://x.com/i/api/graphql/q4Npr1-FYRWyXsRzPckwEA/ViewerBadgeCounts?variables=%7B%7D:0
[ 2519639ms] [ERROR] Failed to load resource: the server responded with a status of 429 () @ https://x.com/i/api/graphql/q4Npr1-FYRWyXsRzPckwEA/ViewerBadgeCounts?variables=%7B%7D:0
[ 2549640ms] [ERROR] Failed to load resource: the server responded with a status of 429 () @ https://x.com/i/api/graphql/q4Npr1-FYRWyXsRzPckwEA/ViewerBadgeCounts?variables=%7B%7D:0
[ 2579640ms] [ERROR] Failed to load resource: the server responded with a status of 429 () @ https://x.com/i/api/graphql/q4Npr1-FYRWyXsRzPckwEA/ViewerBadgeCounts?variables=%7B%7D:0
[ 2609639ms] [ERROR] Failed to load resource: the server responded with a status of 429 () @ https://x.com/i/api/graphql/q4Npr1-FYRWyXsRzPckwEA/ViewerBadgeCounts?variables=%7B%7D:0
[ 2639644ms] [ERROR] Failed to load resource: the server responded with a status of 429 () @ https://x.com/i/api/graphql/q4Npr1-FYRWyXsRzPckwEA/ViewerBadgeCounts?variables=%7B%7D:0
[ 3419640ms] [ERROR] Failed to load resource: the server responded with a status of 429 () @ https://x.com/i/api/graphql/q4Npr1-FYRWyXsRzPckwEA/ViewerBadgeCounts?variables=%7B%7D:0
[ 3449721ms] [ERROR] Failed to load resource: the server responded with a status of 429 () @ https://x.com/i/api/graphql/q4Npr1-FYRWyXsRzPckwEA/ViewerBadgeCounts?variables=%7B%7D:0
[ 3479663ms] [ERROR] Failed to load resource: the server responded with a status of 429 () @ https://x.com/i/api/graphql/q4Npr1-FYRWyXsRzPckwEA/ViewerBadgeCounts?variables=%7B%7D:0
[ 3509651ms] [ERROR] Failed to load resource: the server responded with a status of 429 () @ https://x.com/i/api/graphql/q4Npr1-FYRWyXsRzPckwEA/ViewerBadgeCounts?variables=%7B%7D:0
[ 3539640ms] [ERROR] Failed to load resource: the server responded with a status of 429 () @ https://x.com/i/api/graphql/q4Npr1-FYRWyXsRzPckwEA/ViewerBadgeCounts?variables=%7B%7D:0
[ 4172788ms] [ERROR] Failed to load resource: the server responded with a status of 400 () @ https://api.x.com/1.1/live_pipeline/update_subscriptions:0
[ 4319640ms] [ERROR] Failed to load resource: the server responded with a status of 429 () @ https://x.com/i/api/graphql/q4Npr1-FYRWyXsRzPckwEA/ViewerBadgeCounts?variables=%7B%7D:0
[ 4349640ms] [ERROR] Failed to load resource: the server responded with a status of 429 () @ https://x.com/i/api/graphql/q4Npr1-FYRWyXsRzPckwEA/ViewerBadgeCounts?variables=%7B%7D:0
[ 4379643ms] [ERROR] Failed to load resource: the server responded with a status of 429 () @ https://x.com/i/api/graphql/q4Npr1-FYRWyXsRzPckwEA/ViewerBadgeCounts?variables=%7B%7D:0
[ 4409666ms] [ERROR] Failed to load resource: the server responded with a status of 429 () @ https://x.com/i/api/graphql/q4Npr1-FYRWyXsRzPckwEA/ViewerBadgeCounts?variables=%7B%7D:0
[ 4439644ms] [ERROR] Failed to load resource: the server responded with a status of 429 () @ https://x.com/i/api/graphql/q4Npr1-FYRWyXsRzPckwEA/ViewerBadgeCounts?variables=%7B%7D:0
[ 5219639ms] [ERROR] Failed to load resource: the server responded with a status of 429 () @ https://x.com/i/api/graphql/q4Npr1-FYRWyXsRzPckwEA/ViewerBadgeCounts?variables=%7B%7D:0
[ 5249708ms] [ERROR] Failed to load resource: the server responded with a status of 429 () @ https://x.com/i/api/graphql/q4Npr1-FYRWyXsRzPckwEA/ViewerBadgeCounts?variables=%7B%7D:0
[ 5279637ms] [ERROR] Failed to load resource: the server responded with a status of 429 () @ https://x.com/i/api/graphql/q4Npr1-FYRWyXsRzPckwEA/ViewerBadgeCounts?variables=%7B%7D:0
[ 5309639ms] [ERROR] Failed to load resource: the server responded with a status of 429 () @ https://x.com/i/api/graphql/q4Npr1-FYRWyXsRzPckwEA/ViewerBadgeCounts?variables=%7B%7D:0
[ 5339647ms] [ERROR] Failed to load resource: the server responded with a status of 429 () @ https://x.com/i/api/graphql/q4Npr1-FYRWyXsRzPckwEA/ViewerBadgeCounts?variables=%7B%7D:0
[ 6119640ms] [ERROR] Failed to load resource: the server responded with a status of 429 () @ https://x.com/i/api/graphql/q4Npr1-FYRWyXsRzPckwEA/ViewerBadgeCounts?variables=%7B%7D:0
[ 6150644ms] [ERROR] Failed to load resource: the server responded with a status of 429 () @ https://x.com/i/api/graphql/q4Npr1-FYRWyXsRzPckwEA/ViewerBadgeCounts?variables=%7B%7D:0
[ 6179648ms] [ERROR] Failed to load resource: the server responded with a status of 429 () @ https://x.com/i/api/graphql/q4Npr1-FYRWyXsRzPckwEA/ViewerBadgeCounts?variables=%7B%7D:0
[ 6209649ms] [ERROR] Failed to load resource: the server responded with a status of 429 () @ https://x.com/i/api/graphql/q4Npr1-FYRWyXsRzPckwEA/ViewerBadgeCounts?variables=%7B%7D:0
[ 6239645ms] [ERROR] Failed to load resource: the server responded with a status of 429 () @ https://x.com/i/api/graphql/q4Npr1-FYRWyXsRzPckwEA/ViewerBadgeCounts?variables=%7B%7D:0
[ 6730171ms] [ERROR] Failed to load resource: net::ERR_CONNECTION_CLOSED @ https://api.x.com/live_pipeline/events?topic=%2Flive_content%2F1699850234,%2Ftweet_engagement%2F2105051153599811684,%2Ftweet_engagement%2F2105060523700347380,%2Ftweet_engagement%2F2105057048849248685,%2Ftweet_engagement%2F2105081553294356564,%2Ftweet_engagement%2F2105092587702960488:0
[ 6873940ms] [ERROR] Failed to load resource: the server responded with a status of 400 () @ https://api.x.com/1.1/live_pipeline/update_subscriptions:0
[ 7019643ms] [ERROR] Failed to load resource: the server responded with a status of 429 () @ https://x.com/i/api/graphql/q4Npr1-FYRWyXsRzPckwEA/ViewerBadgeCounts?variables=%7B%7D:0
[ 7049733ms] [ERROR] Failed to load resource: the server responded with a status of 429 () @ https://x.com/i/api/graphql/q4Npr1-FYRWyXsRzPckwEA/ViewerBadgeCounts?variables=%7B%7D:0
[ 7079636ms] [ERROR] Failed to load resource: the server responded with a status of 429 () @ https://x.com/i/api/graphql/q4Npr1-FYRWyXsRzPckwEA/ViewerBadgeCounts?variables=%7B%7D:0
[ 7109668ms] [ERROR] Failed to load resource: the server responded with a status of 429 () @ https://x.com/i/api/graphql/q4Npr1-FYRWyXsRzPckwEA/ViewerBadgeCounts?variables=%7B%7D:0
[ 7139639ms] [ERROR] Failed to load resource: the server responded with a status of 429 () @ https://x.com/i/api/graphql/q4Npr1-FYRWyXsRzPckwEA/ViewerBadgeCounts?variables=%7B%7D:0
[ 7719753ms] [ERROR] Failed to load resource: net::ERR_CONNECTION_CLOSED @ https://api.x.com/live_pipeline/events?topic=%2Flive_content%2F1699850234,%2Ftweet_engagement%2F2105051153599811684,%2Ftweet_engagement%2F2105060523700347380,%2Ftweet_engagement%2F2105057048849248685,%2Ftweet_engagement%2F2105081553294356564,%2Ftweet_engagement%2F2105092587702960488:0
[ 7919644ms] [ERROR] Failed to load resource: the server responded with a status of 429 () @ https://x.com/i/api/graphql/q4Npr1-FYRWyXsRzPckwEA/ViewerBadgeCounts?variables=%7B%7D:0
[ 7949652ms] [ERROR] Failed to load resource: the server responded with a status of 429 () @ https://x.com/i/api/graphql/q4Npr1-FYRWyXsRzPckwEA/ViewerBadgeCounts?variables=%7B%7D:0
[ 7979644ms] [ERROR] Failed to load resource: the server responded with a status of 429 () @ https://x.com/i/api/graphql/q4Npr1-FYRWyXsRzPckwEA/ViewerBadgeCounts?variables=%7B%7D:0
[ 8009653ms] [ERROR] Failed to load resource: the server responded with a status of 429 () @ https://x.com/i/api/graphql/q4Npr1-FYRWyXsRzPckwEA/ViewerBadgeCounts?variables=%7B%7D:0
[ 8039644ms] [ERROR] Failed to load resource: the server responded with a status of 429 () @ https://x.com/i/api/graphql/q4Npr1-FYRWyXsRzPckwEA/ViewerBadgeCounts?variables=%7B%7D:0
[ 8075092ms] [ERROR] Failed to load resource: the server responded with a status of 400 () @ https://api.x.com/1.1/live_pipeline/update_subscriptions:0
[ 8819639ms] [ERROR] Failed to load resource: the server responded with a status of 429 () @ https://x.com/i/api/graphql/q4Npr1-FYRWyXsRzPckwEA/ViewerBadgeCounts?variables=%7B%7D:0
[ 8849704ms] [ERROR] Failed to load resource: the server responded with a status of 429 () @ https://x.com/i/api/graphql/q4Npr1-FYRWyXsRzPckwEA/ViewerBadgeCounts?variables=%7B%7D:0
[ 8879632ms] [ERROR] Failed to load resource: the server responded with a status of 429 () @ https://x.com/i/api/graphql/q4Npr1-FYRWyXsRzPckwEA/ViewerBadgeCounts?variables=%7B%7D:0
[ 8909640ms] [ERROR] Failed to load resource: the server responded with a status of 429 () @ https://x.com/i/api/graphql/q4Npr1-FYRWyXsRzPckwEA/ViewerBadgeCounts?variables=%7B%7D:0
[ 8939691ms] [ERROR] Failed to load resource: the server responded with a status of 429 () @ https://x.com/i/api/graphql/q4Npr1-FYRWyXsRzPckwEA/ViewerBadgeCounts?variables=%7B%7D:0
[ 9719640ms] [ERROR] Failed to load resource: the server responded with a status of 429 () @ https://x.com/i/api/graphql/q4Npr1-FYRWyXsRzPckwEA/ViewerBadgeCounts?variables=%7B%7D:0
[ 9749640ms] [ERROR] Failed to load resource: the server responded with a status of 429 () @ https://x.com/i/api/graphql/q4Npr1-FYRWyXsRzPckwEA/ViewerBadgeCounts?variables=%7B%7D:0
[ 9779643ms] [ERROR] Failed to load resource: the server responded with a status of 429 () @ https://x.com/i/api/graphql/q4Npr1-FYRWyXsRzPckwEA/ViewerBadgeCounts?variables=%7B%7D:0
[ 9809639ms] [ERROR] Failed to load resource: the server responded with a status of 429 () @ https://x.com/i/api/graphql/q4Npr1-FYRWyXsRzPckwEA/ViewerBadgeCounts?variables=%7B%7D:0
[ 9839644ms] [ERROR] Failed to load resource: the server responded with a status of 429 () @ https://x.com/i/api/graphql/q4Npr1-FYRWyXsRzPckwEA/ViewerBadgeCounts?variables=%7B%7D:0
[10358190ms] [ERROR] Failed to load resource: net::ERR_HTTP2_PROTOCOL_ERROR @ https://api.x.com/live_pipeline/events?topic=%2Flive_content%2F1699850234,%2Ftweet_engagement%2F2105051153599811684,%2Ftweet_engagement%2F2105060523700347380,%2Ftweet_engagement%2F2105057048849248685,%2Ftweet_engagement%2F2105081553294356564,%2Ftweet_engagement%2F2105092587702960488:0
[10376267ms] [ERROR] Failed to load resource: the server responded with a status of 400 () @ https://api.x.com/1.1/live_pipeline/update_subscriptions:0
[10619643ms] [ERROR] Failed to load resource: the server responded with a status of 429 () @ https://x.com/i/api/graphql/q4Npr1-FYRWyXsRzPckwEA/ViewerBadgeCounts?variables=%7B%7D:0
[10649700ms] [ERROR] Failed to load resource: the server responded with a status of 429 () @ https://x.com/i/api/graphql/q4Npr1-FYRWyXsRzPckwEA/ViewerBadgeCounts?variables=%7B%7D:0
[10679633ms] [ERROR] Failed to load resource: the server responded with a status of 429 () @ https://x.com/i/api/graphql/q4Npr1-FYRWyXsRzPckwEA/ViewerBadgeCounts?variables=%7B%7D:0
[10709625ms] [ERROR] Failed to load resource: the server responded with a status of 429 () @ https://x.com/i/api/graphql/q4Npr1-FYRWyXsRzPckwEA/ViewerBadgeCounts?variables=%7B%7D:0
[10739644ms] [ERROR] Failed to load resource: the server responded with a status of 429 () @ https://x.com/i/api/graphql/q4Npr1-FYRWyXsRzPckwEA/ViewerBadgeCounts?variables=%7B%7D:0
[11519645ms] [ERROR] Failed to load resource: the server responded with a status of 429 () @ https://x.com/i/api/graphql/q4Npr1-FYRWyXsRzPckwEA/ViewerBadgeCounts?variables=%7B%7D:0
[11549639ms] [ERROR] Failed to load resource: the server responded with a status of 429 () @ https://x.com/i/api/graphql/q4Npr1-FYRWyXsRzPckwEA/ViewerBadgeCounts?variables=%7B%7D:0
[11579644ms] [ERROR] Failed to load resource: the server responded with a status of 429 () @ https://x.com/i/api/graphql/q4Npr1-FYRWyXsRzPckwEA/ViewerBadgeCounts?variables=%7B%7D:0
[11609648ms] [ERROR] Failed to load resource: the server responded with a status of 429 () @ https://x.com/i/api/graphql/q4Npr1-FYRWyXsRzPckwEA/ViewerBadgeCounts?variables=%7B%7D:0
[11639639ms] [ERROR] Failed to load resource: the server responded with a status of 429 () @ https://x.com/i/api/graphql/q4Npr1-FYRWyXsRzPckwEA/ViewerBadgeCounts?variables=%7B%7D:0
[12006393ms] [ERROR] Failed to load resource: net::ERR_CONNECTION_CLOSED @ https://api.x.com/live_pipeline/events?topic=%2Flive_content%2F1699850234,%2Ftweet_engagement%2F2105051153599811684,%2Ftweet_engagement%2F2105060523700347380,%2Ftweet_engagement%2F2105057048849248685,%2Ftweet_engagement%2F2105081553294356564,%2Ftweet_engagement%2F2105092587702960488:0
[12177425ms] [ERROR] Failed to load resource: the server responded with a status of 400 () @ https://api.x.com/1.1/live_pipeline/update_subscriptions:0
[12419643ms] [ERROR] Failed to load resource: the server responded with a status of 429 () @ https://x.com/i/api/graphql/q4Npr1-FYRWyXsRzPckwEA/ViewerBadgeCounts?variables=%7B%7D:0
[12449712ms] [ERROR] Failed to load resource: the server responded with a status of 429 () @ https://x.com/i/api/graphql/q4Npr1-FYRWyXsRzPckwEA/ViewerBadgeCounts?variables=%7B%7D:0
[12479636ms] [ERROR] Failed to load resource: the server responded with a status of 429 () @ https://x.com/i/api/graphql/q4Npr1-FYRWyXsRzPckwEA/ViewerBadgeCounts?variables=%7B%7D:0
[12509640ms] [ERROR] Failed to load resource: the server responded with a status of 429 () @ https://x.com/i/api/graphql/q4Npr1-FYRWyXsRzPckwEA/ViewerBadgeCounts?variables=%7B%7D:0
[12539643ms] [ERROR] Failed to load resource: the server responded with a status of 429 () @ https://x.com/i/api/graphql/q4Npr1-FYRWyXsRzPckwEA/ViewerBadgeCounts?variables=%7B%7D:0
[13319643ms] [ERROR] Failed to load resource: the server responded with a status of 429 () @ https://x.com/i/api/graphql/q4Npr1-FYRWyXsRzPckwEA/ViewerBadgeCounts?variables=%7B%7D:0
[13349640ms] [ERROR] Failed to load resource: the server responded with a status of 429 () @ https://x.com/i/api/graphql/q4Npr1-FYRWyXsRzPckwEA/ViewerBadgeCounts?variables=%7B%7D:0
[13379638ms] [ERROR] Failed to load resource: the server responded with a status of 429 () @ https://x.com/i/api/graphql/q4Npr1-FYRWyXsRzPckwEA/ViewerBadgeCounts?variables=%7B%7D:0
[13409640ms] [ERROR] Failed to load resource: the server responded with a status of 429 () @ https://x.com/i/api/graphql/q4Npr1-FYRWyXsRzPckwEA/ViewerBadgeCounts?variables=%7B%7D:0
[13439644ms] [ERROR] Failed to load resource: the server responded with a status of 429 () @ https://x.com/i/api/graphql/q4Npr1-FYRWyXsRzPckwEA/ViewerBadgeCounts?variables=%7B%7D:0
[14219639ms] [ERROR] Failed to load resource: the server responded with a status of 429 () @ https://x.com/i/api/graphql/q4Npr1-FYRWyXsRzPckwEA/ViewerBadgeCounts?variables=%7B%7D:0
[14249772ms] [ERROR] Failed to load resource: the server responded with a status of 429 () @ https://x.com/i/api/graphql/q4Npr1-FYRWyXsRzPckwEA/ViewerBadgeCounts?variables=%7B%7D:0
[14279635ms] [ERROR] Failed to load resource: the server responded with a status of 429 () @ https://x.com/i/api/graphql/q4Npr1-FYRWyXsRzPckwEA/ViewerBadgeCounts?variables=%7B%7D:0
[14309640ms] [ERROR] Failed to load resource: the server responded with a status of 429 () @ https://x.com/i/api/graphql/q4Npr1-FYRWyXsRzPckwEA/ViewerBadgeCounts?variables=%7B%7D:0
[14339645ms] [ERROR] Failed to load resource: the server responded with a status of 429 () @ https://x.com/i/api/graphql/q4Npr1-FYRWyXsRzPckwEA/ViewerBadgeCounts?variables=%7B%7D:0
[14878586ms] [ERROR] Failed to load resource: the server responded with a status of 400 () @ https://api.x.com/1.1/live_pipeline/update_subscriptions:0
[15119640ms] [ERROR] Failed to load resource: the server responded with a status of 429 () @ https://x.com/i/api/graphql/q4Npr1-FYRWyXsRzPckwEA/ViewerBadgeCounts?variables=%7B%7D:0
[15149639ms] [ERROR] Failed to load resource: the server responded with a status of 429 () @ https://x.com/i/api/graphql/q4Npr1-FYRWyXsRzPckwEA/ViewerBadgeCounts?variables=%7B%7D:0
[15179639ms] [ERROR] Failed to load resource: the server responded with a status of 429 () @ https://x.com/i/api/graphql/q4Npr1-FYRWyXsRzPckwEA/ViewerBadgeCounts?variables=%7B%7D:0
[15209644ms] [ERROR] Failed to load resource: the server responded with a status of 429 () @ https://x.com/i/api/graphql/q4Npr1-FYRWyXsRzPckwEA/ViewerBadgeCounts?variables=%7B%7D:0
[15239643ms] [ERROR] Failed to load resource: the server responded with a status of 429 () @ https://x.com/i/api/graphql/q4Npr1-FYRWyXsRzPckwEA/ViewerBadgeCounts?variables=%7B%7D:0
[16019644ms] [ERROR] Failed to load resource: the server responded with a status of 429 () @ https://x.com/i/api/graphql/q4Npr1-FYRWyXsRzPckwEA/ViewerBadgeCounts?variables=%7B%7D:0
[16049706ms] [ERROR] Failed to load resource: the server responded with a status of 429 () @ https://x.com/i/api/graphql/q4Npr1-FYRWyXsRzPckwEA/ViewerBadgeCounts?variables=%7B%7D:0
[16079616ms] [ERROR] Failed to load resource: the server responded with a status of 429 () @ https://x.com/i/api/graphql/q4Npr1-FYRWyXsRzPckwEA/ViewerBadgeCounts?variables=%7B%7D:0
[16109639ms] [ERROR] Failed to load resource: the server responded with a status of 429 () @ https://x.com/i/api/graphql/q4Npr1-FYRWyXsRzPckwEA/ViewerBadgeCounts?variables=%7B%7D:0
[16139640ms] [ERROR] Failed to load resource: the server responded with a status of 429 () @ https://x.com/i/api/graphql/q4Npr1-FYRWyXsRzPckwEA/ViewerBadgeCounts?variables=%7B%7D:0
[16919640ms] [ERROR] Failed to load resource: the server responded with a status of 429 () @ https://x.com/i/api/graphql/q4Npr1-FYRWyXsRzPckwEA/ViewerBadgeCounts?variables=%7B%7D:0
[16949624ms] [ERROR] Failed to load resource: the server responded with a status of 429 () @ https://x.com/i/api/graphql/q4Npr1-FYRWyXsRzPckwEA/ViewerBadgeCounts?variables=%7B%7D:0
[16979640ms] [ERROR] Failed to load resource: the server responded with a status of 429 () @ https://x.com/i/api/graphql/q4Npr1-FYRWyXsRzPckwEA/ViewerBadgeCounts?variables=%7B%7D:0
[17009624ms] [ERROR] Failed to load resource: the server responded with a status of 429 () @ https://x.com/i/api/graphql/q4Npr1-FYRWyXsRzPckwEA/ViewerBadgeCounts?variables=%7B%7D:0
[17039639ms] [ERROR] Failed to load resource: the server responded with a status of 429 () @ https://x.com/i/api/graphql/q4Npr1-FYRWyXsRzPckwEA/ViewerBadgeCounts?variables=%7B%7D:0
[17579743ms] [ERROR] Failed to load resource: the server responded with a status of 400 () @ https://api.x.com/1.1/live_pipeline/update_subscriptions:0
[17819640ms] [ERROR] Failed to load resource: the server responded with a status of 429 () @ https://x.com/i/api/graphql/q4Npr1-FYRWyXsRzPckwEA/ViewerBadgeCounts?variables=%7B%7D:0
[17849708ms] [ERROR] Failed to load resource: the server responded with a status of 429 () @ https://x.com/i/api/graphql/q4Npr1-FYRWyXsRzPckwEA/ViewerBadgeCounts?variables=%7B%7D:0
[17879632ms] [ERROR] Failed to load resource: the server responded with a status of 429 () @ https://x.com/i/api/graphql/q4Npr1-FYRWyXsRzPckwEA/ViewerBadgeCounts?variables=%7B%7D:0
[17909639ms] [ERROR] Failed to load resource: the server responded with a status of 429 () @ https://x.com/i/api/graphql/q4Npr1-FYRWyXsRzPckwEA/ViewerBadgeCounts?variables=%7B%7D:0
[17939639ms] [ERROR] Failed to load resource: the server responded with a status of 429 () @ https://x.com/i/api/graphql/q4Npr1-FYRWyXsRzPckwEA/ViewerBadgeCounts?variables=%7B%7D:0
[18719644ms] [ERROR] Failed to load resource: the server responded with a status of 429 () @ https://x.com/i/api/graphql/q4Npr1-FYRWyXsRzPckwEA/ViewerBadgeCounts?variables=%7B%7D:0
[18749640ms] [ERROR] Failed to load resource: the server responded with a status of 429 () @ https://x.com/i/api/graphql/q4Npr1-FYRWyXsRzPckwEA/ViewerBadgeCounts?variables=%7B%7D:0
[18779644ms] [ERROR] Failed to load resource: the server responded with a status of 429 () @ https://x.com/i/api/graphql/q4Npr1-FYRWyXsRzPckwEA/ViewerBadgeCounts?variables=%7B%7D:0
[18809639ms] [ERROR] Failed to load resource: the server responded with a status of 429 () @ https://x.com/i/api/graphql/q4Npr1-FYRWyXsRzPckwEA/ViewerBadgeCounts?variables=%7B%7D:0
[18839640ms] [ERROR] Failed to load resource: the server responded with a status of 429 () @ https://x.com/i/api/graphql/q4Npr1-FYRWyXsRzPckwEA/ViewerBadgeCounts?variables=%7B%7D:0
[19333953ms] [ERROR] Failed to load resource: net::ERR_HTTP2_PROTOCOL_ERROR @ https://api.x.com/live_pipeline/events?topic=%2Flive_content%2F1699850234,%2Ftweet_engagement%2F2105051153599811684,%2Ftweet_engagement%2F2105060523700347380,%2Ftweet_engagement%2F2105057048849248685,%2Ftweet_engagement%2F2105081553294356564,%2Ftweet_engagement%2F2105092587702960488:0
[19380899ms] [ERROR] Failed to load resource: the server responded with a status of 400 () @ https://api.x.com/1.1/live_pipeline/update_subscriptions:0
[19619639ms] [ERROR] Failed to load resource: the server responded with a status of 429 () @ https://x.com/i/api/graphql/q4Npr1-FYRWyXsRzPckwEA/ViewerBadgeCounts?variables=%7B%7D:0
[19649705ms] [ERROR] Failed to load resource: the server responded with a status of 429 () @ https://x.com/i/api/graphql/q4Npr1-FYRWyXsRzPckwEA/ViewerBadgeCounts?variables=%7B%7D:0
[19679629ms] [ERROR] Failed to load resource: the server responded with a status of 429 () @ https://x.com/i/api/graphql/q4Npr1-FYRWyXsRzPckwEA/ViewerBadgeCounts?variables=%7B%7D:0
[19709644ms] [ERROR] Failed to load resource: the server responded with a status of 429 () @ https://x.com/i/api/graphql/q4Npr1-FYRWyXsRzPckwEA/ViewerBadgeCounts?variables=%7B%7D:0
[19739639ms] [ERROR] Failed to load resource: the server responded with a status of 429 () @ https://x.com/i/api/graphql/q4Npr1-FYRWyXsRzPckwEA/ViewerBadgeCounts?variables=%7B%7D:0
[20519640ms] [ERROR] Failed to load resource: the server responded with a status of 429 () @ https://x.com/i/api/graphql/q4Npr1-FYRWyXsRzPckwEA/ViewerBadgeCounts?variables=%7B%7D:0
[20549644ms] [ERROR] Failed to load resource: the server responded with a status of 429 () @ https://x.com/i/api/graphql/q4Npr1-FYRWyXsRzPckwEA/ViewerBadgeCounts?variables=%7B%7D:0
[20579644ms] [ERROR] Failed to load resource: the server responded with a status of 429 () @ https://x.com/i/api/graphql/q4Npr1-FYRWyXsRzPckwEA/ViewerBadgeCounts?variables=%7B%7D:0
[20609644ms] [ERROR] Failed to load resource: the server responded with a status of 429 () @ https://x.com/i/api/graphql/q4Npr1-FYRWyXsRzPckwEA/ViewerBadgeCounts?variables=%7B%7D:0
[20639644ms] [ERROR] Failed to load resource: the server responded with a status of 429 () @ https://x.com/i/api/graphql/q4Npr1-FYRWyXsRzPckwEA/ViewerBadgeCounts?variables=%7B%7D:0
[20682056ms] [ERROR] Failed to load resource: the server responded with a status of 400 () @ https://api.x.com/1.1/live_pipeline/update_subscriptions:0
[21419643ms] [ERROR] Failed to load resource: the server responded with a status of 429 () @ https://x.com/i/api/graphql/q4Npr1-FYRWyXsRzPckwEA/ViewerBadgeCounts?variables=%7B%7D:0
[21449724ms] [ERROR] Failed to load resource: the server responded with a status of 429 () @ https://x.com/i/api/graphql/q4Npr1-FYRWyXsRzPckwEA/ViewerBadgeCounts?variables=%7B%7D:0
[21479627ms] [ERROR] Failed to load resource: the server responded with a status of 429 () @ https://x.com/i/api/graphql/q4Npr1-FYRWyXsRzPckwEA/ViewerBadgeCounts?variables=%7B%7D:0
[21509641ms] [ERROR] Failed to load resource: the server responded with a status of 429 () @ https://x.com/i/api/graphql/q4Npr1-FYRWyXsRzPckwEA/ViewerBadgeCounts?variables=%7B%7D:0
[21539639ms] [ERROR] Failed to load resource: the server responded with a status of 429 () @ https://x.com/i/api/graphql/q4Npr1-FYRWyXsRzPckwEA/ViewerBadgeCounts?variables=%7B%7D:0
[21695545ms] [ERROR] Failed to load resource: net::ERR_HTTP2_PROTOCOL_ERROR @ https://api.x.com/live_pipeline/events?topic=%2Flive_content%2F1699850234,%2Ftweet_engagement%2F2105051153599811684,%2Ftweet_engagement%2F2105060523700347380,%2Ftweet_engagement%2F2105057048849248685,%2Ftweet_engagement%2F2105081553294356564,%2Ftweet_engagement%2F2105092587702960488:0
[21783203ms] [ERROR] Failed to load resource: the server responded with a status of 400 () @ https://api.x.com/1.1/live_pipeline/update_subscriptions:0
[22319643ms] [ERROR] Failed to load resource: the server responded with a status of 429 () @ https://x.com/i/api/graphql/q4Npr1-FYRWyXsRzPckwEA/ViewerBadgeCounts?variables=%7B%7D:0
[22349652ms] [ERROR] Failed to load resource: the server responded with a status of 429 () @ https://x.com/i/api/graphql/q4Npr1-FYRWyXsRzPckwEA/ViewerBadgeCounts?variables=%7B%7D:0
[22379644ms] [ERROR] Failed to load resource: the server responded with a status of 429 () @ https://x.com/i/api/graphql/q4Npr1-FYRWyXsRzPckwEA/ViewerBadgeCounts?variables=%7B%7D:0
[22409649ms] [ERROR] Failed to load resource: the server responded with a status of 429 () @ https://x.com/i/api/graphql/q4Npr1-FYRWyXsRzPckwEA/ViewerBadgeCounts?variables=%7B%7D:0
[22439644ms] [ERROR] Failed to load resource: the server responded with a status of 429 () @ https://x.com/i/api/graphql/q4Npr1-FYRWyXsRzPckwEA/ViewerBadgeCounts?variables=%7B%7D:0
[23219644ms] [ERROR] Failed to load resource: the server responded with a status of 429 () @ https://x.com/i/api/graphql/q4Npr1-FYRWyXsRzPckwEA/ViewerBadgeCounts?variables=%7B%7D:0
[23249712ms] [ERROR] Failed to load resource: the server responded with a status of 429 () @ https://x.com/i/api/graphql/q4Npr1-FYRWyXsRzPckwEA/ViewerBadgeCounts?variables=%7B%7D:0
[23279673ms] [ERROR] Failed to load resource: the server responded with a status of 429 () @ https://x.com/i/api/graphql/q4Npr1-FYRWyXsRzPckwEA/ViewerBadgeCounts?variables=%7B%7D:0
[23309640ms] [ERROR] Failed to load resource: the server responded with a status of 429 () @ https://x.com/i/api/graphql/q4Npr1-FYRWyXsRzPckwEA/ViewerBadgeCounts?variables=%7B%7D:0
[23339644ms] [ERROR] Failed to load resource: the server responded with a status of 429 () @ https://x.com/i/api/graphql/q4Npr1-FYRWyXsRzPckwEA/ViewerBadgeCounts?variables=%7B%7D:0
[24119639ms] [ERROR] Failed to load resource: the server responded with a status of 429 () @ https://x.com/i/api/graphql/q4Npr1-FYRWyXsRzPckwEA/ViewerBadgeCounts?variables=%7B%7D:0
[24149644ms] [ERROR] Failed to load resource: the server responded with a status of 429 () @ https://x.com/i/api/graphql/q4Npr1-FYRWyXsRzPckwEA/ViewerBadgeCounts?variables=%7B%7D:0
[24179639ms] [ERROR] Failed to load resource: the server responded with a status of 429 () @ https://x.com/i/api/graphql/q4Npr1-FYRWyXsRzPckwEA/ViewerBadgeCounts?variables=%7B%7D:0
[24209644ms] [ERROR] Failed to load resource: the server responded with a status of 429 () @ https://x.com/i/api/graphql/q4Npr1-FYRWyXsRzPckwEA/ViewerBadgeCounts?variables=%7B%7D:0
[24239640ms] [ERROR] Failed to load resource: the server responded with a status of 429 () @ https://x.com/i/api/graphql/q4Npr1-FYRWyXsRzPckwEA/ViewerBadgeCounts?variables=%7B%7D:0
[24484352ms] [ERROR] Failed to load resource: the server responded with a status of 400 () @ https://api.x.com/1.1/live_pipeline/update_subscriptions:0
[25019636ms] [ERROR] Failed to load resource: the server responded with a status of 429 () @ https://x.com/i/api/graphql/q4Npr1-FYRWyXsRzPckwEA/ViewerBadgeCounts?variables=%7B%7D:0
[25049705ms] [ERROR] Failed to load resource: the server responded with a status of 429 () @ https://x.com/i/api/graphql/q4Npr1-FYRWyXsRzPckwEA/ViewerBadgeCounts?variables=%7B%7D:0
[25079641ms] [ERROR] Failed to load resource: the server responded with a status of 429 () @ https://x.com/i/api/graphql/q4Npr1-FYRWyXsRzPckwEA/ViewerBadgeCounts?variables=%7B%7D:0
[25109640ms] [ERROR] Failed to load resource: the server responded with a status of 429 () @ https://x.com/i/api/graphql/q4Npr1-FYRWyXsRzPckwEA/ViewerBadgeCounts?variables=%7B%7D:0
[25139648ms] [ERROR] Failed to load resource: the server responded with a status of 429 () @ https://x.com/i/api/graphql/q4Npr1-FYRWyXsRzPckwEA/ViewerBadgeCounts?variables=%7B%7D:0
[25531058ms] [ERROR] Failed to load resource: net::ERR_CONNECTION_CLOSED @ https://api.x.com/live_pipeline/events?topic=%2Flive_content%2F1699850234,%2Ftweet_engagement%2F2105051153599811684,%2Ftweet_engagement%2F2105060523700347380,%2Ftweet_engagement%2F2105057048849248685,%2Ftweet_engagement%2F2105081553294356564,%2Ftweet_engagement%2F2105092587702960488:0
[25885496ms] [ERROR] Failed to load resource: the server responded with a status of 400 () @ https://api.x.com/1.1/live_pipeline/update_subscriptions:0
[25919644ms] [ERROR] Failed to load resource: the server responded with a status of 429 () @ https://x.com/i/api/graphql/q4Npr1-FYRWyXsRzPckwEA/ViewerBadgeCounts?variables=%7B%7D:0
[25949644ms] [ERROR] Failed to load resource: the server responded with a status of 429 () @ https://x.com/i/api/graphql/q4Npr1-FYRWyXsRzPckwEA/ViewerBadgeCounts?variables=%7B%7D:0
[25979652ms] [ERROR] Failed to load resource: the server responded with a status of 429 () @ https://x.com/i/api/graphql/q4Npr1-FYRWyXsRzPckwEA/ViewerBadgeCounts?variables=%7B%7D:0
[26009640ms] [ERROR] Failed to load resource: the server responded with a status of 429 () @ https://x.com/i/api/graphql/q4Npr1-FYRWyXsRzPckwEA/ViewerBadgeCounts?variables=%7B%7D:0
[26039640ms] [ERROR] Failed to load resource: the server responded with a status of 429 () @ https://x.com/i/api/graphql/q4Npr1-FYRWyXsRzPckwEA/ViewerBadgeCounts?variables=%7B%7D:0
[26819640ms] [ERROR] Failed to load resource: the server responded with a status of 429 () @ https://x.com/i/api/graphql/q4Npr1-FYRWyXsRzPckwEA/ViewerBadgeCounts?variables=%7B%7D:0
[26849709ms] [ERROR] Failed to load resource: the server responded with a status of 429 () @ https://x.com/i/api/graphql/q4Npr1-FYRWyXsRzPckwEA/ViewerBadgeCounts?variables=%7B%7D:0
[26879639ms] [ERROR] Failed to load resource: the server responded with a status of 429 () @ https://x.com/i/api/graphql/q4Npr1-FYRWyXsRzPckwEA/ViewerBadgeCounts?variables=%7B%7D:0
[26909645ms] [ERROR] Failed to load resource: the server responded with a status of 429 () @ https://x.com/i/api/graphql/q4Npr1-FYRWyXsRzPckwEA/ViewerBadgeCounts?variables=%7B%7D:0
[26939633ms] [ERROR] Failed to load resource: the server responded with a status of 429 () @ https://x.com/i/api/graphql/q4Npr1-FYRWyXsRzPckwEA/ViewerBadgeCounts?variables=%7B%7D:0
[27719643ms] [ERROR] Failed to load resource: the server responded with a status of 429 () @ https://x.com/i/api/graphql/q4Npr1-FYRWyXsRzPckwEA/ViewerBadgeCounts?variables=%7B%7D:0
[27749644ms] [ERROR] Failed to load resource: the server responded with a status of 429 () @ https://x.com/i/api/graphql/q4Npr1-FYRWyXsRzPckwEA/ViewerBadgeCounts?variables=%7B%7D:0
[27779644ms] [ERROR] Failed to load resource: the server responded with a status of 429 () @ https://x.com/i/api/graphql/q4Npr1-FYRWyXsRzPckwEA/ViewerBadgeCounts?variables=%7B%7D:0
[27809640ms] [ERROR] Failed to load resource: the server responded with a status of 429 () @ https://x.com/i/api/graphql/q4Npr1-FYRWyXsRzPckwEA/ViewerBadgeCounts?variables=%7B%7D:0
[27839643ms] [ERROR] Failed to load resource: the server responded with a status of 429 () @ https://x.com/i/api/graphql/q4Npr1-FYRWyXsRzPckwEA/ViewerBadgeCounts?variables=%7B%7D:0
[28586645ms] [ERROR] Failed to load resource: the server responded with a status of 400 () @ https://api.x.com/1.1/live_pipeline/update_subscriptions:0
[28619647ms] [ERROR] Failed to load resource: the server responded with a status of 429 () @ https://x.com/i/api/graphql/q4Npr1-FYRWyXsRzPckwEA/ViewerBadgeCounts?variables=%7B%7D:0
[28649693ms] [ERROR] Failed to load resource: the server responded with a status of 429 () @ https://x.com/i/api/graphql/q4Npr1-FYRWyXsRzPckwEA/ViewerBadgeCounts?variables=%7B%7D:0
[28679636ms] [ERROR] Failed to load resource: the server responded with a status of 429 () @ https://x.com/i/api/graphql/q4Npr1-FYRWyXsRzPckwEA/ViewerBadgeCounts?variables=%7B%7D:0
[28709639ms] [ERROR] Failed to load resource: the server responded with a status of 429 () @ https://x.com/i/api/graphql/q4Npr1-FYRWyXsRzPckwEA/ViewerBadgeCounts?variables=%7B%7D:0
[28739639ms] [ERROR] Failed to load resource: the server responded with a status of 429 () @ https://x.com/i/api/graphql/q4Npr1-FYRWyXsRzPckwEA/ViewerBadgeCounts?variables=%7B%7D:0
[29519648ms] [ERROR] Failed to load resource: the server responded with a status of 429 () @ https://x.com/i/api/graphql/q4Npr1-FYRWyXsRzPckwEA/ViewerBadgeCounts?variables=%7B%7D:0
[29549653ms] [ERROR] Failed to load resource: the server responded with a status of 429 () @ https://x.com/i/api/graphql/q4Npr1-FYRWyXsRzPckwEA/ViewerBadgeCounts?variables=%7B%7D:0
[29579640ms] [ERROR] Failed to load resource: the server responded with a status of 429 () @ https://x.com/i/api/graphql/q4Npr1-FYRWyXsRzPckwEA/ViewerBadgeCounts?variables=%7B%7D:0
[29609640ms] [ERROR] Failed to load resource: the server responded with a status of 429 () @ https://x.com/i/api/graphql/q4Npr1-FYRWyXsRzPckwEA/ViewerBadgeCounts?variables=%7B%7D:0
[29639648ms] [ERROR] Failed to load resource: the server responded with a status of 429 () @ https://x.com/i/api/graphql/q4Npr1-FYRWyXsRzPckwEA/ViewerBadgeCounts?variables=%7B%7D:0
[30419644ms] [ERROR] Failed to load resource: the server responded with a status of 429 () @ https://x.com/i/api/graphql/q4Npr1-FYRWyXsRzPckwEA/ViewerBadgeCounts?variables=%7B%7D:0
[30449697ms] [ERROR] Failed to load resource: the server responded with a status of 429 () @ https://x.com/i/api/graphql/q4Npr1-FYRWyXsRzPckwEA/ViewerBadgeCounts?variables=%7B%7D:0
[30479628ms] [ERROR] Failed to load resource: the server responded with a status of 429 () @ https://x.com/i/api/graphql/q4Npr1-FYRWyXsRzPckwEA/ViewerBadgeCounts?variables=%7B%7D:0
[30509644ms] [ERROR] Failed to load resource: the server responded with a status of 429 () @ https://x.com/i/api/graphql/q4Npr1-FYRWyXsRzPckwEA/ViewerBadgeCounts?variables=%7B%7D:0
[30514016ms] [ERROR] Failed to load resource: net::ERR_CONNECTION_CLOSED @ https://api.x.com/live_pipeline/events?topic=%2Flive_content%2F1699850234,%2Ftweet_engagement%2F2105051153599811684,%2Ftweet_engagement%2F2105060523700347380,%2Ftweet_engagement%2F2105057048849248685,%2Ftweet_engagement%2F2105081553294356564,%2Ftweet_engagement%2F2105092587702960488:0
[30539644ms] [ERROR] Failed to load resource: the server responded with a status of 429 () @ https://x.com/i/api/graphql/q4Npr1-FYRWyXsRzPckwEA/ViewerBadgeCounts?variables=%7B%7D:0
[30887792ms] [ERROR] Failed to load resource: the server responded with a status of 400 () @ https://api.x.com/1.1/live_pipeline/update_subscriptions:0
[31319640ms] [ERROR] Failed to load resource: the server responded with a status of 429 () @ https://x.com/i/api/graphql/q4Npr1-FYRWyXsRzPckwEA/ViewerBadgeCounts?variables=%7B%7D:0
[31349644ms] [ERROR] Failed to load resource: the server responded with a status of 429 () @ https://x.com/i/api/graphql/q4Npr1-FYRWyXsRzPckwEA/ViewerBadgeCounts?variables=%7B%7D:0
[31379644ms] [ERROR] Failed to load resource: the server responded with a status of 429 () @ https://x.com/i/api/graphql/q4Npr1-FYRWyXsRzPckwEA/ViewerBadgeCounts?variables=%7B%7D:0
[31409644ms] [ERROR] Failed to load resource: the server responded with a status of 429 () @ https://x.com/i/api/graphql/q4Npr1-FYRWyXsRzPckwEA/ViewerBadgeCounts?variables=%7B%7D:0
[31439640ms] [ERROR] Failed to load resource: the server responded with a status of 429 () @ https://x.com/i/api/graphql/q4Npr1-FYRWyXsRzPckwEA/ViewerBadgeCounts?variables=%7B%7D:0
[32219645ms] [ERROR] Failed to load resource: the server responded with a status of 429 () @ https://x.com/i/api/graphql/q4Npr1-FYRWyXsRzPckwEA/ViewerBadgeCounts?variables=%7B%7D:0
[32249725ms] [ERROR] Failed to load resource: the server responded with a status of 429 () @ https://x.com/i/api/graphql/q4Npr1-FYRWyXsRzPckwEA/ViewerBadgeCounts?variables=%7B%7D:0
[32279805ms] [ERROR] Failed to load resource: the server responded with a status of 429 () @ https://x.com/i/api/graphql/q4Npr1-FYRWyXsRzPckwEA/ViewerBadgeCounts?variables=%7B%7D:0
[32309640ms] [ERROR] Failed to load resource: the server responded with a status of 429 () @ https://x.com/i/api/graphql/q4Npr1-FYRWyXsRzPckwEA/ViewerBadgeCounts?variables=%7B%7D:0
[32339643ms] [ERROR] Failed to load resource: the server responded with a status of 429 () @ https://x.com/i/api/graphql/q4Npr1-FYRWyXsRzPckwEA/ViewerBadgeCounts?variables=%7B%7D:0
[33119644ms] [ERROR] Failed to load resource: the server responded with a status of 429 () @ https://x.com/i/api/graphql/q4Npr1-FYRWyXsRzPckwEA/ViewerBadgeCounts?variables=%7B%7D:0
[33149648ms] [ERROR] Failed to load resource: the server responded with a status of 429 () @ https://x.com/i/api/graphql/q4Npr1-FYRWyXsRzPckwEA/ViewerBadgeCounts?variables=%7B%7D:0
[33179641ms] [ERROR] Failed to load resource: the server responded with a status of 429 () @ https://x.com/i/api/graphql/q4Npr1-FYRWyXsRzPckwEA/ViewerBadgeCounts?variables=%7B%7D:0
[33209645ms] [ERROR] Failed to load resource: the server responded with a status of 429 () @ https://x.com/i/api/graphql/q4Npr1-FYRWyXsRzPckwEA/ViewerBadgeCounts?variables=%7B%7D:0
[33239644ms] [ERROR] Failed to load resource: the server responded with a status of 429 () @ https://x.com/i/api/graphql/q4Npr1-FYRWyXsRzPckwEA/ViewerBadgeCounts?variables=%7B%7D:0
[33588965ms] [ERROR] Failed to load resource: the server responded with a status of 400 () @ https://api.x.com/1.1/live_pipeline/update_subscriptions:0
[34019644ms] [ERROR] Failed to load resource: the server responded with a status of 429 () @ https://x.com/i/api/graphql/q4Npr1-FYRWyXsRzPckwEA/ViewerBadgeCounts?variables=%7B%7D:0
[34049712ms] [ERROR] Failed to load resource: the server responded with a status of 429 () @ https://x.com/i/api/graphql/q4Npr1-FYRWyXsRzPckwEA/ViewerBadgeCounts?variables=%7B%7D:0
[34079631ms] [ERROR] Failed to load resource: the server responded with a status of 429 () @ https://x.com/i/api/graphql/q4Npr1-FYRWyXsRzPckwEA/ViewerBadgeCounts?variables=%7B%7D:0
[34109645ms] [ERROR] Failed to load resource: the server responded with a status of 429 () @ https://x.com/i/api/graphql/q4Npr1-FYRWyXsRzPckwEA/ViewerBadgeCounts?variables=%7B%7D:0
[34139649ms] [ERROR] Failed to load resource: the server responded with a status of 429 () @ https://x.com/i/api/graphql/q4Npr1-FYRWyXsRzPckwEA/ViewerBadgeCounts?variables=%7B%7D:0
[34919640ms] [ERROR] Failed to load resource: the server responded with a status of 429 () @ https://x.com/i/api/graphql/q4Npr1-FYRWyXsRzPckwEA/ViewerBadgeCounts?variables=%7B%7D:0
[34949640ms] [ERROR] Failed to load resource: the server responded with a status of 429 () @ https://x.com/i/api/graphql/q4Npr1-FYRWyXsRzPckwEA/ViewerBadgeCounts?variables=%7B%7D:0
[34979644ms] [ERROR] Failed to load resource: the server responded with a status of 429 () @ https://x.com/i/api/graphql/q4Npr1-FYRWyXsRzPckwEA/ViewerBadgeCounts?variables=%7B%7D:0
[35009644ms] [ERROR] Failed to load resource: the server responded with a status of 429 () @ https://x.com/i/api/graphql/q4Npr1-FYRWyXsRzPckwEA/ViewerBadgeCounts?variables=%7B%7D:0
[35039664ms] [ERROR] Failed to load resource: the server responded with a status of 429 () @ https://x.com/i/api/graphql/q4Npr1-FYRWyXsRzPckwEA/ViewerBadgeCounts?variables=%7B%7D:0
[35289947ms] [ERROR] Failed to load resource: net::ERR_HTTP2_PROTOCOL_ERROR @ https://api.x.com/live_pipeline/events?topic=%2Flive_content%2F1699850234,%2Ftweet_engagement%2F2105051153599811684,%2Ftweet_engagement%2F2105060523700347380,%2Ftweet_engagement%2F2105057048849248685,%2Ftweet_engagement%2F2105081553294356564,%2Ftweet_engagement%2F2105092587702960488:0
[35390124ms] [ERROR] Failed to load resource: the server responded with a status of 400 () @ https://api.x.com/1.1/live_pipeline/update_subscriptions:0
[35819645ms] [ERROR] Failed to load resource: the server responded with a status of 429 () @ https://x.com/i/api/graphql/q4Npr1-FYRWyXsRzPckwEA/ViewerBadgeCounts?variables=%7B%7D:0
[35849698ms] [ERROR] Failed to load resource: the server responded with a status of 429 () @ https://x.com/i/api/graphql/q4Npr1-FYRWyXsRzPckwEA/ViewerBadgeCounts?variables=%7B%7D:0
[35879626ms] [ERROR] Failed to load resource: the server responded with a status of 429 () @ https://x.com/i/api/graphql/q4Npr1-FYRWyXsRzPckwEA/ViewerBadgeCounts?variables=%7B%7D:0
[35909716ms] [ERROR] Failed to load resource: the server responded with a status of 429 () @ https://x.com/i/api/graphql/q4Npr1-FYRWyXsRzPckwEA/ViewerBadgeCounts?variables=%7B%7D:0
[35939633ms] [ERROR] Failed to load resource: the server responded with a status of 429 () @ https://x.com/i/api/graphql/q4Npr1-FYRWyXsRzPckwEA/ViewerBadgeCounts?variables=%7B%7D:0
[36719644ms] [ERROR] Failed to load resource: the server responded with a status of 429 () @ https://x.com/i/api/graphql/q4Npr1-FYRWyXsRzPckwEA/ViewerBadgeCounts?variables=%7B%7D:0
[36749639ms] [ERROR] Failed to load resource: the server responded with a status of 429 () @ https://x.com/i/api/graphql/q4Npr1-FYRWyXsRzPckwEA/ViewerBadgeCounts?variables=%7B%7D:0
[36779641ms] [ERROR] Failed to load resource: the server responded with a status of 429 () @ https://x.com/i/api/graphql/q4Npr1-FYRWyXsRzPckwEA/ViewerBadgeCounts?variables=%7B%7D:0
[36809640ms] [ERROR] Failed to load resource: the server responded with a status of 429 () @ https://x.com/i/api/graphql/q4Npr1-FYRWyXsRzPckwEA/ViewerBadgeCounts?variables=%7B%7D:0
[36839639ms] [ERROR] Failed to load resource: the server responded with a status of 429 () @ https://x.com/i/api/graphql/q4Npr1-FYRWyXsRzPckwEA/ViewerBadgeCounts?variables=%7B%7D:0
[37619640ms] [ERROR] Failed to load resource: the server responded with a status of 429 () @ https://x.com/i/api/graphql/q4Npr1-FYRWyXsRzPckwEA/ViewerBadgeCounts?variables=%7B%7D:0
[37649717ms] [ERROR] Failed to load resource: the server responded with a status of 429 () @ https://x.com/i/api/graphql/q4Npr1-FYRWyXsRzPckwEA/ViewerBadgeCounts?variables=%7B%7D:0
[37679635ms] [ERROR] Failed to load resource: the server responded with a status of 429 () @ https://x.com/i/api/graphql/q4Npr1-FYRWyXsRzPckwEA/ViewerBadgeCounts?variables=%7B%7D:0
[37709639ms] [ERROR] Failed to load resource: the server responded with a status of 429 () @ https://x.com/i/api/graphql/q4Npr1-FYRWyXsRzPckwEA/ViewerBadgeCounts?variables=%7B%7D:0
[37739644ms] [ERROR] Failed to load resource: the server responded with a status of 429 () @ https://x.com/i/api/graphql/q4Npr1-FYRWyXsRzPckwEA/ViewerBadgeCounts?variables=%7B%7D:0
[38091286ms] [ERROR] Failed to load resource: the server responded with a status of 400 () @ https://api.x.com/1.1/live_pipeline/update_subscriptions:0
[38519640ms] [ERROR] Failed to load resource: the server responded with a status of 429 () @ https://x.com/i/api/graphql/q4Npr1-FYRWyXsRzPckwEA/ViewerBadgeCounts?variables=%7B%7D:0
[38549649ms] [ERROR] Failed to load resource: the server responded with a status of 429 () @ https://x.com/i/api/graphql/q4Npr1-FYRWyXsRzPckwEA/ViewerBadgeCounts?variables=%7B%7D:0
[38579640ms] [ERROR] Failed to load resource: the server responded with a status of 429 () @ https://x.com/i/api/graphql/q4Npr1-FYRWyXsRzPckwEA/ViewerBadgeCounts?variables=%7B%7D:0
[38609640ms] [ERROR] Failed to load resource: the server responded with a status of 429 () @ https://x.com/i/api/graphql/q4Npr1-FYRWyXsRzPckwEA/ViewerBadgeCounts?variables=%7B%7D:0
[38639644ms] [ERROR] Failed to load resource: the server responded with a status of 429 () @ https://x.com/i/api/graphql/q4Npr1-FYRWyXsRzPckwEA/ViewerBadgeCounts?variables=%7B%7D:0
[39419640ms] [ERROR] Failed to load resource: the server responded with a status of 429 () @ https://x.com/i/api/graphql/q4Npr1-FYRWyXsRzPckwEA/ViewerBadgeCounts?variables=%7B%7D:0
[39449707ms] [ERROR] Failed to load resource: the server responded with a status of 429 () @ https://x.com/i/api/graphql/q4Npr1-FYRWyXsRzPckwEA/ViewerBadgeCounts?variables=%7B%7D:0
[39479630ms] [ERROR] Failed to load resource: the server responded with a status of 429 () @ https://x.com/i/api/graphql/q4Npr1-FYRWyXsRzPckwEA/ViewerBadgeCounts?variables=%7B%7D:0
[39509645ms] [ERROR] Failed to load resource: the server responded with a status of 429 () @ https://x.com/i/api/graphql/q4Npr1-FYRWyXsRzPckwEA/ViewerBadgeCounts?variables=%7B%7D:0
[39539640ms] [ERROR] Failed to load resource: the server responded with a status of 429 () @ https://x.com/i/api/graphql/q4Npr1-FYRWyXsRzPckwEA/ViewerBadgeCounts?variables=%7B%7D:0
[40319644ms] [ERROR] Failed to load resource: the server responded with a status of 429 () @ https://x.com/i/api/graphql/q4Npr1-FYRWyXsRzPckwEA/ViewerBadgeCounts?variables=%7B%7D:0
[40349640ms] [ERROR] Failed to load resource: the server responded with a status of 429 () @ https://x.com/i/api/graphql/q4Npr1-FYRWyXsRzPckwEA/ViewerBadgeCounts?variables=%7B%7D:0
[40379644ms] [ERROR] Failed to load resource: the server responded with a status of 429 () @ https://x.com/i/api/graphql/q4Npr1-FYRWyXsRzPckwEA/ViewerBadgeCounts?variables=%7B%7D:0
[40409644ms] [ERROR] Failed to load resource: the server responded with a status of 429 () @ https://x.com/i/api/graphql/q4Npr1-FYRWyXsRzPckwEA/ViewerBadgeCounts?variables=%7B%7D:0
[40439644ms] [ERROR] Failed to load resource: the server responded with a status of 429 () @ https://x.com/i/api/graphql/q4Npr1-FYRWyXsRzPckwEA/ViewerBadgeCounts?variables=%7B%7D:0
[40792476ms] [ERROR] Failed to load resource: the server responded with a status of 400 () @ https://api.x.com/1.1/live_pipeline/update_subscriptions:0
[41219640ms] [ERROR] Failed to load resource: the server responded with a status of 429 () @ https://x.com/i/api/graphql/q4Npr1-FYRWyXsRzPckwEA/ViewerBadgeCounts?variables=%7B%7D:0
[41249717ms] [ERROR] Failed to load resource: the server responded with a status of 429 () @ https://x.com/i/api/graphql/q4Npr1-FYRWyXsRzPckwEA/ViewerBadgeCounts?variables=%7B%7D:0
[41279633ms] [ERROR] Failed to load resource: the server responded with a status of 429 () @ https://x.com/i/api/graphql/q4Npr1-FYRWyXsRzPckwEA/ViewerBadgeCounts?variables=%7B%7D:0
[41309644ms] [ERROR] Failed to load resource: the server responded with a status of 429 () @ https://x.com/i/api/graphql/q4Npr1-FYRWyXsRzPckwEA/ViewerBadgeCounts?variables=%7B%7D:0
[41339644ms] [ERROR] Failed to load resource: the server responded with a status of 429 () @ https://x.com/i/api/graphql/q4Npr1-FYRWyXsRzPckwEA/ViewerBadgeCounts?variables=%7B%7D:0
[42119648ms] [ERROR] Failed to load resource: the server responded with a status of 429 () @ https://x.com/i/api/graphql/q4Npr1-FYRWyXsRzPckwEA/ViewerBadgeCounts?variables=%7B%7D:0
[42149640ms] [ERROR] Failed to load resource: the server responded with a status of 429 () @ https://x.com/i/api/graphql/q4Npr1-FYRWyXsRzPckwEA/ViewerBadgeCounts?variables=%7B%7D:0
[42179640ms] [ERROR] Failed to load resource: the server responded with a status of 429 () @ https://x.com/i/api/graphql/q4Npr1-FYRWyXsRzPckwEA/ViewerBadgeCounts?variables=%7B%7D:0
[42209648ms] [ERROR] Failed to load resource: the server responded with a status of 429 () @ https://x.com/i/api/graphql/q4Npr1-FYRWyXsRzPckwEA/ViewerBadgeCounts?variables=%7B%7D:0
[42239640ms] [ERROR] Failed to load resource: the server responded with a status of 429 () @ https://x.com/i/api/graphql/q4Npr1-FYRWyXsRzPckwEA/ViewerBadgeCounts?variables=%7B%7D:0
[43019648ms] [ERROR] Failed to load resource: the server responded with a status of 429 () @ https://x.com/i/api/graphql/q4Npr1-FYRWyXsRzPckwEA/ViewerBadgeCounts?variables=%7B%7D:0
[43049699ms] [ERROR] Failed to load resource: the server responded with a status of 429 () @ https://x.com/i/api/graphql/q4Npr1-FYRWyXsRzPckwEA/ViewerBadgeCounts?variables=%7B%7D:0
[43079628ms] [ERROR] Failed to load resource: the server responded with a status of 429 () @ https://x.com/i/api/graphql/q4Npr1-FYRWyXsRzPckwEA/ViewerBadgeCounts?variables=%7B%7D:0
[43109640ms] [ERROR] Failed to load resource: the server responded with a status of 429 () @ https://x.com/i/api/graphql/q4Npr1-FYRWyXsRzPckwEA/ViewerBadgeCounts?variables=%7B%7D:0
[43139644ms] [ERROR] Failed to load resource: the server responded with a status of 429 () @ https://x.com/i/api/graphql/q4Npr1-FYRWyXsRzPckwEA/ViewerBadgeCounts?variables=%7B%7D:0
[43493633ms] [ERROR] Failed to load resource: the server responded with a status of 400 () @ https://api.x.com/1.1/live_pipeline/update_subscriptions:0
[43919644ms] [ERROR] Failed to load resource: the server responded with a status of 429 () @ https://x.com/i/api/graphql/q4Npr1-FYRWyXsRzPckwEA/ViewerBadgeCounts?variables=%7B%7D:0
[43949682ms] [ERROR] Failed to load resource: the server responded with a status of 429 () @ https://x.com/i/api/graphql/q4Npr1-FYRWyXsRzPckwEA/ViewerBadgeCounts?variables=%7B%7D:0
[43979643ms] [ERROR] Failed to load resource: the server responded with a status of 429 () @ https://x.com/i/api/graphql/q4Npr1-FYRWyXsRzPckwEA/ViewerBadgeCounts?variables=%7B%7D:0
[44009640ms] [ERROR] Failed to load resource: the server responded with a status of 429 () @ https://x.com/i/api/graphql/q4Npr1-FYRWyXsRzPckwEA/ViewerBadgeCounts?variables=%7B%7D:0
[44039652ms] [ERROR] Failed to load resource: the server responded with a status of 429 () @ https://x.com/i/api/graphql/q4Npr1-FYRWyXsRzPckwEA/ViewerBadgeCounts?variables=%7B%7D:0
[44819640ms] [ERROR] Failed to load resource: the server responded with a status of 429 () @ https://x.com/i/api/graphql/q4Npr1-FYRWyXsRzPckwEA/ViewerBadgeCounts?variables=%7B%7D:0
[44849712ms] [ERROR] Failed to load resource: the server responded with a status of 429 () @ https://x.com/i/api/graphql/q4Npr1-FYRWyXsRzPckwEA/ViewerBadgeCounts?variables=%7B%7D:0
[44879643ms] [ERROR] Failed to load resource: the server responded with a status of 429 () @ https://x.com/i/api/graphql/q4Npr1-FYRWyXsRzPckwEA/ViewerBadgeCounts?variables=%7B%7D:0
[44909648ms] [ERROR] Failed to load resource: the server responded with a status of 429 () @ https://x.com/i/api/graphql/q4Npr1-FYRWyXsRzPckwEA/ViewerBadgeCounts?variables=%7B%7D:0
[44939652ms] [ERROR] Failed to load resource: the server responded with a status of 429 () @ https://x.com/i/api/graphql/q4Npr1-FYRWyXsRzPckwEA/ViewerBadgeCounts?variables=%7B%7D:0
[45719644ms] [ERROR] Failed to load resource: the server responded with a status of 429 () @ https://x.com/i/api/graphql/q4Npr1-FYRWyXsRzPckwEA/ViewerBadgeCounts?variables=%7B%7D:0
[45749648ms] [ERROR] Failed to load resource: the server responded with a status of 429 () @ https://x.com/i/api/graphql/q4Npr1-FYRWyXsRzPckwEA/ViewerBadgeCounts?variables=%7B%7D:0
[45779645ms] [ERROR] Failed to load resource: the server responded with a status of 429 () @ https://x.com/i/api/graphql/q4Npr1-FYRWyXsRzPckwEA/ViewerBadgeCounts?variables=%7B%7D:0
[45809640ms] [ERROR] Failed to load resource: the server responded with a status of 429 () @ https://x.com/i/api/graphql/q4Npr1-FYRWyXsRzPckwEA/ViewerBadgeCounts?variables=%7B%7D:0
[45839644ms] [ERROR] Failed to load resource: the server responded with a status of 429 () @ https://x.com/i/api/graphql/q4Npr1-FYRWyXsRzPckwEA/ViewerBadgeCounts?variables=%7B%7D:0
[46048742ms] [ERROR] Failed to load resource: net::ERR_CONNECTION_CLOSED @ https://api.x.com/live_pipeline/events?topic=%2Flive_content%2F1699850234,%2Ftweet_engagement%2F2105051153599811684,%2Ftweet_engagement%2F2105060523700347380,%2Ftweet_engagement%2F2105057048849248685,%2Ftweet_engagement%2F2105081553294356564,%2Ftweet_engagement%2F2105092587702960488:0
[46094860ms] [ERROR] Failed to load resource: the server responded with a status of 400 () @ https://api.x.com/1.1/live_pipeline/update_subscriptions:0
[46099107ms] [ERROR] Failed to load resource: net::ERR_CONNECTION_CLOSED @ https://api.x.com/live_pipeline/events?topic=%2Flive_content%2F1699850234,%2Ftweet_engagement%2F2105051153599811684,%2Ftweet_engagement%2F2105060523700347380,%2Ftweet_engagement%2F2105057048849248685,%2Ftweet_engagement%2F2105081553294356564,%2Ftweet_engagement%2F2105092587702960488:0
[46196099ms] [ERROR] Failed to load resource: the server responded with a status of 400 () @ https://api.x.com/1.1/live_pipeline/update_subscriptions:0
[46619647ms] [ERROR] Failed to load resource: the server responded with a status of 429 () @ https://x.com/i/api/graphql/q4Npr1-FYRWyXsRzPckwEA/ViewerBadgeCounts?variables=%7B%7D:0
[46649712ms] [ERROR] Failed to load resource: the server responded with a status of 429 () @ https://x.com/i/api/graphql/q4Npr1-FYRWyXsRzPckwEA/ViewerBadgeCounts?variables=%7B%7D:0
[46679666ms] [ERROR] Failed to load resource: the server responded with a status of 429 () @ https://x.com/i/api/graphql/q4Npr1-FYRWyXsRzPckwEA/ViewerBadgeCounts?variables=%7B%7D:0
[46709639ms] [ERROR] Failed to load resource: the server responded with a status of 429 () @ https://x.com/i/api/graphql/q4Npr1-FYRWyXsRzPckwEA/ViewerBadgeCounts?variables=%7B%7D:0
[46739640ms] [ERROR] Failed to load resource: the server responded with a status of 429 () @ https://x.com/i/api/graphql/q4Npr1-FYRWyXsRzPckwEA/ViewerBadgeCounts?variables=%7B%7D:0
[47217107ms] [ERROR] Failed to load resource: net::ERR_HTTP2_PROTOCOL_ERROR @ https://api.x.com/live_pipeline/events?topic=%2Flive_content%2F1699850234,%2Ftweet_engagement%2F2105051153599811684,%2Ftweet_engagement%2F2105060523700347380,%2Ftweet_engagement%2F2105057048849248685,%2Ftweet_engagement%2F2105081553294356564,%2Ftweet_engagement%2F2105092587702960488:0
[47297305ms] [ERROR] Failed to load resource: the server responded with a status of 400 () @ https://api.x.com/1.1/live_pipeline/update_subscriptions:0
[47519650ms] [ERROR] Failed to load resource: the server responded with a status of 429 () @ https://x.com/i/api/graphql/q4Npr1-FYRWyXsRzPckwEA/ViewerBadgeCounts?variables=%7B%7D:0
[47549645ms] [ERROR] Failed to load resource: the server responded with a status of 429 () @ https://x.com/i/api/graphql/q4Npr1-FYRWyXsRzPckwEA/ViewerBadgeCounts?variables=%7B%7D:0
[47579643ms] [ERROR] Failed to load resource: the server responded with a status of 429 () @ https://x.com/i/api/graphql/q4Npr1-FYRWyXsRzPckwEA/ViewerBadgeCounts?variables=%7B%7D:0
[47609644ms] [ERROR] Failed to load resource: the server responded with a status of 429 () @ https://x.com/i/api/graphql/q4Npr1-FYRWyXsRzPckwEA/ViewerBadgeCounts?variables=%7B%7D:0
[47639647ms] [ERROR] Failed to load resource: the server responded with a status of 429 () @ https://x.com/i/api/graphql/q4Npr1-FYRWyXsRzPckwEA/ViewerBadgeCounts?variables=%7B%7D:0
[48419642ms] [ERROR] Failed to load resource: the server responded with a status of 429 () @ https://x.com/i/api/graphql/q4Npr1-FYRWyXsRzPckwEA/ViewerBadgeCounts?variables=%7B%7D:0
[48449716ms] [ERROR] Failed to load resource: the server responded with a status of 429 () @ https://x.com/i/api/graphql/q4Npr1-FYRWyXsRzPckwEA/ViewerBadgeCounts?variables=%7B%7D:0
[48479631ms] [ERROR] Failed to load resource: the server responded with a status of 429 () @ https://x.com/i/api/graphql/q4Npr1-FYRWyXsRzPckwEA/ViewerBadgeCounts?variables=%7B%7D:0
[48509640ms] [ERROR] Failed to load resource: the server responded with a status of 429 () @ https://x.com/i/api/graphql/q4Npr1-FYRWyXsRzPckwEA/ViewerBadgeCounts?variables=%7B%7D:0
[48539646ms] [ERROR] Failed to load resource: the server responded with a status of 429 () @ https://x.com/i/api/graphql/q4Npr1-FYRWyXsRzPckwEA/ViewerBadgeCounts?variables=%7B%7D:0
[49319640ms] [ERROR] Failed to load resource: the server responded with a status of 429 () @ https://x.com/i/api/graphql/q4Npr1-FYRWyXsRzPckwEA/ViewerBadgeCounts?variables=%7B%7D:0
[49349644ms] [ERROR] Failed to load resource: the server responded with a status of 429 () @ https://x.com/i/api/graphql/q4Npr1-FYRWyXsRzPckwEA/ViewerBadgeCounts?variables=%7B%7D:0
[49379640ms] [ERROR] Failed to load resource: the server responded with a status of 429 () @ https://x.com/i/api/graphql/q4Npr1-FYRWyXsRzPckwEA/ViewerBadgeCounts?variables=%7B%7D:0
[49409644ms] [ERROR] Failed to load resource: the server responded with a status of 429 () @ https://x.com/i/api/graphql/q4Npr1-FYRWyXsRzPckwEA/ViewerBadgeCounts?variables=%7B%7D:0
[49439644ms] [ERROR] Failed to load resource: the server responded with a status of 429 () @ https://x.com/i/api/graphql/q4Npr1-FYRWyXsRzPckwEA/ViewerBadgeCounts?variables=%7B%7D:0
[49998482ms] [ERROR] Failed to load resource: the server responded with a status of 400 () @ https://api.x.com/1.1/live_pipeline/update_subscriptions:0
[50219644ms] [ERROR] Failed to load resource: the server responded with a status of 429 () @ https://x.com/i/api/graphql/q4Npr1-FYRWyXsRzPckwEA/ViewerBadgeCounts?variables=%7B%7D:0
[50249700ms] [ERROR] Failed to load resource: the server responded with a status of 429 () @ https://x.com/i/api/graphql/q4Npr1-FYRWyXsRzPckwEA/ViewerBadgeCounts?variables=%7B%7D:0
[50279633ms] [ERROR] Failed to load resource: the server responded with a status of 429 () @ https://x.com/i/api/graphql/q4Npr1-FYRWyXsRzPckwEA/ViewerBadgeCounts?variables=%7B%7D:0
[50309640ms] [ERROR] Failed to load resource: the server responded with a status of 429 () @ https://x.com/i/api/graphql/q4Npr1-FYRWyXsRzPckwEA/ViewerBadgeCounts?variables=%7B%7D:0
[50339645ms] [ERROR] Failed to load resource: the server responded with a status of 429 () @ https://x.com/i/api/graphql/q4Npr1-FYRWyXsRzPckwEA/ViewerBadgeCounts?variables=%7B%7D:0
[51119644ms] [ERROR] Failed to load resource: the server responded with a status of 429 () @ https://x.com/i/api/graphql/q4Npr1-FYRWyXsRzPckwEA/ViewerBadgeCounts?variables=%7B%7D:0
[51149639ms] [ERROR] Failed to load resource: the server responded with a status of 429 () @ https://x.com/i/api/graphql/q4Npr1-FYRWyXsRzPckwEA/ViewerBadgeCounts?variables=%7B%7D:0
[51179676ms] [ERROR] Failed to load resource: the server responded with a status of 429 () @ https://x.com/i/api/graphql/q4Npr1-FYRWyXsRzPckwEA/ViewerBadgeCounts?variables=%7B%7D:0
[51209643ms] [ERROR] Failed to load resource: the server responded with a status of 429 () @ https://x.com/i/api/graphql/q4Npr1-FYRWyXsRzPckwEA/ViewerBadgeCounts?variables=%7B%7D:0
[51239648ms] [ERROR] Failed to load resource: the server responded with a status of 429 () @ https://x.com/i/api/graphql/q4Npr1-FYRWyXsRzPckwEA/ViewerBadgeCounts?variables=%7B%7D:0
[51458904ms] [ERROR] Failed to load resource: net::ERR_CONNECTION_CLOSED @ https://api.x.com/live_pipeline/events?topic=%2Flive_content%2F1699850234,%2Ftweet_engagement%2F2105051153599811684,%2Ftweet_engagement%2F2105060523700347380,%2Ftweet_engagement%2F2105057048849248685,%2Ftweet_engagement%2F2105081553294356564,%2Ftweet_engagement%2F2105092587702960488:0
[51499667ms] [ERROR] Failed to load resource: the server responded with a status of 400 () @ https://api.x.com/1.1/live_pipeline/update_subscriptions:0
[52019644ms] [ERROR] Failed to load resource: the server responded with a status of 429 () @ https://x.com/i/api/graphql/q4Npr1-FYRWyXsRzPckwEA/ViewerBadgeCounts?variables=%7B%7D:0
[52049769ms] [ERROR] Failed to load resource: the server responded with a status of 429 () @ https://x.com/i/api/graphql/q4Npr1-FYRWyXsRzPckwEA/ViewerBadgeCounts?variables=%7B%7D:0
[52079638ms] [ERROR] Failed to load resource: the server responded with a status of 429 () @ https://x.com/i/api/graphql/q4Npr1-FYRWyXsRzPckwEA/ViewerBadgeCounts?variables=%7B%7D:0
[52109644ms] [ERROR] Failed to load resource: the server responded with a status of 429 () @ https://x.com/i/api/graphql/q4Npr1-FYRWyXsRzPckwEA/ViewerBadgeCounts?variables=%7B%7D:0
[52139644ms] [ERROR] Failed to load resource: the server responded with a status of 429 () @ https://x.com/i/api/graphql/q4Npr1-FYRWyXsRzPckwEA/ViewerBadgeCounts?variables=%7B%7D:0
[52919644ms] [ERROR] Failed to load resource: the server responded with a status of 429 () @ https://x.com/i/api/graphql/q4Npr1-FYRWyXsRzPckwEA/ViewerBadgeCounts?variables=%7B%7D:0
[52949644ms] [ERROR] Failed to load resource: the server responded with a status of 429 () @ https://x.com/i/api/graphql/q4Npr1-FYRWyXsRzPckwEA/ViewerBadgeCounts?variables=%7B%7D:0
[52979643ms] [ERROR] Failed to load resource: the server responded with a status of 429 () @ https://x.com/i/api/graphql/q4Npr1-FYRWyXsRzPckwEA/ViewerBadgeCounts?variables=%7B%7D:0
[53009639ms] [ERROR] Failed to load resource: the server responded with a status of 429 () @ https://x.com/i/api/graphql/q4Npr1-FYRWyXsRzPckwEA/ViewerBadgeCounts?variables=%7B%7D:0
[53039648ms] [ERROR] Failed to load resource: the server responded with a status of 429 () @ https://x.com/i/api/graphql/q4Npr1-FYRWyXsRzPckwEA/ViewerBadgeCounts?variables=%7B%7D:0
[53819644ms] [ERROR] Failed to load resource: the server responded with a status of 429 () @ https://x.com/i/api/graphql/q4Npr1-FYRWyXsRzPckwEA/ViewerBadgeCounts?variables=%7B%7D:0
[53849711ms] [ERROR] Failed to load resource: the server responded with a status of 429 () @ https://x.com/i/api/graphql/q4Npr1-FYRWyXsRzPckwEA/ViewerBadgeCounts?variables=%7B%7D:0
[53879643ms] [ERROR] Failed to load resource: the server responded with a status of 429 () @ https://x.com/i/api/graphql/q4Npr1-FYRWyXsRzPckwEA/ViewerBadgeCounts?variables=%7B%7D:0
[53909644ms] [ERROR] Failed to load resource: the server responded with a status of 429 () @ https://x.com/i/api/graphql/q4Npr1-FYRWyXsRzPckwEA/ViewerBadgeCounts?variables=%7B%7D:0
[53939648ms] [ERROR] Failed to load resource: the server responded with a status of 429 () @ https://x.com/i/api/graphql/q4Npr1-FYRWyXsRzPckwEA/ViewerBadgeCounts?variables=%7B%7D:0
[54200836ms] [ERROR] Failed to load resource: the server responded with a status of 400 () @ https://api.x.com/1.1/live_pipeline/update_subscriptions:0
[54719640ms] [ERROR] Failed to load resource: the server responded with a status of 429 () @ https://x.com/i/api/graphql/q4Npr1-FYRWyXsRzPckwEA/ViewerBadgeCounts?variables=%7B%7D:0
[54749652ms] [ERROR] Failed to load resource: the server responded with a status of 429 () @ https://x.com/i/api/graphql/q4Npr1-FYRWyXsRzPckwEA/ViewerBadgeCounts?variables=%7B%7D:0
[54779643ms] [ERROR] Failed to load resource: the server responded with a status of 429 () @ https://x.com/i/api/graphql/q4Npr1-FYRWyXsRzPckwEA/ViewerBadgeCounts?variables=%7B%7D:0
[54809648ms] [ERROR] Failed to load resource: the server responded with a status of 429 () @ https://x.com/i/api/graphql/q4Npr1-FYRWyXsRzPckwEA/ViewerBadgeCounts?variables=%7B%7D:0
[54839645ms] [ERROR] Failed to load resource: the server responded with a status of 429 () @ https://x.com/i/api/graphql/q4Npr1-FYRWyXsRzPckwEA/ViewerBadgeCounts?variables=%7B%7D:0
[55529673ms] [ERROR] Failed to load resource: the server responded with a status of 429 () @ https://x.com/i/api/graphql/q4Npr1-FYRWyXsRzPckwEA/ViewerBadgeCounts?variables=%7B%7D:0
[55559656ms] [ERROR] Failed to load resource: the server responded with a status of 429 () @ https://x.com/i/api/graphql/q4Npr1-FYRWyXsRzPckwEA/ViewerBadgeCounts?variables=%7B%7D:0
[55589644ms] [ERROR] Failed to load resource: the server responded with a status of 429 () @ https://x.com/i/api/graphql/q4Npr1-FYRWyXsRzPckwEA/ViewerBadgeCounts?variables=%7B%7D:0
[55619644ms] [ERROR] Failed to load resource: the server responded with a status of 429 () @ https://x.com/i/api/graphql/q4Npr1-FYRWyXsRzPckwEA/ViewerBadgeCounts?variables=%7B%7D:0
[55649728ms] [ERROR] Failed to load resource: the server responded with a status of 429 () @ https://x.com/i/api/graphql/q4Npr1-FYRWyXsRzPckwEA/ViewerBadgeCounts?variables=%7B%7D:0
[55679663ms] [ERROR] Failed to load resource: the server responded with a status of 429 () @ https://x.com/i/api/graphql/q4Npr1-FYRWyXsRzPckwEA/ViewerBadgeCounts?variables=%7B%7D:0
[55709654ms] [ERROR] Failed to load resource: the server responded with a status of 429 () @ https://x.com/i/api/graphql/q4Npr1-FYRWyXsRzPckwEA/ViewerBadgeCounts?variables=%7B%7D:0
[55739643ms] [ERROR] Failed to load resource: the server responded with a status of 429 () @ https://x.com/i/api/graphql/q4Npr1-FYRWyXsRzPckwEA/ViewerBadgeCounts?variables=%7B%7D:0
[56309641ms] [ERROR] Failed to load resource: the server responded with a status of 429 () @ https://x.com/i/api/graphql/q4Npr1-FYRWyXsRzPckwEA/ViewerBadgeCounts?variables=%7B%7D:0
[56339644ms] [ERROR] Failed to load resource: the server responded with a status of 429 () @ https://x.com/i/api/graphql/q4Npr1-FYRWyXsRzPckwEA/ViewerBadgeCounts?variables=%7B%7D:0
[56369628ms] [ERROR] Failed to load resource: the server responded with a status of 429 () @ https://x.com/i/api/graphql/q4Npr1-FYRWyXsRzPckwEA/ViewerBadgeCounts?variables=%7B%7D:0
[56399630ms] [ERROR] Failed to load resource: the server responded with a status of 429 () @ https://x.com/i/api/graphql/q4Npr1-FYRWyXsRzPckwEA/ViewerBadgeCounts?variables=%7B%7D:0
[56429648ms] [ERROR] Failed to load resource: the server responded with a status of 429 () @ https://x.com/i/api/graphql/q4Npr1-FYRWyXsRzPckwEA/ViewerBadgeCounts?variables=%7B%7D:0
[56459647ms] [ERROR] Failed to load resource: the server responded with a status of 429 () @ https://x.com/i/api/graphql/q4Npr1-FYRWyXsRzPckwEA/ViewerBadgeCounts?variables=%7B%7D:0
[56489652ms] [ERROR] Failed to load resource: the server responded with a status of 429 () @ https://x.com/i/api/graphql/q4Npr1-FYRWyXsRzPckwEA/ViewerBadgeCounts?variables=%7B%7D:0
[56519655ms] [ERROR] Failed to load resource: the server responded with a status of 429 () @ https://x.com/i/api/graphql/q4Npr1-FYRWyXsRzPckwEA/ViewerBadgeCounts?variables=%7B%7D:0
[56549644ms] [ERROR] Failed to load resource: the server responded with a status of 429 () @ https://x.com/i/api/graphql/q4Npr1-FYRWyXsRzPckwEA/ViewerBadgeCounts?variables=%7B%7D:0
[56579644ms] [ERROR] Failed to load resource: the server responded with a status of 429 () @ https://x.com/i/api/graphql/q4Npr1-FYRWyXsRzPckwEA/ViewerBadgeCounts?variables=%7B%7D:0
[56609645ms] [ERROR] Failed to load resource: the server responded with a status of 429 () @ https://x.com/i/api/graphql/q4Npr1-FYRWyXsRzPckwEA/ViewerBadgeCounts?variables=%7B%7D:0
[56639644ms] [ERROR] Failed to load resource: the server responded with a status of 429 () @ https://x.com/i/api/graphql/q4Npr1-FYRWyXsRzPckwEA/ViewerBadgeCounts?variables=%7B%7D:0
[56901998ms] [ERROR] Failed to load resource: the server responded with a status of 400 () @ https://api.x.com/1.1/live_pipeline/update_subscriptions:0
[57209651ms] [ERROR] Failed to load resource: the server responded with a status of 429 () @ https://x.com/i/api/graphql/q4Npr1-FYRWyXsRzPckwEA/ViewerBadgeCounts?variables=%7B%7D:0
[57239648ms] [ERROR] Failed to load resource: the server responded with a status of 429 () @ https://x.com/i/api/graphql/q4Npr1-FYRWyXsRzPckwEA/ViewerBadgeCounts?variables=%7B%7D:0
[57269633ms] [ERROR] Failed to load resource: the server responded with a status of 429 () @ https://x.com/i/api/graphql/q4Npr1-FYRWyXsRzPckwEA/ViewerBadgeCounts?variables=%7B%7D:0
[57299634ms] [ERROR] Failed to load resource: the server responded with a status of 429 () @ https://x.com/i/api/graphql/q4Npr1-FYRWyXsRzPckwEA/ViewerBadgeCounts?variables=%7B%7D:0
[57329640ms] [ERROR] Failed to load resource: the server responded with a status of 429 () @ https://x.com/i/api/graphql/q4Npr1-FYRWyXsRzPckwEA/ViewerBadgeCounts?variables=%7B%7D:0
[57359645ms] [ERROR] Failed to load resource: the server responded with a status of 429 () @ https://x.com/i/api/graphql/q4Npr1-FYRWyXsRzPckwEA/ViewerBadgeCounts?variables=%7B%7D:0
[57389647ms] [ERROR] Failed to load resource: the server responded with a status of 429 () @ https://x.com/i/api/graphql/q4Npr1-FYRWyXsRzPckwEA/ViewerBadgeCounts?variables=%7B%7D:0
[57419643ms] [ERROR] Failed to load resource: the server responded with a status of 429 () @ https://x.com/i/api/graphql/q4Npr1-FYRWyXsRzPckwEA/ViewerBadgeCounts?variables=%7B%7D:0
[57449712ms] [ERROR] Failed to load resource: the server responded with a status of 429 () @ https://x.com/i/api/graphql/q4Npr1-FYRWyXsRzPckwEA/ViewerBadgeCounts?variables=%7B%7D:0
[57479642ms] [ERROR] Failed to load resource: the server responded with a status of 429 () @ https://x.com/i/api/graphql/q4Npr1-FYRWyXsRzPckwEA/ViewerBadgeCounts?variables=%7B%7D:0
[57509640ms] [ERROR] Failed to load resource: the server responded with a status of 429 () @ https://x.com/i/api/graphql/q4Npr1-FYRWyXsRzPckwEA/ViewerBadgeCounts?variables=%7B%7D:0
[57539644ms] [ERROR] Failed to load resource: the server responded with a status of 429 () @ https://x.com/i/api/graphql/q4Npr1-FYRWyXsRzPckwEA/ViewerBadgeCounts?variables=%7B%7D:0
[58319656ms] [ERROR] Failed to load resource: the server responded with a status of 429 () @ https://x.com/i/api/graphql/q4Npr1-FYRWyXsRzPckwEA/ViewerBadgeCounts?variables=%7B%7D:0
[58349644ms] [ERROR] Failed to load resource: the server responded with a status of 429 () @ https://x.com/i/api/graphql/q4Npr1-FYRWyXsRzPckwEA/ViewerBadgeCounts?variables=%7B%7D:0
[58379639ms] [ERROR] Failed to load resource: the server responded with a status of 429 () @ https://x.com/i/api/graphql/q4Npr1-FYRWyXsRzPckwEA/ViewerBadgeCounts?variables=%7B%7D:0
[58409644ms] [ERROR] Failed to load resource: the server responded with a status of 429 () @ https://x.com/i/api/graphql/q4Npr1-FYRWyXsRzPckwEA/ViewerBadgeCounts?variables=%7B%7D:0
[58439645ms] [ERROR] Failed to load resource: the server responded with a status of 429 () @ https://x.com/i/api/graphql/q4Npr1-FYRWyXsRzPckwEA/ViewerBadgeCounts?variables=%7B%7D:0
[59219650ms] [ERROR] Failed to load resource: the server responded with a status of 429 () @ https://x.com/i/api/graphql/q4Npr1-FYRWyXsRzPckwEA/ViewerBadgeCounts?variables=%7B%7D:0
[59249742ms] [ERROR] Failed to load resource: the server responded with a status of 429 () @ https://x.com/i/api/graphql/q4Npr1-FYRWyXsRzPckwEA/ViewerBadgeCounts?variables=%7B%7D:0
[59279639ms] [ERROR] Failed to load resource: the server responded with a status of 429 () @ https://x.com/i/api/graphql/q4Npr1-FYRWyXsRzPckwEA/ViewerBadgeCounts?variables=%7B%7D:0
[59309639ms] [ERROR] Failed to load resource: the server responded with a status of 429 () @ https://x.com/i/api/graphql/q4Npr1-FYRWyXsRzPckwEA/ViewerBadgeCounts?variables=%7B%7D:0
[59339643ms] [ERROR] Failed to load resource: the server responded with a status of 429 () @ https://x.com/i/api/graphql/q4Npr1-FYRWyXsRzPckwEA/ViewerBadgeCounts?variables=%7B%7D:0
[59603156ms] [ERROR] Failed to load resource: the server responded with a status of 400 () @ https://api.x.com/1.1/live_pipeline/update_subscriptions:0
[60119655ms] [ERROR] Failed to load resource: the server responded with a status of 429 () @ https://x.com/i/api/graphql/q4Npr1-FYRWyXsRzPckwEA/ViewerBadgeCounts?variables=%7B%7D:0
[60149640ms] [ERROR] Failed to load resource: the server responded with a status of 429 () @ https://x.com/i/api/graphql/q4Npr1-FYRWyXsRzPckwEA/ViewerBadgeCounts?variables=%7B%7D:0
[60179640ms] [ERROR] Failed to load resource: the server responded with a status of 429 () @ https://x.com/i/api/graphql/q4Npr1-FYRWyXsRzPckwEA/ViewerBadgeCounts?variables=%7B%7D:0
[60209673ms] [ERROR] Failed to load resource: the server responded with a status of 429 () @ https://x.com/i/api/graphql/q4Npr1-FYRWyXsRzPckwEA/ViewerBadgeCounts?variables=%7B%7D:0
[60239648ms] [ERROR] Failed to load resource: the server responded with a status of 429 () @ https://x.com/i/api/graphql/q4Npr1-FYRWyXsRzPckwEA/ViewerBadgeCounts?variables=%7B%7D:0
[61019658ms] [ERROR] Failed to load resource: the server responded with a status of 429 () @ https://x.com/i/api/graphql/q4Npr1-FYRWyXsRzPckwEA/ViewerBadgeCounts?variables=%7B%7D:0
[61049711ms] [ERROR] Failed to load resource: the server responded with a status of 429 () @ https://x.com/i/api/graphql/q4Npr1-FYRWyXsRzPckwEA/ViewerBadgeCounts?variables=%7B%7D:0
[61079636ms] [ERROR] Failed to load resource: the server responded with a status of 429 () @ https://x.com/i/api/graphql/q4Npr1-FYRWyXsRzPckwEA/ViewerBadgeCounts?variables=%7B%7D:0
[61109639ms] [ERROR] Failed to load resource: the server responded with a status of 429 () @ https://x.com/i/api/graphql/q4Npr1-FYRWyXsRzPckwEA/ViewerBadgeCounts?variables=%7B%7D:0
[61139673ms] [ERROR] Failed to load resource: the server responded with a status of 429 () @ https://x.com/i/api/graphql/q4Npr1-FYRWyXsRzPckwEA/ViewerBadgeCounts?variables=%7B%7D:0
[61404320ms] [ERROR] Failed to load resource: the server responded with a status of 400 () @ https://api.x.com/1.1/live_pipeline/update_subscriptions:0
[61919649ms] [ERROR] Failed to load resource: the server responded with a status of 429 () @ https://x.com/i/api/graphql/q4Npr1-FYRWyXsRzPckwEA/ViewerBadgeCounts?variables=%7B%7D:0
[61949643ms] [ERROR] Failed to load resource: the server responded with a status of 429 () @ https://x.com/i/api/graphql/q4Npr1-FYRWyXsRzPckwEA/ViewerBadgeCounts?variables=%7B%7D:0
[61979648ms] [ERROR] Failed to load resource: the server responded with a status of 429 () @ https://x.com/i/api/graphql/q4Npr1-FYRWyXsRzPckwEA/ViewerBadgeCounts?variables=%7B%7D:0
[62009645ms] [ERROR] Failed to load resource: the server responded with a status of 429 () @ https://x.com/i/api/graphql/q4Npr1-FYRWyXsRzPckwEA/ViewerBadgeCounts?variables=%7B%7D:0
[62039645ms] [ERROR] Failed to load resource: the server responded with a status of 429 () @ https://x.com/i/api/graphql/q4Npr1-FYRWyXsRzPckwEA/ViewerBadgeCounts?variables=%7B%7D:0
[62819648ms] [ERROR] Failed to load resource: the server responded with a status of 429 () @ https://x.com/i/api/graphql/q4Npr1-FYRWyXsRzPckwEA/ViewerBadgeCounts?variables=%7B%7D:0
[62849704ms] [ERROR] Failed to load resource: the server responded with a status of 429 () @ https://x.com/i/api/graphql/q4Npr1-FYRWyXsRzPckwEA/ViewerBadgeCounts?variables=%7B%7D:0
[62879640ms] [ERROR] Failed to load resource: the server responded with a status of 429 () @ https://x.com/i/api/graphql/q4Npr1-FYRWyXsRzPckwEA/ViewerBadgeCounts?variables=%7B%7D:0
[62909639ms] [ERROR] Failed to load resource: the server responded with a status of 429 () @ https://x.com/i/api/graphql/q4Npr1-FYRWyXsRzPckwEA/ViewerBadgeCounts?variables=%7B%7D:0
[62939640ms] [ERROR] Failed to load resource: the server responded with a status of 429 () @ https://x.com/i/api/graphql/q4Npr1-FYRWyXsRzPckwEA/ViewerBadgeCounts?variables=%7B%7D:0
[63719643ms] [ERROR] Failed to load resource: the server responded with a status of 429 () @ https://x.com/i/api/graphql/q4Npr1-FYRWyXsRzPckwEA/ViewerBadgeCounts?variables=%7B%7D:0
[63749640ms] [ERROR] Failed to load resource: the server responded with a status of 429 () @ https://x.com/i/api/graphql/q4Npr1-FYRWyXsRzPckwEA/ViewerBadgeCounts?variables=%7B%7D:0
[63779643ms] [ERROR] Failed to load resource: the server responded with a status of 429 () @ https://x.com/i/api/graphql/q4Npr1-FYRWyXsRzPckwEA/ViewerBadgeCounts?variables=%7B%7D:0
[63809665ms] [ERROR] Failed to load resource: the server responded with a status of 429 () @ https://x.com/i/api/graphql/q4Npr1-FYRWyXsRzPckwEA/ViewerBadgeCounts?variables=%7B%7D:0
[63839639ms] [ERROR] Failed to load resource: the server responded with a status of 429 () @ https://x.com/i/api/graphql/q4Npr1-FYRWyXsRzPckwEA/ViewerBadgeCounts?variables=%7B%7D:0
[64105506ms] [ERROR] Failed to load resource: the server responded with a status of 400 () @ https://api.x.com/1.1/live_pipeline/update_subscriptions:0
[64619649ms] [ERROR] Failed to load resource: the server responded with a status of 429 () @ https://x.com/i/api/graphql/q4Npr1-FYRWyXsRzPckwEA/ViewerBadgeCounts?variables=%7B%7D:0
[64649720ms] [ERROR] Failed to load resource: the server responded with a status of 429 () @ https://x.com/i/api/graphql/q4Npr1-FYRWyXsRzPckwEA/ViewerBadgeCounts?variables=%7B%7D:0
[64679636ms] [ERROR] Failed to load resource: the server responded with a status of 429 () @ https://x.com/i/api/graphql/q4Npr1-FYRWyXsRzPckwEA/ViewerBadgeCounts?variables=%7B%7D:0
[64709644ms] [ERROR] Failed to load resource: the server responded with a status of 429 () @ https://x.com/i/api/graphql/q4Npr1-FYRWyXsRzPckwEA/ViewerBadgeCounts?variables=%7B%7D:0
[64739644ms] [ERROR] Failed to load resource: the server responded with a status of 429 () @ https://x.com/i/api/graphql/q4Npr1-FYRWyXsRzPckwEA/ViewerBadgeCounts?variables=%7B%7D:0
[65519641ms] [ERROR] Failed to load resource: the server responded with a status of 429 () @ https://x.com/i/api/graphql/q4Npr1-FYRWyXsRzPckwEA/ViewerBadgeCounts?variables=%7B%7D:0
[65549644ms] [ERROR] Failed to load resource: the server responded with a status of 429 () @ https://x.com/i/api/graphql/q4Npr1-FYRWyXsRzPckwEA/ViewerBadgeCounts?variables=%7B%7D:0
[65579644ms] [ERROR] Failed to load resource: the server responded with a status of 429 () @ https://x.com/i/api/graphql/q4Npr1-FYRWyXsRzPckwEA/ViewerBadgeCounts?variables=%7B%7D:0
[65609639ms] [ERROR] Failed to load resource: the server responded with a status of 429 () @ https://x.com/i/api/graphql/q4Npr1-FYRWyXsRzPckwEA/ViewerBadgeCounts?variables=%7B%7D:0
[65639640ms] [ERROR] Failed to load resource: the server responded with a status of 429 () @ https://x.com/i/api/graphql/q4Npr1-FYRWyXsRzPckwEA/ViewerBadgeCounts?variables=%7B%7D:0
[66389642ms] [ERROR] Failed to load resource: the server responded with a status of 429 () @ https://x.com/i/api/graphql/q4Npr1-FYRWyXsRzPckwEA/ViewerBadgeCounts?variables=%7B%7D:0
[66419640ms] [ERROR] Failed to load resource: the server responded with a status of 429 () @ https://x.com/i/api/graphql/q4Npr1-FYRWyXsRzPckwEA/ViewerBadgeCounts?variables=%7B%7D:0
[66449705ms] [ERROR] Failed to load resource: the server responded with a status of 429 () @ https://x.com/i/api/graphql/q4Npr1-FYRWyXsRzPckwEA/ViewerBadgeCounts?variables=%7B%7D:0
[66479629ms] [ERROR] Failed to load resource: the server responded with a status of 429 () @ https://x.com/i/api/graphql/q4Npr1-FYRWyXsRzPckwEA/ViewerBadgeCounts?variables=%7B%7D:0
[66509640ms] [ERROR] Failed to load resource: the server responded with a status of 429 () @ https://x.com/i/api/graphql/q4Npr1-FYRWyXsRzPckwEA/ViewerBadgeCounts?variables=%7B%7D:0
[66539648ms] [ERROR] Failed to load resource: the server responded with a status of 429 () @ https://x.com/i/api/graphql/q4Npr1-FYRWyXsRzPckwEA/ViewerBadgeCounts?variables=%7B%7D:0
[66806695ms] [ERROR] Failed to load resource: the server responded with a status of 400 () @ https://api.x.com/1.1/live_pipeline/update_subscriptions:0
[67319647ms] [ERROR] Failed to load resource: the server responded with a status of 429 () @ https://x.com/i/api/graphql/q4Npr1-FYRWyXsRzPckwEA/ViewerBadgeCounts?variables=%7B%7D:0
[67349643ms] [ERROR] Failed to load resource: the server responded with a status of 429 () @ https://x.com/i/api/graphql/q4Npr1-FYRWyXsRzPckwEA/ViewerBadgeCounts?variables=%7B%7D:0
[67379644ms] [ERROR] Failed to load resource: the server responded with a status of 429 () @ https://x.com/i/api/graphql/q4Npr1-FYRWyXsRzPckwEA/ViewerBadgeCounts?variables=%7B%7D:0
[67409644ms] [ERROR] Failed to load resource: the server responded with a status of 429 () @ https://x.com/i/api/graphql/q4Npr1-FYRWyXsRzPckwEA/ViewerBadgeCounts?variables=%7B%7D:0
[67439639ms] [ERROR] Failed to load resource: the server responded with a status of 429 () @ https://x.com/i/api/graphql/q4Npr1-FYRWyXsRzPckwEA/ViewerBadgeCounts?variables=%7B%7D:0
[68009644ms] [ERROR] Failed to load resource: the server responded with a status of 429 () @ https://x.com/i/api/graphql/q4Npr1-FYRWyXsRzPckwEA/ViewerBadgeCounts?variables=%7B%7D:0
[68039644ms] [ERROR] Failed to load resource: the server responded with a status of 429 () @ https://x.com/i/api/graphql/q4Npr1-FYRWyXsRzPckwEA/ViewerBadgeCounts?variables=%7B%7D:0
[68069626ms] [ERROR] Failed to load resource: the server responded with a status of 429 () @ https://x.com/i/api/graphql/q4Npr1-FYRWyXsRzPckwEA/ViewerBadgeCounts?variables=%7B%7D:0
[68099639ms] [ERROR] Failed to load resource: the server responded with a status of 429 () @ https://x.com/i/api/graphql/q4Npr1-FYRWyXsRzPckwEA/ViewerBadgeCounts?variables=%7B%7D:0
[68129644ms] [ERROR] Failed to load resource: the server responded with a status of 429 () @ https://x.com/i/api/graphql/q4Npr1-FYRWyXsRzPckwEA/ViewerBadgeCounts?variables=%7B%7D:0
[68159645ms] [ERROR] Failed to load resource: the server responded with a status of 429 () @ https://x.com/i/api/graphql/q4Npr1-FYRWyXsRzPckwEA/ViewerBadgeCounts?variables=%7B%7D:0
[68189644ms] [ERROR] Failed to load resource: the server responded with a status of 429 () @ https://x.com/i/api/graphql/q4Npr1-FYRWyXsRzPckwEA/ViewerBadgeCounts?variables=%7B%7D:0
[68219645ms] [ERROR] Failed to load resource: the server responded with a status of 429 () @ https://x.com/i/api/graphql/q4Npr1-FYRWyXsRzPckwEA/ViewerBadgeCounts?variables=%7B%7D:0
[68249747ms] [ERROR] Failed to load resource: the server responded with a status of 429 () @ https://x.com/i/api/graphql/q4Npr1-FYRWyXsRzPckwEA/ViewerBadgeCounts?variables=%7B%7D:0
[68279657ms] [ERROR] Failed to load resource: the server responded with a status of 429 () @ https://x.com/i/api/graphql/q4Npr1-FYRWyXsRzPckwEA/ViewerBadgeCounts?variables=%7B%7D:0
[68309658ms] [ERROR] Failed to load resource: the server responded with a status of 429 () @ https://x.com/i/api/graphql/q4Npr1-FYRWyXsRzPckwEA/ViewerBadgeCounts?variables=%7B%7D:0
[68339656ms] [ERROR] Failed to load resource: the server responded with a status of 429 () @ https://x.com/i/api/graphql/q4Npr1-FYRWyXsRzPckwEA/ViewerBadgeCounts?variables=%7B%7D:0
[69119644ms] [ERROR] Failed to load resource: the server responded with a status of 429 () @ https://x.com/i/api/graphql/q4Npr1-FYRWyXsRzPckwEA/ViewerBadgeCounts?variables=%7B%7D:0
[69149639ms] [ERROR] Failed to load resource: the server responded with a status of 429 () @ https://x.com/i/api/graphql/q4Npr1-FYRWyXsRzPckwEA/ViewerBadgeCounts?variables=%7B%7D:0
[69179641ms] [ERROR] Failed to load resource: the server responded with a status of 429 () @ https://x.com/i/api/graphql/q4Npr1-FYRWyXsRzPckwEA/ViewerBadgeCounts?variables=%7B%7D:0
[69209640ms] [ERROR] Failed to load resource: the server responded with a status of 429 () @ https://x.com/i/api/graphql/q4Npr1-FYRWyXsRzPckwEA/ViewerBadgeCounts?variables=%7B%7D:0
[69239655ms] [ERROR] Failed to load resource: the server responded with a status of 429 () @ https://x.com/i/api/graphql/q4Npr1-FYRWyXsRzPckwEA/ViewerBadgeCounts?variables=%7B%7D:0
[69307879ms] [ERROR] Failed to load resource: the server responded with a status of 400 () @ https://api.x.com/1.1/live_pipeline/update_subscriptions:0
[70019627ms] [ERROR] Failed to load resource: the server responded with a status of 429 () @ https://x.com/i/api/graphql/q4Npr1-FYRWyXsRzPckwEA/ViewerBadgeCounts?variables=%7B%7D:0
[70049769ms] [ERROR] Failed to load resource: the server responded with a status of 429 () @ https://x.com/i/api/graphql/q4Npr1-FYRWyXsRzPckwEA/ViewerBadgeCounts?variables=%7B%7D:0
[70079639ms] [ERROR] Failed to load resource: the server responded with a status of 429 () @ https://x.com/i/api/graphql/q4Npr1-FYRWyXsRzPckwEA/ViewerBadgeCounts?variables=%7B%7D:0
[70109640ms] [ERROR] Failed to load resource: the server responded with a status of 429 () @ https://x.com/i/api/graphql/q4Npr1-FYRWyXsRzPckwEA/ViewerBadgeCounts?variables=%7B%7D:0
[70139684ms] [ERROR] Failed to load resource: the server responded with a status of 429 () @ https://x.com/i/api/graphql/q4Npr1-FYRWyXsRzPckwEA/ViewerBadgeCounts?variables=%7B%7D:0
[70919640ms] [ERROR] Failed to load resource: the server responded with a status of 429 () @ https://x.com/i/api/graphql/q4Npr1-FYRWyXsRzPckwEA/ViewerBadgeCounts?variables=%7B%7D:0
[70949640ms] [ERROR] Failed to load resource: the server responded with a status of 429 () @ https://x.com/i/api/graphql/q4Npr1-FYRWyXsRzPckwEA/ViewerBadgeCounts?variables=%7B%7D:0
[70979639ms] [ERROR] Failed to load resource: the server responded with a status of 429 () @ https://x.com/i/api/graphql/q4Npr1-FYRWyXsRzPckwEA/ViewerBadgeCounts?variables=%7B%7D:0
[71009639ms] [ERROR] Failed to load resource: the server responded with a status of 429 () @ https://x.com/i/api/graphql/q4Npr1-FYRWyXsRzPckwEA/ViewerBadgeCounts?variables=%7B%7D:0
[71039644ms] [ERROR] Failed to load resource: the server responded with a status of 429 () @ https://x.com/i/api/graphql/q4Npr1-FYRWyXsRzPckwEA/ViewerBadgeCounts?variables=%7B%7D:0
[71819640ms] [ERROR] Failed to load resource: the server responded with a status of 429 () @ https://x.com/i/api/graphql/q4Npr1-FYRWyXsRzPckwEA/ViewerBadgeCounts?variables=%7B%7D:0
[71849714ms] [ERROR] Failed to load resource: the server responded with a status of 429 () @ https://x.com/i/api/graphql/q4Npr1-FYRWyXsRzPckwEA/ViewerBadgeCounts?variables=%7B%7D:0
[71879637ms] [ERROR] Failed to load resource: the server responded with a status of 429 () @ https://x.com/i/api/graphql/q4Npr1-FYRWyXsRzPckwEA/ViewerBadgeCounts?variables=%7B%7D:0
[71909719ms] [ERROR] Failed to load resource: the server responded with a status of 429 () @ https://x.com/i/api/graphql/q4Npr1-FYRWyXsRzPckwEA/ViewerBadgeCounts?variables=%7B%7D:0
[71939635ms] [ERROR] Failed to load resource: the server responded with a status of 429 () @ https://x.com/i/api/graphql/q4Npr1-FYRWyXsRzPckwEA/ViewerBadgeCounts?variables=%7B%7D:0
[72009167ms] [ERROR] Failed to load resource: the server responded with a status of 400 () @ https://api.x.com/1.1/live_pipeline/update_subscriptions:0
[72719641ms] [ERROR] Failed to load resource: the server responded with a status of 429 () @ https://x.com/i/api/graphql/q4Npr1-FYRWyXsRzPckwEA/ViewerBadgeCounts?variables=%7B%7D:0
[72749652ms] [ERROR] Failed to load resource: the server responded with a status of 429 () @ https://x.com/i/api/graphql/q4Npr1-FYRWyXsRzPckwEA/ViewerBadgeCounts?variables=%7B%7D:0
[72779648ms] [ERROR] Failed to load resource: the server responded with a status of 429 () @ https://x.com/i/api/graphql/q4Npr1-FYRWyXsRzPckwEA/ViewerBadgeCounts?variables=%7B%7D:0
[72809639ms] [ERROR] Failed to load resource: the server responded with a status of 429 () @ https://x.com/i/api/graphql/q4Npr1-FYRWyXsRzPckwEA/ViewerBadgeCounts?variables=%7B%7D:0
[72839643ms] [ERROR] Failed to load resource: the server responded with a status of 429 () @ https://x.com/i/api/graphql/q4Npr1-FYRWyXsRzPckwEA/ViewerBadgeCounts?variables=%7B%7D:0
[73619640ms] [ERROR] Failed to load resource: the server responded with a status of 429 () @ https://x.com/i/api/graphql/q4Npr1-FYRWyXsRzPckwEA/ViewerBadgeCounts?variables=%7B%7D:0
[73649707ms] [ERROR] Failed to load resource: the server responded with a status of 429 () @ https://x.com/i/api/graphql/q4Npr1-FYRWyXsRzPckwEA/ViewerBadgeCounts?variables=%7B%7D:0
[73679629ms] [ERROR] Failed to load resource: the server responded with a status of 429 () @ https://x.com/i/api/graphql/q4Npr1-FYRWyXsRzPckwEA/ViewerBadgeCounts?variables=%7B%7D:0
[73709644ms] [ERROR] Failed to load resource: the server responded with a status of 429 () @ https://x.com/i/api/graphql/q4Npr1-FYRWyXsRzPckwEA/ViewerBadgeCounts?variables=%7B%7D:0
[73739644ms] [ERROR] Failed to load resource: the server responded with a status of 429 () @ https://x.com/i/api/graphql/q4Npr1-FYRWyXsRzPckwEA/ViewerBadgeCounts?variables=%7B%7D:0
[74519640ms] [ERROR] Failed to load resource: the server responded with a status of 429 () @ https://x.com/i/api/graphql/q4Npr1-FYRWyXsRzPckwEA/ViewerBadgeCounts?variables=%7B%7D:0
[74549639ms] [ERROR] Failed to load resource: the server responded with a status of 429 () @ https://x.com/i/api/graphql/q4Npr1-FYRWyXsRzPckwEA/ViewerBadgeCounts?variables=%7B%7D:0
[74579644ms] [ERROR] Failed to load resource: the server responded with a status of 429 () @ https://x.com/i/api/graphql/q4Npr1-FYRWyXsRzPckwEA/ViewerBadgeCounts?variables=%7B%7D:0
[74609644ms] [ERROR] Failed to load resource: the server responded with a status of 429 () @ https://x.com/i/api/graphql/q4Npr1-FYRWyXsRzPckwEA/ViewerBadgeCounts?variables=%7B%7D:0
[74639640ms] [ERROR] Failed to load resource: the server responded with a status of 429 () @ https://x.com/i/api/graphql/q4Npr1-FYRWyXsRzPckwEA/ViewerBadgeCounts?variables=%7B%7D:0
[74710324ms] [ERROR] Failed to load resource: the server responded with a status of 400 () @ https://api.x.com/1.1/live_pipeline/update_subscriptions:0
[75419644ms] [ERROR] Failed to load resource: the server responded with a status of 429 () @ https://x.com/i/api/graphql/q4Npr1-FYRWyXsRzPckwEA/ViewerBadgeCounts?variables=%7B%7D:0
[75449705ms] [ERROR] Failed to load resource: the server responded with a status of 429 () @ https://x.com/i/api/graphql/q4Npr1-FYRWyXsRzPckwEA/ViewerBadgeCounts?variables=%7B%7D:0
[75479641ms] [ERROR] Failed to load resource: the server responded with a status of 429 () @ https://x.com/i/api/graphql/q4Npr1-FYRWyXsRzPckwEA/ViewerBadgeCounts?variables=%7B%7D:0
[75509640ms] [ERROR] Failed to load resource: the server responded with a status of 429 () @ https://x.com/i/api/graphql/q4Npr1-FYRWyXsRzPckwEA/ViewerBadgeCounts?variables=%7B%7D:0
[75539639ms] [ERROR] Failed to load resource: the server responded with a status of 429 () @ https://x.com/i/api/graphql/q4Npr1-FYRWyXsRzPckwEA/ViewerBadgeCounts?variables=%7B%7D:0
[76011497ms] [ERROR] Failed to load resource: the server responded with a status of 400 () @ https://api.x.com/1.1/live_pipeline/update_subscriptions:0
[76319768ms] [ERROR] Failed to load resource: the server responded with a status of 429 () @ https://x.com/i/api/graphql/q4Npr1-FYRWyXsRzPckwEA/ViewerBadgeCounts?variables=%7B%7D:0
[76349652ms] [ERROR] Failed to load resource: the server responded with a status of 429 () @ https://x.com/i/api/graphql/q4Npr1-FYRWyXsRzPckwEA/ViewerBadgeCounts?variables=%7B%7D:0
[76379648ms] [ERROR] Failed to load resource: the server responded with a status of 429 () @ https://x.com/i/api/graphql/q4Npr1-FYRWyXsRzPckwEA/ViewerBadgeCounts?variables=%7B%7D:0
[76409639ms] [ERROR] Failed to load resource: the server responded with a status of 429 () @ https://x.com/i/api/graphql/q4Npr1-FYRWyXsRzPckwEA/ViewerBadgeCounts?variables=%7B%7D:0
[76439643ms] [ERROR] Failed to load resource: the server responded with a status of 429 () @ https://x.com/i/api/graphql/q4Npr1-FYRWyXsRzPckwEA/ViewerBadgeCounts?variables=%7B%7D:0
[77219639ms] [ERROR] Failed to load resource: the server responded with a status of 429 () @ https://x.com/i/api/graphql/q4Npr1-FYRWyXsRzPckwEA/ViewerBadgeCounts?variables=%7B%7D:0
[77249704ms] [ERROR] Failed to load resource: the server responded with a status of 429 () @ https://x.com/i/api/graphql/q4Npr1-FYRWyXsRzPckwEA/ViewerBadgeCounts?variables=%7B%7D:0
[77279635ms] [ERROR] Failed to load resource: the server responded with a status of 429 () @ https://x.com/i/api/graphql/q4Npr1-FYRWyXsRzPckwEA/ViewerBadgeCounts?variables=%7B%7D:0
[77309644ms] [ERROR] Failed to load resource: the server responded with a status of 429 () @ https://x.com/i/api/graphql/q4Npr1-FYRWyXsRzPckwEA/ViewerBadgeCounts?variables=%7B%7D:0
[77339647ms] [ERROR] Failed to load resource: the server responded with a status of 429 () @ https://x.com/i/api/graphql/q4Npr1-FYRWyXsRzPckwEA/ViewerBadgeCounts?variables=%7B%7D:0
[78119637ms] [ERROR] Failed to load resource: the server responded with a status of 429 () @ https://x.com/i/api/graphql/q4Npr1-FYRWyXsRzPckwEA/ViewerBadgeCounts?variables=%7B%7D:0
[78149640ms] [ERROR] Failed to load resource: the server responded with a status of 429 () @ https://x.com/i/api/graphql/q4Npr1-FYRWyXsRzPckwEA/ViewerBadgeCounts?variables=%7B%7D:0
[78179639ms] [ERROR] Failed to load resource: the server responded with a status of 429 () @ https://x.com/i/api/graphql/q4Npr1-FYRWyXsRzPckwEA/ViewerBadgeCounts?variables=%7B%7D:0
[78209672ms] [ERROR] Failed to load resource: the server responded with a status of 429 () @ https://x.com/i/api/graphql/q4Npr1-FYRWyXsRzPckwEA/ViewerBadgeCounts?variables=%7B%7D:0
[78239644ms] [ERROR] Failed to load resource: the server responded with a status of 429 () @ https://x.com/i/api/graphql/q4Npr1-FYRWyXsRzPckwEA/ViewerBadgeCounts?variables=%7B%7D:0
[78712695ms] [ERROR] Failed to load resource: the server responded with a status of 400 () @ https://api.x.com/1.1/live_pipeline/update_subscriptions:0
[79019644ms] [ERROR] Failed to load resource: the server responded with a status of 429 () @ https://x.com/i/api/graphql/q4Npr1-FYRWyXsRzPckwEA/ViewerBadgeCounts?variables=%7B%7D:0
[79049720ms] [ERROR] Failed to load resource: the server responded with a status of 429 () @ https://x.com/i/api/graphql/q4Npr1-FYRWyXsRzPckwEA/ViewerBadgeCounts?variables=%7B%7D:0
[79079630ms] [ERROR] Failed to load resource: the server responded with a status of 429 () @ https://x.com/i/api/graphql/q4Npr1-FYRWyXsRzPckwEA/ViewerBadgeCounts?variables=%7B%7D:0
[79109639ms] [ERROR] Failed to load resource: the server responded with a status of 429 () @ https://x.com/i/api/graphql/q4Npr1-FYRWyXsRzPckwEA/ViewerBadgeCounts?variables=%7B%7D:0
[79139651ms] [ERROR] Failed to load resource: the server responded with a status of 429 () @ https://x.com/i/api/graphql/q4Npr1-FYRWyXsRzPckwEA/ViewerBadgeCounts?variables=%7B%7D:0
[79738494ms] [ERROR] Failed to load resource: net::ERR_HTTP2_PROTOCOL_ERROR @ https://api.x.com/live_pipeline/events?topic=%2Flive_content%2F1699850234,%2Ftweet_engagement%2F2105051153599811684,%2Ftweet_engagement%2F2105060523700347380,%2Ftweet_engagement%2F2105057048849248685,%2Ftweet_engagement%2F2105081553294356564,%2Ftweet_engagement%2F2105092587702960488:0
[79913861ms] [ERROR] Failed to load resource: the server responded with a status of 400 () @ https://api.x.com/1.1/live_pipeline/update_subscriptions:0
[79921434ms] [ERROR] Failed to load resource: the server responded with a status of 429 () @ https://x.com/i/api/graphql/q4Npr1-FYRWyXsRzPckwEA/ViewerBadgeCounts?variables=%7B%7D:0
[79949639ms] [ERROR] Failed to load resource: the server responded with a status of 429 () @ https://x.com/i/api/graphql/q4Npr1-FYRWyXsRzPckwEA/ViewerBadgeCounts?variables=%7B%7D:0
[79979644ms] [ERROR] Failed to load resource: the server responded with a status of 429 () @ https://x.com/i/api/graphql/q4Npr1-FYRWyXsRzPckwEA/ViewerBadgeCounts?variables=%7B%7D:0
[80009639ms] [ERROR] Failed to load resource: the server responded with a status of 429 () @ https://x.com/i/api/graphql/q4Npr1-FYRWyXsRzPckwEA/ViewerBadgeCounts?variables=%7B%7D:0
[80039644ms] [ERROR] Failed to load resource: the server responded with a status of 429 () @ https://x.com/i/api/graphql/q4Npr1-FYRWyXsRzPckwEA/ViewerBadgeCounts?variables=%7B%7D:0
[80819648ms] [ERROR] Failed to load resource: the server responded with a status of 429 () @ https://x.com/i/api/graphql/q4Npr1-FYRWyXsRzPckwEA/ViewerBadgeCounts?variables=%7B%7D:0
[80849698ms] [ERROR] Failed to load resource: the server responded with a status of 429 () @ https://x.com/i/api/graphql/q4Npr1-FYRWyXsRzPckwEA/ViewerBadgeCounts?variables=%7B%7D:0
[80879638ms] [ERROR] Failed to load resource: the server responded with a status of 429 () @ https://x.com/i/api/graphql/q4Npr1-FYRWyXsRzPckwEA/ViewerBadgeCounts?variables=%7B%7D:0
[80909656ms] [ERROR] Failed to load resource: the server responded with a status of 429 () @ https://x.com/i/api/graphql/q4Npr1-FYRWyXsRzPckwEA/ViewerBadgeCounts?variables=%7B%7D:0
[80939652ms] [ERROR] Failed to load resource: the server responded with a status of 429 () @ https://x.com/i/api/graphql/q4Npr1-FYRWyXsRzPckwEA/ViewerBadgeCounts?variables=%7B%7D:0
[81719644ms] [ERROR] Failed to load resource: the server responded with a status of 429 () @ https://x.com/i/api/graphql/q4Npr1-FYRWyXsRzPckwEA/ViewerBadgeCounts?variables=%7B%7D:0
[81749640ms] [ERROR] Failed to load resource: the server responded with a status of 429 () @ https://x.com/i/api/graphql/q4Npr1-FYRWyXsRzPckwEA/ViewerBadgeCounts?variables=%7B%7D:0
[81779640ms] [ERROR] Failed to load resource: the server responded with a status of 429 () @ https://x.com/i/api/graphql/q4Npr1-FYRWyXsRzPckwEA/ViewerBadgeCounts?variables=%7B%7D:0
[81809644ms] [ERROR] Failed to load resource: the server responded with a status of 429 () @ https://x.com/i/api/graphql/q4Npr1-FYRWyXsRzPckwEA/ViewerBadgeCounts?variables=%7B%7D:0
[81839644ms] [ERROR] Failed to load resource: the server responded with a status of 429 () @ https://x.com/i/api/graphql/q4Npr1-FYRWyXsRzPckwEA/ViewerBadgeCounts?variables=%7B%7D:0
[82615022ms] [ERROR] Failed to load resource: the server responded with a status of 400 () @ https://api.x.com/1.1/live_pipeline/update_subscriptions:0
[82619639ms] [ERROR] Failed to load resource: the server responded with a status of 429 () @ https://x.com/i/api/graphql/q4Npr1-FYRWyXsRzPckwEA/ViewerBadgeCounts?variables=%7B%7D:0
[82649712ms] [ERROR] Failed to load resource: the server responded with a status of 429 () @ https://x.com/i/api/graphql/q4Npr1-FYRWyXsRzPckwEA/ViewerBadgeCounts?variables=%7B%7D:0
[82679623ms] [ERROR] Failed to load resource: the server responded with a status of 429 () @ https://x.com/i/api/graphql/q4Npr1-FYRWyXsRzPckwEA/ViewerBadgeCounts?variables=%7B%7D:0
[82709639ms] [ERROR] Failed to load resource: the server responded with a status of 429 () @ https://x.com/i/api/graphql/q4Npr1-FYRWyXsRzPckwEA/ViewerBadgeCounts?variables=%7B%7D:0
[82739640ms] [ERROR] Failed to load resource: the server responded with a status of 429 () @ https://x.com/i/api/graphql/q4Npr1-FYRWyXsRzPckwEA/ViewerBadgeCounts?variables=%7B%7D:0
[83519640ms] [ERROR] Failed to load resource: the server responded with a status of 429 () @ https://x.com/i/api/graphql/q4Npr1-FYRWyXsRzPckwEA/ViewerBadgeCounts?variables=%7B%7D:0
[83549639ms] [ERROR] Failed to load resource: the server responded with a status of 429 () @ https://x.com/i/api/graphql/q4Npr1-FYRWyXsRzPckwEA/ViewerBadgeCounts?variables=%7B%7D:0
[83579647ms] [ERROR] Failed to load resource: the server responded with a status of 429 () @ https://x.com/i/api/graphql/q4Npr1-FYRWyXsRzPckwEA/ViewerBadgeCounts?variables=%7B%7D:0
[83609643ms] [ERROR] Failed to load resource: the server responded with a status of 429 () @ https://x.com/i/api/graphql/q4Npr1-FYRWyXsRzPckwEA/ViewerBadgeCounts?variables=%7B%7D:0
[83639639ms] [ERROR] Failed to load resource: the server responded with a status of 429 () @ https://x.com/i/api/graphql/q4Npr1-FYRWyXsRzPckwEA/ViewerBadgeCounts?variables=%7B%7D:0
[84419639ms] [ERROR] Failed to load resource: the server responded with a status of 429 () @ https://x.com/i/api/graphql/q4Npr1-FYRWyXsRzPckwEA/ViewerBadgeCounts?variables=%7B%7D:0
[84449696ms] [ERROR] Failed to load resource: the server responded with a status of 429 () @ https://x.com/i/api/graphql/q4Npr1-FYRWyXsRzPckwEA/ViewerBadgeCounts?variables=%7B%7D:0
[84479626ms] [ERROR] Failed to load resource: the server responded with a status of 429 () @ https://x.com/i/api/graphql/q4Npr1-FYRWyXsRzPckwEA/ViewerBadgeCounts?variables=%7B%7D:0
[84509635ms] [ERROR] Failed to load resource: the server responded with a status of 429 () @ https://x.com/i/api/graphql/q4Npr1-FYRWyXsRzPckwEA/ViewerBadgeCounts?variables=%7B%7D:0
[84539640ms] [ERROR] Failed to load resource: the server responded with a status of 429 () @ https://x.com/i/api/graphql/q4Npr1-FYRWyXsRzPckwEA/ViewerBadgeCounts?variables=%7B%7D:0
[85316179ms] [ERROR] Failed to load resource: the server responded with a status of 400 () @ https://api.x.com/1.1/live_pipeline/update_subscriptions:0
[85319640ms] [ERROR] Failed to load resource: the server responded with a status of 429 () @ https://x.com/i/api/graphql/q4Npr1-FYRWyXsRzPckwEA/ViewerBadgeCounts?variables=%7B%7D:0
[85349651ms] [ERROR] Failed to load resource: the server responded with a status of 429 () @ https://x.com/i/api/graphql/q4Npr1-FYRWyXsRzPckwEA/ViewerBadgeCounts?variables=%7B%7D:0
[85379640ms] [ERROR] Failed to load resource: the server responded with a status of 429 () @ https://x.com/i/api/graphql/q4Npr1-FYRWyXsRzPckwEA/ViewerBadgeCounts?variables=%7B%7D:0
[85409656ms] [ERROR] Failed to load resource: the server responded with a status of 429 () @ https://x.com/i/api/graphql/q4Npr1-FYRWyXsRzPckwEA/ViewerBadgeCounts?variables=%7B%7D:0
[85439639ms] [ERROR] Failed to load resource: the server responded with a status of 429 () @ https://x.com/i/api/graphql/q4Npr1-FYRWyXsRzPckwEA/ViewerBadgeCounts?variables=%7B%7D:0
[86219647ms] [ERROR] Failed to load resource: the server responded with a status of 429 () @ https://x.com/i/api/graphql/q4Npr1-FYRWyXsRzPckwEA/ViewerBadgeCounts?variables=%7B%7D:0
[86249710ms] [ERROR] Failed to load resource: the server responded with a status of 429 () @ https://x.com/i/api/graphql/q4Npr1-FYRWyXsRzPckwEA/ViewerBadgeCounts?variables=%7B%7D:0
[86279661ms] [ERROR] Failed to load resource: the server responded with a status of 429 () @ https://x.com/i/api/graphql/q4Npr1-FYRWyXsRzPckwEA/ViewerBadgeCounts?variables=%7B%7D:0
[86309639ms] [ERROR] Failed to load resource: the server responded with a status of 429 () @ https://x.com/i/api/graphql/q4Npr1-FYRWyXsRzPckwEA/ViewerBadgeCounts?variables=%7B%7D:0
[86339643ms] [ERROR] Failed to load resource: the server responded with a status of 429 () @ https://x.com/i/api/graphql/q4Npr1-FYRWyXsRzPckwEA/ViewerBadgeCounts?variables=%7B%7D:0
[87119639ms] [ERROR] Failed to load resource: the server responded with a status of 429 () @ https://x.com/i/api/graphql/q4Npr1-FYRWyXsRzPckwEA/ViewerBadgeCounts?variables=%7B%7D:0
[87149656ms] [ERROR] Failed to load resource: the server responded with a status of 429 () @ https://x.com/i/api/graphql/q4Npr1-FYRWyXsRzPckwEA/ViewerBadgeCounts?variables=%7B%7D:0
[87179639ms] [ERROR] Failed to load resource: the server responded with a status of 429 () @ https://x.com/i/api/graphql/q4Npr1-FYRWyXsRzPckwEA/ViewerBadgeCounts?variables=%7B%7D:0
[87209639ms] [ERROR] Failed to load resource: the server responded with a status of 429 () @ https://x.com/i/api/graphql/q4Npr1-FYRWyXsRzPckwEA/ViewerBadgeCounts?variables=%7B%7D:0
[87239639ms] [ERROR] Failed to load resource: the server responded with a status of 429 () @ https://x.com/i/api/graphql/q4Npr1-FYRWyXsRzPckwEA/ViewerBadgeCounts?variables=%7B%7D:0
[88017335ms] [ERROR] Failed to load resource: the server responded with a status of 400 () @ https://api.x.com/1.1/live_pipeline/update_subscriptions:0
[88019643ms] [ERROR] Failed to load resource: the server responded with a status of 429 () @ https://x.com/i/api/graphql/q4Npr1-FYRWyXsRzPckwEA/ViewerBadgeCounts?variables=%7B%7D:0
[88049720ms] [ERROR] Failed to load resource: the server responded with a status of 429 () @ https://x.com/i/api/graphql/q4Npr1-FYRWyXsRzPckwEA/ViewerBadgeCounts?variables=%7B%7D:0
[88079627ms] [ERROR] Failed to load resource: the server responded with a status of 429 () @ https://x.com/i/api/graphql/q4Npr1-FYRWyXsRzPckwEA/ViewerBadgeCounts?variables=%7B%7D:0
[88109639ms] [ERROR] Failed to load resource: the server responded with a status of 429 () @ https://x.com/i/api/graphql/q4Npr1-FYRWyXsRzPckwEA/ViewerBadgeCounts?variables=%7B%7D:0
[88139651ms] [ERROR] Failed to load resource: the server responded with a status of 429 () @ https://x.com/i/api/graphql/q4Npr1-FYRWyXsRzPckwEA/ViewerBadgeCounts?variables=%7B%7D:0
[88919648ms] [ERROR] Failed to load resource: the server responded with a status of 429 () @ https://x.com/i/api/graphql/q4Npr1-FYRWyXsRzPckwEA/ViewerBadgeCounts?variables=%7B%7D:0
[88949639ms] [ERROR] Failed to load resource: the server responded with a status of 429 () @ https://x.com/i/api/graphql/q4Npr1-FYRWyXsRzPckwEA/ViewerBadgeCounts?variables=%7B%7D:0
[88979640ms] [ERROR] Failed to load resource: the server responded with a status of 429 () @ https://x.com/i/api/graphql/q4Npr1-FYRWyXsRzPckwEA/ViewerBadgeCounts?variables=%7B%7D:0
[89009639ms] [ERROR] Failed to load resource: the server responded with a status of 429 () @ https://x.com/i/api/graphql/q4Npr1-FYRWyXsRzPckwEA/ViewerBadgeCounts?variables=%7B%7D:0
[89039640ms] [ERROR] Failed to load resource: the server responded with a status of 429 () @ https://x.com/i/api/graphql/q4Npr1-FYRWyXsRzPckwEA/ViewerBadgeCounts?variables=%7B%7D:0
[89819628ms] [ERROR] Failed to load resource: the server responded with a status of 429 () @ https://x.com/i/api/graphql/q4Npr1-FYRWyXsRzPckwEA/ViewerBadgeCounts?variables=%7B%7D:0
[89849704ms] [ERROR] Failed to load resource: the server responded with a status of 429 () @ https://x.com/i/api/graphql/q4Npr1-FYRWyXsRzPckwEA/ViewerBadgeCounts?variables=%7B%7D:0
[89879637ms] [ERROR] Failed to load resource: the server responded with a status of 429 () @ https://x.com/i/api/graphql/q4Npr1-FYRWyXsRzPckwEA/ViewerBadgeCounts?variables=%7B%7D:0
[89909644ms] [ERROR] Failed to load resource: the server responded with a status of 429 () @ https://x.com/i/api/graphql/q4Npr1-FYRWyXsRzPckwEA/ViewerBadgeCounts?variables=%7B%7D:0
[89939640ms] [ERROR] Failed to load resource: the server responded with a status of 429 () @ https://x.com/i/api/graphql/q4Npr1-FYRWyXsRzPckwEA/ViewerBadgeCounts?variables=%7B%7D:0
[90718487ms] [ERROR] Failed to load resource: the server responded with a status of 400 () @ https://api.x.com/1.1/live_pipeline/update_subscriptions:0
[90719640ms] [ERROR] Failed to load resource: the server responded with a status of 429 () @ https://x.com/i/api/graphql/q4Npr1-FYRWyXsRzPckwEA/ViewerBadgeCounts?variables=%7B%7D:0
[90749640ms] [ERROR] Failed to load resource: the server responded with a status of 429 () @ https://x.com/i/api/graphql/q4Npr1-FYRWyXsRzPckwEA/ViewerBadgeCounts?variables=%7B%7D:0
[90779644ms] [ERROR] Failed to load resource: the server responded with a status of 429 () @ https://x.com/i/api/graphql/q4Npr1-FYRWyXsRzPckwEA/ViewerBadgeCounts?variables=%7B%7D:0
[90809644ms] [ERROR] Failed to load resource: the server responded with a status of 429 () @ https://x.com/i/api/graphql/q4Npr1-FYRWyXsRzPckwEA/ViewerBadgeCounts?variables=%7B%7D:0
[90839643ms] [ERROR] Failed to load resource: the server responded with a status of 429 () @ https://x.com/i/api/graphql/q4Npr1-FYRWyXsRzPckwEA/ViewerBadgeCounts?variables=%7B%7D:0
[91619639ms] [ERROR] Failed to load resource: the server responded with a status of 429 () @ https://x.com/i/api/graphql/q4Npr1-FYRWyXsRzPckwEA/ViewerBadgeCounts?variables=%7B%7D:0
[91649704ms] [ERROR] Failed to load resource: the server responded with a status of 429 () @ https://x.com/i/api/graphql/q4Npr1-FYRWyXsRzPckwEA/ViewerBadgeCounts?variables=%7B%7D:0
[91679624ms] [ERROR] Failed to load resource: the server responded with a status of 429 () @ https://x.com/i/api/graphql/q4Npr1-FYRWyXsRzPckwEA/ViewerBadgeCounts?variables=%7B%7D:0
[91709644ms] [ERROR] Failed to load resource: the server responded with a status of 429 () @ https://x.com/i/api/graphql/q4Npr1-FYRWyXsRzPckwEA/ViewerBadgeCounts?variables=%7B%7D:0
[91739644ms] [ERROR] Failed to load resource: the server responded with a status of 429 () @ https://x.com/i/api/graphql/q4Npr1-FYRWyXsRzPckwEA/ViewerBadgeCounts?variables=%7B%7D:0
[92519639ms] [ERROR] Failed to load resource: the server responded with a status of 429 () @ https://x.com/i/api/graphql/q4Npr1-FYRWyXsRzPckwEA/ViewerBadgeCounts?variables=%7B%7D:0
[92549640ms] [ERROR] Failed to load resource: the server responded with a status of 429 () @ https://x.com/i/api/graphql/q4Npr1-FYRWyXsRzPckwEA/ViewerBadgeCounts?variables=%7B%7D:0
[92579628ms] [ERROR] Failed to load resource: the server responded with a status of 429 () @ https://x.com/i/api/graphql/q4Npr1-FYRWyXsRzPckwEA/ViewerBadgeCounts?variables=%7B%7D:0
[92609644ms] [ERROR] Failed to load resource: the server responded with a status of 429 () @ https://x.com/i/api/graphql/q4Npr1-FYRWyXsRzPckwEA/ViewerBadgeCounts?variables=%7B%7D:0
[92639639ms] [ERROR] Failed to load resource: the server responded with a status of 429 () @ https://x.com/i/api/graphql/q4Npr1-FYRWyXsRzPckwEA/ViewerBadgeCounts?variables=%7B%7D:0
[93419644ms] [ERROR] Failed to load resource: the server responded with a status of 429 () @ https://x.com/i/api/graphql/q4Npr1-FYRWyXsRzPckwEA/ViewerBadgeCounts?variables=%7B%7D:0
[93419648ms] [ERROR] Failed to load resource: the server responded with a status of 400 () @ https://api.x.com/1.1/live_pipeline/update_subscriptions:0
[93449707ms] [ERROR] Failed to load resource: the server responded with a status of 429 () @ https://x.com/i/api/graphql/q4Npr1-FYRWyXsRzPckwEA/ViewerBadgeCounts?variables=%7B%7D:0
[93479637ms] [ERROR] Failed to load resource: the server responded with a status of 429 () @ https://x.com/i/api/graphql/q4Npr1-FYRWyXsRzPckwEA/ViewerBadgeCounts?variables=%7B%7D:0
[93509639ms] [ERROR] Failed to load resource: the server responded with a status of 429 () @ https://x.com/i/api/graphql/q4Npr1-FYRWyXsRzPckwEA/ViewerBadgeCounts?variables=%7B%7D:0
[93539639ms] [ERROR] Failed to load resource: the server responded with a status of 429 () @ https://x.com/i/api/graphql/q4Npr1-FYRWyXsRzPckwEA/ViewerBadgeCounts?variables=%7B%7D:0
[94319663ms] [ERROR] Failed to load resource: the server responded with a status of 429 () @ https://x.com/i/api/graphql/q4Npr1-FYRWyXsRzPckwEA/ViewerBadgeCounts?variables=%7B%7D:0
[94349644ms] [ERROR] Failed to load resource: the server responded with a status of 429 () @ https://x.com/i/api/graphql/q4Npr1-FYRWyXsRzPckwEA/ViewerBadgeCounts?variables=%7B%7D:0
[94379640ms] [ERROR] Failed to load resource: the server responded with a status of 429 () @ https://x.com/i/api/graphql/q4Npr1-FYRWyXsRzPckwEA/ViewerBadgeCounts?variables=%7B%7D:0
[94409643ms] [ERROR] Failed to load resource: the server responded with a status of 429 () @ https://x.com/i/api/graphql/q4Npr1-FYRWyXsRzPckwEA/ViewerBadgeCounts?variables=%7B%7D:0
[94439647ms] [ERROR] Failed to load resource: the server responded with a status of 429 () @ https://x.com/i/api/graphql/q4Npr1-FYRWyXsRzPckwEA/ViewerBadgeCounts?variables=%7B%7D:0
[95219643ms] [ERROR] Failed to load resource: the server responded with a status of 429 () @ https://x.com/i/api/graphql/q4Npr1-FYRWyXsRzPckwEA/ViewerBadgeCounts?variables=%7B%7D:0
[95249696ms] [ERROR] Failed to load resource: the server responded with a status of 429 () @ https://x.com/i/api/graphql/q4Npr1-FYRWyXsRzPckwEA/ViewerBadgeCounts?variables=%7B%7D:0
[95279627ms] [ERROR] Failed to load resource: the server responded with a status of 429 () @ https://x.com/i/api/graphql/q4Npr1-FYRWyXsRzPckwEA/ViewerBadgeCounts?variables=%7B%7D:0
[95309639ms] [ERROR] Failed to load resource: the server responded with a status of 429 () @ https://x.com/i/api/graphql/q4Npr1-FYRWyXsRzPckwEA/ViewerBadgeCounts?variables=%7B%7D:0
[95339643ms] [ERROR] Failed to load resource: the server responded with a status of 429 () @ https://x.com/i/api/graphql/q4Npr1-FYRWyXsRzPckwEA/ViewerBadgeCounts?variables=%7B%7D:0
[96119644ms] [ERROR] Failed to load resource: the server responded with a status of 429 () @ https://x.com/i/api/graphql/q4Npr1-FYRWyXsRzPckwEA/ViewerBadgeCounts?variables=%7B%7D:0
[96120800ms] [ERROR] Failed to load resource: the server responded with a status of 400 () @ https://api.x.com/1.1/live_pipeline/update_subscriptions:0
[96149640ms] [ERROR] Failed to load resource: the server responded with a status of 429 () @ https://x.com/i/api/graphql/q4Npr1-FYRWyXsRzPckwEA/ViewerBadgeCounts?variables=%7B%7D:0
[96179639ms] [ERROR] Failed to load resource: the server responded with a status of 429 () @ https://x.com/i/api/graphql/q4Npr1-FYRWyXsRzPckwEA/ViewerBadgeCounts?variables=%7B%7D:0
[96209676ms] [ERROR] Failed to load resource: the server responded with a status of 429 () @ https://x.com/i/api/graphql/q4Npr1-FYRWyXsRzPckwEA/ViewerBadgeCounts?variables=%7B%7D:0
[96239644ms] [ERROR] Failed to load resource: the server responded with a status of 429 () @ https://x.com/i/api/graphql/q4Npr1-FYRWyXsRzPckwEA/ViewerBadgeCounts?variables=%7B%7D:0
[97019644ms] [ERROR] Failed to load resource: the server responded with a status of 429 () @ https://x.com/i/api/graphql/q4Npr1-FYRWyXsRzPckwEA/ViewerBadgeCounts?variables=%7B%7D:0
[97049735ms] [ERROR] Failed to load resource: the server responded with a status of 429 () @ https://x.com/i/api/graphql/q4Npr1-FYRWyXsRzPckwEA/ViewerBadgeCounts?variables=%7B%7D:0
[97079633ms] [ERROR] Failed to load resource: the server responded with a status of 429 () @ https://x.com/i/api/graphql/q4Npr1-FYRWyXsRzPckwEA/ViewerBadgeCounts?variables=%7B%7D:0
[97109648ms] [ERROR] Failed to load resource: the server responded with a status of 429 () @ https://x.com/i/api/graphql/q4Npr1-FYRWyXsRzPckwEA/ViewerBadgeCounts?variables=%7B%7D:0
[97139644ms] [ERROR] Failed to load resource: the server responded with a status of 429 () @ https://x.com/i/api/graphql/q4Npr1-FYRWyXsRzPckwEA/ViewerBadgeCounts?variables=%7B%7D:0
[97919647ms] [ERROR] Failed to load resource: the server responded with a status of 429 () @ https://x.com/i/api/graphql/q4Npr1-FYRWyXsRzPckwEA/ViewerBadgeCounts?variables=%7B%7D:0
[97949640ms] [ERROR] Failed to load resource: the server responded with a status of 429 () @ https://x.com/i/api/graphql/q4Npr1-FYRWyXsRzPckwEA/ViewerBadgeCounts?variables=%7B%7D:0
[97979644ms] [ERROR] Failed to load resource: the server responded with a status of 429 () @ https://x.com/i/api/graphql/q4Npr1-FYRWyXsRzPckwEA/ViewerBadgeCounts?variables=%7B%7D:0
[98009644ms] [ERROR] Failed to load resource: the server responded with a status of 429 () @ https://x.com/i/api/graphql/q4Npr1-FYRWyXsRzPckwEA/ViewerBadgeCounts?variables=%7B%7D:0
[98039640ms] [ERROR] Failed to load resource: the server responded with a status of 429 () @ https://x.com/i/api/graphql/q4Npr1-FYRWyXsRzPckwEA/ViewerBadgeCounts?variables=%7B%7D:0
[98819639ms] [ERROR] Failed to load resource: the server responded with a status of 429 () @ https://x.com/i/api/graphql/q4Npr1-FYRWyXsRzPckwEA/ViewerBadgeCounts?variables=%7B%7D:0
[98821956ms] [ERROR] Failed to load resource: the server responded with a status of 400 () @ https://api.x.com/1.1/live_pipeline/update_subscriptions:0
[98849692ms] [ERROR] Failed to load resource: the server responded with a status of 429 () @ https://x.com/i/api/graphql/q4Npr1-FYRWyXsRzPckwEA/ViewerBadgeCounts?variables=%7B%7D:0
[98879625ms] [ERROR] Failed to load resource: the server responded with a status of 429 () @ https://x.com/i/api/graphql/q4Npr1-FYRWyXsRzPckwEA/ViewerBadgeCounts?variables=%7B%7D:0
[98909640ms] [ERROR] Failed to load resource: the server responded with a status of 429 () @ https://x.com/i/api/graphql/q4Npr1-FYRWyXsRzPckwEA/ViewerBadgeCounts?variables=%7B%7D:0
[98939639ms] [ERROR] Failed to load resource: the server responded with a status of 429 () @ https://x.com/i/api/graphql/q4Npr1-FYRWyXsRzPckwEA/ViewerBadgeCounts?variables=%7B%7D:0
[99719644ms] [ERROR] Failed to load resource: the server responded with a status of 429 () @ https://x.com/i/api/graphql/q4Npr1-FYRWyXsRzPckwEA/ViewerBadgeCounts?variables=%7B%7D:0
[99749640ms] [ERROR] Failed to load resource: the server responded with a status of 429 () @ https://x.com/i/api/graphql/q4Npr1-FYRWyXsRzPckwEA/ViewerBadgeCounts?variables=%7B%7D:0
[99779640ms] [ERROR] Failed to load resource: the server responded with a status of 429 () @ https://x.com/i/api/graphql/q4Npr1-FYRWyXsRzPckwEA/ViewerBadgeCounts?variables=%7B%7D:0
[99809644ms] [ERROR] Failed to load resource: the server responded with a status of 429 () @ https://x.com/i/api/graphql/q4Npr1-FYRWyXsRzPckwEA/ViewerBadgeCounts?variables=%7B%7D:0
[99839639ms] [ERROR] Failed to load resource: the server responded with a status of 429 () @ https://x.com/i/api/graphql/q4Npr1-FYRWyXsRzPckwEA/ViewerBadgeCounts?variables=%7B%7D:0
[100445411ms] [ERROR] Failed to load resource: net::ERR_CONNECTION_CLOSED @ https://api.x.com/live_pipeline/events?topic=%2Flive_content%2F1699850234,%2Ftweet_engagement%2F2105051153599811684,%2Ftweet_engagement%2F2105060523700347380,%2Ftweet_engagement%2F2105057048849248685,%2Ftweet_engagement%2F2105081553294356564,%2Ftweet_engagement%2F2105092587702960488:0
[100619640ms] [ERROR] Failed to load resource: the server responded with a status of 429 () @ https://x.com/i/api/graphql/q4Npr1-FYRWyXsRzPckwEA/ViewerBadgeCounts?variables=%7B%7D:0
[100623096ms] [ERROR] Failed to load resource: the server responded with a status of 400 () @ https://api.x.com/1.1/live_pipeline/update_subscriptions:0
[100649704ms] [ERROR] Failed to load resource: the server responded with a status of 429 () @ https://x.com/i/api/graphql/q4Npr1-FYRWyXsRzPckwEA/ViewerBadgeCounts?variables=%7B%7D:0
[100679623ms] [ERROR] Failed to load resource: the server responded with a status of 429 () @ https://x.com/i/api/graphql/q4Npr1-FYRWyXsRzPckwEA/ViewerBadgeCounts?variables=%7B%7D:0
[100709639ms] [ERROR] Failed to load resource: the server responded with a status of 429 () @ https://x.com/i/api/graphql/q4Npr1-FYRWyXsRzPckwEA/ViewerBadgeCounts?variables=%7B%7D:0
[100739644ms] [ERROR] Failed to load resource: the server responded with a status of 429 () @ https://x.com/i/api/graphql/q4Npr1-FYRWyXsRzPckwEA/ViewerBadgeCounts?variables=%7B%7D:0
[101519664ms] [ERROR] Failed to load resource: the server responded with a status of 429 () @ https://x.com/i/api/graphql/q4Npr1-FYRWyXsRzPckwEA/ViewerBadgeCounts?variables=%7B%7D:0
[101549726ms] [ERROR] Failed to load resource: the server responded with a status of 429 () @ https://x.com/i/api/graphql/q4Npr1-FYRWyXsRzPckwEA/ViewerBadgeCounts?variables=%7B%7D:0
[101579640ms] [ERROR] Failed to load resource: the server responded with a status of 429 () @ https://x.com/i/api/graphql/q4Npr1-FYRWyXsRzPckwEA/ViewerBadgeCounts?variables=%7B%7D:0
[101609640ms] [ERROR] Failed to load resource: the server responded with a status of 429 () @ https://x.com/i/api/graphql/q4Npr1-FYRWyXsRzPckwEA/ViewerBadgeCounts?variables=%7B%7D:0
[101639644ms] [ERROR] Failed to load resource: the server responded with a status of 429 () @ https://x.com/i/api/graphql/q4Npr1-FYRWyXsRzPckwEA/ViewerBadgeCounts?variables=%7B%7D:0
[102419639ms] [ERROR] Failed to load resource: the server responded with a status of 429 () @ https://x.com/i/api/graphql/q4Npr1-FYRWyXsRzPckwEA/ViewerBadgeCounts?variables=%7B%7D:0
[102449708ms] [ERROR] Failed to load resource: the server responded with a status of 429 () @ https://x.com/i/api/graphql/q4Npr1-FYRWyXsRzPckwEA/ViewerBadgeCounts?variables=%7B%7D:0
[102479631ms] [ERROR] Failed to load resource: the server responded with a status of 429 () @ https://x.com/i/api/graphql/q4Npr1-FYRWyXsRzPckwEA/ViewerBadgeCounts?variables=%7B%7D:0
[102509639ms] [ERROR] Failed to load resource: the server responded with a status of 429 () @ https://x.com/i/api/graphql/q4Npr1-FYRWyXsRzPckwEA/ViewerBadgeCounts?variables=%7B%7D:0
[102539639ms] [ERROR] Failed to load resource: the server responded with a status of 429 () @ https://x.com/i/api/graphql/q4Npr1-FYRWyXsRzPckwEA/ViewerBadgeCounts?variables=%7B%7D:0
[103319640ms] [ERROR] Failed to load resource: the server responded with a status of 429 () @ https://x.com/i/api/graphql/q4Npr1-FYRWyXsRzPckwEA/ViewerBadgeCounts?variables=%7B%7D:0
[103324235ms] [ERROR] Failed to load resource: the server responded with a status of 400 () @ https://api.x.com/1.1/live_pipeline/update_subscriptions:0
[103349640ms] [ERROR] Failed to load resource: the server responded with a status of 429 () @ https://x.com/i/api/graphql/q4Npr1-FYRWyXsRzPckwEA/ViewerBadgeCounts?variables=%7B%7D:0
[103379644ms] [ERROR] Failed to load resource: the server responded with a status of 429 () @ https://x.com/i/api/graphql/q4Npr1-FYRWyXsRzPckwEA/ViewerBadgeCounts?variables=%7B%7D:0
[103409672ms] [ERROR] Failed to load resource: the server responded with a status of 429 () @ https://x.com/i/api/graphql/q4Npr1-FYRWyXsRzPckwEA/ViewerBadgeCounts?variables=%7B%7D:0
[103439640ms] [ERROR] Failed to load resource: the server responded with a status of 429 () @ https://x.com/i/api/graphql/q4Npr1-FYRWyXsRzPckwEA/ViewerBadgeCounts?variables=%7B%7D:0
[104219640ms] [ERROR] Failed to load resource: the server responded with a status of 429 () @ https://x.com/i/api/graphql/q4Npr1-FYRWyXsRzPckwEA/ViewerBadgeCounts?variables=%7B%7D:0
[104249714ms] [ERROR] Failed to load resource: the server responded with a status of 429 () @ https://x.com/i/api/graphql/q4Npr1-FYRWyXsRzPckwEA/ViewerBadgeCounts?variables=%7B%7D:0
[104279628ms] [ERROR] Failed to load resource: the server responded with a status of 429 () @ https://x.com/i/api/graphql/q4Npr1-FYRWyXsRzPckwEA/ViewerBadgeCounts?variables=%7B%7D:0
[104309643ms] [ERROR] Failed to load resource: the server responded with a status of 429 () @ https://x.com/i/api/graphql/q4Npr1-FYRWyXsRzPckwEA/ViewerBadgeCounts?variables=%7B%7D:0
[104339639ms] [ERROR] Failed to load resource: the server responded with a status of 429 () @ https://x.com/i/api/graphql/q4Npr1-FYRWyXsRzPckwEA/ViewerBadgeCounts?variables=%7B%7D:0
[105119639ms] [ERROR] Failed to load resource: the server responded with a status of 429 () @ https://x.com/i/api/graphql/q4Npr1-FYRWyXsRzPckwEA/ViewerBadgeCounts?variables=%7B%7D:0
[105149640ms] [ERROR] Failed to load resource: the server responded with a status of 429 () @ https://x.com/i/api/graphql/q4Npr1-FYRWyXsRzPckwEA/ViewerBadgeCounts?variables=%7B%7D:0
[105179640ms] [ERROR] Failed to load resource: the server responded with a status of 429 () @ https://x.com/i/api/graphql/q4Npr1-FYRWyXsRzPckwEA/ViewerBadgeCounts?variables=%7B%7D:0
[105209644ms] [ERROR] Failed to load resource: the server responded with a status of 429 () @ https://x.com/i/api/graphql/q4Npr1-FYRWyXsRzPckwEA/ViewerBadgeCounts?variables=%7B%7D:0
[105239652ms] [ERROR] Failed to load resource: the server responded with a status of 429 () @ https://x.com/i/api/graphql/q4Npr1-FYRWyXsRzPckwEA/ViewerBadgeCounts?variables=%7B%7D:0
[106109239ms] [ERROR] Failed to load resource: the server responded with a status of 400 () @ https://api.x.com/1.1/live_pipeline/update_subscriptions:0
[106350072ms] [ERROR] Failed to load resource: net::ERR_CONNECTION_CLOSED @ https://api.x.com/live_pipeline/events?topic=%2Flive_content%2F1699850234,%2Ftweet_engagement%2F2105051153599811684,%2Ftweet_engagement%2F2105060523700347380,%2Ftweet_engagement%2F2105057048849248685,%2Ftweet_engagement%2F2105081553294356564,%2Ftweet_engagement%2F2105092587702960488:0
[106510439ms] [ERROR] Failed to load resource: the server responded with a status of 400 () @ https://api.x.com/1.1/live_pipeline/update_subscriptions:0
[106943435ms] [ERROR] Failed to load resource: the server responded with a status of 429 () @ https://x.com/i/api/graphql/q4Npr1-FYRWyXsRzPckwEA/ViewerBadgeCounts?variables=%7B%7D:0
[106955144ms] [ERROR] Failed to load resource: net::ERR_CONNECTION_CLOSED @ https://api.x.com/live_pipeline/events?topic=%2Flive_content%2F1699850234,%2Ftweet_engagement%2F2105051153599811684,%2Ftweet_engagement%2F2105060523700347380,%2Ftweet_engagement%2F2105057048849248685,%2Ftweet_engagement%2F2105081553294356564,%2Ftweet_engagement%2F2105092587702960488:0
[106973440ms] [ERROR] Failed to load resource: the server responded with a status of 429 () @ https://x.com/i/api/graphql/q4Npr1-FYRWyXsRzPckwEA/ViewerBadgeCounts?variables=%7B%7D:0
[107003444ms] [ERROR] Failed to load resource: the server responded with a status of 429 () @ https://x.com/i/api/graphql/q4Npr1-FYRWyXsRzPckwEA/ViewerBadgeCounts?variables=%7B%7D:0
[107033435ms] [ERROR] Failed to load resource: the server responded with a status of 429 () @ https://x.com/i/api/graphql/q4Npr1-FYRWyXsRzPckwEA/ViewerBadgeCounts?variables=%7B%7D:0
[107063437ms] [ERROR] Failed to load resource: the server responded with a status of 429 () @ https://x.com/i/api/graphql/q4Npr1-FYRWyXsRzPckwEA/ViewerBadgeCounts?variables=%7B%7D:0
[107311569ms] [ERROR] Failed to load resource: the server responded with a status of 400 () @ https://api.x.com/1.1/live_pipeline/update_subscriptions:0
[107844253ms] [ERROR] Failed to load resource: the server responded with a status of 429 () @ https://x.com/i/api/graphql/q4Npr1-FYRWyXsRzPckwEA/ViewerBadgeCounts?variables=%7B%7D:0
[107873440ms] [ERROR] Failed to load resource: the server responded with a status of 429 () @ https://x.com/i/api/graphql/q4Npr1-FYRWyXsRzPckwEA/ViewerBadgeCounts?variables=%7B%7D:0
[107903468ms] [ERROR] Failed to load resource: the server responded with a status of 429 () @ https://x.com/i/api/graphql/q4Npr1-FYRWyXsRzPckwEA/ViewerBadgeCounts?variables=%7B%7D:0
[107933436ms] [ERROR] Failed to load resource: the server responded with a status of 429 () @ https://x.com/i/api/graphql/q4Npr1-FYRWyXsRzPckwEA/ViewerBadgeCounts?variables=%7B%7D:0
[107963435ms] [ERROR] Failed to load resource: the server responded with a status of 429 () @ https://x.com/i/api/graphql/q4Npr1-FYRWyXsRzPckwEA/ViewerBadgeCounts?variables=%7B%7D:0
[108012663ms] [ERROR] Failed to load resource: net::ERR_CONNECTION_CLOSED @ https://api.x.com/live_pipeline/events?topic=%2Flive_content%2F1699850234,%2Ftweet_engagement%2F2105051153599811684,%2Ftweet_engagement%2F2105060523700347380,%2Ftweet_engagement%2F2105057048849248685,%2Ftweet_engagement%2F2105081553294356564,%2Ftweet_engagement%2F2105092587702960488:0
[108312776ms] [ERROR] Failed to load resource: the server responded with a status of 400 () @ https://api.x.com/1.1/live_pipeline/update_subscriptions:0
[108743436ms] [ERROR] Failed to load resource: the server responded with a status of 429 () @ https://x.com/i/api/graphql/q4Npr1-FYRWyXsRzPckwEA/ViewerBadgeCounts?variables=%7B%7D:0
[108773436ms] [ERROR] Failed to load resource: the server responded with a status of 429 () @ https://x.com/i/api/graphql/q4Npr1-FYRWyXsRzPckwEA/ViewerBadgeCounts?variables=%7B%7D:0
[108803435ms] [ERROR] Failed to load resource: the server responded with a status of 429 () @ https://x.com/i/api/graphql/q4Npr1-FYRWyXsRzPckwEA/ViewerBadgeCounts?variables=%7B%7D:0
[108833436ms] [ERROR] Failed to load resource: the server responded with a status of 429 () @ https://x.com/i/api/graphql/q4Npr1-FYRWyXsRzPckwEA/ViewerBadgeCounts?variables=%7B%7D:0
[108863435ms] [ERROR] Failed to load resource: the server responded with a status of 429 () @ https://x.com/i/api/graphql/q4Npr1-FYRWyXsRzPckwEA/ViewerBadgeCounts?variables=%7B%7D:0
[109643471ms] [ERROR] Failed to load resource: the server responded with a status of 429 () @ https://x.com/i/api/graphql/q4Npr1-FYRWyXsRzPckwEA/ViewerBadgeCounts?variables=%7B%7D:0
[109673436ms] [ERROR] Failed to load resource: the server responded with a status of 429 () @ https://x.com/i/api/graphql/q4Npr1-FYRWyXsRzPckwEA/ViewerBadgeCounts?variables=%7B%7D:0
[109703435ms] [ERROR] Failed to load resource: the server responded with a status of 429 () @ https://x.com/i/api/graphql/q4Npr1-FYRWyXsRzPckwEA/ViewerBadgeCounts?variables=%7B%7D:0
[109733436ms] [ERROR] Failed to load resource: the server responded with a status of 429 () @ https://x.com/i/api/graphql/q4Npr1-FYRWyXsRzPckwEA/ViewerBadgeCounts?variables=%7B%7D:0
[109763436ms] [ERROR] Failed to load resource: the server responded with a status of 429 () @ https://x.com/i/api/graphql/q4Npr1-FYRWyXsRzPckwEA/ViewerBadgeCounts?variables=%7B%7D:0
[110543436ms] [ERROR] Failed to load resource: the server responded with a status of 429 () @ https://x.com/i/api/graphql/q4Npr1-FYRWyXsRzPckwEA/ViewerBadgeCounts?variables=%7B%7D:0
[110573436ms] [ERROR] Failed to load resource: the server responded with a status of 429 () @ https://x.com/i/api/graphql/q4Npr1-FYRWyXsRzPckwEA/ViewerBadgeCounts?variables=%7B%7D:0
[110603436ms] [ERROR] Failed to load resource: the server responded with a status of 429 () @ https://x.com/i/api/graphql/q4Npr1-FYRWyXsRzPckwEA/ViewerBadgeCounts?variables=%7B%7D:0
[110633440ms] [ERROR] Failed to load resource: the server responded with a status of 429 () @ https://x.com/i/api/graphql/q4Npr1-FYRWyXsRzPckwEA/ViewerBadgeCounts?variables=%7B%7D:0
[110663443ms] [ERROR] Failed to load resource: the server responded with a status of 429 () @ https://x.com/i/api/graphql/q4Npr1-FYRWyXsRzPckwEA/ViewerBadgeCounts?variables=%7B%7D:0
[111013923ms] [ERROR] Failed to load resource: the server responded with a status of 400 () @ https://api.x.com/1.1/live_pipeline/update_subscriptions:0
[111443440ms] [ERROR] Failed to load resource: the server responded with a status of 429 () @ https://x.com/i/api/graphql/q4Npr1-FYRWyXsRzPckwEA/ViewerBadgeCounts?variables=%7B%7D:0
[111473436ms] [ERROR] Failed to load resource: the server responded with a status of 429 () @ https://x.com/i/api/graphql/q4Npr1-FYRWyXsRzPckwEA/ViewerBadgeCounts?variables=%7B%7D:0
[111503463ms] [ERROR] Failed to load resource: the server responded with a status of 429 () @ https://x.com/i/api/graphql/q4Npr1-FYRWyXsRzPckwEA/ViewerBadgeCounts?variables=%7B%7D:0
[111533436ms] [ERROR] Failed to load resource: the server responded with a status of 429 () @ https://x.com/i/api/graphql/q4Npr1-FYRWyXsRzPckwEA/ViewerBadgeCounts?variables=%7B%7D:0
[111563471ms] [ERROR] Failed to load resource: the server responded with a status of 429 () @ https://x.com/i/api/graphql/q4Npr1-FYRWyXsRzPckwEA/ViewerBadgeCounts?variables=%7B%7D:0
[112343436ms] [ERROR] Failed to load resource: the server responded with a status of 429 () @ https://x.com/i/api/graphql/q4Npr1-FYRWyXsRzPckwEA/ViewerBadgeCounts?variables=%7B%7D:0
[112373436ms] [ERROR] Failed to load resource: the server responded with a status of 429 () @ https://x.com/i/api/graphql/q4Npr1-FYRWyXsRzPckwEA/ViewerBadgeCounts?variables=%7B%7D:0
[112403436ms] [ERROR] Failed to load resource: the server responded with a status of 429 () @ https://x.com/i/api/graphql/q4Npr1-FYRWyXsRzPckwEA/ViewerBadgeCounts?variables=%7B%7D:0
[112433436ms] [ERROR] Failed to load resource: the server responded with a status of 429 () @ https://x.com/i/api/graphql/q4Npr1-FYRWyXsRzPckwEA/ViewerBadgeCounts?variables=%7B%7D:0
[112463436ms] [ERROR] Failed to load resource: the server responded with a status of 429 () @ https://x.com/i/api/graphql/q4Npr1-FYRWyXsRzPckwEA/ViewerBadgeCounts?variables=%7B%7D:0
[113243440ms] [ERROR] Failed to load resource: the server responded with a status of 429 () @ https://x.com/i/api/graphql/q4Npr1-FYRWyXsRzPckwEA/ViewerBadgeCounts?variables=%7B%7D:0
[113273436ms] [ERROR] Failed to load resource: the server responded with a status of 429 () @ https://x.com/i/api/graphql/q4Npr1-FYRWyXsRzPckwEA/ViewerBadgeCounts?variables=%7B%7D:0
[113303436ms] [ERROR] Failed to load resource: the server responded with a status of 429 () @ https://x.com/i/api/graphql/q4Npr1-FYRWyXsRzPckwEA/ViewerBadgeCounts?variables=%7B%7D:0
[113333440ms] [ERROR] Failed to load resource: the server responded with a status of 429 () @ https://x.com/i/api/graphql/q4Npr1-FYRWyXsRzPckwEA/ViewerBadgeCounts?variables=%7B%7D:0
[113363436ms] [ERROR] Failed to load resource: the server responded with a status of 429 () @ https://x.com/i/api/graphql/q4Npr1-FYRWyXsRzPckwEA/ViewerBadgeCounts?variables=%7B%7D:0
[113715087ms] [ERROR] Failed to load resource: the server responded with a status of 400 () @ https://api.x.com/1.1/live_pipeline/update_subscriptions:0
[114143440ms] [ERROR] Failed to load resource: the server responded with a status of 429 () @ https://x.com/i/api/graphql/q4Npr1-FYRWyXsRzPckwEA/ViewerBadgeCounts?variables=%7B%7D:0
[114173440ms] [ERROR] Failed to load resource: the server responded with a status of 429 () @ https://x.com/i/api/graphql/q4Npr1-FYRWyXsRzPckwEA/ViewerBadgeCounts?variables=%7B%7D:0
[114203447ms] [ERROR] Failed to load resource: the server responded with a status of 429 () @ https://x.com/i/api/graphql/q4Npr1-FYRWyXsRzPckwEA/ViewerBadgeCounts?variables=%7B%7D:0
[114233440ms] [ERROR] Failed to load resource: the server responded with a status of 429 () @ https://x.com/i/api/graphql/q4Npr1-FYRWyXsRzPckwEA/ViewerBadgeCounts?variables=%7B%7D:0
[114263444ms] [ERROR] Failed to load resource: the server responded with a status of 429 () @ https://x.com/i/api/graphql/q4Npr1-FYRWyXsRzPckwEA/ViewerBadgeCounts?variables=%7B%7D:0
[115043435ms] [ERROR] Failed to load resource: the server responded with a status of 429 () @ https://x.com/i/api/graphql/q4Npr1-FYRWyXsRzPckwEA/ViewerBadgeCounts?variables=%7B%7D:0
[115073436ms] [ERROR] Failed to load resource: the server responded with a status of 429 () @ https://x.com/i/api/graphql/q4Npr1-FYRWyXsRzPckwEA/ViewerBadgeCounts?variables=%7B%7D:0
[115103431ms] [ERROR] Failed to load resource: the server responded with a status of 429 () @ https://x.com/i/api/graphql/q4Npr1-FYRWyXsRzPckwEA/ViewerBadgeCounts?variables=%7B%7D:0
[115133436ms] [ERROR] Failed to load resource: the server responded with a status of 429 () @ https://x.com/i/api/graphql/q4Npr1-FYRWyXsRzPckwEA/ViewerBadgeCounts?variables=%7B%7D:0
[115163436ms] [ERROR] Failed to load resource: the server responded with a status of 429 () @ https://x.com/i/api/graphql/q4Npr1-FYRWyXsRzPckwEA/ViewerBadgeCounts?variables=%7B%7D:0
[115943436ms] [ERROR] Failed to load resource: the server responded with a status of 429 () @ https://x.com/i/api/graphql/q4Npr1-FYRWyXsRzPckwEA/ViewerBadgeCounts?variables=%7B%7D:0
[115973435ms] [ERROR] Failed to load resource: the server responded with a status of 429 () @ https://x.com/i/api/graphql/q4Npr1-FYRWyXsRzPckwEA/ViewerBadgeCounts?variables=%7B%7D:0
[116003436ms] [ERROR] Failed to load resource: the server responded with a status of 429 () @ https://x.com/i/api/graphql/q4Npr1-FYRWyXsRzPckwEA/ViewerBadgeCounts?variables=%7B%7D:0
[116033436ms] [ERROR] Failed to load resource: the server responded with a status of 429 () @ https://x.com/i/api/graphql/q4Npr1-FYRWyXsRzPckwEA/ViewerBadgeCounts?variables=%7B%7D:0
[116063706ms] [ERROR] Failed to load resource: the server responded with a status of 429 () @ https://x.com/i/api/graphql/q4Npr1-FYRWyXsRzPckwEA/ViewerBadgeCounts?variables=%7B%7D:0
[116416232ms] [ERROR] Failed to load resource: the server responded with a status of 400 () @ https://api.x.com/1.1/live_pipeline/update_subscriptions:0
[116843436ms] [ERROR] Failed to load resource: the server responded with a status of 429 () @ https://x.com/i/api/graphql/q4Npr1-FYRWyXsRzPckwEA/ViewerBadgeCounts?variables=%7B%7D:0
[116873435ms] [ERROR] Failed to load resource: the server responded with a status of 429 () @ https://x.com/i/api/graphql/q4Npr1-FYRWyXsRzPckwEA/ViewerBadgeCounts?variables=%7B%7D:0
[116903435ms] [ERROR] Failed to load resource: the server responded with a status of 429 () @ https://x.com/i/api/graphql/q4Npr1-FYRWyXsRzPckwEA/ViewerBadgeCounts?variables=%7B%7D:0
[116933435ms] [ERROR] Failed to load resource: the server responded with a status of 429 () @ https://x.com/i/api/graphql/q4Npr1-FYRWyXsRzPckwEA/ViewerBadgeCounts?variables=%7B%7D:0
[116963436ms] [ERROR] Failed to load resource: the server responded with a status of 429 () @ https://x.com/i/api/graphql/q4Npr1-FYRWyXsRzPckwEA/ViewerBadgeCounts?variables=%7B%7D:0
[117743436ms] [ERROR] Failed to load resource: the server responded with a status of 429 () @ https://x.com/i/api/graphql/q4Npr1-FYRWyXsRzPckwEA/ViewerBadgeCounts?variables=%7B%7D:0
[117773440ms] [ERROR] Failed to load resource: the server responded with a status of 429 () @ https://x.com/i/api/graphql/q4Npr1-FYRWyXsRzPckwEA/ViewerBadgeCounts?variables=%7B%7D:0
[117803440ms] [ERROR] Failed to load resource: the server responded with a status of 429 () @ https://x.com/i/api/graphql/q4Npr1-FYRWyXsRzPckwEA/ViewerBadgeCounts?variables=%7B%7D:0
[117833440ms] [ERROR] Failed to load resource: the server responded with a status of 429 () @ https://x.com/i/api/graphql/q4Npr1-FYRWyXsRzPckwEA/ViewerBadgeCounts?variables=%7B%7D:0
[117863436ms] [ERROR] Failed to load resource: the server responded with a status of 429 () @ https://x.com/i/api/graphql/q4Npr1-FYRWyXsRzPckwEA/ViewerBadgeCounts?variables=%7B%7D:0
[118643444ms] [ERROR] Failed to load resource: the server responded with a status of 429 () @ https://x.com/i/api/graphql/q4Npr1-FYRWyXsRzPckwEA/ViewerBadgeCounts?variables=%7B%7D:0
[118673440ms] [ERROR] Failed to load resource: the server responded with a status of 429 () @ https://x.com/i/api/graphql/q4Npr1-FYRWyXsRzPckwEA/ViewerBadgeCounts?variables=%7B%7D:0
[118703436ms] [ERROR] Failed to load resource: the server responded with a status of 429 () @ https://x.com/i/api/graphql/q4Npr1-FYRWyXsRzPckwEA/ViewerBadgeCounts?variables=%7B%7D:0
[118733435ms] [ERROR] Failed to load resource: the server responded with a status of 429 () @ https://x.com/i/api/graphql/q4Npr1-FYRWyXsRzPckwEA/ViewerBadgeCounts?variables=%7B%7D:0
[118763436ms] [ERROR] Failed to load resource: the server responded with a status of 429 () @ https://x.com/i/api/graphql/q4Npr1-FYRWyXsRzPckwEA/ViewerBadgeCounts?variables=%7B%7D:0
[119117389ms] [ERROR] Failed to load resource: the server responded with a status of 400 () @ https://api.x.com/1.1/live_pipeline/update_subscriptions:0
[119543436ms] [ERROR] Failed to load resource: the server responded with a status of 429 () @ https://x.com/i/api/graphql/q4Npr1-FYRWyXsRzPckwEA/ViewerBadgeCounts?variables=%7B%7D:0
[119573435ms] [ERROR] Failed to load resource: the server responded with a status of 429 () @ https://x.com/i/api/graphql/q4Npr1-FYRWyXsRzPckwEA/ViewerBadgeCounts?variables=%7B%7D:0
[119603439ms] [ERROR] Failed to load resource: the server responded with a status of 429 () @ https://x.com/i/api/graphql/q4Npr1-FYRWyXsRzPckwEA/ViewerBadgeCounts?variables=%7B%7D:0
[119633439ms] [ERROR] Failed to load resource: the server responded with a status of 429 () @ https://x.com/i/api/graphql/q4Npr1-FYRWyXsRzPckwEA/ViewerBadgeCounts?variables=%7B%7D:0
[119663464ms] [ERROR] Failed to load resource: the server responded with a status of 429 () @ https://x.com/i/api/graphql/q4Npr1-FYRWyXsRzPckwEA/ViewerBadgeCounts?variables=%7B%7D:0
[120443435ms] [ERROR] Failed to load resource: the server responded with a status of 429 () @ https://x.com/i/api/graphql/q4Npr1-FYRWyXsRzPckwEA/ViewerBadgeCounts?variables=%7B%7D:0
[120473440ms] [ERROR] Failed to load resource: the server responded with a status of 429 () @ https://x.com/i/api/graphql/q4Npr1-FYRWyXsRzPckwEA/ViewerBadgeCounts?variables=%7B%7D:0
[120503439ms] [ERROR] Failed to load resource: the server responded with a status of 429 () @ https://x.com/i/api/graphql/q4Npr1-FYRWyXsRzPckwEA/ViewerBadgeCounts?variables=%7B%7D:0
[120533436ms] [ERROR] Failed to load resource: the server responded with a status of 429 () @ https://x.com/i/api/graphql/q4Npr1-FYRWyXsRzPckwEA/ViewerBadgeCounts?variables=%7B%7D:0
[120563439ms] [ERROR] Failed to load resource: the server responded with a status of 429 () @ https://x.com/i/api/graphql/q4Npr1-FYRWyXsRzPckwEA/ViewerBadgeCounts?variables=%7B%7D:0
[121343436ms] [ERROR] Failed to load resource: the server responded with a status of 429 () @ https://x.com/i/api/graphql/q4Npr1-FYRWyXsRzPckwEA/ViewerBadgeCounts?variables=%7B%7D:0
[121373476ms] [ERROR] Failed to load resource: the server responded with a status of 429 () @ https://x.com/i/api/graphql/q4Npr1-FYRWyXsRzPckwEA/ViewerBadgeCounts?variables=%7B%7D:0
[121403443ms] [ERROR] Failed to load resource: the server responded with a status of 429 () @ https://x.com/i/api/graphql/q4Npr1-FYRWyXsRzPckwEA/ViewerBadgeCounts?variables=%7B%7D:0
[121433436ms] [ERROR] Failed to load resource: the server responded with a status of 429 () @ https://x.com/i/api/graphql/q4Npr1-FYRWyXsRzPckwEA/ViewerBadgeCounts?variables=%7B%7D:0
[121463444ms] [ERROR] Failed to load resource: the server responded with a status of 429 () @ https://x.com/i/api/graphql/q4Npr1-FYRWyXsRzPckwEA/ViewerBadgeCounts?variables=%7B%7D:0
[121818610ms] [ERROR] Failed to load resource: the server responded with a status of 400 () @ https://api.x.com/1.1/live_pipeline/update_subscriptions:0
[122243435ms] [ERROR] Failed to load resource: the server responded with a status of 429 () @ https://x.com/i/api/graphql/q4Npr1-FYRWyXsRzPckwEA/ViewerBadgeCounts?variables=%7B%7D:0
[122273465ms] [ERROR] Failed to load resource: the server responded with a status of 429 () @ https://x.com/i/api/graphql/q4Npr1-FYRWyXsRzPckwEA/ViewerBadgeCounts?variables=%7B%7D:0
[122303435ms] [ERROR] Failed to load resource: the server responded with a status of 429 () @ https://x.com/i/api/graphql/q4Npr1-FYRWyXsRzPckwEA/ViewerBadgeCounts?variables=%7B%7D:0
[122333440ms] [ERROR] Failed to load resource: the server responded with a status of 429 () @ https://x.com/i/api/graphql/q4Npr1-FYRWyXsRzPckwEA/ViewerBadgeCounts?variables=%7B%7D:0
[122363436ms] [ERROR] Failed to load resource: the server responded with a status of 429 () @ https://x.com/i/api/graphql/q4Npr1-FYRWyXsRzPckwEA/ViewerBadgeCounts?variables=%7B%7D:0
[123143439ms] [ERROR] Failed to load resource: the server responded with a status of 429 () @ https://x.com/i/api/graphql/q4Npr1-FYRWyXsRzPckwEA/ViewerBadgeCounts?variables=%7B%7D:0
[123173439ms] [ERROR] Failed to load resource: the server responded with a status of 429 () @ https://x.com/i/api/graphql/q4Npr1-FYRWyXsRzPckwEA/ViewerBadgeCounts?variables=%7B%7D:0
[123203436ms] [ERROR] Failed to load resource: the server responded with a status of 429 () @ https://x.com/i/api/graphql/q4Npr1-FYRWyXsRzPckwEA/ViewerBadgeCounts?variables=%7B%7D:0
[123233435ms] [ERROR] Failed to load resource: the server responded with a status of 429 () @ https://x.com/i/api/graphql/q4Npr1-FYRWyXsRzPckwEA/ViewerBadgeCounts?variables=%7B%7D:0
[123263440ms] [ERROR] Failed to load resource: the server responded with a status of 429 () @ https://x.com/i/api/graphql/q4Npr1-FYRWyXsRzPckwEA/ViewerBadgeCounts?variables=%7B%7D:0
[124043439ms] [ERROR] Failed to load resource: the server responded with a status of 429 () @ https://x.com/i/api/graphql/q4Npr1-FYRWyXsRzPckwEA/ViewerBadgeCounts?variables=%7B%7D:0
[124073435ms] [ERROR] Failed to load resource: the server responded with a status of 429 () @ https://x.com/i/api/graphql/q4Npr1-FYRWyXsRzPckwEA/ViewerBadgeCounts?variables=%7B%7D:0
[124103436ms] [ERROR] Failed to load resource: the server responded with a status of 429 () @ https://x.com/i/api/graphql/q4Npr1-FYRWyXsRzPckwEA/ViewerBadgeCounts?variables=%7B%7D:0
[124133465ms] [ERROR] Failed to load resource: the server responded with a status of 429 () @ https://x.com/i/api/graphql/q4Npr1-FYRWyXsRzPckwEA/ViewerBadgeCounts?variables=%7B%7D:0
[124163440ms] [ERROR] Failed to load resource: the server responded with a status of 429 () @ https://x.com/i/api/graphql/q4Npr1-FYRWyXsRzPckwEA/ViewerBadgeCounts?variables=%7B%7D:0
[124519756ms] [ERROR] Failed to load resource: the server responded with a status of 400 () @ https://api.x.com/1.1/live_pipeline/update_subscriptions:0
[124943436ms] [ERROR] Failed to load resource: the server responded with a status of 429 () @ https://x.com/i/api/graphql/q4Npr1-FYRWyXsRzPckwEA/ViewerBadgeCounts?variables=%7B%7D:0
[124973528ms] [ERROR] Failed to load resource: the server responded with a status of 429 () @ https://x.com/i/api/graphql/q4Npr1-FYRWyXsRzPckwEA/ViewerBadgeCounts?variables=%7B%7D:0
[125003439ms] [ERROR] Failed to load resource: the server responded with a status of 429 () @ https://x.com/i/api/graphql/q4Npr1-FYRWyXsRzPckwEA/ViewerBadgeCounts?variables=%7B%7D:0
[125033436ms] [ERROR] Failed to load resource: the server responded with a status of 429 () @ https://x.com/i/api/graphql/q4Npr1-FYRWyXsRzPckwEA/ViewerBadgeCounts?variables=%7B%7D:0
[125063435ms] [ERROR] Failed to load resource: the server responded with a status of 429 () @ https://x.com/i/api/graphql/q4Npr1-FYRWyXsRzPckwEA/ViewerBadgeCounts?variables=%7B%7D:0
[125843448ms] [ERROR] Failed to load resource: the server responded with a status of 429 () @ https://x.com/i/api/graphql/q4Npr1-FYRWyXsRzPckwEA/ViewerBadgeCounts?variables=%7B%7D:0
[125873435ms] [ERROR] Failed to load resource: the server responded with a status of 429 () @ https://x.com/i/api/graphql/q4Npr1-FYRWyXsRzPckwEA/ViewerBadgeCounts?variables=%7B%7D:0
[125903436ms] [ERROR] Failed to load resource: the server responded with a status of 429 () @ https://x.com/i/api/graphql/q4Npr1-FYRWyXsRzPckwEA/ViewerBadgeCounts?variables=%7B%7D:0
[125933431ms] [ERROR] Failed to load resource: the server responded with a status of 429 () @ https://x.com/i/api/graphql/q4Npr1-FYRWyXsRzPckwEA/ViewerBadgeCounts?variables=%7B%7D:0
[125963435ms] [ERROR] Failed to load resource: the server responded with a status of 429 () @ https://x.com/i/api/graphql/q4Npr1-FYRWyXsRzPckwEA/ViewerBadgeCounts?variables=%7B%7D:0
[126743439ms] [ERROR] Failed to load resource: the server responded with a status of 429 () @ https://x.com/i/api/graphql/q4Npr1-FYRWyXsRzPckwEA/ViewerBadgeCounts?variables=%7B%7D:0
[126773440ms] [ERROR] Failed to load resource: the server responded with a status of 429 () @ https://x.com/i/api/graphql/q4Npr1-FYRWyXsRzPckwEA/ViewerBadgeCounts?variables=%7B%7D:0
[126803436ms] [ERROR] Failed to load resource: the server responded with a status of 429 () @ https://x.com/i/api/graphql/q4Npr1-FYRWyXsRzPckwEA/ViewerBadgeCounts?variables=%7B%7D:0
[126833444ms] [ERROR] Failed to load resource: the server responded with a status of 429 () @ https://x.com/i/api/graphql/q4Npr1-FYRWyXsRzPckwEA/ViewerBadgeCounts?variables=%7B%7D:0
[126863439ms] [ERROR] Failed to load resource: the server responded with a status of 429 () @ https://x.com/i/api/graphql/q4Npr1-FYRWyXsRzPckwEA/ViewerBadgeCounts?variables=%7B%7D:0
[127220899ms] [ERROR] Failed to load resource: the server responded with a status of 400 () @ https://api.x.com/1.1/live_pipeline/update_subscriptions:0
[127583420ms] [ERROR] Failed to load resource: the server responded with a status of 429 () @ https://x.com/i/api/graphql/q4Npr1-FYRWyXsRzPckwEA/ViewerBadgeCounts?variables=%7B%7D:0
[127613435ms] [ERROR] Failed to load resource: the server responded with a status of 429 () @ https://x.com/i/api/graphql/q4Npr1-FYRWyXsRzPckwEA/ViewerBadgeCounts?variables=%7B%7D:0
[127643436ms] [ERROR] Failed to load resource: the server responded with a status of 429 () @ https://x.com/i/api/graphql/q4Npr1-FYRWyXsRzPckwEA/ViewerBadgeCounts?variables=%7B%7D:0
[127673444ms] [ERROR] Failed to load resource: the server responded with a status of 429 () @ https://x.com/i/api/graphql/q4Npr1-FYRWyXsRzPckwEA/ViewerBadgeCounts?variables=%7B%7D:0
[127703444ms] [ERROR] Failed to load resource: the server responded with a status of 429 () @ https://x.com/i/api/graphql/q4Npr1-FYRWyXsRzPckwEA/ViewerBadgeCounts?variables=%7B%7D:0
[127733444ms] [ERROR] Failed to load resource: the server responded with a status of 429 () @ https://x.com/i/api/graphql/q4Npr1-FYRWyXsRzPckwEA/ViewerBadgeCounts?variables=%7B%7D:0
[127763444ms] [ERROR] Failed to load resource: the server responded with a status of 429 () @ https://x.com/i/api/graphql/q4Npr1-FYRWyXsRzPckwEA/ViewerBadgeCounts?variables=%7B%7D:0
[128543436ms] [ERROR] Failed to load resource: the server responded with a status of 429 () @ https://x.com/i/api/graphql/q4Npr1-FYRWyXsRzPckwEA/ViewerBadgeCounts?variables=%7B%7D:0
[128573444ms] [ERROR] Failed to load resource: the server responded with a status of 429 () @ https://x.com/i/api/graphql/q4Npr1-FYRWyXsRzPckwEA/ViewerBadgeCounts?variables=%7B%7D:0
[128603455ms] [ERROR] Failed to load resource: the server responded with a status of 429 () @ https://x.com/i/api/graphql/q4Npr1-FYRWyXsRzPckwEA/ViewerBadgeCounts?variables=%7B%7D:0
[128633435ms] [ERROR] Failed to load resource: the server responded with a status of 429 () @ https://x.com/i/api/graphql/q4Npr1-FYRWyXsRzPckwEA/ViewerBadgeCounts?variables=%7B%7D:0
[128663436ms] [ERROR] Failed to load resource: the server responded with a status of 429 () @ https://x.com/i/api/graphql/q4Npr1-FYRWyXsRzPckwEA/ViewerBadgeCounts?variables=%7B%7D:0
[129443436ms] [ERROR] Failed to load resource: the server responded with a status of 429 () @ https://x.com/i/api/graphql/q4Npr1-FYRWyXsRzPckwEA/ViewerBadgeCounts?variables=%7B%7D:0
[129473439ms] [ERROR] Failed to load resource: the server responded with a status of 429 () @ https://x.com/i/api/graphql/q4Npr1-FYRWyXsRzPckwEA/ViewerBadgeCounts?variables=%7B%7D:0
[129503443ms] [ERROR] Failed to load resource: the server responded with a status of 429 () @ https://x.com/i/api/graphql/q4Npr1-FYRWyXsRzPckwEA/ViewerBadgeCounts?variables=%7B%7D:0
[129533435ms] [ERROR] Failed to load resource: the server responded with a status of 429 () @ https://x.com/i/api/graphql/q4Npr1-FYRWyXsRzPckwEA/ViewerBadgeCounts?variables=%7B%7D:0
[129563439ms] [ERROR] Failed to load resource: the server responded with a status of 429 () @ https://x.com/i/api/graphql/q4Npr1-FYRWyXsRzPckwEA/ViewerBadgeCounts?variables=%7B%7D:0
[129922041ms] [ERROR] Failed to load resource: the server responded with a status of 400 () @ https://api.x.com/1.1/live_pipeline/update_subscriptions:0
[130313436ms] [ERROR] Failed to load resource: the server responded with a status of 429 () @ https://x.com/i/api/graphql/q4Npr1-FYRWyXsRzPckwEA/ViewerBadgeCounts?variables=%7B%7D:0
[130343435ms] [ERROR] Failed to load resource: the server responded with a status of 429 () @ https://x.com/i/api/graphql/q4Npr1-FYRWyXsRzPckwEA/ViewerBadgeCounts?variables=%7B%7D:0
[130374072ms] [ERROR] Failed to load resource: the server responded with a status of 429 () @ https://x.com/i/api/graphql/q4Npr1-FYRWyXsRzPckwEA/ViewerBadgeCounts?variables=%7B%7D:0
[130403425ms] [ERROR] Failed to load resource: the server responded with a status of 429 () @ https://x.com/i/api/graphql/q4Npr1-FYRWyXsRzPckwEA/ViewerBadgeCounts?variables=%7B%7D:0
[130433435ms] [ERROR] Failed to load resource: the server responded with a status of 429 () @ https://x.com/i/api/graphql/q4Npr1-FYRWyXsRzPckwEA/ViewerBadgeCounts?variables=%7B%7D:0
[130463503ms] [ERROR] Failed to load resource: the server responded with a status of 429 () @ https://x.com/i/api/graphql/q4Npr1-FYRWyXsRzPckwEA/ViewerBadgeCounts?variables=%7B%7D:0
[131243440ms] [ERROR] Failed to load resource: the server responded with a status of 429 () @ https://x.com/i/api/graphql/q4Npr1-FYRWyXsRzPckwEA/ViewerBadgeCounts?variables=%7B%7D:0
[131273441ms] [ERROR] Failed to load resource: the server responded with a status of 429 () @ https://x.com/i/api/graphql/q4Npr1-FYRWyXsRzPckwEA/ViewerBadgeCounts?variables=%7B%7D:0
[131303436ms] [ERROR] Failed to load resource: the server responded with a status of 429 () @ https://x.com/i/api/graphql/q4Npr1-FYRWyXsRzPckwEA/ViewerBadgeCounts?variables=%7B%7D:0
[131333436ms] [ERROR] Failed to load resource: the server responded with a status of 429 () @ https://x.com/i/api/graphql/q4Npr1-FYRWyXsRzPckwEA/ViewerBadgeCounts?variables=%7B%7D:0
[131363436ms] [ERROR] Failed to load resource: the server responded with a status of 429 () @ https://x.com/i/api/graphql/q4Npr1-FYRWyXsRzPckwEA/ViewerBadgeCounts?variables=%7B%7D:0
[132143436ms] [ERROR] Failed to load resource: the server responded with a status of 429 () @ https://x.com/i/api/graphql/q4Npr1-FYRWyXsRzPckwEA/ViewerBadgeCounts?variables=%7B%7D:0
[132173439ms] [ERROR] Failed to load resource: the server responded with a status of 429 () @ https://x.com/i/api/graphql/q4Npr1-FYRWyXsRzPckwEA/ViewerBadgeCounts?variables=%7B%7D:0
[132203446ms] [ERROR] Failed to load resource: the server responded with a status of 429 () @ https://x.com/i/api/graphql/q4Npr1-FYRWyXsRzPckwEA/ViewerBadgeCounts?variables=%7B%7D:0
[132233448ms] [ERROR] Failed to load resource: the server responded with a status of 429 () @ https://x.com/i/api/graphql/q4Npr1-FYRWyXsRzPckwEA/ViewerBadgeCounts?variables=%7B%7D:0
[132263436ms] [ERROR] Failed to load resource: the server responded with a status of 429 () @ https://x.com/i/api/graphql/q4Npr1-FYRWyXsRzPckwEA/ViewerBadgeCounts?variables=%7B%7D:0
[132623212ms] [ERROR] Failed to load resource: the server responded with a status of 400 () @ https://api.x.com/1.1/live_pipeline/update_subscriptions:0
[133043440ms] [ERROR] Failed to load resource: the server responded with a status of 429 () @ https://x.com/i/api/graphql/q4Npr1-FYRWyXsRzPckwEA/ViewerBadgeCounts?variables=%7B%7D:0
[133073439ms] [ERROR] Failed to load resource: the server responded with a status of 429 () @ https://x.com/i/api/graphql/q4Npr1-FYRWyXsRzPckwEA/ViewerBadgeCounts?variables=%7B%7D:0
[133103448ms] [ERROR] Failed to load resource: the server responded with a status of 429 () @ https://x.com/i/api/graphql/q4Npr1-FYRWyXsRzPckwEA/ViewerBadgeCounts?variables=%7B%7D:0
[133133463ms] [ERROR] Failed to load resource: the server responded with a status of 429 () @ https://x.com/i/api/graphql/q4Npr1-FYRWyXsRzPckwEA/ViewerBadgeCounts?variables=%7B%7D:0
[133163504ms] [ERROR] Failed to load resource: the server responded with a status of 429 () @ https://x.com/i/api/graphql/q4Npr1-FYRWyXsRzPckwEA/ViewerBadgeCounts?variables=%7B%7D:0
[133943440ms] [ERROR] Failed to load resource: the server responded with a status of 429 () @ https://x.com/i/api/graphql/q4Npr1-FYRWyXsRzPckwEA/ViewerBadgeCounts?variables=%7B%7D:0
[133973448ms] [ERROR] Failed to load resource: the server responded with a status of 429 () @ https://x.com/i/api/graphql/q4Npr1-FYRWyXsRzPckwEA/ViewerBadgeCounts?variables=%7B%7D:0
[134003453ms] [ERROR] Failed to load resource: the server responded with a status of 429 () @ https://x.com/i/api/graphql/q4Npr1-FYRWyXsRzPckwEA/ViewerBadgeCounts?variables=%7B%7D:0
[134033447ms] [ERROR] Failed to load resource: the server responded with a status of 429 () @ https://x.com/i/api/graphql/q4Npr1-FYRWyXsRzPckwEA/ViewerBadgeCounts?variables=%7B%7D:0
[134063470ms] [ERROR] Failed to load resource: the server responded with a status of 429 () @ https://x.com/i/api/graphql/q4Npr1-FYRWyXsRzPckwEA/ViewerBadgeCounts?variables=%7B%7D:0
[134843436ms] [ERROR] Failed to load resource: the server responded with a status of 429 () @ https://x.com/i/api/graphql/q4Npr1-FYRWyXsRzPckwEA/ViewerBadgeCounts?variables=%7B%7D:0
[134873435ms] [ERROR] Failed to load resource: the server responded with a status of 429 () @ https://x.com/i/api/graphql/q4Npr1-FYRWyXsRzPckwEA/ViewerBadgeCounts?variables=%7B%7D:0
[134903460ms] [ERROR] Failed to load resource: the server responded with a status of 429 () @ https://x.com/i/api/graphql/q4Npr1-FYRWyXsRzPckwEA/ViewerBadgeCounts?variables=%7B%7D:0
[134933437ms] [ERROR] Failed to load resource: the server responded with a status of 429 () @ https://x.com/i/api/graphql/q4Npr1-FYRWyXsRzPckwEA/ViewerBadgeCounts?variables=%7B%7D:0
[134963453ms] [ERROR] Failed to load resource: the server responded with a status of 429 () @ https://x.com/i/api/graphql/q4Npr1-FYRWyXsRzPckwEA/ViewerBadgeCounts?variables=%7B%7D:0
[135324370ms] [ERROR] Failed to load resource: the server responded with a status of 400 () @ https://api.x.com/1.1/live_pipeline/update_subscriptions:0
[135743436ms] [ERROR] Failed to load resource: the server responded with a status of 429 () @ https://x.com/i/api/graphql/q4Npr1-FYRWyXsRzPckwEA/ViewerBadgeCounts?variables=%7B%7D:0
[135773435ms] [ERROR] Failed to load resource: the server responded with a status of 429 () @ https://x.com/i/api/graphql/q4Npr1-FYRWyXsRzPckwEA/ViewerBadgeCounts?variables=%7B%7D:0
[135803444ms] [ERROR] Failed to load resource: the server responded with a status of 429 () @ https://x.com/i/api/graphql/q4Npr1-FYRWyXsRzPckwEA/ViewerBadgeCounts?variables=%7B%7D:0
[135833439ms] [ERROR] Failed to load resource: the server responded with a status of 429 () @ https://x.com/i/api/graphql/q4Npr1-FYRWyXsRzPckwEA/ViewerBadgeCounts?variables=%7B%7D:0
[135863444ms] [ERROR] Failed to load resource: the server responded with a status of 429 () @ https://x.com/i/api/graphql/q4Npr1-FYRWyXsRzPckwEA/ViewerBadgeCounts?variables=%7B%7D:0
[136643437ms] [ERROR] Failed to load resource: the server responded with a status of 429 () @ https://x.com/i/api/graphql/q4Npr1-FYRWyXsRzPckwEA/ViewerBadgeCounts?variables=%7B%7D:0
[136673468ms] [ERROR] Failed to load resource: the server responded with a status of 429 () @ https://x.com/i/api/graphql/q4Npr1-FYRWyXsRzPckwEA/ViewerBadgeCounts?variables=%7B%7D:0
[136703444ms] [ERROR] Failed to load resource: the server responded with a status of 429 () @ https://x.com/i/api/graphql/q4Npr1-FYRWyXsRzPckwEA/ViewerBadgeCounts?variables=%7B%7D:0
[136733436ms] [ERROR] Failed to load resource: the server responded with a status of 429 () @ https://x.com/i/api/graphql/q4Npr1-FYRWyXsRzPckwEA/ViewerBadgeCounts?variables=%7B%7D:0
[136763440ms] [ERROR] Failed to load resource: the server responded with a status of 429 () @ https://x.com/i/api/graphql/q4Npr1-FYRWyXsRzPckwEA/ViewerBadgeCounts?variables=%7B%7D:0
[137543439ms] [ERROR] Failed to load resource: the server responded with a status of 429 () @ https://x.com/i/api/graphql/q4Npr1-FYRWyXsRzPckwEA/ViewerBadgeCounts?variables=%7B%7D:0
[137573436ms] [ERROR] Failed to load resource: the server responded with a status of 429 () @ https://x.com/i/api/graphql/q4Npr1-FYRWyXsRzPckwEA/ViewerBadgeCounts?variables=%7B%7D:0
[137603440ms] [ERROR] Failed to load resource: the server responded with a status of 429 () @ https://x.com/i/api/graphql/q4Npr1-FYRWyXsRzPckwEA/ViewerBadgeCounts?variables=%7B%7D:0
[137633436ms] [ERROR] Failed to load resource: the server responded with a status of 429 () @ https://x.com/i/api/graphql/q4Npr1-FYRWyXsRzPckwEA/ViewerBadgeCounts?variables=%7B%7D:0
[137663440ms] [ERROR] Failed to load resource: the server responded with a status of 429 () @ https://x.com/i/api/graphql/q4Npr1-FYRWyXsRzPckwEA/ViewerBadgeCounts?variables=%7B%7D:0
[138025535ms] [ERROR] Failed to load resource: the server responded with a status of 400 () @ https://api.x.com/1.1/live_pipeline/update_subscriptions:0
[138443439ms] [ERROR] Failed to load resource: the server responded with a status of 429 () @ https://x.com/i/api/graphql/q4Npr1-FYRWyXsRzPckwEA/ViewerBadgeCounts?variables=%7B%7D:0
[138473444ms] [ERROR] Failed to load resource: the server responded with a status of 429 () @ https://x.com/i/api/graphql/q4Npr1-FYRWyXsRzPckwEA/ViewerBadgeCounts?variables=%7B%7D:0
[138503426ms] [ERROR] Failed to load resource: the server responded with a status of 429 () @ https://x.com/i/api/graphql/q4Npr1-FYRWyXsRzPckwEA/ViewerBadgeCounts?variables=%7B%7D:0
[138533439ms] [ERROR] Failed to load resource: the server responded with a status of 429 () @ https://x.com/i/api/graphql/q4Npr1-FYRWyXsRzPckwEA/ViewerBadgeCounts?variables=%7B%7D:0
[138563436ms] [ERROR] Failed to load resource: the server responded with a status of 429 () @ https://x.com/i/api/graphql/q4Npr1-FYRWyXsRzPckwEA/ViewerBadgeCounts?variables=%7B%7D:0
[139343436ms] [ERROR] Failed to load resource: the server responded with a status of 429 () @ https://x.com/i/api/graphql/q4Npr1-FYRWyXsRzPckwEA/ViewerBadgeCounts?variables=%7B%7D:0
[139373436ms] [ERROR] Failed to load resource: the server responded with a status of 429 () @ https://x.com/i/api/graphql/q4Npr1-FYRWyXsRzPckwEA/ViewerBadgeCounts?variables=%7B%7D:0
[139403435ms] [ERROR] Failed to load resource: the server responded with a status of 429 () @ https://x.com/i/api/graphql/q4Npr1-FYRWyXsRzPckwEA/ViewerBadgeCounts?variables=%7B%7D:0
[139433436ms] [ERROR] Failed to load resource: the server responded with a status of 429 () @ https://x.com/i/api/graphql/q4Npr1-FYRWyXsRzPckwEA/ViewerBadgeCounts?variables=%7B%7D:0
[139463436ms] [ERROR] Failed to load resource: the server responded with a status of 429 () @ https://x.com/i/api/graphql/q4Npr1-FYRWyXsRzPckwEA/ViewerBadgeCounts?variables=%7B%7D:0
[140243440ms] [ERROR] Failed to load resource: the server responded with a status of 429 () @ https://x.com/i/api/graphql/q4Npr1-FYRWyXsRzPckwEA/ViewerBadgeCounts?variables=%7B%7D:0
[140273436ms] [ERROR] Failed to load resource: the server responded with a status of 429 () @ https://x.com/i/api/graphql/q4Npr1-FYRWyXsRzPckwEA/ViewerBadgeCounts?variables=%7B%7D:0
[140303467ms] [ERROR] Failed to load resource: the server responded with a status of 429 () @ https://x.com/i/api/graphql/q4Npr1-FYRWyXsRzPckwEA/ViewerBadgeCounts?variables=%7B%7D:0
[140333440ms] [ERROR] Failed to load resource: the server responded with a status of 429 () @ https://x.com/i/api/graphql/q4Npr1-FYRWyXsRzPckwEA/ViewerBadgeCounts?variables=%7B%7D:0
[140363445ms] [ERROR] Failed to load resource: the server responded with a status of 429 () @ https://x.com/i/api/graphql/q4Npr1-FYRWyXsRzPckwEA/ViewerBadgeCounts?variables=%7B%7D:0
[140726691ms] [ERROR] Failed to load resource: the server responded with a status of 400 () @ https://api.x.com/1.1/live_pipeline/update_subscriptions:0
[141143436ms] [ERROR] Failed to load resource: the server responded with a status of 429 () @ https://x.com/i/api/graphql/q4Npr1-FYRWyXsRzPckwEA/ViewerBadgeCounts?variables=%7B%7D:0
[141173436ms] [ERROR] Failed to load resource: the server responded with a status of 429 () @ https://x.com/i/api/graphql/q4Npr1-FYRWyXsRzPckwEA/ViewerBadgeCounts?variables=%7B%7D:0
[141203472ms] [ERROR] Failed to load resource: the server responded with a status of 429 () @ https://x.com/i/api/graphql/q4Npr1-FYRWyXsRzPckwEA/ViewerBadgeCounts?variables=%7B%7D:0
[141233436ms] [ERROR] Failed to load resource: the server responded with a status of 429 () @ https://x.com/i/api/graphql/q4Npr1-FYRWyXsRzPckwEA/ViewerBadgeCounts?variables=%7B%7D:0
[141263436ms] [ERROR] Failed to load resource: the server responded with a status of 429 () @ https://x.com/i/api/graphql/q4Npr1-FYRWyXsRzPckwEA/ViewerBadgeCounts?variables=%7B%7D:0
[142043436ms] [ERROR] Failed to load resource: the server responded with a status of 429 () @ https://x.com/i/api/graphql/q4Npr1-FYRWyXsRzPckwEA/ViewerBadgeCounts?variables=%7B%7D:0
[142073437ms] [ERROR] Failed to load resource: the server responded with a status of 429 () @ https://x.com/i/api/graphql/q4Npr1-FYRWyXsRzPckwEA/ViewerBadgeCounts?variables=%7B%7D:0
[142103435ms] [ERROR] Failed to load resource: the server responded with a status of 429 () @ https://x.com/i/api/graphql/q4Npr1-FYRWyXsRzPckwEA/ViewerBadgeCounts?variables=%7B%7D:0
[142133439ms] [ERROR] Failed to load resource: the server responded with a status of 429 () @ https://x.com/i/api/graphql/q4Npr1-FYRWyXsRzPckwEA/ViewerBadgeCounts?variables=%7B%7D:0
[142163436ms] [ERROR] Failed to load resource: the server responded with a status of 429 () @ https://x.com/i/api/graphql/q4Npr1-FYRWyXsRzPckwEA/ViewerBadgeCounts?variables=%7B%7D:0
[142943435ms] [ERROR] Failed to load resource: the server responded with a status of 429 () @ https://x.com/i/api/graphql/q4Npr1-FYRWyXsRzPckwEA/ViewerBadgeCounts?variables=%7B%7D:0
[142973436ms] [ERROR] Failed to load resource: the server responded with a status of 429 () @ https://x.com/i/api/graphql/q4Npr1-FYRWyXsRzPckwEA/ViewerBadgeCounts?variables=%7B%7D:0
[143003435ms] [ERROR] Failed to load resource: the server responded with a status of 429 () @ https://x.com/i/api/graphql/q4Npr1-FYRWyXsRzPckwEA/ViewerBadgeCounts?variables=%7B%7D:0
[143033440ms] [ERROR] Failed to load resource: the server responded with a status of 429 () @ https://x.com/i/api/graphql/q4Npr1-FYRWyXsRzPckwEA/ViewerBadgeCounts?variables=%7B%7D:0
[143063436ms] [ERROR] Failed to load resource: the server responded with a status of 429 () @ https://x.com/i/api/graphql/q4Npr1-FYRWyXsRzPckwEA/ViewerBadgeCounts?variables=%7B%7D:0
[143427863ms] [ERROR] Failed to load resource: the server responded with a status of 400 () @ https://api.x.com/1.1/live_pipeline/update_subscriptions:0
[143843430ms] [ERROR] Failed to load resource: the server responded with a status of 429 () @ https://x.com/i/api/graphql/q4Npr1-FYRWyXsRzPckwEA/ViewerBadgeCounts?variables=%7B%7D:0
[143873439ms] [ERROR] Failed to load resource: the server responded with a status of 429 () @ https://x.com/i/api/graphql/q4Npr1-FYRWyXsRzPckwEA/ViewerBadgeCounts?variables=%7B%7D:0
[143903436ms] [ERROR] Failed to load resource: the server responded with a status of 429 () @ https://x.com/i/api/graphql/q4Npr1-FYRWyXsRzPckwEA/ViewerBadgeCounts?variables=%7B%7D:0
[143933435ms] [ERROR] Failed to load resource: the server responded with a status of 429 () @ https://x.com/i/api/graphql/q4Npr1-FYRWyXsRzPckwEA/ViewerBadgeCounts?variables=%7B%7D:0
[143963436ms] [ERROR] Failed to load resource: the server responded with a status of 429 () @ https://x.com/i/api/graphql/q4Npr1-FYRWyXsRzPckwEA/ViewerBadgeCounts?variables=%7B%7D:0
[144743436ms] [ERROR] Failed to load resource: the server responded with a status of 429 () @ https://x.com/i/api/graphql/q4Npr1-FYRWyXsRzPckwEA/ViewerBadgeCounts?variables=%7B%7D:0
[144773436ms] [ERROR] Failed to load resource: the server responded with a status of 429 () @ https://x.com/i/api/graphql/q4Npr1-FYRWyXsRzPckwEA/ViewerBadgeCounts?variables=%7B%7D:0
[144803464ms] [ERROR] Failed to load resource: the server responded with a status of 429 () @ https://x.com/i/api/graphql/q4Npr1-FYRWyXsRzPckwEA/ViewerBadgeCounts?variables=%7B%7D:0
[144833432ms] [ERROR] Failed to load resource: the server responded with a status of 429 () @ https://x.com/i/api/graphql/q4Npr1-FYRWyXsRzPckwEA/ViewerBadgeCounts?variables=%7B%7D:0
[144863444ms] [ERROR] Failed to load resource: the server responded with a status of 429 () @ https://x.com/i/api/graphql/q4Npr1-FYRWyXsRzPckwEA/ViewerBadgeCounts?variables=%7B%7D:0
[145643443ms] [ERROR] Failed to load resource: the server responded with a status of 429 () @ https://x.com/i/api/graphql/q4Npr1-FYRWyXsRzPckwEA/ViewerBadgeCounts?variables=%7B%7D:0
[145673480ms] [ERROR] Failed to load resource: the server responded with a status of 429 () @ https://x.com/i/api/graphql/q4Npr1-FYRWyXsRzPckwEA/ViewerBadgeCounts?variables=%7B%7D:0
[145703439ms] [ERROR] Failed to load resource: the server responded with a status of 429 () @ https://x.com/i/api/graphql/q4Npr1-FYRWyXsRzPckwEA/ViewerBadgeCounts?variables=%7B%7D:0
[145733436ms] [ERROR] Failed to load resource: the server responded with a status of 429 () @ https://x.com/i/api/graphql/q4Npr1-FYRWyXsRzPckwEA/ViewerBadgeCounts?variables=%7B%7D:0
[145763436ms] [ERROR] Failed to load resource: the server responded with a status of 429 () @ https://x.com/i/api/graphql/q4Npr1-FYRWyXsRzPckwEA/ViewerBadgeCounts?variables=%7B%7D:0
[146129037ms] [ERROR] Failed to load resource: the server responded with a status of 400 () @ https://api.x.com/1.1/live_pipeline/update_subscriptions:0
[146543436ms] [ERROR] Failed to load resource: the server responded with a status of 429 () @ https://x.com/i/api/graphql/q4Npr1-FYRWyXsRzPckwEA/ViewerBadgeCounts?variables=%7B%7D:0
[146573450ms] [ERROR] Failed to load resource: the server responded with a status of 429 () @ https://x.com/i/api/graphql/q4Npr1-FYRWyXsRzPckwEA/ViewerBadgeCounts?variables=%7B%7D:0
[146603440ms] [ERROR] Failed to load resource: the server responded with a status of 429 () @ https://x.com/i/api/graphql/q4Npr1-FYRWyXsRzPckwEA/ViewerBadgeCounts?variables=%7B%7D:0
[146633431ms] [ERROR] Failed to load resource: the server responded with a status of 429 () @ https://x.com/i/api/graphql/q4Npr1-FYRWyXsRzPckwEA/ViewerBadgeCounts?variables=%7B%7D:0
[146663467ms] [ERROR] Failed to load resource: the server responded with a status of 429 () @ https://x.com/i/api/graphql/q4Npr1-FYRWyXsRzPckwEA/ViewerBadgeCounts?variables=%7B%7D:0
[147339918ms] [ERROR] Failed to load resource: net::ERR_HTTP2_PING_FAILED @ https://api.x.com/live_pipeline/events?topic=%2Flive_content%2F1699850234,%2Ftweet_engagement%2F2105051153599811684,%2Ftweet_engagement%2F2105060523700347380,%2Ftweet_engagement%2F2105057048849248685,%2Ftweet_engagement%2F2105081553294356564,%2Ftweet_engagement%2F2105092587702960488:0
[147430003ms] [ERROR] Failed to load resource: the server responded with a status of 400 () @ https://api.x.com/1.1/live_pipeline/update_subscriptions:0
[148343140ms] [ERROR] Failed to load resource: the server responded with a status of 429 () @ https://x.com/i/api/graphql/q4Npr1-FYRWyXsRzPckwEA/ViewerBadgeCounts?variables=%7B%7D:0
[148373139ms] [ERROR] Failed to load resource: the server responded with a status of 429 () @ https://x.com/i/api/graphql/q4Npr1-FYRWyXsRzPckwEA/ViewerBadgeCounts?variables=%7B%7D:0
[148403135ms] [ERROR] Failed to load resource: the server responded with a status of 429 () @ https://x.com/i/api/graphql/q4Npr1-FYRWyXsRzPckwEA/ViewerBadgeCounts?variables=%7B%7D:0
[148433131ms] [ERROR] Failed to load resource: the server responded with a status of 429 () @ https://x.com/i/api/graphql/q4Npr1-FYRWyXsRzPckwEA/ViewerBadgeCounts?variables=%7B%7D:0
[148463135ms] [ERROR] Failed to load resource: the server responded with a status of 429 () @ https://x.com/i/api/graphql/q4Npr1-FYRWyXsRzPckwEA/ViewerBadgeCounts?variables=%7B%7D:0
[149243139ms] [ERROR] Failed to load resource: the server responded with a status of 429 () @ https://x.com/i/api/graphql/q4Npr1-FYRWyXsRzPckwEA/ViewerBadgeCounts?variables=%7B%7D:0
[149273139ms] [ERROR] Failed to load resource: the server responded with a status of 429 () @ https://x.com/i/api/graphql/q4Npr1-FYRWyXsRzPckwEA/ViewerBadgeCounts?variables=%7B%7D:0
[149303140ms] [ERROR] Failed to load resource: the server responded with a status of 429 () @ https://x.com/i/api/graphql/q4Npr1-FYRWyXsRzPckwEA/ViewerBadgeCounts?variables=%7B%7D:0
[149333135ms] [ERROR] Failed to load resource: the server responded with a status of 429 () @ https://x.com/i/api/graphql/q4Npr1-FYRWyXsRzPckwEA/ViewerBadgeCounts?variables=%7B%7D:0
[149363135ms] [ERROR] Failed to load resource: the server responded with a status of 429 () @ https://x.com/i/api/graphql/q4Npr1-FYRWyXsRzPckwEA/ViewerBadgeCounts?variables=%7B%7D:0
[150131167ms] [ERROR] Failed to load resource: the server responded with a status of 400 () @ https://api.x.com/1.1/live_pipeline/update_subscriptions:0
[150143135ms] [ERROR] Failed to load resource: the server responded with a status of 429 () @ https://x.com/i/api/graphql/q4Npr1-FYRWyXsRzPckwEA/ViewerBadgeCounts?variables=%7B%7D:0
[150173135ms] [ERROR] Failed to load resource: the server responded with a status of 429 () @ https://x.com/i/api/graphql/q4Npr1-FYRWyXsRzPckwEA/ViewerBadgeCounts?variables=%7B%7D:0
[150203135ms] [ERROR] Failed to load resource: the server responded with a status of 429 () @ https://x.com/i/api/graphql/q4Npr1-FYRWyXsRzPckwEA/ViewerBadgeCounts?variables=%7B%7D:0
[150233135ms] [ERROR] Failed to load resource: the server responded with a status of 429 () @ https://x.com/i/api/graphql/q4Npr1-FYRWyXsRzPckwEA/ViewerBadgeCounts?variables=%7B%7D:0
[150263139ms] [ERROR] Failed to load resource: the server responded with a status of 429 () @ https://x.com/i/api/graphql/q4Npr1-FYRWyXsRzPckwEA/ViewerBadgeCounts?variables=%7B%7D:0
[151043136ms] [ERROR] Failed to load resource: the server responded with a status of 429 () @ https://x.com/i/api/graphql/q4Npr1-FYRWyXsRzPckwEA/ViewerBadgeCounts?variables=%7B%7D:0
[151073139ms] [ERROR] Failed to load resource: the server responded with a status of 429 () @ https://x.com/i/api/graphql/q4Npr1-FYRWyXsRzPckwEA/ViewerBadgeCounts?variables=%7B%7D:0
[151103140ms] [ERROR] Failed to load resource: the server responded with a status of 429 () @ https://x.com/i/api/graphql/q4Npr1-FYRWyXsRzPckwEA/ViewerBadgeCounts?variables=%7B%7D:0
[151133132ms] [ERROR] Failed to load resource: the server responded with a status of 429 () @ https://x.com/i/api/graphql/q4Npr1-FYRWyXsRzPckwEA/ViewerBadgeCounts?variables=%7B%7D:0
[151163137ms] [ERROR] Failed to load resource: the server responded with a status of 429 () @ https://x.com/i/api/graphql/q4Npr1-FYRWyXsRzPckwEA/ViewerBadgeCounts?variables=%7B%7D:0
[151943137ms] [ERROR] Failed to load resource: the server responded with a status of 429 () @ https://x.com/i/api/graphql/q4Npr1-FYRWyXsRzPckwEA/ViewerBadgeCounts?variables=%7B%7D:0
[151973136ms] [ERROR] Failed to load resource: the server responded with a status of 429 () @ https://x.com/i/api/graphql/q4Npr1-FYRWyXsRzPckwEA/ViewerBadgeCounts?variables=%7B%7D:0
[152003135ms] [ERROR] Failed to load resource: the server responded with a status of 429 () @ https://x.com/i/api/graphql/q4Npr1-FYRWyXsRzPckwEA/ViewerBadgeCounts?variables=%7B%7D:0
[152033139ms] [ERROR] Failed to load resource: the server responded with a status of 429 () @ https://x.com/i/api/graphql/q4Npr1-FYRWyXsRzPckwEA/ViewerBadgeCounts?variables=%7B%7D:0
[152063135ms] [ERROR] Failed to load resource: the server responded with a status of 429 () @ https://x.com/i/api/graphql/q4Npr1-FYRWyXsRzPckwEA/ViewerBadgeCounts?variables=%7B%7D:0
[152832396ms] [ERROR] Failed to load resource: the server responded with a status of 400 () @ https://api.x.com/1.1/live_pipeline/update_subscriptions:0
[152843136ms] [ERROR] Failed to load resource: the server responded with a status of 429 () @ https://x.com/i/api/graphql/q4Npr1-FYRWyXsRzPckwEA/ViewerBadgeCounts?variables=%7B%7D:0
[152873135ms] [ERROR] Failed to load resource: the server responded with a status of 429 () @ https://x.com/i/api/graphql/q4Npr1-FYRWyXsRzPckwEA/ViewerBadgeCounts?variables=%7B%7D:0
[152903136ms] [ERROR] Failed to load resource: the server responded with a status of 429 () @ https://x.com/i/api/graphql/q4Npr1-FYRWyXsRzPckwEA/ViewerBadgeCounts?variables=%7B%7D:0
[152933131ms] [ERROR] Failed to load resource: the server responded with a status of 429 () @ https://x.com/i/api/graphql/q4Npr1-FYRWyXsRzPckwEA/ViewerBadgeCounts?variables=%7B%7D:0
[152963135ms] [ERROR] Failed to load resource: the server responded with a status of 429 () @ https://x.com/i/api/graphql/q4Npr1-FYRWyXsRzPckwEA/ViewerBadgeCounts?variables=%7B%7D:0
[153743145ms] [ERROR] Failed to load resource: the server responded with a status of 429 () @ https://x.com/i/api/graphql/q4Npr1-FYRWyXsRzPckwEA/ViewerBadgeCounts?variables=%7B%7D:0
[153773141ms] [ERROR] Failed to load resource: the server responded with a status of 429 () @ https://x.com/i/api/graphql/q4Npr1-FYRWyXsRzPckwEA/ViewerBadgeCounts?variables=%7B%7D:0
[153803139ms] [ERROR] Failed to load resource: the server responded with a status of 429 () @ https://x.com/i/api/graphql/q4Npr1-FYRWyXsRzPckwEA/ViewerBadgeCounts?variables=%7B%7D:0
[153833139ms] [ERROR] Failed to load resource: the server responded with a status of 429 () @ https://x.com/i/api/graphql/q4Npr1-FYRWyXsRzPckwEA/ViewerBadgeCounts?variables=%7B%7D:0
[153863146ms] [ERROR] Failed to load resource: the server responded with a status of 429 () @ https://x.com/i/api/graphql/q4Npr1-FYRWyXsRzPckwEA/ViewerBadgeCounts?variables=%7B%7D:0
[154643139ms] [ERROR] Failed to load resource: the server responded with a status of 429 () @ https://x.com/i/api/graphql/q4Npr1-FYRWyXsRzPckwEA/ViewerBadgeCounts?variables=%7B%7D:0
[154673143ms] [ERROR] Failed to load resource: the server responded with a status of 429 () @ https://x.com/i/api/graphql/q4Npr1-FYRWyXsRzPckwEA/ViewerBadgeCounts?variables=%7B%7D:0
[154703163ms] [ERROR] Failed to load resource: the server responded with a status of 429 () @ https://x.com/i/api/graphql/q4Npr1-FYRWyXsRzPckwEA/ViewerBadgeCounts?variables=%7B%7D:0
[154733147ms] [ERROR] Failed to load resource: the server responded with a status of 429 () @ https://x.com/i/api/graphql/q4Npr1-FYRWyXsRzPckwEA/ViewerBadgeCounts?variables=%7B%7D:0
[154763136ms] [ERROR] Failed to load resource: the server responded with a status of 429 () @ https://x.com/i/api/graphql/q4Npr1-FYRWyXsRzPckwEA/ViewerBadgeCounts?variables=%7B%7D:0
[155533544ms] [ERROR] Failed to load resource: the server responded with a status of 400 () @ https://api.x.com/1.1/live_pipeline/update_subscriptions:0
[155543139ms] [ERROR] Failed to load resource: the server responded with a status of 429 () @ https://x.com/i/api/graphql/q4Npr1-FYRWyXsRzPckwEA/ViewerBadgeCounts?variables=%7B%7D:0
[155573135ms] [ERROR] Failed to load resource: the server responded with a status of 429 () @ https://x.com/i/api/graphql/q4Npr1-FYRWyXsRzPckwEA/ViewerBadgeCounts?variables=%7B%7D:0
[155603135ms] [ERROR] Failed to load resource: the server responded with a status of 429 () @ https://x.com/i/api/graphql/q4Npr1-FYRWyXsRzPckwEA/ViewerBadgeCounts?variables=%7B%7D:0
[155633187ms] [ERROR] Failed to load resource: the server responded with a status of 429 () @ https://x.com/i/api/graphql/q4Npr1-FYRWyXsRzPckwEA/ViewerBadgeCounts?variables=%7B%7D:0
[155663135ms] [ERROR] Failed to load resource: the server responded with a status of 429 () @ https://x.com/i/api/graphql/q4Npr1-FYRWyXsRzPckwEA/ViewerBadgeCounts?variables=%7B%7D:0
[156443135ms] [ERROR] Failed to load resource: the server responded with a status of 429 () @ https://x.com/i/api/graphql/q4Npr1-FYRWyXsRzPckwEA/ViewerBadgeCounts?variables=%7B%7D:0
[156473143ms] [ERROR] Failed to load resource: the server responded with a status of 429 () @ https://x.com/i/api/graphql/q4Npr1-FYRWyXsRzPckwEA/ViewerBadgeCounts?variables=%7B%7D:0
[156503135ms] [ERROR] Failed to load resource: the server responded with a status of 429 () @ https://x.com/i/api/graphql/q4Npr1-FYRWyXsRzPckwEA/ViewerBadgeCounts?variables=%7B%7D:0
[156533140ms] [ERROR] Failed to load resource: the server responded with a status of 429 () @ https://x.com/i/api/graphql/q4Npr1-FYRWyXsRzPckwEA/ViewerBadgeCounts?variables=%7B%7D:0
[156563137ms] [ERROR] Failed to load resource: the server responded with a status of 429 () @ https://x.com/i/api/graphql/q4Npr1-FYRWyXsRzPckwEA/ViewerBadgeCounts?variables=%7B%7D:0
[157292747ms] [ERROR] Failed to load resource: net::ERR_HTTP2_PROTOCOL_ERROR @ https://api.x.com/live_pipeline/events?topic=%2Flive_content%2F1699850234,%2Ftweet_engagement%2F2105051153599811684,%2Ftweet_engagement%2F2105060523700347380,%2Ftweet_engagement%2F2105057048849248685,%2Ftweet_engagement%2F2105081553294356564,%2Ftweet_engagement%2F2105092587702960488:0
[157335048ms] [ERROR] Failed to load resource: the server responded with a status of 400 () @ https://api.x.com/1.1/live_pipeline/update_subscriptions:0
[157343148ms] [ERROR] Failed to load resource: the server responded with a status of 429 () @ https://x.com/i/api/graphql/q4Npr1-FYRWyXsRzPckwEA/ViewerBadgeCounts?variables=%7B%7D:0
[157373142ms] [ERROR] Failed to load resource: the server responded with a status of 429 () @ https://x.com/i/api/graphql/q4Npr1-FYRWyXsRzPckwEA/ViewerBadgeCounts?variables=%7B%7D:0
[157403136ms] [ERROR] Failed to load resource: the server responded with a status of 429 () @ https://x.com/i/api/graphql/q4Npr1-FYRWyXsRzPckwEA/ViewerBadgeCounts?variables=%7B%7D:0
[157433148ms] [ERROR] Failed to load resource: the server responded with a status of 429 () @ https://x.com/i/api/graphql/q4Npr1-FYRWyXsRzPckwEA/ViewerBadgeCounts?variables=%7B%7D:0
[157463138ms] [ERROR] Failed to load resource: the server responded with a status of 429 () @ https://x.com/i/api/graphql/q4Npr1-FYRWyXsRzPckwEA/ViewerBadgeCounts?variables=%7B%7D:0
[158243143ms] [ERROR] Failed to load resource: the server responded with a status of 429 () @ https://x.com/i/api/graphql/q4Npr1-FYRWyXsRzPckwEA/ViewerBadgeCounts?variables=%7B%7D:0
[158273162ms] [ERROR] Failed to load resource: the server responded with a status of 429 () @ https://x.com/i/api/graphql/q4Npr1-FYRWyXsRzPckwEA/ViewerBadgeCounts?variables=%7B%7D:0
[158303142ms] [ERROR] Failed to load resource: the server responded with a status of 429 () @ https://x.com/i/api/graphql/q4Npr1-FYRWyXsRzPckwEA/ViewerBadgeCounts?variables=%7B%7D:0
[158330763ms] [ERROR] Failed to load resource: net::ERR_HTTP2_PROTOCOL_ERROR @ https://api.x.com/live_pipeline/events?topic=%2Flive_content%2F1699850234,%2Ftweet_engagement%2F2105051153599811684,%2Ftweet_engagement%2F2105060523700347380,%2Ftweet_engagement%2F2105057048849248685,%2Ftweet_engagement%2F2105081553294356564,%2Ftweet_engagement%2F2105092587702960488:0
[158333139ms] [ERROR] Failed to load resource: the server responded with a status of 429 () @ https://x.com/i/api/graphql/q4Npr1-FYRWyXsRzPckwEA/ViewerBadgeCounts?variables=%7B%7D:0
[158363143ms] [ERROR] Failed to load resource: the server responded with a status of 429 () @ https://x.com/i/api/graphql/q4Npr1-FYRWyXsRzPckwEA/ViewerBadgeCounts?variables=%7B%7D:0
[158436187ms] [ERROR] Failed to load resource: the server responded with a status of 400 () @ https://api.x.com/1.1/live_pipeline/update_subscriptions:0
[159143135ms] [ERROR] Failed to load resource: the server responded with a status of 429 () @ https://x.com/i/api/graphql/q4Npr1-FYRWyXsRzPckwEA/ViewerBadgeCounts?variables=%7B%7D:0
[159173145ms] [ERROR] Failed to load resource: the server responded with a status of 429 () @ https://x.com/i/api/graphql/q4Npr1-FYRWyXsRzPckwEA/ViewerBadgeCounts?variables=%7B%7D:0
[159203135ms] [ERROR] Failed to load resource: the server responded with a status of 429 () @ https://x.com/i/api/graphql/q4Npr1-FYRWyXsRzPckwEA/ViewerBadgeCounts?variables=%7B%7D:0
[159233142ms] [ERROR] Failed to load resource: the server responded with a status of 429 () @ https://x.com/i/api/graphql/q4Npr1-FYRWyXsRzPckwEA/ViewerBadgeCounts?variables=%7B%7D:0
[159263135ms] [ERROR] Failed to load resource: the server responded with a status of 429 () @ https://x.com/i/api/graphql/q4Npr1-FYRWyXsRzPckwEA/ViewerBadgeCounts?variables=%7B%7D:0
[160043135ms] [ERROR] Failed to load resource: the server responded with a status of 429 () @ https://x.com/i/api/graphql/q4Npr1-FYRWyXsRzPckwEA/ViewerBadgeCounts?variables=%7B%7D:0
[160073297ms] [ERROR] Failed to load resource: the server responded with a status of 429 () @ https://x.com/i/api/graphql/q4Npr1-FYRWyXsRzPckwEA/ViewerBadgeCounts?variables=%7B%7D:0
[160103139ms] [ERROR] Failed to load resource: the server responded with a status of 429 () @ https://x.com/i/api/graphql/q4Npr1-FYRWyXsRzPckwEA/ViewerBadgeCounts?variables=%7B%7D:0
[160133135ms] [ERROR] Failed to load resource: the server responded with a status of 429 () @ https://x.com/i/api/graphql/q4Npr1-FYRWyXsRzPckwEA/ViewerBadgeCounts?variables=%7B%7D:0
[160163139ms] [ERROR] Failed to load resource: the server responded with a status of 429 () @ https://x.com/i/api/graphql/q4Npr1-FYRWyXsRzPckwEA/ViewerBadgeCounts?variables=%7B%7D:0
[160943141ms] [ERROR] Failed to load resource: the server responded with a status of 429 () @ https://x.com/i/api/graphql/q4Npr1-FYRWyXsRzPckwEA/ViewerBadgeCounts?variables=%7B%7D:0
[160973136ms] [ERROR] Failed to load resource: the server responded with a status of 429 () @ https://x.com/i/api/graphql/q4Npr1-FYRWyXsRzPckwEA/ViewerBadgeCounts?variables=%7B%7D:0
[161003140ms] [ERROR] Failed to load resource: the server responded with a status of 429 () @ https://x.com/i/api/graphql/q4Npr1-FYRWyXsRzPckwEA/ViewerBadgeCounts?variables=%7B%7D:0
[161033135ms] [ERROR] Failed to load resource: the server responded with a status of 429 () @ https://x.com/i/api/graphql/q4Npr1-FYRWyXsRzPckwEA/ViewerBadgeCounts?variables=%7B%7D:0
[161063136ms] [ERROR] Failed to load resource: the server responded with a status of 429 () @ https://x.com/i/api/graphql/q4Npr1-FYRWyXsRzPckwEA/ViewerBadgeCounts?variables=%7B%7D:0
[161137342ms] [ERROR] Failed to load resource: the server responded with a status of 400 () @ https://api.x.com/1.1/live_pipeline/update_subscriptions:0
[161843163ms] [ERROR] Failed to load resource: the server responded with a status of 429 () @ https://x.com/i/api/graphql/q4Npr1-FYRWyXsRzPckwEA/ViewerBadgeCounts?variables=%7B%7D:0
[161873136ms] [ERROR] Failed to load resource: the server responded with a status of 429 () @ https://x.com/i/api/graphql/q4Npr1-FYRWyXsRzPckwEA/ViewerBadgeCounts?variables=%7B%7D:0
[161903135ms] [ERROR] Failed to load resource: the server responded with a status of 429 () @ https://x.com/i/api/graphql/q4Npr1-FYRWyXsRzPckwEA/ViewerBadgeCounts?variables=%7B%7D:0
[161933140ms] [ERROR] Failed to load resource: the server responded with a status of 429 () @ https://x.com/i/api/graphql/q4Npr1-FYRWyXsRzPckwEA/ViewerBadgeCounts?variables=%7B%7D:0
[161963140ms] [ERROR] Failed to load resource: the server responded with a status of 429 () @ https://x.com/i/api/graphql/q4Npr1-FYRWyXsRzPckwEA/ViewerBadgeCounts?variables=%7B%7D:0
[162743135ms] [ERROR] Failed to load resource: the server responded with a status of 429 () @ https://x.com/i/api/graphql/q4Npr1-FYRWyXsRzPckwEA/ViewerBadgeCounts?variables=%7B%7D:0
[162773136ms] [ERROR] Failed to load resource: the server responded with a status of 429 () @ https://x.com/i/api/graphql/q4Npr1-FYRWyXsRzPckwEA/ViewerBadgeCounts?variables=%7B%7D:0
[162803141ms] [ERROR] Failed to load resource: the server responded with a status of 429 () @ https://x.com/i/api/graphql/q4Npr1-FYRWyXsRzPckwEA/ViewerBadgeCounts?variables=%7B%7D:0
[162833121ms] [ERROR] Failed to load resource: the server responded with a status of 429 () @ https://x.com/i/api/graphql/q4Npr1-FYRWyXsRzPckwEA/ViewerBadgeCounts?variables=%7B%7D:0
[162863135ms] [ERROR] Failed to load resource: the server responded with a status of 429 () @ https://x.com/i/api/graphql/q4Npr1-FYRWyXsRzPckwEA/ViewerBadgeCounts?variables=%7B%7D:0
[163643139ms] [ERROR] Failed to load resource: the server responded with a status of 429 () @ https://x.com/i/api/graphql/q4Npr1-FYRWyXsRzPckwEA/ViewerBadgeCounts?variables=%7B%7D:0
[163673139ms] [ERROR] Failed to load resource: the server responded with a status of 429 () @ https://x.com/i/api/graphql/q4Npr1-FYRWyXsRzPckwEA/ViewerBadgeCounts?variables=%7B%7D:0
[163703144ms] [ERROR] Failed to load resource: the server responded with a status of 429 () @ https://x.com/i/api/graphql/q4Npr1-FYRWyXsRzPckwEA/ViewerBadgeCounts?variables=%7B%7D:0
[163733136ms] [ERROR] Failed to load resource: the server responded with a status of 429 () @ https://x.com/i/api/graphql/q4Npr1-FYRWyXsRzPckwEA/ViewerBadgeCounts?variables=%7B%7D:0
[163763139ms] [ERROR] Failed to load resource: the server responded with a status of 429 () @ https://x.com/i/api/graphql/q4Npr1-FYRWyXsRzPckwEA/ViewerBadgeCounts?variables=%7B%7D:0
